Date,SP500,NASDAQ,GOLD,OIL,NIFTY
2005-01-04,-0.0116713594265474,-0.02057932622334635,-0.00046655516989979606,0.042497648644817865,
2005-01-05,-0.003627842613197485,-0.007884829324763865,-0.004434058101480454,-0.011842415385349137,
2005-01-06,0.003505858083953761,-0.0005929449705273093,-0.013127065221271383,0.050011569812565604,
2005-01-07,-0.0014311705807971142,-0.0006650203723086445,-0.004988138013101273,-0.0028534035161694726,
2005-01-10,0.0034227727381810347,0.004036144233272365,0.0004774700643244145,-0.002201155039607161,
2005-01-11,-0.006099567120878002,-0.008306909525097939,0.006680953834863779,0.007721121993895741,
2005-01-12,0.003981403880320977,0.006207822285752229,0.009954994709153064,0.015105048644905583,
2005-01-13,-0.008630125807352784,-0.01049923795383112,-0.0037550013625836653,0.03601470826203235,
2005-01-14,0.00600455955884871,0.008379304644468233,-0.004240253929254867,0.007077438511829737,
2005-01-18,0.009674771847279606,0.008683385642251462,0.0011828719790882847,0.0,
2005-01-19,-0.009490104994474113,-0.015408040953637347,-0.00047261862301994917,-0.0171558869931836,
2005-01-20,-0.007782996095930472,-0.013363336934157921,-0.0014184541454269617,-0.013459503678595719,
2005-01-21,-0.006414815973357024,-0.005674812464002477,0.010179967738353612,0.0345341917960833,
2005-01-24,-0.0035277857419173664,-0.012569653051892837,0.0004686704563674482,0.005769680631304341,
2005-01-25,0.004004325825724964,0.005600637364200134,-0.011478083782012316,0.017004671030630192,
2005-01-26,0.0048441146034394755,0.012940921943770167,0.011611359944275756,-0.01732475062300043,
2005-01-27,0.0004089215813589675,0.0005180899234433767,-0.0014054956947623376,0.0012300404836516066,
2005-01-28,-0.0027159876922616677,-0.005529672092603466,-0.0011728829798672846,-0.033988530758105484,
2005-01-31,0.008460280617075266,0.013056078664938076,-0.009394081997824877,0.021619339787324554,
2005-02-01,0.006890900906523889,0.003049849123381465,-0.0023707919130875332,-0.022406676638169087,
2005-02-02,0.003177968167360712,0.0030744465471042037,0.0007129712909934582,-0.009125643355751833,
2005-02-03,-0.002765634073250145,-0.008395017745862488,-0.010686297636608888,-0.0051402413970566,
2005-02-04,0.01104304976651127,0.014103546318247728,-0.006241013119115513,0.000645829468334691,
2005-02-07,-0.0010889658294861437,-0.00221880086238857,-0.0009661688320878881,-0.025817572606665062,
2005-02-08,0.00048270656986804106,0.0022333502775271352,-0.002417794935306916,0.002650237407623157,
2005-02-09,-0.00857527919407397,-0.01635606989600258,0.0007270668650778411,0.001321532083199406,
2005-02-10,0.004211461146802931,0.00026798315024723074,0.010414188360644339,0.036075658219900664,
2005-02-11,0.00692562217096504,0.01147523906896697,0.007909845868679266,0.0012739145485107795,
2005-02-14,0.0006968935420927913,0.003009640607763986,0.012604013776382317,0.00593720907978823,
2005-02-15,0.0032997665448568636,0.0030246381715783865,0.0002348663841771348,-0.0037942729845366063,
2005-02-16,0.00018177594289214838,-0.0008520107266175581,-0.0009391732853173407,0.022640786024614723,
2005-02-17,-0.007923365410653749,-0.01249854826480068,0.004230288585120645,-0.01634597321740061,
2005-02-18,0.0006995343079845284,-0.0013195157456566964,-0.00046801239215121804,0.017038231867790854,
2005-02-22,-0.014505723363565037,-0.013747155515560272,0.01732613858752985,0.05791113009561921,
2005-02-23,0.005607362566527829,0.0004580823395039513,0.0009205843417361415,0.000390941201757089,
2005-02-24,0.007893770539395328,0.010067668269230667,-0.0009197376456611117,0.0042994181859603575,
2005-02-25,0.00930681919658971,0.006677365841944782,0.0009205843417361415,0.0019459484336654675,
2005-02-28,-0.006414241365205964,-0.006623381566495445,0.0036790207541286257,0.005049491416931451,
2005-03-01,0.0056580747190815295,0.00951885714217715,-0.008247436663265995,-0.00135265110771432,
2005-03-02,-0.00027269942885399523,-0.0018105009052504784,-0.00023101433339234312,0.02650926710129209,
2005-03-03,0.0003223048580269783,-0.004401498261789594,-0.006700540615245276,0.009802082285430114,
2005-03-04,0.009624381187494757,0.005931891594156191,0.010002368856935506,0.0039200874681535325,
2005-03-07,0.0026102702593100435,0.009465738356714937,0.0018424407426944622,0.0020453814215015687,
2005-03-08,-0.004798789368921641,-0.007970449103544941,0.012183879983836299,0.012989437202961085,
2005-03-09,-0.01018512206380029,-0.00591256997753864,0.004088163435046921,0.0032973127802280455,
2005-03-10,0.0018558174466258848,-0.000761692110096801,0.0015833107436991067,-0.02245754120788901,
2005-03-11,-0.007583249076131948,-0.008797310010545845,0.0076784654647554795,0.016623073859349358,
2005-03-14,0.0056246252309646305,0.004623855598280713,-0.011429865450450327,0.009553563381373475,
2005-03-15,-0.007523807317785902,-0.007830202379223605,-0.0004534395925270829,0.0018198084209770649,
2005-03-16,-0.00808186492251095,-0.009449714814550925,0.006350688022926931,0.025613076602240437,
2005-03-17,0.0018012530786775116,0.0003324042888812606,-0.011268875056210215,-0.0010626560319986211,
2005-03-18,-0.00047045188816641215,-0.004279864658519816,0.0013676215391904556,0.0056737533008290875,
2005-03-21,-0.004934220146028734,-0.00013947140459258378,-0.018666018477828006,-0.0017630868594173954,
2005-03-22,-0.010196208806246054,-0.009051035290944198,0.0004638870021382857,-0.010420349058954725,
2005-03-23,0.0006998902345414226,0.00044236022898669347,-0.014143231529293643,-0.039621585835660555,
2005-03-24,-0.0009466583574222476,0.00042210805990872124,-0.001175917181668762,0.019141400353283045,
2005-03-28,0.002441468682685466,0.0007332581110242042,0.0028254807039376217,-0.01440556005341409,
2005-03-29,-0.007596181253847534,-0.009354994913839176,0.0002348112349115361,0.0033302554619161207,
2005-03-30,0.013772610206178593,0.016105355433897017,,-0.004425555334600539,
2005-03-31,-0.0006941437228814573,-0.0032109286849069107,,0.02611594375953641,
2005-04-01,-0.006496685637735977,-0.007212737912033029,-0.00653141644697397,0.033754492425622784,
2005-04-04,0.002728192077877223,0.0031538976075864422,-0.004695938080915063,-0.004539935990086397,
2005-04-05,0.004480851914030248,0.004143500842537673,0.0014154425858805553,-0.017014513849572976,
2005-04-06,0.002268456316200096,-8.999642151286125e-05,0.006124867146090951,-0.0033904789133151203,
2005-04-07,0.005970988776071051,0.009829238707684151,-0.0014048374969355404,-0.031154841742310424,
2005-04-08,-0.008345000045604456,-0.009629561816933863,0.0009378520433396265,-0.014599905869825736,
2005-04-11,8.474234709510142e-06,-0.003616165532315585,0.003982225887413593,0.0073143171770553295,
2005-04-12,0.005545202838389773,0.006666279807152842,-0.0023331777549215893,-0.03444420974968743,
2005-04-13,-0.011761610584853477,-0.015473236720410122,0.003975635325509375,-0.031623589863997825,
2005-04-14,-0.010001780423824047,-0.01400954950090083,-0.012345650928657248,0.01812026732960259,
2005-04-15,-0.016720496445511768,-0.01980774604187452,0.002122627114349962,-0.012517101042024859,
2005-04-18,0.0029405973691347675,0.002499813678285001,0.006119101296454765,-0.002376762578584213,
2005-04-19,0.00593382863926073,0.010162443259340792,0.012631564670138928,0.038117967527436125,
2005-04-20,-0.0132549392846395,-0.009625523053124918,0.005543991523035974,0.002868573504597016,
2005-04-21,0.019736220810439464,0.0254211730654883,-0.005283684487633611,0.03356220790086106,
2005-04-22,-0.006750253359446234,-0.015399479337696032,0.003002281277064256,0.02195569391066643,
2005-04-25,0.008662275206615888,0.009621252803487357,0.0006908089315669219,-0.01480411092002043,
2005-04-26,-0.00883746643749117,-0.011964489865644912,0.007593160944831423,-0.006780262670953552,
2005-04-27,0.00395027825436145,0.0015513387683072644,-0.011189755571548776,-0.047785980002399975,
2005-04-28,-0.011380371611511175,-0.01359800628338681,,0.003100171391589024,
2005-04-29,0.011922469194121543,0.00917453718154393,,-0.039598207821787246,
2005-05-02,0.004590101314615458,0.0036427028392613803,-0.012643678160919491,0.024135094907087762,
2005-05-03,-0.0008518536219271899,0.002291717947294769,-0.006519179960346233,-0.027886846425916212,
2005-05-04,0.012470163645930121,0.015084831376984686,0.0053901751281244525,0.012727294305358239,
2005-05-05,-0.002568808292038427,-0.00021910359382149025,0.001864773410183762,0.013963709316269668,
2005-05-06,-0.0010915883881061905,0.0028289971555091054,-0.008608612830476425,0.0025574906302392453,
2005-05-09,0.006394323123307677,0.0062622657444086904,0.00023470101404177157,0.020996854671260223,
2005-05-10,-0.010705435413708386,-0.008536788474296508,0.0023463162162329354,0.0007688048523124547,
2005-05-11,0.004193046570356129,0.004473284801329802,0.0,-0.031111944332233077,
2005-05-12,-0.010033216475797246,-0.0038903622811257144,-0.013108628144892887,-0.037859263003523935,
2005-05-13,-0.004580058472371085,0.006568641863041069,-0.0033206685868514274,0.0026781469090657595,
2005-05-16,0.01008612459220859,0.008928673981161372,-0.0030938083597827903,-0.0012327421584337195,
2005-05-17,0.006957345288654659,0.004873558079933504,0.0011936023091076997,0.007405896026154268,
2005-05-18,0.010018750448482105,0.013222563020324651,0.005007167701661874,-0.03512356907959313,
2005-05-19,0.0046559408112019085,0.005874932409422717,-0.0023724792408066353,-0.006984165736607095,
2005-05-20,-0.0015111720658741445,0.001880018394992078,-0.0073721904958754525,-0.002557522092236364,
2005-05-23,0.003851032508630725,0.004998904515573166,-0.0019165975195657436,0.05042736429112371,
2005-05-24,0.00017586730443786003,0.002416655765322906,0.002160330972872604,0.010374253928319588,
2005-05-25,-0.0034000826635449677,-0.005578137264050653,0.0031137432166916668,0.026374097475003522,
2005-05-26,0.00639489188251563,0.010301773476496967,-0.001910190583301219,0.0005884421256618921,
2005-05-27,0.0009686162425619482,0.002167778845302726,0.004306190892269912,0.016467362874491354,
2005-05-31,-0.006072865011894635,-0.003618009007091083,-0.008337303720280409,0.0023144214100976335,
2005-06-01,0.00899703793799822,0.009496154662926415,-0.002402113930633387,0.05060606487671704,
2005-06-02,0.0017218715458240386,0.004760827303953885,0.01781850380826766,-0.01776552075300153,
2005-06-03,-0.0068671327196959675,-0.012570367324679421,0.0023657439581767914,0.026104748896117247,
2005-06-06,0.0012457903797955527,0.0020903811704460207,0.0066084203736123115,-0.009812776900028575,
2005-06-07,-0.00020876652216783587,-0.004143107881349417,-0.0039859606260989056,-0.013397014763206982,
2005-06-08,-0.0021632442403379804,-0.0033766040197767966,-0.00023534743128628133,-0.02269340483809501,
2005-06-09,0.005239948718352094,0.008120640441064308,-0.0011773015908373985,0.033117583430709585,
2005-06-10,-0.0023482369773834,-0.006697407541980338,0.007543568122037936,-0.013632974952309418,
2005-06-13,0.002261863243468998,0.002888977672079518,0.004445470106732463,0.03884942063484709,
2005-06-14,0.002573314925500947,3.8704531026168e-05,-0.004192843801889112,-0.011147050409764492,
2005-06-15,0.0022177087981654076,0.0028418409994444005,0.0037427043357090017,0.010363630814985703,
2005-06-16,0.0036300991582309816,0.006858086579018874,0.0165462736017834,0.018175312970616142,
2005-06-17,0.0049547468071156064,0.0004596152133686804,0.004814249259903258,0.03340401782403424,
2005-06-20,-0.0007066669234541134,-0.0009474259764321591,0.00022816816404480633,0.015392469512433893,
2005-06-21,-0.002047520996927288,0.001408047253705691,0.0011405109647835143,-0.007916412573041987,
2005-06-22,0.00022249283914033136,0.000459076408784842,-0.001822710877406486,-0.013752145200456867,
2005-06-23,-0.010833051340467525,-0.010215014549615486,0.008217315803152658,0.022895472764053126,
2005-06-24,-0.0076287211352144,-0.008398236946795312,-0.0027168036537631446,0.007068360763802239,
2005-06-27,-0.0007385255775820276,-0.003930349288018831,-0.0004540572236803042,0.011697873682394722,
2005-06-28,0.009137563444907348,0.012072140619846516,-0.008857583476287179,-0.038652132758520086,
2005-06-29,-0.0014314361876618387,-0.0004831174854206255,,-0.01615124448597638,
2005-06-30,-0.007100904033514155,-0.005766344397264533,,-0.013272761854891568,
2005-07-01,0.0026105155299391836,0.00019939923857981157,-0.018582257896151977,0.03982300884955747,
2005-07-05,0.008832632317790745,0.01039185056392622,-0.011453936503747042,0.014297874937666322,
2005-07-06,-0.008340358766109057,-0.0048587360944076785,0.0014187895771464731,0.028360440046677926,
2005-07-07,0.0024520510273422502,0.0033886883216356356,-0.00047228384186825956,-0.00897518355118454,
2005-07-08,0.011679055566465202,0.017931632482751203,-0.0009449419041326346,-0.018112934009756887,
2005-07-11,0.006254811732634646,0.01067266010318968,0.00614804005921088,-0.011906806749154453,
2005-07-12,0.0022715506005615005,0.0036151833355608787,0.0018801123219007732,0.028852695447561416,
2005-07-13,0.0008837091494260374,0.00044803449216268554,-0.005629823985943916,-0.010062695828104262,
2005-07-14,0.0026240391362624127,0.004062273158150997,-0.010143873212743681,-0.03682718124122408,
2005-07-15,0.001157801830666605,0.0018394295908426006,0.0026215588358315944,0.005017316943862538,
2005-07-18,-0.005529707814430296,-0.005522080113685823,-0.0004754271481525185,-0.013255301355501348,
2005-07-19,0.006731446013329201,0.013198847905180777,-0.0019024679975474523,0.002442417836598043,
2005-07-20,0.004758592509955806,0.007081851113511561,0.004765308415129121,-0.012878487218241141,
2005-07-21,-0.00660614672274995,-0.004555472473677269,0.00877396628491578,0.007228487986393972,
2005-07-22,0.0054114082972474,0.0005232224947346875,-0.0016454670886135725,0.026605993862163668,
2005-07-25,-0.003769230441940885,-0.0059640140834421596,0.002354603181674797,0.0059675782611303685,
2005-07-26,0.001733077981854514,0.004269086296320834,-0.005402908725847921,0.003389843439651763,
2005-07-27,0.0045729269359882085,0.004701299415282856,0.0030704259076224094,-0.001520272828175906,
2005-07-28,0.005603159325149543,0.0055895430774950405,0.006121910786925255,0.014041583620150844,
2005-07-29,-0.00767047021589129,-0.006190691419363681,0.00608473245446306,0.01051052857105872,
2005-08-01,0.0009479345185350319,0.004828661410847035,0.004652244774121961,0.016509823428073167,
2005-08-02,0.007099218605715496,0.010371790189714014,0.0,0.005197331434307673,
2005-08-03,0.0007395138322054962,-0.0006040366111345064,0.011576754041812576,-0.016642410558322718,
2005-08-04,-0.007373299992705418,-0.01149849989878915,0.0022888533164797664,0.0085442072387234,
2005-08-05,-0.007638358323871608,-0.006119670258868282,-0.001598496686936568,0.015151519859762264,
2005-08-08,-0.0026826364089062027,-0.00620779558239648,-0.005718206610699106,0.026159480300006033,
2005-08-09,0.006744990284814678,0.0045278574168776675,-0.0011502185092230333,-0.013606489686744272,
2005-08-10,-0.0018272182357014222,-0.007533786492409988,0.005297069848703817,0.0290154089092991,
2005-08-11,0.007061949245771748,0.007757860877376954,0.020618556701030855,0.013867511628948614,
2005-08-12,-0.005994493172678084,-0.008116689010623901,0.0008978538641624123,0.016109384641820768,
2005-08-15,0.0028283555842611996,0.00470125512441788,-0.008297783673690828,-0.00882446846992413,
2005-08-16,-0.01177598073895536,-0.01383453001713797,0.008819524624206432,-0.0028669808606607283,
2005-08-17,0.0007381242633648366,0.00378550135615896,-0.013898256270349796,-0.04282690303626335,
2005-08-18,-0.0009997793162725976,-0.004228060803042499,-0.0009092837054653913,0.00031621277096705036,
2005-08-19,0.0005659803737392277,-0.00024344571000656234,-0.005233191792875291,0.03287494865352403,
2005-08-22,0.0016561474415583977,0.002739259657945192,0.0020585404193862455,0.0015301985685691744,
2005-08-23,-0.003388649468067495,-0.0019426043028246687,0.0029673311455320484,0.003972530914494676,
2005-08-24,-0.006570356379875575,-0.003902251908117882,-0.004779258381169438,0.024501607560241334,
2005-08-25,0.0022983237092162323,0.002564789166073611,0.0025154496552064476,0.0025252253374323796,
2005-08-26,-0.005996535348556931,-0.006371949057350501,-0.0022810219295671397,-0.02015114318267963,
2005-08-29,0.005958056473651885,0.007959317916155229,-0.000914480800333628,0.016180247077946408,
2005-08-30,-0.0031923276995927674,-0.003690918971097412,-0.013272283279104569,0.03883929656070961,
2005-08-31,0.009864136789539124,0.010484786089798526,0.006029627811534377,-0.01246232842877959,
2005-09-01,0.0010325156400312618,-0.0019470307355868854,0.01959428363113891,0.0076878265234663345,
2005-09-02,-0.002922376893187084,-0.0031797729386375817,0.0042957821987366085,-0.027349956707826806,
2005-09-06,0.012618836201971906,0.012045397039370132,0.00045020640242543486,-0.023827151363371768,
2005-09-07,0.0024079736886564174,0.0023859047740517614,0.0011251125267037754,-0.024105463310488684,
2005-09-08,-0.0037933461627815968,-0.0027623927473702237,0.004045894212724388,0.0018641465289337411,
2005-09-09,0.007964743943933206,0.004376661606961818,0.005148842019513378,-0.006357513510559132,
2005-09-12,-0.0007409880863746832,0.003364759677738194,0.0015590472316955317,-0.01170411951574779,
2005-09-13,-0.007545065921665484,-0.00507601495693033,-0.008005350246373388,-0.003473886220468181,
2005-09-14,-0.0032812842368473705,-0.01032343588120177,0.008294063301569787,0.03137372379004999,
2005-09-15,0.0004644433270217796,-0.0014796125609632949,0.012672326282175739,-0.005223480673215319,
2005-09-16,0.008291769259435089,0.006616590619785034,0.008781558726673966,-0.027027027027026973,
2005-09-19,-0.005565844413728538,-0.006985019653525715,0.015669232224224894,0.0696825299944197,
2005-09-20,-0.007863441339177824,-0.006493353522283196,-0.00107135201826003,-0.017213177670588165,
2005-09-21,-0.009121141500479157,-0.011584402528863946,0.005791466363698872,0.008606366690823153,
2005-09-22,0.003652325337670348,0.0019652797487297313,-0.00490507106612692,-0.004491063443894827,
2005-09-23,0.0005516490326242796,0.0028710043252440087,-0.006643819251960892,-0.034736805392387216,
2005-09-26,0.0002797404811898385,0.0021824383775150835,0.005177980359189593,0.02539331969812375,
2005-09-27,2.470266179210867e-05,-0.0023757408366419375,-0.00708303892723805,-0.011394712906067972,
2005-09-28,0.0010117799665758653,-0.00048195517378535335,0.015348045849197245,0.01967110473797473,
2005-09-29,0.008866897527807671,0.012205762291455091,0.005322546167825237,0.0066315365715925445,
2005-09-30,0.000920439229583403,0.0048897221426937865,-0.006776815172186645,-0.008234811262443742,
2005-10-03,-0.0017171957595218945,0.0017381641111036128,-0.00618335585604346,-0.011624345831803828,
2005-10-04,-0.009969822251208682,-0.007455507591711985,0.0,-0.02398044395221044,
2005-10-05,-0.014887116594756167,-0.016986428682368104,0.0,-0.017370901155644325,
2005-10-06,-0.004095674783362702,-0.009006068049923543,0.012443655260713893,-0.02277433165034648,
2005-10-07,0.0037012767340327546,0.0030085310046679137,0.005933499357410721,0.007822678250680282,
2005-10-10,-0.007166208031122001,-0.00546806766678265,0.0008426245759391993,-0.0006468453335809476,
2005-10-11,-0.002071842729946871,-0.008576489068561233,0.004209640021693106,0.02799352044649983,
2005-10-12,-0.00606812682900193,-0.011460012022896815,-0.00670721476858871,0.009287013672624411,
2005-10-13,-0.0007133413595465932,0.004785346601518414,-0.0059083938152156845,-0.016219601855565813,
2005-10-14,0.008267887521960393,0.00860196152532966,-0.00403310098040377,-0.007133810239014826,
2005-10-17,0.0029749862685424233,0.002649114210933945,0.010443294477840315,0.02762253732607811,
2005-10-18,-0.010049543049197696,-0.00690723493737988,-0.004218519245417052,-0.018023614611736627,
2005-10-19,0.014955773420908258,0.01714007307119414,-0.018216492252342675,-0.01250001433529413,
2005-10-20,-0.015019703611780955,-0.011060367495127954,-0.005393743257820938,-0.022111858219663993,
2005-10-21,0.0015197121056060858,0.006817747984028788,0.013015184381778733,-0.006554116322829429,
2005-10-24,0.016777049344208095,0.016146362671496828,-0.004282655246252709,-0.005113002933032185,
2005-10-25,-0.002367861569102958,-0.0030154250188081377,0.01677416729670722,0.035145871064496514,
2005-10-26,-0.004312462609885159,-0.004456091664335582,-0.003384043204836318,-0.028507348149355405,
2005-10-27,-0.010475230755595533,-0.01725672693114988,0.005517774869655767,0.007088696113706439,
2005-10-28,0.016549333583500303,0.01263189124900066,-0.0016884504296744707,0.0021280253362339074,
2005-10-31,0.007176154521957301,0.014555939920664951,-0.01670188984457588,-0.023848462431526163,
2005-11-01,-0.003521097559766928,-0.0029476960128611562,-0.013545513282888777,0.001506026692029705,
2005-11-02,0.009977052697601962,0.014313762241532135,0.008718396047135535,-0.0016708183236516794,
2005-11-03,0.0042641604917701414,0.007419594962777332,-0.0058340141760353514,0.033974874967311885,
2005-11-04,0.00016400253438453305,0.004263436623309413,-0.008259113801645679,-0.019423712721799657,
2005-11-07,0.00218830946715709,0.004061001678485887,0.005917186673816577,-0.018322888359216805,
2005-11-08,-0.0034511433266182223,-0.0028325262150458164,0.0041394202537785585,0.004035612222015317,
2005-11-09,0.0016905264703728218,0.001721855242542869,0.011716194332815011,-0.013063118259194706,
2005-11-10,0.008446267412632436,0.009591771563168372,0.0006434019266585711,-0.019175310746027407,
2005-11-11,0.0030545345786563427,0.0026358137018966943,0.0036433383352250104,-0.004671288258262574,
2005-11-14,-0.0007774725932012672,-0.0006901431354202625,-0.0002134862023137618,0.0027811550635679083,
2005-11-15,-0.0038500194222557127,-0.006456285355300406,-0.0002135969690481021,-0.012307143376216634,
2005-11-16,0.0017900189212409767,0.0005441622742365926,0.021790176364999914,0.015795042701110873,
2005-11-17,0.009413575473187219,0.01486794838648331,0.016516881906093683,-0.02677953020830892,
2005-11-18,0.004401328040084085,0.00297690908107362,-0.0012340725801137653,-0.0033730238812366142,
2005-11-21,0.005271260185483184,0.006555632767486497,0.007001634789435274,0.02778769843696627,
2005-11-22,0.0050842770107506485,0.005304142506763254,0.007361975671811072,0.01975735484531671,
2005-11-23,0.0034728042867999687,0.0028487911163130875,-0.0010150223179147266,-0.002209399520362143,
2005-11-25,0.0020859622466586902,0.0013407328042995825,,,
2005-11-28,-0.008507817120047334,-0.010446216532897012,,,
2005-11-29,1.5920611289299558e-05,-0.002974120355935028,0.0016054953444615272,-0.014993036980483598,
2005-11-30,-0.006361930308439456,4.931559575638289e-05,-0.009016229102322804,0.01451326893494187,
2005-12-01,0.01215710832826944,0.01538406699329986,0.015972490495341773,0.02006283203073278,
2005-12-02,0.0003241257364618999,0.0027347730986886365,0.0015920155083957166,0.014537343190957897,
2005-12-05,-0.0023634792568365537,-0.006919341681518865,0.011126577070013965,0.009946057916776496,
2005-12-06,0.001275650227134273,0.0013820260696832953,0.002554565388364738,0.0005007307523496873,
2005-12-07,-0.005009065679568603,-0.003870379855536732,0.008036016244299393,-0.01217883815417764,
2005-12-08,-0.0012168489011322725,-0.002464486749196415,0.00972195239874818,0.024489119833810413,
2005-12-09,0.00281089103146126,0.004571645927294421,0.0148276764645352,-0.02093637423274497,
2005-12-12,0.000841737216116023,0.0018699493247520405,0.00265659281605779,0.0321602941074457,
2005-12-13,0.005553660022141527,0.0017913040605015418,-0.01400458757031342,0.0011419199950315484,
2005-12-14,0.004189530229214977,-0.001063978856236214,-0.027831094049904026,-0.008473202978882766,
2005-12-15,-0.0014143099469935416,-0.0008663544884316421,-0.005133279572587579,-0.014133061909936462,
2005-12-16,-0.0028482818103757745,-0.0036051466919523323,-0.0009922603811396424,-0.032172032858411304,
2005-12-19,-0.0058390167103565815,-0.01320322066888513,0.00039732262506220195,-0.012573191956074314,
2005-12-20,-0.00023814910284736257,-0.00014399721100133434,-0.017871326232966833,0.011337828195036703,
2005-12-21,0.0025166668976364104,0.004157625722945868,-0.0032349496234757025,0.010003481125110625,
2005-12-22,0.004220777714278201,0.006645312775718892,0.01967548115016493,-0.004781464949245029,
2005-12-23,0.00042585801389405376,0.0013042264391835978,0.0005967531046033869,0.0025738079790795787,
2005-12-27,-0.009553382932114052,-0.010015928585755174,0.00994035785288272,-0.0046209217243450285,
2005-12-28,0.0012972168272717965,0.0009205883213883048,0.01220474843903796,0.028541950683756312,
2005-12-29,-0.0029805192215838217,-0.00483639289539306,0.002917152789557065,0.008358408601651268,
2005-12-30,-0.004886724277406218,-0.005788511315124145,0.0027146855648012558,0.011936359820056586,
2006-01-03,0.016430484201434892,0.01742147202405042,0.02630059420459885,0.034403644210740714,
2006-01-04,0.0036726922525569528,0.008788884090382032,0.006029794862305149,0.0044345705100337085,
2006-01-05,1.572058161558587e-05,0.005924627111338676,-0.014234943385579624,-0.009933731813421276,
2006-01-06,0.009399418040885843,0.012626982884519355,0.025460810801564593,0.022615036602016803,
2006-01-09,0.0036563642465448076,0.005668680682181515,0.017417015316465,-0.011057453583492527,
2006-01-10,-0.0003566120211651036,0.0007030379198247338,-0.008741555283892977,-0.002047260915200577,
2006-01-11,0.003481544021186611,0.004757981113487464,0.00826749972610985,0.008994787824391448,
2006-01-12,-0.006274239116809244,-0.006292535404085586,-0.0009110787374664309,0.0,
2006-01-13,0.0012051744764605132,0.00015111977222015405,0.014225766855048505,-0.00031280040965331324,
2006-01-17,-0.0036345878751066207,-0.006193288598524305,-0.004855154271550144,0.03739047963254771,
2006-01-18,-0.0038973286076955382,-0.010010053205013025,-0.017528029958620905,-0.008746708234269707,
2006-01-19,0.005563673325403196,0.00972529305519032,0.027036990761430735,0.01673510448718174,
2006-01-20,-0.01832631522151318,-0.02350763357726071,-0.008775114971035669,0.022744225668419604,
2006-01-23,0.0018469873504542988,0.00034258110422991095,0.008672064666610302,-0.003657644558611839,
2006-01-24,0.002405436843615494,0.007462865644422001,-0.001074647320536859,-0.015271673110573647,
2006-01-25,-0.0017207360448914244,-0.0020307240508773416,0.008068854046088036,-0.018043530100272043,
2006-01-26,0.0072349542612786255,0.00988658068331505,-0.004446815983133345,0.00622632758709174,
2006-01-27,0.007763999112620157,0.009299159206636043,-0.0017866713921566024,0.022638091633562007,
2006-01-30,0.0011450867297171374,0.0011066815594535928,0.012708028335081778,0.008707147569217089,
2006-01-31,-0.003976054579116317,-0.0004161475846453655,0.008837045082845663,-0.006291153105710601,
2006-02-01,0.0018592626746127827,0.0020556635356840935,-0.00245263386272887,-0.020023566652176195,
2006-02-02,-0.009060707913791766,-0.012546737370687011,0.005444284251879816,-0.028245152078964275,
2006-02-03,-0.005358610609197956,-0.00832321150146853,-0.008908254298580776,0.010667941220634747,
2006-02-06,0.0007832015153355076,-0.0016706720497634553,0.004934768545102219,-0.003977392157048065,
2006-02-07,-0.008094725835381955,-0.00612718593564987,-0.033672416338111244,-0.031024426951741124,
2006-02-08,0.008662869079354651,0.009808646886537042,-0.0016334381380445073,-0.008559215631975148,
2006-02-09,-0.001477497792530147,-0.00490073285911985,0.026177104259501816,0.0011190998509675865,
2006-02-10,0.002539968082329924,0.0026640565780855496,-0.025332130722708124,-0.012456065036751673,
2006-02-13,-0.003259698114938203,-0.009757292766275238,-0.02035625583159173,-0.009702433257448573,
2006-02-14,0.010032817645881265,0.009982928327096019,0.012801529525162447,-0.0272697899717691,
2006-02-15,0.003504402562430453,0.006303686397618469,-0.011357413317000686,-0.03139162231768888,
2006-02-16,0.0073281288146973544,0.007994953378054781,0.011673128868768812,0.013171547859343269,
2006-02-17,-0.0016597237744756521,-0.005347169703719734,0.010622688265510494,0.024290147209730995,
2006-02-21,-0.003270533054782976,-0.008500037492457424,0.003805793163376592,0.020374037813026602,
2006-02-22,0.007513475466915054,0.008930763816575649,0.0,-0.0014729976241488751,
2006-02-23,-0.0037751357399127272,-0.0016861879086350617,-0.0099295897410695,-0.0077036128329145415,
2006-02-24,0.0012735108974994969,0.0033869621078190804,0.018964192042146832,0.0391476527261978,
2006-02-27,0.0036372204857118007,0.00880609531715093,-0.007337107508056162,-0.03036083058408523,
2006-02-28,-0.010400860034838644,-0.01117816547761008,0.012439090007322573,0.0067213089739690535,
2006-03-01,0.008261330698481784,0.014574448720128697,0.003383234502601473,0.00911905837294369,
2006-03-02,-0.0016263247744955356,-0.001524982424941479,0.008340749258263003,0.022430197874258928,
2006-03-03,-0.0014816343903563123,-0.003682217363117468,-0.0038718975004696787,0.00489263818824992,
2006-03-06,-0.006968428982565,-0.007196242359340244,-0.01961126428610871,-0.019789514021813837,
2006-03-07,-0.0018619098341728924,-0.007720872542432811,-0.003964700144596933,-0.013299119025584116,
2006-03-08,0.0020299446737943594,-0.00040554136543458075,-0.018454879648547085,-0.02533292183996505,
2006-03-09,-0.0048808265953584895,-0.00782372810986276,0.0055299539170508005,0.007497513487293661,
2006-03-10,0.007223586629499623,0.005476267499872289,-0.010265766427016487,-0.008433969339095349,
2006-03-13,0.002114810791593591,0.0022059690139009103,0.011483517117087727,0.030186814558503583,
2006-03-14,0.01039612464094386,0.012734667240305253,0.010254599654733854,0.021531455504307795,
2006-03-15,0.004269845505052494,0.0069428922099794566,0.002537544585699436,-0.014738515493898041,
2006-03-16,0.001772755973671547,-0.0053117987533816136,0.0023504771027114124,0.022679808647858124,
2006-03-17,0.0014709261335852375,0.003009237288297495,-0.0005412135911107008,-0.012739876532928629,
2006-03-20,-0.0016600068428476167,0.0033081262433392045,0.001985267405815172,-0.03743830287845251,
2006-03-21,-0.00601493843309675,-0.008590830181055331,-0.0050432055680946775,0.0024826469782317506,
2006-03-22,0.006020565906847075,0.00397524104607716,-0.0027154234860707893,0.01981180070968369,
2006-03-23,-0.002582292509284545,-0.001389365566162204,-0.0014522577467226405,0.034644639368453634,
2006-03-24,0.000983280849487178,0.005508408822709532,0.017996773047512793,0.005476487085808168,
2006-03-27,-0.0010284092793489963,0.0011933525670169143,0.012499999999999956,-0.0015561542296419484,
2006-03-28,-0.00643818423116127,-0.004802303013638043,-0.0007055104304453108,0.029769263149883818,
2006-03-29,0.007469695510914587,0.014458948701291163,0.011295490098537364,0.005751434163359548,
2006-03-30,-0.002026275908753372,0.0013003956849670928,0.02390927086741934,0.01053430564010327,
2006-03-31,-0.004137669588781034,-0.00044002924906438867,-0.008351839632028901,-0.00774392048614525,
2006-04-03,0.002270547226863817,-0.0013035566342298743,0.013062971434434356,0.001650917227764337,
2006-04-04,0.006256689924245107,0.0036889500858139357,-0.005768619398077823,-0.007641512183997112,
2006-04-05,0.004311107525869495,0.006135472558174815,0.003242362481335359,0.01268301819892148,
2006-04-06,-0.0019213908770231436,0.0006017255535544219,0.01241705645486979,0.012971563300143707,
2006-04-07,-0.010343487333051349,-0.009380901449973056,-0.011424710439359775,-0.008095422902466787,
2006-04-10,0.00086452730002895,-0.0024582944788785754,0.015635538392501758,0.020032623332067567,
2006-04-11,-0.007750959314195005,-0.009823090205223872,-0.004016003140818625,0.003491496954068918,
2006-04-12,0.0012047917274888853,0.0018741029719986368,0.003864226723450992,-0.005218912624413208,
2006-04-13,0.0007763251900372303,0.004938123679651962,-0.0016736401673640433,0.010201062667212657,
2006-04-17,-0.00294002038356056,-0.006427122802484142,0.031684869093147494,0.015579945698345421,
2006-04-18,0.017077384012400332,0.01946208059125487,0.007474773161273873,0.013494274540505113,
2006-04-19,0.002027128354043395,0.006255991115301063,0.020322541267641103,0.011492637874710443,
2006-04-20,0.0011679304724923067,-0.003513393506251128,-0.02023393659020134,-0.0030483750351235628,
2006-04-21,-0.0001371994921570696,-0.008334190175576017,0.02000649347899719,0.04475331976760821,
2006-04-24,-0.0024175186645771785,-0.004046432213064222,-0.01834868142535717,-0.024477802084752143,
2006-04-25,-0.004869617378140845,-0.001319902518685856,0.016758016150811628,-0.006136704846585017,
2006-04-26,0.0028193371739710926,0.0014289292857585512,0.012361311874752312,-0.013035084852416556,
2006-04-27,0.00330159598179125,0.004850841362098013,-0.008609893714936145,-0.013346296126785617,
2006-04-28,0.0006795457566091123,-0.009543863740595349,0.029212064355901735,0.012822263168418502,
2006-05-01,-0.004135512475787029,-0.007655325253302037,0.008745032699880584,0.025319974462543193,
2006-05-02,0.0061447144793416175,0.0021911101412861456,0.010950588908032355,0.01234740433908632,
2006-05-03,-0.003875972595181021,-0.0025413521993467025,0.001805344042415058,-0.031229082053263246,
2006-05-04,0.0031572064475955397,0.008650256684787694,0.012464315195471087,-0.0323740506005773,
2006-05-05,0.010295301783673105,0.008033980291834109,0.01186591494386291,0.0035744922973006688,
2006-05-08,-0.0008296943472687612,0.0010330200610368934,-0.006449757161140601,-0.005983840771204729,
2006-05-09,0.0003623423794523184,-0.0028742085307158494,0.03186786221614901,0.013186266914221978,
2006-05-10,-0.0017281487519698047,-0.007488510538062654,0.006148109297781534,0.02037055824414935,
2006-05-11,-0.012798073820219913,-0.020700310790804477,0.022879032693835955,0.016498024216268226,
2006-05-12,-0.011241158123729833,-0.012724918597410095,-0.013198110810099695,-0.017457703009063574,
2006-05-15,0.002524712516867922,-0.002344262671449715,-0.037589768641265286,-0.03650745724589666,
2006-05-16,-0.0018694816109019463,-0.004194796846496929,0.011556501896143434,0.0017287870747224598,
2006-05-17,-0.01684107060376383,-0.014951947951243993,-0.001446131597975464,-0.011937319799030788,
2006-05-18,-0.006699011316142922,-0.007049813336606592,-0.015785697920438047,0.010917031052636528,
2006-05-19,0.004136891022205491,0.006219185270045502,-0.03369623926069498,-0.013246914461795378,
2006-05-22,-0.0039147320056533985,-0.009581096738841555,0.0004568110056226704,0.010214571576034892,
2006-05-23,-0.004349988881771183,-0.006489187963867549,0.0243531202435312,0.036544831093721086,
2006-05-24,0.0015836558786301858,0.004822172016474058,-0.05349182763744431,-0.026477166517803408,
2006-05-25,0.011370093999100828,0.013401471256916153,0.017896427651589386,0.020898927450858418,
2006-05-26,0.005719336676629716,0.005518108580961467,0.003855644518611978,0.0007011084123915712,
2006-05-30,-0.015849611392923735,-0.020643658995528447,0.004609002746160051,0.00924752707462173,
2006-05-31,0.00811192483568468,0.006531912673999329,-0.017433895073299177,-0.010273467670559255,
2006-06-01,0.012298337548946048,0.01880793197120978,-0.02319069947714003,-0.013325916193526188,
2006-06-02,0.0019522363844757251,-0.00020280346090040258,0.01258767482692602,0.02829123680366319,
2006-06-05,-0.017799702040102394,-0.02243379857421368,0.012116462953629004,0.003732844410775149,
2006-06-06,-0.0011381291499216184,-0.003152666144841887,-0.021455204494814084,-0.0013773894796532682,
2006-06-07,-0.00609245663695579,-0.005076790205206239,-0.0031776293651432086,-0.023172418002424533,
2006-06-08,0.0014170515163627329,-0.003011423144208547,-0.029168071590713884,-0.006636560614634912,
2006-06-09,-0.004475610441298961,-0.0047825077091976365,-0.0014775298226543665,0.01819472362558372,
2006-06-12,-0.011866251571083786,-0.020486538567530577,-0.0023019144787289614,-0.017729955210989523,
2006-06-13,-0.01111165038391615,-0.009013492454570948,-0.07300591411363588,-0.025582760604652255,
2006-06-14,0.005189302813874974,0.006528456135981964,-0.0003555772569444615,0.008459770299131142,
2006-06-15,0.021235077141956493,0.027876271497483174,0.0074693442970119595,0.005206835602105331,
2006-06-16,-0.003677871442713476,-0.00662264851741623,0.0203000882612534,0.005467586380114575,
2006-06-19,-0.009116795167204206,-0.009169243289557039,-0.015916976136732264,-0.012879134686004212,
2006-06-20,-8.071545390841983e-06,-0.001592035426895011,0.01424057101780729,-0.0005798914697112689,
2006-06-21,0.009740957409162698,0.016202619587839306,0.018374025199086264,0.0201624505428446,
2006-06-22,-0.005270704235182944,-0.008509233662719495,-0.009021255817819096,0.0072514502141067805,
2006-06-23,-0.0008830889591340263,-0.000711268961326561,0.004465777278295446,0.00042358004295039997,
2006-06-26,0.004869472554238641,0.005750706510274872,0.0,0.013122622677203655,
2006-06-27,-0.00908401587257579,-0.015663117116836767,-0.00547197721242787,0.0016712411154216067,
2006-06-28,0.005487450852216691,0.0055184325154744585,-0.005673982000504951,0.003754230802768932,
2006-06-29,0.021565004106891994,0.029613887566809938,0.014179513021132628,0.01842352343372844,
2006-06-30,-0.002097656442177853,-0.0010530795193492981,0.04603580562659837,0.0062568924764847544,
2006-07-03,0.0078648957789349,0.008443408425941712,,,
2006-07-05,-0.007248851851131444,-0.01693267755988881,,,
2006-07-06,0.0024942142163870695,0.0008126909492101042,0.010840089152389654,-0.000665022611174626,
2006-07-07,-0.006749949675504019,-0.011614377253887365,-0.002050130646618409,-0.013973956085797656,
2006-07-10,0.0014697864685884188,-0.006164205042083815,-0.013748439277589841,-0.0064785497538698555,
2006-07-11,0.004016355538295047,0.005635602578496268,0.02739951496559412,0.007471852291772274,
2006-07-12,-0.01086902819111013,-0.018141218886510324,0.01278854031647092,0.010652551875970806,
2006-07-13,-0.012966746071534585,-0.017285040464874446,0.0053895901885097075,0.02334890021688052,
2006-07-14,-0.004894289517349271,-0.008159315206804352,0.02098322968232358,0.004302501227964495,
2006-07-17,-0.001383239771105771,0.00018160606750017294,-0.02400240111910612,-0.022458727183623295,
2006-07-18,0.001919817200573215,0.0026990951058414314,-0.03427603539776514,-0.023373201393109166,
2006-07-19,0.018555110128867458,0.01834848463304395,0.02116821271903513,-0.011966239359022968,
2006-07-20,-0.008477511064532206,-0.01984414827984171,-0.0154301180729709,0.005780321329165172,
2006-07-21,-0.007076898149718125,-0.009331098492128764,-0.019154719625251726,0.01847288506152478,
2006-07-24,0.016625139659086186,0.02051587710375835,-0.011136158248523431,0.008330011340049959,
2006-07-25,0.0063208083741757015,0.0058490542132503265,0.007997328678444049,-0.01732182543498728,
2006-07-26,-0.00037827096880949096,-0.0016586824669611033,0.0064766841938506126,0.002576304290254239,
2006-07-27,-0.004099710771126586,-0.007722916905446797,0.01737459660924956,0.00811466667987415,
2006-07-28,0.012151756055729379,0.019309078468264573,0.003795008359036567,-0.017440341236795054,
2006-07-31,-0.0014782484660414985,-0.0012749491495112064,-0.0009451411428400558,0.015838390168539496,
2006-08-01,-0.004496099259552078,-0.014095340063065454,0.01907911597766976,0.006854867281865129,
2006-08-02,0.005106529136347682,0.008157201751237908,0.008200507338809615,0.012014335235436713,
2006-08-03,0.0022388937577111356,0.006508545232856822,-0.010282307278864145,-0.004616785191828843,
2006-08-04,-0.0007108142546528029,-0.0034841559002243283,-0.0013956030082030724,-0.009276397518353852,
2006-08-07,-0.0028060638611625555,-0.0060190635880316146,0.005900602162995039,0.029695039556817404,
2006-08-08,-0.003362705657620202,-0.005621183278045838,-0.003241703651604033,-0.008703634309201402,
2006-08-09,-0.004349285385394919,-0.00027661806165490965,0.007433773737377081,0.0005241897104848459,
2006-08-10,0.0046290198253495785,0.005562331709544788,-0.023981515120580332,-0.03077928645823913,
2006-08-11,-0.003986498082096501,-0.0067720994733937445,-0.0022051100334332663,0.004729709109744462,
2006-08-14,0.0011604360124866098,0.005506158953440643,-0.007892659826361448,-0.011028913404882434,
2006-08-15,0.013696466399260254,0.022218018905015624,-0.009546539379474916,-0.0065278897797861335,
2006-08-16,0.007661987579892671,0.016326177718989365,0.009959858967118373,-0.0158795840335213,
2006-08-17,0.0015824295197877092,0.003754323349517419,-0.02115474397126149,-0.025455582787474507,
2006-08-18,0.003714946228020821,0.002938363946382916,-0.005362445071832811,0.015415384937052634,
2006-08-21,-0.003670451599211977,-0.007486287362192479,0.022218652448196874,0.018414359992029672,
2006-08-22,0.0010018548756436374,0.00105692912641131,-0.001758089499173221,0.0024844763665672343,
2006-08-23,-0.0044886560845824874,-0.007144169487883989,-0.001440863615247534,-0.01197845449658963,
2006-08-24,0.0023743945293950297,0.0011478153023818383,-0.006734026174168295,0.008361182500831621,
2006-08-25,-0.0007484936882400373,0.0014879587296796615,0.004035512510088823,0.0020729895607194404,
2006-08-28,0.005165713311912734,0.00953604966470567,-0.010771723805516498,-0.026203302577611498,
2006-08-29,0.0019204473442031578,0.005368675854303007,-0.007475988423853552,-0.0127460914615396,
2006-08-30,0.0008356838990319915,0.006182355723773014,0.011462256197936505,0.00459044181648105,
2006-08-31,-0.0011874402153588814,-0.0009058669124012431,0.013275072114265818,0.003284354718589455,
2006-09-01,0.00551461380616769,0.004309061068975328,-0.0023965488760033793,-0.015229144069047185,
2006-09-04,,,0.0,-0.016910041292897304,
2006-09-05,,,0.02258163842829597,0.008526931191987996,
2006-09-06,-0.009891483140586299,-0.01716455733751787,-0.007830853563038365,-0.016034963536275648,
2006-09-07,-0.004799032645401269,-0.005789194921815732,-0.026045777426992878,-0.0026666711877894045,
2006-09-08,0.0037866681659510792,0.004871734109886727,-0.011993556586811227,-0.01589423202131246,
2006-09-11,0.00047731584409493877,0.003444452510608542,-0.03215219220948673,-0.009660368145636755,
2006-09-12,0.010357480749273451,0.019588205848096063,-0.00525419590836862,-0.02819695582393389,
2006-09-13,0.00386134523157855,0.005347841047580459,0.003748425763095309,0.003293646560511343,
2006-09-14,-0.0013579833128180008,0.00047585981358388985,-0.016635525715684163,-0.01172424551646356,
2006-09-15,0.0025678463606395585,0.0030780343433223223,-0.0050059786639296,0.0017399653310279373,
2006-09-18,0.0011518266007009004,7.153015673178054e-05,0.017002059989381424,0.007421402059321958,
2006-09-19,-0.0026794523975416373,-0.005984516521301608,-0.016035524084470065,-0.0335423105836864,
2006-09-20,0.005722381666218412,0.013732984958081174,0.0055478714888250735,-0.019461575833750522,
2006-09-21,-0.005395511646919315,-0.006720209730622706,0.00379312449488145,0.01869006095313419,
2006-09-22,-0.002465801178850091,-0.008410264041727178,0.012366904940000145,-0.01688587291688204,
2006-09-25,0.00881513680011592,0.01358318543049486,0.0008483202906159892,0.014863774355393433,
2006-09-26,0.007524280936307193,0.005455596828159548,0.0022037425651235676,-0.00716033256213755,
2006-09-27,0.00017958636491899327,0.0009064557332514322,0.010317955784820532,0.03196198683144713,
2006-09-28,0.0017133444968626677,0.0029292906957241183,0.012891365083536721,-0.0031766322402755343,
2006-09-29,-0.0022631074374287463,-0.005105720562331606,-0.010578552750516557,0.002390081738218308,
2006-10-02,-0.00339112129330843,-0.009223148211307652,-0.0015034470691805968,-0.029883978265381694,
2006-10-03,0.0020956938790537283,0.0027037023701583784,-0.03580395512297563,-0.03850562872562746,
2006-10-04,0.012060449286025232,0.021081742199937192,-0.024813444552953756,0.012440346599179142,
2006-10-05,0.002236720219570998,0.006717797004198056,0.016014234875444844,0.010435935591266876,
2006-10-06,-0.0026824943182935934,-0.0027533223263953577,0.002451881635836317,-0.00449775884148107,
2006-10-09,0.0007928840510640356,0.005121774158536541,0.010482179846414086,0.0033467330749135105,
2006-10-10,0.0020434526052304225,0.0015831644490817975,-0.011237897174338318,-0.02401598813702932,
2006-10-11,-0.002563943683974057,-0.0030922603234647683,0.0006993589121035981,-0.015892007824692356,
2006-10-12,0.009541098076733423,0.016423517087950312,0.006989341403667915,0.00468832187963697,
2006-10-13,0.002047239312655602,0.004735402972314118,0.021690092425423524,0.012270983010422398,
2006-10-16,0.0025190488487738527,0.0027786350935119497,0.010020422106627125,0.023390796295425398,
2006-10-17,-0.0036594521432252725,-0.007991292141765194,-0.008407600298248163,-0.016850155900456576,
2006-10-18,0.0012829441276758224,-0.003326317827903713,-0.0013566012827008755,-0.021720664732195027,
2006-10-19,0.0008492546990097605,0.001621649967209704,0.017150577631554142,0.01474411884862703,
2006-10-20,0.0011997532446470505,0.0005810091057090183,-0.01001669449081799,-0.028717953934628726,
2006-10-23,0.006152304614580828,0.005661106386544823,-0.022428309937552737,0.03502290899603899,
2006-10-24,0.0002614234698528062,-0.004550922259025203,0.008107662770503232,0.009182062374093247,
2006-10-25,0.003513892900401272,0.005011002695100686,0.005475617792938037,0.03454091161690087,
2006-10-26,0.004963019994619788,0.009551941120898855,0.015656930887135045,-0.01693812523911753,
2006-10-27,-0.00845163029183671,-0.011970904669713955,0.0023458854602862456,0.0064612224271838326,
2006-10-30,0.00042842573748558266,0.005594226922333911,0.010865930904980337,-0.03934155373906889,
2006-10-31,7.175759964006545e-06,0.0012437510341352098,-0.000992288091584026,0.006339940507456676,
2006-11-01,-0.007351469035843494,-0.013672931544358558,0.020691939257034164,-0.00034054925795268254,
2006-11-02,-0.0003436827873022352,-0.00014140043746280195,0.014271892923386043,-0.014137251393296912,
2006-11-03,-0.0022232342125417803,-0.0013838700789715608,0.002398464888781149,0.02176914820803799,
2006-11-06,0.011346463325312195,0.01508497613260662,-0.0017547241637483335,0.01487996410546577,
2006-11-07,0.002217698805944357,0.004197016777851337,-0.00015975645236121494,-0.018160615532732738,
2006-11-08,0.0020826740288086842,0.003813348755251411,-0.014863333245215826,0.015272382847754118,
2006-11-09,-0.005332978382845854,-0.003744300426852476,0.030175170099349558,0.022229616841948463,
2006-11-10,0.0018646249021037065,0.005770161270849394,-0.010393662340059007,-0.025670367866926225,
2006-11-13,0.0025490763045961096,0.0069714913519649535,-0.0066836601589050915,-0.016949124332051868,
2006-11-14,0.006356399415263114,0.010089857162742355,-0.0006408593499511728,-0.005121253710831497,
2006-11-15,0.002404484328664136,0.004973994029519702,-0.00208398175442126,0.008236093896536456,
2006-11-16,0.002284213178895156,0.0025831782187084595,-0.00305224805471882,-0.04254595084091162,
2006-11-17,0.0010287059183031744,-0.0013066037970961286,0.0014502488712035966,-0.007998524025372267,
2006-11-20,-0.0004995369656483062,0.002804683416044007,-0.00048268349632940577,0.053574588607705254,
2006-11-21,0.001649452762406245,0.0008643943103265883,0.01126851233490811,0.023299301864978306,
2006-11-22,0.0023380978817977294,0.004537930039955063,0.0007959248492266369,-0.015456149555917786,
2006-11-24,-0.0036555375355650233,-0.002319552773513478,0.0,,
2006-11-27,-0.013555081120842472,-0.02208713212218638,,,
2006-11-28,0.0034443905034671207,0.002780718296584439,,0.011107459997219848,
2006-11-29,0.009201576407062984,0.008132218706420336,-0.00266794126563652,0.02410226865963283,
2006-11-30,0.0008217512433992269,-0.00018911079182215573,0.017938669416305952,0.01072689710956376,
2006-12-01,-0.002798771932377986,-0.007632324785930011,-0.003400853492042999,0.004752086678041723,
2006-12-04,0.00888519057411008,0.014578064988161277,0.0007755545067982261,-0.015607782968684925,
2006-12-05,0.00400250842226435,0.0016296384193015268,-0.004494768070667621,-0.00016012686984456792,
2006-12-06,-0.0013147002592126533,-0.0026585503478963046,-0.018371458846691113,-0.0038443324890854447,
2006-12-07,-0.003970546574156186,-0.007428947371310501,0.0022204986741674038,0.004823975854358231,
2006-12-08,0.001811941168510689,0.003983278857276007,-0.009178744427970509,-0.007361223984867049,
2006-12-11,0.002269813113380925,0.0022565397633498296,0.006229076131831324,-0.013058158544799192,
2006-12-12,-0.0010473733424651854,-0.00460935512902072,-0.004761904761904745,-0.0032669186369080894,
2006-12-13,0.0011688502615989638,0.0003330376791419454,0.0014354456364633617,0.005735799270656372,
2006-12-14,0.008689458492585622,0.008814380109264608,-0.002070471058411183,0.01857584177105398,
2006-12-15,0.0011224039431343424,0.001365141871878972,-0.018512569482771357,0.014717677305162491,
2006-12-18,-0.00323033968563613,-0.00880265474618147,-0.001626016260162566,-0.019233820192865014,
2006-12-19,0.002158250661892236,-0.002471708619454782,0.012377810400549638,0.015110150381610676,
2006-12-20,-0.0014170106008628558,-0.0007984776469971422,-0.001608751671937192,0.009026123215383208,
2006-12-21,-0.003673951628075822,-0.004844274510833246,-0.0038671664088293367,-0.01663530058041829,
2006-12-22,-0.005316251006780903,-0.006072465352820244,0.001455780267123119,-0.003989786157178266,
2006-12-26,0.004352274381138388,0.00513500798608435,0.0074301999717252265,-0.020990247980994692,
2006-12-27,0.007015273650207154,0.007337844411600347,0.005611672168507553,-0.012438598044402505,
2006-12-28,-0.0014787820653379136,-0.0023238959912442736,0.011001216907866818,0.0031488005672608566,
2006-12-29,-0.004513087903512458,-0.004238191026090687,0.0017347999738956954,0.008590789166536661,
2007-01-02,,,0.0,0.0,
2007-01-03,,,-0.012751946576559092,-0.04471743777810033,
2007-01-04,0.0012282862236074887,0.012491961170197685,-0.005102776744465798,-0.046810691984256136,
2007-01-05,-0.006084581335068839,-0.007817599106162088,-0.030453597141375188,0.012951991702227161,
2007-01-08,0.00222031834174663,0.0016226563302352837,0.004298190578610139,-0.003906965287475139,
2007-01-09,-0.00051667597633831,0.00230913258382226,0.009218066808127645,-0.008022834047339389,
2007-01-10,0.0019403518584233392,0.006342503162859892,-0.0024465830365862917,-0.029115725191509623,
2007-01-11,0.006339874091180642,0.010376817556229101,0.0013081243624291083,-0.039614945788858824,
2007-01-12,0.004853165737491727,0.007231812784229685,0.02139120683163176,0.021395539466049662,
2007-01-16,0.000817795084526729,-0.0020137440666295747,-0.0014388879521383124,-0.033591291519386224,
2007-01-17,-0.0008939376178855873,-0.007350570188938255,0.012007685387698253,0.02011331014271489,
2007-01-18,-0.002970739969038294,-0.014604206660611574,-0.007910141106025392,-0.03369069830937499,
2007-01-19,0.0028954653399542174,0.003315350618962709,0.013395032277291774,0.029912879356646105,
2007-01-22,-0.005277909002534109,-0.00825680544303975,-0.0034618602785699837,-0.016541653829331482,
2007-01-23,0.003541965097471733,0.0001397918366989881,0.018790501568670015,0.07647173412344,
2007-01-24,0.008501470410478884,0.0143415213592053,0.0037197199837251116,0.005995603395136051,
2007-01-25,-0.011269802319041844,-0.012991241335897463,0.00030885147401416013,-0.020588755854065388,
2007-01-26,-0.001207929400684371,0.000513507297971838,-0.005094146117865295,0.021943548529484547,
2007-01-29,-0.001096948722968838,0.002299372068333083,-0.0021722644128200352,-0.025442076759255583,
2007-01-30,0.005772093311412707,0.003092800517667138,0.0017105219450388454,0.05480472118418489,
2007-01-31,0.006592883847806208,0.006244298767182688,0.012108021802492708,0.02053709222179423,
2007-02-01,0.005353731800087358,0.001806038034901425,0.008282246033838092,-0.01444788719308876,
2007-02-02,0.0016944502133364736,0.0030384302076933434,-0.017036829618334415,0.03001747371037755,
2007-02-05,-0.0009666073363550076,-0.0021324884106462827,0.007273308756183372,-0.004744133804222006,
2007-02-06,0.0006980074309024253,0.0003601928855136993,0.0041480274552232466,0.00238337394702115,
2007-02-07,0.0013950411127416906,0.007691720314765282,-0.0019889654858131767,-0.019870957242155374,
2007-02-08,-0.0011792671235344443,-0.0007348235796025282,0.008738329470642903,0.03465603936455652,
2007-02-09,-0.0070772138460132306,-0.011592478882811896,0.014437689969604817,0.0030145755809027897,
2007-02-12,-0.0032613821992586445,-0.0038377545042029837,-0.0073408605454119424,-0.03473030618726192,
2007-02-13,0.007597490309923183,0.003876949883010017,0.0019620417688295255,0.021622556137449234,
2007-02-14,0.007644080004882037,0.011585931572973607,0.005271878101057448,-0.017947872479569305,
2007-02-15,0.0010375934274453602,0.003504374434137425,-0.00014989004709964338,-0.0001723848540207129,
2007-02-16,-0.0008717811383565088,-0.0003163826164763739,0.002247864569818292,0.024142053296430488,
2007-02-20,0.002844315193901492,0.006701884011225179,-0.01749403771019964,-0.022225959056909717,
2007-02-21,-0.001404450806129165,0.0021407867478733245,0.03515452363317384,0.03444119184623062,
2007-02-22,-0.0008575564414925463,0.002588932637729302,-0.0011761067018699611,0.01464959335085636,
2007-02-23,-0.003563673944411261,-0.0038970605156334326,0.005445909683423844,0.003117286699436894,
2007-02-26,-0.0012541061904680628,-0.00420662308226194,0.004977345243126541,0.004088976161199076,
2007-02-27,-0.034725402225963764,-0.03859418625348665,-0.0037872914580298067,0.0011402458954254957,
2007-02-28,0.005560889616694542,0.003442805874113164,-0.021201929349868087,0.005369375788651043,
2007-03-01,-0.0025944345993798024,-0.004941722115282543,-0.010606567615990992,0.0033985933219153885,
2007-03-02,-0.011402751982227732,-0.01506106435204202,-0.03140568953093614,-0.005806461457283252,
2007-03-05,-0.009407677800631231,-0.011537191030141503,-0.007482443948509387,-0.02547046901963268,
2007-03-06,0.01549358071940743,0.01899446410271799,0.011151210067244177,0.010321274097462307,
2007-03-07,-0.0024652707034493737,-0.004402257508112184,0.010562267663719593,0.01861923041168012,
2007-03-08,0.007126622092502144,0.005512451774914551,0.00430379485582244,-0.0029116840191582005,
2007-03-09,0.0006776217548800645,-7.535677907333227e-05,-0.005203587828316203,-0.025794941082606604,
2007-03-12,0.0026802841786919274,0.006173688481047712,-0.0024615009014422595,-0.01898416992726415,
2007-03-13,-0.020368281609082217,-0.021529444764008976,-0.0012338815515128276,-0.016635538020280283,
2007-03-14,0.006691166660731218,0.009006292626612122,-0.0103458175176937,0.003970301070683302,
2007-03-15,0.003683748343518811,0.002934537919905944,0.007489448603714921,-0.010488318637413174,
2007-03-16,-0.003828308970065253,-0.0025392185590806804,0.01068602020824172,-0.007645501868671412,
2007-03-19,0.010894486429815275,0.009166926911435613,0.0007661661334741332,-0.009105243428581211,
2007-03-20,0.006333453947334089,0.005763444579114596,0.007349638658030289,0.0024739245320895,
2007-03-21,0.017080881296924755,0.019811379286433395,0.0016719494529844336,0.0507668092958653,
2007-03-22,-0.0003484223341437831,-0.001701982057067175,0.006676820051688237,0.03489344061499988,
2007-03-23,0.001094390010953239,-0.0011461486964127188,-0.010099505517728757,0.009563951462505882,
2007-03-26,0.0009679026415914116,0.0027358688728944536,0.010202546189262085,0.010115624284897207,
2007-03-27,-0.006184358016304348,-0.007411520481673817,-0.0019596755807678168,0.00031792175826073077,
2007-03-28,-0.00796578842336182,-0.008340684472800897,0.006645558943222385,0.018274297160369102,
2007-03-29,0.0037397238988494674,0.0003226118591472815,-0.0075018754688672695,0.030430663116759904,
2007-03-30,-0.0011739955648866207,0.0015550854251913382,0.0022675736961450532,-0.002423080958241841,
2007-04-02,0.0025970634085028532,0.0002560732458201098,0.004072416601857087,0.0010626945787981512,
2007-04-03,0.009280102663995704,0.011588379548936656,-0.0025537211594680587,-0.01971493787724654,
2007-04-04,0.0011128174632957233,0.003411729446527012,0.012198758412556465,-0.004022310313822608,
2007-04-05,0.003049955649575775,0.00514507594932434,0.0031245896404965556,-0.0015532537804788804,
2007-04-09,0.0005887235968500271,-0.0008740829562813301,-0.0034114324404113106,-0.043092727292580846,
2007-04-10,0.0026166434783123638,0.0034141601724619886,0.006846220298844186,0.00617787479246612,
2007-04-11,-0.006572828751212234,-0.007386169750157934,0.000443440935652184,0.0019389066580737246,
2007-04-12,0.006206296427920366,0.008543050394238971,-0.0025118384126674442,0.029672636710085687,
2007-04-13,0.0034880001295067853,0.004684828057114787,0.015257071842115444,-0.0034455350237011517,
2007-04-16,0.010654906376349693,0.010590197733199691,0.006857238115643316,-0.00031432433487255107,
2007-04-17,0.0021453110052500612,-0.0005480325891801252,-0.0027531712014524645,-0.008017640800768722,
2007-04-18,0.0006931929382587576,-0.0025626060497834224,0.0013077061362147813,0.0004754769369201828,
2007-04-19,-0.0012020506154498678,-0.002051345287293338,-0.006965589846215536,-0.020592415888887605,
2007-04-20,0.009260704070808812,0.00839794603618782,0.01125239272890477,0.025068723777427415,
2007-04-23,-0.002303986210293818,-0.0010766234899511895,-0.0020231566677203494,0.03960237108288589,
2007-04-24,-0.00035114388417389897,0.00034478248520453114,-0.009267251093480255,-0.01988158401469886,
2007-04-25,0.010139089454322958,0.009249151589727278,-0.00014620961606104377,0.01951059880939865,
2007-04-26,-0.0007824182576994243,0.0025786311953719387,-0.013448255372316198,-0.01184688369807807,
2007-04-27,-0.000120497715199952,0.0010765484846317896,0.005630445481562774,0.021518622477937344,
2007-04-30,-0.007830925989064319,-0.012560514598926265,0.0026521110366795053,-0.011284983604148535,
2007-05-01,0.002651196208694806,0.0025503808506213144,-0.008963961184331404,-0.01993604591151643,
2007-05-02,0.0064724448638566745,0.010392947462313007,-0.003113933192571139,-0.011180142913720159,
2007-05-03,0.004325077887225248,0.0029790263601501277,0.014130596716484645,-0.007694749939047618,
2007-05-04,0.002149894792468965,0.0026076966735451013,0.007920247155683846,-0.01993983777364139,
2007-05-07,0.0025637181786113405,-0.00046651681178522253,0.0011641265697879266,-0.007427726178037997,
2007-05-08,-0.0011659709227004322,0.00031118802128382583,-0.004215151764625724,0.012851750205659762,
2007-05-09,0.0032234005292746115,0.0017848110783027504,-0.007006258887782835,-0.011403776158263934,
2007-05-10,-0.013956277330703482,-0.016535121995919666,-0.022343102278074678,0.004224242720606286,
2007-05-11,0.00964149809602488,0.011240293233922394,0.00826943347149367,0.009059982950198275,
2007-05-14,-0.0017929748750863395,-0.006158733238093017,-0.0031314877160599774,0.001443003914208596,
2007-05-15,-0.0013039836183860176,-0.008305674914944272,0.006731488406880981,0.011367260564836501,
2007-05-16,0.008626538777668946,0.00876330341077014,-0.019019298355079872,-0.009814768875354485,
2007-05-17,-0.000918022530934981,-0.0031561498728416293,-0.006058769957649757,0.036930478041034887,
2007-05-18,0.006610477607007059,0.007509734360128029,0.007314824296977163,0.001233454059541339,
2007-05-21,0.0015432445154737184,0.007950160557687935,0.002874469612802466,0.020480353428692588,
2007-05-22,-0.0006425680181219029,0.003579190367939189,-0.005732461439391101,-0.019616651399050555,
2007-05-23,-0.001207231600010017,-0.004238750326634566,0.0042482915063617455,0.012313304714982154,
2007-05-24,-0.009702564079535403,-0.015184077224623116,-0.01344617628914746,-0.024175101399495746,
2007-05-25,0.00545268067865301,0.0075928398548577025,0.0032158891055704686,0.01589274911524341,
2007-05-29,0.0015702037391096546,0.0058150225553141865,0.0030529691261416136,-0.031441649053919885,
2007-05-30,0.007983608061428171,0.007981940090504569,-0.006087353749226976,0.005384008620309411,
2007-05-31,0.00025487322390449485,0.004601549506937808,0.01209619462468181,0.008190273177139273,
2007-06-01,0.0037370286036848555,0.0036090727939352973,0.01543118336918492,0.016716132777920834,
2007-06-04,0.0018486063981995038,0.0016718634534012011,-0.0007449344322207896,0.01736320254494461,
2007-06-05,-0.005347069382311664,-0.0026964387017558433,-0.0016401321023894466,-0.009062052294481981,
2007-06-06,-0.008863742592418067,-0.009210237707138913,-0.0004480104598364454,0.00533452935322587,
2007-06-07,-0.017569780868271323,-0.017702691748649135,-0.01374572295656018,0.014705901063777782,
2007-06-08,0.011370393887050856,0.012654604086347332,-0.022117824762798777,-0.03242190585762639,
2007-06-11,0.0009617165093236402,-0.0005401651801214546,0.013632823846582154,0.018684358316222394,
2007-06-12,-0.010681718597158829,-0.008700847019883051,-0.0088644167830918,-0.009398252768069604,
2007-06-13,0.015184222334435615,0.012761950612503625,-0.0004625871903912726,0.013925075491313832,
2007-06-14,0.004816303381447451,0.006621921120090857,0.0052452380667655785,0.02097795570230443,
2007-06-15,0.006526762620259197,0.010502402372533748,0.004450620814487882,0.005173665428332752,
2007-06-18,-0.0012133688932095543,-4.1825432911868354e-05,0.001986230394146249,0.01602935791015625,
2007-06-19,0.0017307744745367337,6.0881787645516994e-05,0.007471827546921883,0.0001447696737679749,
2007-06-20,-0.013601086272203244,-0.010202701704186579,-0.006962367997735641,-0.013169262703466633,
2007-06-21,0.006180412864005502,0.006538562229962297,-0.008382868777106922,0.006745843496162474,
2007-06-22,-0.012895816927002701,-0.01069943767499193,0.004457461609110425,0.007137623494222645,
2007-06-25,-0.0032079039581859314,-0.004588669964674996,-0.0033665068202467507,0.0005785495499055493,
2007-06-26,-0.0032381959602871824,-0.0011331297154528741,-0.014125613971231465,-0.020381666029045786,
2007-06-27,0.009009338290096647,0.012116646444593426,-0.0006228989162337939,0.017707018401623253,
2007-06-28,-0.0004182355225962331,0.0011591607338938825,0.00903847231203958,0.008699412258977635,
2007-06-29,-0.0015673572021088766,-0.0019706316541812097,0.0009266032215251574,0.015955161926415107,
2007-07-02,0.010696164157472765,0.011166922852563488,0.012961000972833148,0.005800736148056096,
2007-07-03,0.0035802512876219605,0.0048056460544387836,-0.0054835880973914675,0.00450143959352256,
2007-07-05,0.0003475898263931576,0.004423505694953311,-0.006892326285388717,0.005601370619962687,
2007-07-06,0.0033039969263952695,0.003711481672152628,0.006631689745623559,0.01392563757134302,
2007-07-09,0.0009213260458897921,0.00131633099173456,0.011950341117037855,-0.008515247053655806,
2007-07-10,-0.014185449499020453,-0.011558006005997212,0.003028009084027339,0.008588379224543141,
2007-07-11,0.00572140934255172,0.004785661867313662,-0.0033207731426886378,-0.003433594401631601,
2007-07-12,0.01905497986526261,0.01883253978278976,0.00969260113945225,-0.0008268682554088969,
2007-07-13,0.003101407882381002,0.0019506092649330675,-0.0013499690979201784,0.01972414214035556,
2007-07-16,-0.0019194721215780586,-0.0035721913095677627,-0.0012015437182878452,0.0029758044068035616,
2007-07-17,-9.681992628141067e-05,0.0055462106988029,-0.00045110946311088806,-0.0017532687813516246,
2007-07-18,-0.0020653240878290013,-0.004719277305811009,0.01188500561730943,0.013915245277005717,
2007-07-19,0.0044690505655788915,0.0076125671524867045,0.006839186422934906,0.011592206286620943,
2007-07-20,-0.012220864994591185,-0.01192627348876485,0.009893697705638749,-0.004610095924162727,
2007-07-23,0.004869285458577677,0.0011087886443184036,-0.004532879822236824,-0.008998283815294994,
2007-07-24,-0.01980442554686246,-0.018850942633333756,0.004994160509733225,-0.017759405019283858,
2007-07-25,0.004665612144987508,0.0031478237917843543,-0.01593104972170667,0.0315388767240814,
2007-07-26,-0.02333849273648292,-0.018439086397372018,-0.016040380200169624,-0.012256198455962486,
2007-07-27,-0.01599158435597181,-0.014272890965320695,-0.0037735849056603765,0.027618409327670568,
2007-07-30,0.010254006997153065,0.008211580157476028,0.00621208422111752,-0.002466824464979034,
2007-07-31,-0.012646643428824822,-0.014326751008754801,0.0042163061753683895,0.017961697520878728,
2007-08-01,0.007242669003718616,0.002984796426912073,-0.004948341141574275,-0.02148063322902294,
2007-08-02,0.004359290987711706,0.008657395351647335,0.0015069319421192606,0.004312058491028781,
2007-08-03,-0.026585989591270898,-0.025128293294022885,0.011886886404257835,-0.017954686995307,
2007-08-06,0.024151105980530163,0.014367378048780521,-0.0014869888475836923,-0.04531009070266134,
2007-08-07,0.006159366016551537,0.005601951491796431,-0.0013403193061243268,0.004995845441971181,
2007-08-08,0.014071842031649018,0.02005772987731791,0.0058157240621055095,-0.0037282056047079903,
2007-08-09,-0.029649630183580356,-0.021618990829099682,-0.01942175772563015,-0.007761679503047847,
2007-08-10,0.0003785373521689728,-0.004537509515218807,0.013456248942220306,-0.0016761436419293618,
2007-08-13,-0.0004952881702965373,-0.0010412640450488952,-0.0008950851810589633,0.002098804020104872,
2007-08-14,-0.018156542744898196,-0.016961369977859464,-0.0016425811572983173,0.010611483910787811,
2007-08-15,-0.013907838088907498,-0.016121689704071573,0.0004487718203429747,0.01312523644219743,
2007-08-16,0.003248786889889166,-0.003155976427432705,-0.03079688424161564,-0.03177419572991136,
2007-08-17,0.024566469488606746,0.022014858585261976,0.013265520257637498,0.013802864182163255,
2007-08-20,-0.0002696464541576127,0.0014211640387997715,-0.0003044789155087768,-0.01194777118982615,
2007-08-21,0.0010860546062276821,0.0050665754436538535,0.0,-0.023200245530898833,
2007-08-22,0.011712885751746116,0.012493554670195195,0.0036545809872006174,-0.003022874345510629,
2007-08-23,-0.001072316451165345,-0.004348204890291196,-0.0003033700186337862,0.008229853844114343,
2007-08-24,0.011535039396367575,0.013766373256702602,0.013810859384972396,0.018043741569480964,
2007-08-27,-0.008503590106740622,-0.005992161166982868,-0.0017964254596276596,0.01237874424173313,
2007-08-28,-0.023473062124790167,-0.023664268393118637,-0.00359922528920531,-0.00333469306237133,
2007-08-29,0.021921880487575596,0.0250016084750182,0.0028596678342718285,0.024815261341052386,
2007-08-30,-0.0041810099171704085,0.000834960280331698,-0.0019510548053209842,-0.002040559400350972,
2007-08-31,0.011216744478492524,0.012107768293201815,0.012030075187969835,0.009269360680455474,
2007-09-04,0.01046822150297233,0.013048992208612331,0.014115898959881079,0.014046473563849471,
2007-09-05,-0.011501124180816724,-0.009234913602060968,-0.0011721432864011394,0.008657452184691605,
2007-09-06,0.0042518862449216765,0.003211925533618265,0.02039014688279761,0.007526735369833171,
2007-09-07,-0.016908457052106307,-0.018597614644029314,0.007475578478350231,0.005242383754729962,
2007-09-10,-0.0012728131774627505,-0.0025684389739299984,0.003567351660312079,0.010299881968188984,
2007-09-11,0.013632320540153398,0.014989532169795927,0.012654663114657128,0.009549690457664184,
2007-09-12,4.761728577151736e-05,-0.002078908478117314,-0.0004212128444636143,0.021475140394799475,
2007-09-13,0.008419562970447103,0.00346826667385014,-0.0033712941870424062,0.0022524423417915607,
2007-09-14,0.0002021960564695391,0.0004305448631125586,0.0001409099167548611,-0.012361067661844305,
2007-09-17,-0.0051204147454522175,-0.007885703552525825,0.00873733430150092,0.018584086587360105,
2007-09-18,0.02920800742879237,0.027114338209948796,0.0,0.01166690387199587,0.011469256580333154
2007-09-19,0.0060864071258255326,0.005588977791494365,0.008661654530266016,0.005152719395631333,0.04094626156931791
2007-09-20,-0.00672323571146749,-0.004571548069191578,0.014404465947454925,0.016965694916037055,0.0032118728998469237
2007-09-21,0.004609053497942384,0.006378327685170548,-0.001365374066992997,-0.0204032279701003,0.018957147097464544
2007-09-24,-0.0052564440643945165,-0.001224167072391702,0.000957001843739036,-0.008208843124155596,0.01956577078199495
2007-09-25,-0.00034262980763510864,0.005809704186239273,-0.0006829668305886605,-0.017541670444450208,0.0013482628604715163
2007-09-26,0.005411303128236344,0.005805987966422066,-0.004510645028829807,0.009681934921158097,0.0003340660905122306
2007-09-27,0.003907094941590916,0.003912538385688613,0.00604150005191717,0.03212944089176695,0.012154600685659434
2007-09-28,-0.0030234199663373706,-0.0029857239022168525,0.013784598632002876,-0.014720000382942633,0.004159601200102392
2007-10-01,0.013289693179957318,0.014617801308300926,0.005923565544388332,-0.01738924485254134,0.00947954170303067
2007-10-02,-0.00026504432292262514,0.0022328126732693576,-0.02328697019512549,-0.0023678317182197484,
2007-10-03,-0.004551857289897487,-0.006435918143027242,-0.0006851192222023794,-0.0013741487340162006,
2007-10-04,0.002110951663853111,0.0015168503396096877,0.011655011850093322,0.01876407248172729,-0.000412585864806414
2007-10-05,0.009560291622441541,0.017102177310588607,0.004743833095565364,-0.002701390153584615,-0.004377296442450662
2007-10-08,-0.003216513893620543,0.0025356968459695484,-0.011466343099919118,-0.02708698035670476,-0.019427865847015946
2007-10-09,0.008096245420633474,0.005933835201822335,0.0062773426551876454,0.01569229999800137,0.0476194957215017
2007-10-10,-0.00171233023616435,0.0027462349197613367,0.0040683481159140555,0.012957897929806617,0.021436988185743022
2007-10-11,-0.005158458514124553,-0.014016935045854328,0.014721722068461895,0.021894203105548238,0.015326778588471646
2007-10-12,0.004754224745041169,0.012077043885163175,-0.0034606357356337103,0.0073423278395203795,-0.017484654958734525
2007-10-15,-0.00838141086014621,-0.009134998801346828,0.011219397945706922,0.02915515283584824,0.04460920229240539
2007-10-16,-0.006573168570868315,-0.005805700054052454,-0.0001320507055361242,0.01718336705130752,-0.0004144500734910572
2007-10-17,0.0017613961937021916,0.010405552525290407,0.0006605019815060231,-0.0023969761786286625,-0.019186493370270563
2007-10-18,-0.0007526629123547623,0.002377701949928923,0.008712839057343214,0.023684206621109594,-0.03746871224895365
2007-10-19,-0.025615521464831148,-0.026488722196648995,-0.0001308409751757944,-0.009723960374560914,-0.02535978234208558
2007-10-22,0.003798372119262039,0.010557185801614466,-0.01073300027098334,-0.011738159519620206,-0.006001535071745612
2007-10-23,0.008802858704579641,0.016460142142394663,0.004233940538125314,-0.02615350593168886,0.05588352533034335
2007-10-24,-0.0024414223711310967,-0.00875231308078861,0.003425527781208748,0.021461263083132565,0.004101376807315038
2007-10-25,-0.0009763176926820272,-0.008613322326844641,0.007484259965536255,0.03857635670739845,0.013245689120980009
2007-10-26,0.013787641670760742,0.01938660342650289,0.021634350169666305,0.01547647070581526,0.023945196975768024
2007-10-29,0.0037126459428287184,0.004725072222944826,0.006633436675501869,0.018179818831365546,0.035704909357604064
2007-10-30,-0.006463394115263088,-0.00025909353311204253,-0.006082863948138617,-0.03367905021908524,-0.006290303418282961
2007-10-31,0.011991995609034412,0.015056628775468317,0.009817687526298746,0.04591725660538204,0.005435553115015868
2007-11-01,-0.026423513500588247,-0.02248595247049001,-0.0016413987284958909,-0.011001808198003782,-0.005795922075916726
2007-11-02,0.0008022082779672868,0.0055637746313121905,0.018970532146738384,0.026099074736976258,0.011241842142279967
2007-11-05,-0.004954777827830159,-0.005408504118903479,0.0029787307217883363,-0.020327290128622888,-0.014344969836343813
2007-11-06,0.012049218834373487,0.010732761658885925,0.015715892328573178,0.02894225892904201,-0.010397928397439027
2007-11-07,-0.02936979868078282,-0.027049576920441187,0.012426915641723824,-0.003412556484740925,-0.000717169678346119
2007-11-08,-0.0005760125159255391,-0.019194112828396226,0.005054166314117037,-0.009442810378478161,-0.014457806297501041
2007-11-09,-0.014287019725334527,-0.02524482885524848,-0.003232773189138727,0.009009015489205519,
2007-11-12,-0.009988235501578235,-0.016670875122932416,-0.0320720867351727,-0.017649470033517023,
2007-11-13,0.029092951232353004,0.03464222914129178,-0.0106725933435321,-0.03646168333853006,0.013939542348581302
2007-11-14,-0.007069371343474851,-0.010969960561651781,0.019819352171391413,0.03202805997137692,0.0425782217505406
2007-11-15,-0.013212427900045731,-0.009760565259319565,-0.033333303303736184,-0.007014518635378608,-0.004344937623033451
2007-11-16,0.005230310920731451,0.007152915359841083,-0.0002545008281178429,0.01787432477245532,-0.0008880093221157459
2007-11-19,-0.017460253968243356,-0.01663106413685811,-0.011327509578448858,-0.00483700412043464,0.00013540290921176812
2007-11-20,0.004486196985218349,0.0013226661485203905,0.017378991004307176,0.03581994306330505,-0.02145523213041356
2007-11-21,-0.015926882279853283,-0.013347205019981101,0.009236983304725888,-0.00754868788110008,-0.0380304280250755
2007-11-22,,,,,-0.007498531481609949
2007-11-23,,,,,0.016170382095873848
2007-11-26,-0.023238690638891946,-0.02141650825326158,0.0024271844660195274,-0.004889013601971581,0.02194845335963458
2007-11-27,0.014930153212029174,0.015667144989452764,-0.014891026383739403,-0.03357214822672405,-0.005853462642060103
2007-11-28,0.028559853539212643,0.03181566247975476,-0.01671382133104049,-0.04024566295334986,-0.014144959160006909
2007-11-29,0.0004764749033838722,0.001960250581286127,-0.005999235019915616,0.00430367885486671,0.003035183231401506
2007-11-30,0.0077702175740654855,-0.0026872461948674875,-0.016471741213389346,-0.02527198107648665,0.02274338908222684
2007-12-03,-0.005887337197621245,-0.008955444078385999,0.007798485669574529,0.006763594637733572,0.017743264934276137
2007-12-04,-0.006540256581273551,-0.006560088223280691,0.016491183814928867,-0.011084961267858295,-0.0011338281916026816
2007-12-05,0.015190129895446658,0.017760705049304715,-0.004742278610829764,-0.009397665692058688,0.013937354542265412
2007-12-06,0.015036906086721702,0.01600306041041777,0.00463951373922411,0.03131792844972425,0.0024747803556397496
2007-12-07,-0.0017779211733210953,-0.0010594630389700876,-0.008487253731109035,-0.02161148736660079,0.0032914519173321555
2007-12-10,0.007509953412149439,0.00472626876381832,0.01674217948668688,-0.004757568812334467,-0.002293106720305693
2007-12-11,-0.025271074111842595,-0.02449469637604773,0.004580923797340208,0.024584521030157624,0.022925527649050315
2007-12-12,0.006050107439882435,0.007084206168136875,0.002588089133290339,0.04854480015045204,0.01017668697978591
2007-12-13,0.0012243243942324789,-0.000992049256241856,-0.0178242163491088,-0.022671886889355397,-0.01643039147960168
2007-12-14,-0.01374626785493871,-0.012272858477960225,-0.0071339326746323595,-0.010623342622586351,-0.0017166937119070802
2007-12-17,-0.015020898185397868,-0.023249648874290485,0.0018908357784968022,-0.007012155288570132,-0.044760849012045356
2007-12-18,0.006279795215002659,0.008378482744598736,0.010317076412899029,-0.0015447356713139682,-0.006006611617188851
2007-12-19,-0.0013608300425632658,0.0019183061877365848,-0.002366157427226012,0.008288208837501587,0.0015412113538595396
2007-12-20,0.004900203108869627,0.015321008956763249,-0.00237169321783659,-0.001972822330010504,0.0026690484367299927
2007-12-21,0.016669839397931874,0.019361072049520756,0.015515469456341968,0.02470898375054542,
2007-12-24,0.008077004803014542,0.007990375091904589,0.0014785759525990372,0.00878790822290254,
2007-12-26,0.0008086358029313345,0.004020605162843083,0.016240172742711056,0.01954747711647631,0.014310521285565425
2007-12-27,-0.014282289812289406,-0.01747896777031077,0.0031476702008927937,0.006772965693562005,0.001770786146686909
2007-12-28,0.0015037700920255137,-0.0008704747443755156,0.013275404687553172,-0.006416919157083978,-0.00029594749445038815
2007-12-31,-0.006851588410961562,-0.00829323750012323,-0.005597845770058507,-0.0002082983652750281,0.009687961651326571
2008-01-01,,,,,0.0009366956486047684
2008-01-02,,,,,0.005704395766912729
2008-01-03,0.0,-0.002663194201464547,0.010968523236945638,-0.004416808163773767,-0.00013756961350364083
2008-01-04,-0.024551555085623233,-0.03766503445357605,-0.0038089205160823925,-0.012804967121986643,0.015497164063864366
2008-01-07,0.0032232587947169655,-0.0020721224956005146,-0.004055150155257481,-0.02880203471292564,0.0007650722978145286
2008-01-08,-0.018352265474000595,-0.02358507521351294,0.021405333802528625,0.013040335901979061,0.0013935117873444813
2008-01-09,0.013624083236714934,0.013947920281535353,0.0017084282460135825,-0.006851486033051968,-0.00252074992407314
2008-01-10,0.007948131920451518,0.0056454589430270374,0.013871531787414737,-0.02048708186459325,-0.018343399982063135
2008-01-11,-0.013595387776707546,-0.019521674627375862,0.004934353839489036,-0.010884608398586848,0.007008324084966766
2008-01-14,0.01087063729028337,0.01572174247853253,0.00613770801232727,0.016290802320244824,0.0010805804625286797
2008-01-15,-0.024925012411738723,-0.02449661451050167,-0.0006654565241616117,-0.02441608807723228,-0.021355579180658557
2008-01-16,-0.005612078839948742,-0.00951360617964303,-0.022641536530590978,-0.011534332648403534,-0.02280116886858463
2008-01-17,-0.02909259582902124,-0.01991580345548194,-0.0012491206182529968,-0.00781593035111694,-0.003798981541928148
2008-01-18,-0.006045421784173999,-0.0029314768838796246,0.0014780986844442623,0.004881864582433115,-0.035158693052504186
2008-01-21,,,,,-0.08702434876289467
2008-01-22,,,,,-0.05941867831462344
2008-01-23,0.021442179004912187,0.010530998692318772,-0.007981087883080384,-0.031830836493284,0.06207011405288898
2008-01-24,0.01006273042641359,0.019215083450015547,0.02606232294617561,0.027819356911925608,-0.03266128112788336
2008-01-25,-0.015871931031674613,-0.014706119585602528,0.005521811154058476,0.014539708859381273,0.0695149229189953
2008-01-28,0.01754832433469833,0.010192572192925908,0.018231713987850284,0.0030867465783581682,-0.02029405444902499
2008-01-29,0.0061597743886385725,0.003468280397634027,-0.0021572646453107414,0.007143659095938171,0.001270303351699198
2008-01-30,-0.0047639947161109975,-0.0038421661741528945,-0.004864339118752836,0.007529489807964529,-0.02143609135320157
2008-01-31,0.016772253672436177,0.01739468174622183,0.0022811608481274614,-0.006281834935040531,-0.00583441090138237
2008-02-01,0.01223749194418322,0.009833211545319909,-0.015172862051354041,-0.030408729324548744,0.03499786817428463
2008-02-04,-0.010462869384454843,-0.012642128985142609,-0.004181784683527812,0.011915440304661296,0.027504819220461663
2008-02-05,-0.031995432684296055,-0.030753100821974688,-0.02099679465950144,-0.017884837158356426,0.0037338523554040215
2008-02-06,-0.007623640894248274,-0.01334450458187153,0.016706160272156545,-0.0143649385799679,-0.029422509624453808
2008-02-07,0.007885772846967454,0.00626660638370824,0.005995296220408175,0.011131526595102859,-0.03556562392723617
2008-02-08,-0.004203719751894819,0.005154781319196111,0.013574714887472306,0.041538940044960615,-0.0025130087846393367
2008-02-11,0.005888999083801139,0.006599110698334298,0.004899825653718715,0.019832186568590426,-0.051432049104766064
2008-02-12,0.007265896838448915,-8.628884918704394e-06,-0.01679488524213746,-0.008654745061313918,-0.0038604076590488257
2008-02-13,0.013604062530741423,0.023228001099455664,-0.000991871710212422,0.005281287672088908,0.01884983109853766
2008-02-14,-0.013421475932895444,-0.017435178699448994,0.0009928564964836184,0.023480245740622685,0.05529010211862406
2008-02-15,0.0008377480947496796,-0.004604418382756492,-0.0050694693600698,0.0004190332695472865,0.01939636723255478
2008-02-18,,,,,-0.004902977706312872
2008-02-19,,,,,0.0007390517947891695
2008-02-20,0.008340870828184466,0.00906259081037386,0.008633714883211852,0.007299227196742253,-0.02392622595972027
2008-02-21,-0.012867362942748706,-0.01173996270589761,0.01230472961738549,-0.024915570379802743,0.007246089875689643
2008-02-22,0.007880610357913875,0.0015523521005904595,-0.0014797203414357307,0.00590445059390543,-0.015611119021639253
2008-02-25,0.013812671311938196,0.010475994438297942,-0.007515652089922553,0.004250640711642273,0.017600194748813802
2008-02-26,0.006917910698780005,0.00752316235265682,0.009065699894763801,0.016627973804951734,0.01333466778906156
2008-02-27,-0.0009194445013966934,0.0037484335110622435,0.012789384772576406,-0.012291811038164013,-0.0003130714898145204
2008-02-28,-0.00894187449867867,-0.009435869393511043,0.006574814978824728,0.029606553254843293,0.0031698799677433165
2008-02-29,-0.027089704735838493,-0.02577237060385995,0.007879705117612934,-0.007310654320815013,-0.011655426863829366
2008-03-03,0.0005335524788219193,-0.005670260325095211,0.00966981241656395,0.005989794111222135,-0.05178520149325161
2008-03-04,-0.003447628658457935,0.0007437933091245519,-0.017931712262799437,-0.02859932057056125,-0.01791843327276399
2008-03-05,0.005238327621537531,0.005543573864505991,0.023135166747738856,0.05024115925096706,0.011748964864830125
2008-03-06,-0.022013935987449718,-0.023015587420497252,-0.01135673501155876,0.009089213625608439,
2008-03-07,-0.008410361554953893,-0.0036073000520716603,-0.002871782351762775,-0.003034035186503914,
2008-03-10,-0.01546347918654778,-0.019502868954981767,-0.0023657557746246116,0.0261531142186735,0.006035670235996049
2008-03-11,0.037129844018763736,0.039836963488298016,0.004433434049624374,0.007877650251165491,0.013644696552889357
2008-03-12,-0.008995573894062803,-0.0052709031664056605,0.004721797914492232,0.010758603852370818,0.0012536422406288494
2008-03-13,0.005126921336342294,0.008797296279838829,0.013792399027752644,0.0037300188222271213,-0.050985201630490584
2008-03-14,-0.02078326255529206,-0.022583446248047978,0.005945807202099251,-0.001087671028645265,0.026429558017613708
2008-03-17,-0.00895868378535658,-0.016036221915287197,0.0032057825765359205,-0.04110333741881955,-0.05113989570135924
2008-03-18,0.04240953758720556,0.041915287293430525,0.0017974712892803169,0.035389835853230744,0.006639848481118982
2008-03-19,-0.02428719849575589,-0.025702542291061725,-0.05831339641962374,-0.045147092804592615,0.00903379556860795
2008-03-20,0.0239444592412823,0.02178779133353581,-0.02656931967477627,-0.025268060243297974,
2008-03-24,0.015321430427423843,0.03039705298360862,-0.0014136448754694664,-0.009622896335223508,
2008-03-25,0.0023038976355771457,0.0061459326649295765,0.017750177512409815,0.0035693100155962387,0.05806043508439229
2008-03-26,-0.008765759863092581,-0.007129254419231512,0.015407687556416194,0.046235924211968316,-0.009974352095079464
2008-03-27,-0.011460481132498757,-0.018727747545606244,-0.00021076101900030508,0.01586402531604514,0.00028990387264848927
2008-03-28,-0.00795018629681199,-0.008615348715731108,-0.019182137901758156,-0.018218990993796758,0.023135448475751774
2008-03-31,0.0056872467232620405,0.007925139333172293,-0.01547384886813441,-0.03825033905008213,-0.04198704977741807
2008-04-01,0.03589635162305438,0.03670304012964265,-0.0363457622236355,-0.005906659414310567,0.001066597251557777
2008-04-02,-0.0019340702025878453,-0.0005714094407999193,0.01393134834392118,0.03812634527761416,0.003091093295508829
2008-04-03,0.001301638178863307,0.0008046695023951056,0.010947260566728234,-0.009539253863713681,0.003659901061992654
2008-04-04,0.0007959963585104646,0.0032496642330428482,0.0044198895027625085,0.023114721020462303,-0.02611285420114151
2008-04-07,0.0015615985189088022,-0.002593822973795956,0.015071520579792441,0.026922647939183753,0.02457503664998928
2008-04-08,-0.005100033369358936,-0.006795443151719538,-0.00942886321874159,-0.005408345015093685,-0.010827163499552594
2008-04-09,-0.008092072375784243,-0.01134210922672485,0.021444174601682242,0.021843343286470418,0.007941121552397679
2008-04-10,0.004474051958627934,0.012738287638712542,-0.005676936516244568,-0.0068548941769907,-0.002959691864540037
2008-04-11,-0.020374180867005598,-0.02613426976807731,-0.005063031637224769,0.000272443730184202,0.009465414047644227
2008-04-14,-0.0033837848145122917,-0.006296249273651133,0.001948948544506779,0.014708577769742659,
2008-04-15,0.004599876286541349,0.004490676062318233,0.0035660122173200026,0.018163911421748002,
2008-04-16,0.022691265939609684,0.02802666062911574,0.017659053691549298,0.010018449604326074,0.001567715409270587
2008-04-17,0.0006229145243916712,-0.003523251642859604,-0.005607859411574934,-0.0006090637313003189,0.014547930451914715
2008-04-18,0.01813900260560164,0.026107740757637332,-0.02936792503131802,0.01593245534851362,
2008-04-21,-0.001553524830540276,0.002109917485939805,0.002740627018795294,0.006770082260680654,
2008-04-22,-0.008810233726340488,-0.01291510820075814,0.008308708302736223,0.01608783908446232,0.0024418909445105275
2008-04-23,0.0028999174924810855,0.011893451340013517,-0.017456332862438972,-0.008963723466571594,-0.00524825243599103
2008-04-24,0.006442277675030139,0.009857751016571603,-0.021408104339807,-0.018934957188327384,-0.00456910645927644
2008-04-25,0.006494736452591576,-0.0024661126867250305,0.000451087527705063,0.021195925695506768,0.02237069021502891
2008-04-28,-0.0010516015703287973,0.0006066913796922702,0.0064247206138463575,0.001940629121229831,-0.004313690577739782
2008-04-29,-0.003888692631555557,0.0007012850111305369,-0.0209430078348386,-0.026273707339638297,0.020797127442401697
2008-04-30,-0.0038463023648085404,-0.005482069285176472,-0.013040521911320546,-0.01876674064247763,-0.005697256790732408
2008-05-01,0.017140713043443112,0.028145685815265997,-0.016110296216463982,-0.008284879684393509,
2008-05-02,0.0032355987230490157,-0.0014995589011619348,0.008481506614214762,0.0337718020363269,
2008-05-05,-0.0045335837534509205,-0.005195771116401349,0.018923037809858156,0.03137896780824456,-0.006876208631936498
2008-05-06,0.007651933303949532,0.007787745926993717,0.004241674032797738,0.015587189281988545,-0.009167528076700848
2008-05-07,-0.018113789643415146,-0.01804851883246339,-0.007305963942993765,0.013870670487542425,-0.0017785276972066555
2008-05-08,0.0036695517058173976,0.00522864561718972,0.012649494375374326,0.0012952615857726446,-0.01047605971911203
2008-05-09,-0.0067254479228667785,-0.0023335008917581,0.004428826393581886,0.018352304941878783,-0.019501366441818546
2008-05-12,0.011020778542468523,0.01757089304521875,-0.0009044519988340438,-0.013734485075526881,0.006030948520559631
2008-05-13,-0.00038467134690722826,0.0026643173085461047,-0.017200420954017415,0.012637846352731241,-0.01094233563580893
2008-05-14,0.0040055842746602455,0.0006331695109556001,-0.003569344370682237,-0.012559632692573208,0.010881882576519342
2008-05-15,0.01058446448937378,0.014831589706842507,0.01571524751821629,-0.0008050110540847033,0.020651469047737736
2008-05-16,0.0012503981989189228,-0.0019259679800596174,0.022753128555176305,0.017483065750295124,0.008298752810224297
2008-05-19,0.0008980456160241346,-0.005045775460337132,0.006674082313681939,0.00601791219194614,
2008-05-20,-0.009273589104020541,-0.009471075077831625,0.01602209944751376,0.01589928550917108,
2008-05-21,-0.016053532676263305,-0.017650642413715056,0.009244154431756302,0.031765635795057756,0.002487723982676826
2008-05-22,0.0026173787135195248,0.006661870816386806,-0.010883594381398298,-0.0177217139205601,-0.018016024697004918
2008-05-23,-0.013210400686713863,-0.008078518700494919,0.00838865994887672,0.010549689691679465,-0.015700163678588397
2008-05-26,,,,,-0.014454519376767339
2008-05-27,,,,,-0.0031281731697051507
2008-05-28,0.003962890483361736,0.0022004969124265195,-0.007932149509973785,0.016918840298927762,0.012047881666293225
2008-05-29,0.005334937252062799,0.008694300724665815,-0.02587450060296359,-0.033656384597414934,-0.01688580343402679
2008-05-30,0.0015161665944682934,0.005716911462331664,0.011513879896702273,0.005765248078536844,0.007197132416693952
2008-06-02,-0.010504263761414556,-0.012340102866450264,0.006311322774863459,0.0032195026856847164,-0.02679616381248584
2008-06-03,-0.005787827748960472,-0.004435045413136551,-0.012655446880002419,-0.027003792422905404,-0.005000463082153295
2008-06-04,-0.0003266963555412783,0.00913529328508944,-0.0019282568273044642,-0.016169210411966728,-0.027629891937007045
2008-06-05,0.019496150601372664,0.0186965374835375,-0.009205632908679262,0.0448895971118346,0.019921078094651046
2008-06-06,-0.030889208795217615,-0.029561434600271053,0.027070471382821593,0.08412232798802077,-0.010509068639272923
2008-06-09,0.0007936884587542714,-0.006102134237481849,-0.0007817871207780325,-0.030243881807929807,-0.027410349351437824
2008-06-10,-0.002438071565889488,-0.004277369706494394,-0.02995416053125899,-0.022627528148972065,-0.011364353837612029
2008-06-11,-0.01689434363076614,-0.02243008524295731,0.013596021962247518,0.038610977217910625,0.016585081623449183
2008-06-12,0.0032796987733647587,0.004319149814932199,-0.01193588706865778,0.002639687618877229,0.0034817401317503993
2008-06-13,0.015046261393385496,0.020857986693633368,0.0012655034174982038,-0.013748755355333708,-0.004901582720285957
2008-06-16,8.086979639654324e-05,0.008262387165155927,0.015282072824908122,-0.001853774276053266,0.01226448410397074
2008-06-17,-0.006771332979186417,-0.006889520937733318,0.0007922275083440677,-0.0044573664719936845,0.017605248769819504
2008-06-18,-0.009711824147480841,-0.011400772157202477,0.007463571991633833,0.01992387343026958,-0.015173027650171922
2008-06-19,0.003752324501292925,0.013314386563146652,0.012122558645198955,-0.03475270891525051,-0.017054361035530485
2008-06-20,-0.01854285587797533,-0.02273298350613484,-0.00044363359060339835,0.020389620183008272,-0.03478940896098126
2008-06-23,5.307283862721057e-05,-0.008457745517787552,-0.0183068902956538,0.015748109143304267,-0.01866566364720068
2008-06-24,-0.002814841378983357,-0.007318467649018556,0.0049729028873948256,0.0019013785022037322,-0.017649495221048972
2008-06-25,0.005843407020038827,0.013925709823487953,-0.010346392353500322,-0.01788318940322764,0.014685835044102147
2008-06-26,-0.029365225496321257,-0.03326998836161965,0.03761360862038354,0.03782977497170803,0.014861368032592637
2008-06-27,-0.0037174293266512004,-0.00247277861143258,0.01774177268664978,0.004081977418434413,-0.04152141322281233
2008-06-30,0.0012672250121246176,-0.00978131372023927,-0.003335817956158338,-0.0014978011825914628,-0.02323132384521509
2008-07-01,0.003835964202880904,0.005228999091358766,0.017598777346296668,0.0069285801478795594,-0.035589225994077545
2008-07-02,-0.01820362050746238,-0.02321505722232986,0.00244030535062989,0.018443683627731966,0.050452325054532565
2008-07-03,0.0010939223012293997,-0.002700504663857406,-0.013653644734945791,0.011980120318792586,-0.04094448157566921
2008-07-04,,,,,0.02298923772527539
2008-07-07,,,,,0.003486055776892538
2008-07-08,0.01708034877731812,0.0227875967267841,-0.005823318721009163,-0.037702497100862375,-0.010285347685328738
2008-07-09,-0.022776172472122824,-0.025954067375425383,0.00585742839342962,7.357958041009915e-05,0.04225847658039217
2008-07-10,0.0069897513852792414,0.010273528532378284,0.014666274992047201,0.04116126952673538,0.0012268402339230544
2008-07-11,-0.011089943474586694,-0.008313226617982394,0.019768280479661504,0.024214670542639816,-0.027197200999602766
2008-07-14,-0.00902785943768214,-0.011705682701374509,0.013757177912486984,0.0006892117691243982,-0.0022968754823722293
2008-07-15,-0.010901257116461394,0.0012833305163022501,0.005140330972809526,-0.04435864104910858,-0.04421116807544456
2008-07-16,0.02506354406105049,0.03120450687936427,-0.016262682024694164,-0.029839982886928906,-0.01149935131475266
2008-07-17,0.012012559511679566,0.01201389587878543,0.008525693814831259,-0.03945031631944418,0.034191841556717506
2008-07-18,0.00028572698776629935,-0.012766517713049708,-0.013092796089722913,-0.003171076066288969,0.03674758072112905
2008-07-21,-0.0005394340212933058,-0.0014237026600416591,0.00605869410522053,0.01675968592090249,0.0164335023520068
2008-07-22,0.013492063492063444,0.010717091385789024,-0.015678513102184377,-0.02358055934224168,0.019377352483772148
2008-07-23,0.004064167115309214,0.009514020315735339,-0.027004193656052333,-0.02743254857798716,0.055824084710190514
2008-07-24,-0.023124422822433988,-0.01967847769304376,-0.0004336778008180442,0.008437764398611991,-0.009660918934707441
2008-07-25,0.00416750805589583,0.013341426703904258,0.00498912753355496,-0.017770306522436052,-0.02744972141794355
2008-07-28,-0.01859656410350974,-0.02004304553784253,0.0010792143604014814,0.011926019756826056,0.00469635992471229
2008-07-29,0.023356008464828548,0.024467652083808522,-0.012074117579402244,-0.020363993002219027,-0.032836268043981764
2008-07-30,0.01667199129814123,0.004354098087350211,-0.014731557879029689,0.03748256084908763,0.029523659354888654
2008-07-31,-0.013143759639368535,-0.0017898811562925276,0.01218296566902688,-0.021219491072368535,0.004497546453252399
2008-08-01,-0.005578395005305659,-0.006273822357844794,-0.005361663511502801,0.008220475725453591,0.018601554539490195
2008-08-04,-0.00896608636190177,-0.0109910611923566,-0.009791005956064303,-0.029496361766743417,-0.004123598426808428
2008-08-05,0.028718741112345736,0.02812003092615889,-0.02388623551067659,-0.01844992525820277,0.0244576649439876
2008-08-06,0.003354349438903892,0.012145575685741816,-0.003414523199820607,-0.004950879809985653,0.003264533953484472
2008-08-07,-0.017933738369047658,-0.009519181457561698,-0.005596120963374029,0.012143656516917067,0.0013946261228183765
2008-08-08,0.02389283474318682,0.024777931966500466,-0.01481569338831612,-0.04015997191833498,0.0012489145797907053
2008-08-11,0.006942730477737413,0.010707863166370624,-0.042317542911564865,-0.006510416839133781,0.020068418665139642
2008-08-12,-0.012050670422580567,-0.0038278833324078,-0.01618988167129487,-0.01258186850509857,-0.014749784387533271
2008-08-13,-0.0029156630132689543,-0.0008187204637628565,0.02078691850930725,0.026457816186616467,-0.005096423815146411
2008-08-14,0.005521801403690407,0.01031441867347671,-0.020363621567234813,-0.008534464342840664,-0.0217152854608067
2008-08-15,0.004075933919094776,-0.0004686458979255015,-0.027468463092950812,-0.01078171872125766,
2008-08-18,-0.015097809523290096,-0.014491233009095938,0.017430040975866756,-0.007910643605870349,
2008-08-19,-0.009314902555218274,-0.013496128768327065,0.014255299743517913,0.014707149750336157,-0.005645236405250387
2008-08-20,0.006197331643397197,0.001979554467646416,-0.0009862998607426121,0.003929141556212601,0.010873919761918316
2008-08-21,0.0024949640993341404,-0.003641650772680749,0.028014331172409035,0.05392239317471126,-0.029870328334654417
2008-08-22,0.011332671321386378,0.014422100595320897,-0.006722659767031791,-0.05438194380829431,0.010177783223578318
2008-08-25,-0.019625434383095275,-0.020341934990736665,-0.009185444037756563,0.00453795522366196,0.0018255328166012497
2008-08-26,0.0036863724474374138,-0.0015303231130495698,0.0029275731273474825,0.010077282830024847,0.0004959005144502537
2008-08-27,0.007982653959549557,0.008674957975132624,0.007175824971187961,0.01616930366467506,-0.010466836275216163
2008-08-28,0.014840144050698667,0.012247816172802573,0.003381293214196557,-0.021667415615119978,-0.0181962433026428
2008-08-29,-0.013723665251360151,-0.01829455267457425,-0.0019256668360577711,-0.0011246410376030136,0.034646416706217265
2008-09-01,,,,,-0.0026032334073967656
2008-09-02,,,,,0.03572375361201696
2008-09-03,-0.0020350785667978544,-0.006602139342978597,-0.002857127693128847,-0.003281383769535684,
2008-09-04,-0.02992205759970956,-0.032004534385442485,-0.005979802815464175,-0.013351615042026532,
2008-09-05,0.004430764724152825,-0.0013988934216994098,-0.000376048150074082,-0.01538600465386708,-0.021460332822775596
2008-09-08,0.02051016192977806,0.006152866142775215,-0.00012534552281551203,0.0010354229264915027,0.029869265867206174
2008-09-09,-0.03413816796421554,-0.02641246251319118,-0.013040782964341746,-0.02896364780635874,-0.0030340695552710795
2008-09-10,0.006149422411268146,0.00854819739129331,-0.037098147729121456,-0.006585321432384661,-0.0153176969411154
2008-09-11,0.013806377411702098,0.01324539874276387,-0.021902673289827868,-0.016669906940428136,-0.024987261022101026
2008-09-12,0.002121534158087801,0.001350642925709078,0.02563064928217207,0.003073238328074046,-0.01441615089636028
2008-09-15,-0.04713589702129706,-0.03597982846769465,0.029988146993338072,-0.05406207950390085,-0.03678659692886699
2008-09-16,0.017523287725070613,0.012839975670045245,-0.008428011482185527,-0.04764389930219459,0.0004910506145385796
2008-09-17,-0.04714070706031326,-0.04939073758359269,0.09027685201022217,0.06593529386309593,-0.01635620602739596
2008-09-18,0.043341774386062015,0.047764249629808075,0.05445315137079665,0.007410390738687989,0.007459590181188691
2008-09-19,0.0402565630586833,0.03401382445811363,-0.03595836919698536,0.06814472809056937,0.051285886523442015
2008-09-22,-0.038236599989398545,-0.041743227913051184,0.05031379276840453,0.15657574977863464,-0.005229420013544539
2008-09-23,-0.01563263356626765,-0.01177151812942867,-0.020356260556569694,-0.11834268752303756,-0.022767882641835158
2008-09-24,-0.001977727730452905,0.0010912648922227763,0.0039525691699604515,-0.008254359331956729,0.008323462761173905
2008-09-25,0.019656504245599393,0.014329648973092413,-0.012710897404914268,0.02165887840182923,-0.012183885926704718
2008-09-26,0.0033824291161275166,-0.0014771904708150707,0.005924589420883697,-0.010461000634464535,-0.030482492766445324
2008-09-29,-0.08806776221769597,-0.09142419384362743,0.006002930848808319,-0.09841890451058588,-0.03392508654962045
2008-09-30,0.0541746705821724,0.05451845937126709,-0.01576221550055179,0.04430835863204163,0.01848025387758434
2008-10-01,-0.004543988840816637,-0.010746305585445981,0.007435369376842971,-0.020965824951789447,0.007535970926270563
2008-10-02,-0.04029079197981711,-0.044785897368439076,-0.04734871310212785,-0.046280296509573216,
2008-10-03,-0.013506522985628489,-0.014837688944000949,-0.012038111544621533,-0.0009577946803872583,
2008-10-06,-0.03851784119121027,-0.04335549277537987,0.04077691735726696,-0.064657007588517,-0.05655656926127428
2008-10-07,-0.05739484084336377,-0.05801517924212296,0.018198692459579613,0.025623506007941943,0.0011797853858694918
2008-10-08,-0.01133270253725105,-0.008291193009003828,0.02811925146330818,-0.012325123700224205,-0.025772248875860604
2008-10-09,-0.07616709580816616,-0.054707994082536016,-0.02214594235485834,-0.026531767187409683,
2008-10-10,-0.011759289177065702,0.0026685072587211423,-0.031366721704975786,-0.1026677418365739,
2008-10-13,0.11580036951513706,0.11805929584025088,-0.019289220866345325,0.04491641737758156,0.06425402921916601
2008-10-14,-0.005322136791994447,-0.035374808314694306,-0.0030993402615642207,-0.0315310396724745,0.008006976125946252
2008-10-15,-0.0903497780862258,-0.08469882287553221,-0.0009565799409849696,-0.052015725305304406,-0.05122703451682897
2008-10-16,0.042507451399756535,0.05489059791012685,-0.040694195092758845,-0.06291926997319475,-0.020698494948766633
2008-10-17,-0.006212826018106576,-0.0037374888782132354,-0.02046166489589829,0.02863278516378176,-0.059630486116364456
2008-10-20,0.047684904793136695,0.034324976417530406,0.003184307830520705,0.033402944702126014,0.015759412439335208
2008-10-21,-0.03079971165937445,-0.041439961114713375,-0.02729812171972834,-0.04525253347274827,0.035897224209949785
2008-10-22,-0.06101246975642627,-0.047699065910469796,-0.04281423944424778,-0.05840033044566473,-0.05247457575951975
2008-10-23,0.012634041442214805,-0.0073278451618830065,-0.027273967452521752,0.01632953315191954,-0.03980229479371089
2008-10-24,-0.034511200543819065,-0.032345956928529485,0.022150551049153533,-0.05439261514155991,-0.12202908932968193
2008-10-27,-0.03176435781413156,-0.02972236619913282,0.017281630836659678,-0.01449727643109422,-0.023142433757014302
2008-10-28,0.10789005877973534,0.09533829866622434,-0.0032358424896352656,-0.007750738200022922,
2008-10-29,-0.011079077098555157,0.004692410514800516,0.018260517006501775,0.07604018001868496,
2008-10-30,0.025803953710955563,0.024927474229264446,-0.020722603399175088,-0.022814828378182828,
2008-10-31,0.01536539816147986,0.013205573901222012,-0.027672306126242274,0.02804727865068446,
2008-11-03,-0.0025290448588709546,0.0031261832333642214,0.01199781915116005,-0.057513609373185726,0.05484127898683333
2008-11-04,0.04082584363592434,0.03115860839571516,0.0421835877530532,0.10358314735863394,0.03227819926994835
2008-11-05,-0.05267708721725084,-0.05532210229584378,-0.01944446059131122,-0.07415278346884446,-0.046831781900944836
2008-11-06,-0.05026398151360689,-0.043374362432622826,-0.013624680631666553,-0.06937216511925104,-0.034157515316106224
2008-11-07,0.028854638416884848,0.024056737997658395,0.002735229713636489,0.004442989233665262,0.027777332331557547
2008-11-10,-0.012653163176065019,-0.01861116530612683,0.016912115619830193,0.022444280985196796,0.05894719138916926
2008-11-11,-0.02204067545102073,-0.022168045595950647,-0.018240311200721004,-0.04935103387097883,-0.06657670059755416
2008-11-12,-0.05189390264262972,-0.05167313695680387,-0.019535502449410824,-0.05342999976081786,-0.030694350864978848
2008-11-13,0.06921270805966984,0.06502757637323309,-0.017834732583613788,0.03703706974191756,
2008-11-14,-0.041699130810434304,-0.05000938061489435,0.05319903348162214,-0.020604408110502015,
2008-11-17,-0.025810416464710606,-0.022942233785757105,-0.0006734913571623258,-0.03664095580368332,-0.003842954953239386
2008-11-18,0.00983837216243022,0.000823164308175528,-0.012535447529429589,-0.01019110765269915,-0.04157816236687728
2008-11-19,-0.06115557585198217,-0.06529490538516003,0.004504571305077754,-0.01415702273220143,-0.017945289714037527
2008-11-20,-0.06712293077105447,-0.05070616883760082,0.017257712665503577,-0.0745990316986267,-0.03106265565702082
2008-11-21,0.06324760339835156,0.0518417626978418,0.05757418918877044,0.00624750866513657,0.05495174752541243
2008-11-24,0.06472253086203117,0.06332939321085007,0.03498801538452878,0.09152813272365412,0.005494829715207983
2008-11-25,0.006550776705881445,-0.004952404835378177,-0.0012204051381559111,-0.06844035857314368,-0.02003138558109485
2008-11-26,0.03532812081997916,0.04599482226452922,-0.01209680366413779,0.07228674681613279,0.03701959306706848
2008-11-28,0.009643111965147444,0.0022648461317271718,0.00952382462217849,-0.00018365763749839115,0.0010355518780089668
2008-12-01,-0.0892952436107991,-0.08954329975804076,-0.050967944130025034,-0.0946169666912382,-0.0262060153001048
2008-12-02,0.03994067054843109,0.03700108329799323,0.008649641644983497,-0.04707791705138775,-0.009355493842203355
2008-12-03,0.025836162084397873,0.029369536915869743,-0.015998976315499847,-0.0036200632934322297,-0.0005079756307647676
2008-12-04,-0.02930842710506598,-0.03137267059051696,-0.006503642142807187,-0.06668097212083302,0.049520996535279194
2008-12-05,0.03649941753675101,0.04410055439828375,-0.017412919619702594,-0.06549111324873158,-0.02639888725116568
2008-12-08,0.0383873487297306,0.04136322506111978,0.02251835364965027,0.07106095598123674,0.025641062540620485
2008-12-09,-0.023117543162227583,-0.015524211743460192,0.0065155066991529065,-0.03752000512466325,
2008-12-10,0.01189418741207482,0.011723354304249867,0.04492484473728253,0.03446638396619339,
2008-12-11,-0.0285240465920793,-0.03679381167729168,0.022054329533590433,0.10248159553217606,-0.002766190610859698
2008-12-12,0.007028415417449585,0.02177889866167737,-0.007273608707021095,-0.03543144600163972,0.0004110046924428179
2008-12-15,-0.012685680143110334,-0.021016151863103016,0.020148979738773498,-0.03824547330272354,0.020487052737582445
2008-12-16,0.05136026454446818,0.05406609297379039,0.007541282749407907,-0.02044484119811507,0.02031062988724508
2008-12-17,-0.009592862125632595,-0.006654520726093738,0.030652236448611037,-0.081192596897251,-0.028733427251993127
2008-12-18,-0.021162683238924562,-0.017058121886813327,-0.009106656385086453,-0.09585621619943607,0.03601465595704423
2008-12-19,0.002936896236101161,0.007697875641414331,-0.026989241310833023,-0.06488134206564056,0.005472514906477155
2008-12-22,-0.018302022695223075,-0.02043697696175606,0.011716866937963255,0.1783289372897312,-0.0124126567577173
2008-12-23,-0.009717462330154691,-0.007054482785046501,-0.010635783349289385,-0.023302438204245823,-0.023245531980830902
2008-12-24,0.005781143038123382,0.0022082792863162837,0.011825087475581642,-0.09312470781796667,-0.017448943591025667
2008-12-26,0.005356174910027267,0.003501846504569528,0.0275056658005548,0.06676098195815383,-0.020433034150140195
2008-12-29,-0.003872599599089699,-0.013017594673016997,0.004825311413223288,0.06125699892265901,0.022731630474013498
2008-12-30,0.024407112966569722,0.026736060118935923,-0.006059899315018824,-0.02473767284214845,0.019608531170205
2008-12-31,0.01415834135471683,0.016979479560247812,0.016450003443891026,0.1427107319762142,-0.00683003781045477
2009-01-02,0.03160806841181141,0.034989778644371805,-0.005432308652776663,0.03901349188333336,0.02960312946189969
2009-01-05,-0.004668357633531128,-0.002560903156248462,-0.024578943884812743,0.05330170937785783,0.024517912914375994
2009-01-06,0.0078171328961949,0.014956711576415982,0.009566043035765581,-0.004712139638704982,-0.0027711167819629567
2009-01-07,-0.030009615306130888,-0.032268573894322805,-0.028079556439321696,-0.12247839725555387,-0.061809349610106756
2009-01-08,0.0033970727091505726,0.011225313943280302,0.015218225180910316,-0.021815629412952786,
2009-01-09,-0.021303029798827477,-0.028088907100764282,0.00046839602701820304,-0.02086328335653098,
2009-01-12,-0.02256412239141281,-0.02087053714465026,-0.03979866614283456,-0.07935345415543182,-0.03477198132396453
2009-01-13,0.0017580587922576552,0.004984384926011609,-0.00024382812386647412,0.005054499226861742,-0.010151146908893294
2009-01-14,-0.03345987410426654,-0.03674194465055336,-0.0145103813354025,-0.013234516044346667,0.03291502550626757
2009-01-15,0.0013291817470242329,0.014902896641853625,-0.001855976215471511,-0.050429112526205744,-0.03477589530497949
2009-01-16,0.0075615769747268136,0.011568678318994552,0.040411522365976005,0.031355840333589846,0.03352577982131799
2009-01-19,,,,,0.006275522037307413
2009-01-20,,,,,-0.017426693263487336
2009-01-21,0.04349124562903017,0.04595169663299736,-0.005850690548606541,0.12416100542575181,-0.03234291359293873
2009-01-22,-0.015162323124874533,-0.027589931148897295,0.01012245394094169,0.0027554290238114287,0.002826948528516171
2009-01-23,0.005377658256231044,0.00805194774905127,0.043229987250323676,0.06411731552919897,-0.012989166248715267
2009-01-26,0.005553212391849582,0.008238004422424172,0.01474367517816133,-0.015924287906777912,
2009-01-27,0.010925582519593302,0.010366215864469508,-0.010236640388518126,-0.0907500055264312,
2009-01-28,0.03355760738960489,0.035510625649074035,-0.012344346608547552,0.01394896562809289,0.028199216840139263
2009-01-29,-0.03312017219917118,-0.03240627918659378,0.019141989041024488,-0.01707782787734824,-0.008966502483988448
2009-01-30,-0.022789134855526583,-0.020837703328752566,0.024527690648383338,0.005791546486975996,0.018006727645845322
2009-02-02,-0.0005327680035899229,0.012198432173474494,-0.022215006855512587,-0.03838767904045359,-0.03762005866406637
2009-02-03,0.01583398827965876,0.014634338397357727,-0.01621265248607351,0.01746499292072956,0.006234977539220532
2009-02-04,-0.007489510230927809,-0.000824375097109642,0.010762304468539874,-0.01128001712217297,0.006878891898466799
2009-02-05,0.016365662661559144,0.02058673997626359,0.013309672055172195,0.02108131152169146,-0.008205347603270852
2009-02-06,0.026896022529575125,0.029406800361069907,0.0003284247330812562,-0.02428953229233577,0.022679465376784336
2009-02-09,0.0014851935283901607,-9.417692131652444e-05,-0.023525549212874086,-0.015185382709971718,0.0270126981286416
2009-02-10,-0.04912120013376109,-0.04199029610233429,0.023868206197051656,-0.05080895011261355,0.005000204851039802
2009-02-11,0.007954951041488467,0.0037842894185606823,0.03294295193586727,-0.04287618223870826,-0.002998823931887884
2009-02-12,0.0017391659558319006,0.007324378266906351,0.004979881614558979,-0.05453531328229022,-0.011159689267066564
2009-02-13,-0.00999769580757559,-0.004767417849118716,-0.0073800738007380184,0.10388460349768902,0.019114791619496918
2009-02-16,,,,,-0.03386643185136817
2009-02-17,,,,,-0.02738283307003686
2009-02-18,-0.000950365594538094,-0.0018291538588406375,0.011065162571904041,-0.008874931880406556,0.002039307830265402
2009-02-19,-0.01202402358417931,-0.017132519680914338,-0.0016365312479456051,0.14038130445681607,0.004754856825762932
2009-02-20,-0.01141296456796903,-0.0011019849180778918,0.026329282706521795,-0.013677834898393249,-0.01896504369559937
2009-02-23,-0.034699008021163436,-0.03712801599382576,-0.007187075558758194,-0.012840267530390914,
2009-02-24,0.04010331464253336,0.038992005947818376,-0.02563844824646966,0.039542156921606786,
2009-02-25,-0.010657824039959851,-0.01137436649507928,-0.0035083721644412202,0.06356358793096972,0.010461281933450195
2009-02-26,-0.01577984957375933,-0.023824447169050078,-0.024748911786219074,0.0640000287224265,0.008380055147058751
2009-02-27,-0.023564403426620917,-0.009795399950977779,-0.0003185260106784993,-0.01017255388660443,-0.007897618427028408
2009-03-02,-0.04662016661802437,-0.039910288276212125,-0.0026553372278279586,-0.10299367668734949,-0.032221810950793794
2009-03-03,-0.006406766626880556,-0.0013909104239107073,-0.027795501156483104,0.037359898953756465,-0.019517009424415588
2009-03-04,0.02375307342984989,0.024776481803159722,-0.007558357136085214,0.08955580805726315,0.008694344751823513
2009-03-05,-0.04253230958224652,-0.040000313800796716,0.023178807947019875,-0.03900397567437042,-0.025895962976127063
2009-03-06,0.0012160531897855709,-0.004416770200862397,0.01628907830198223,0.04379729008668565,0.016862635151645877
2009-03-09,-0.010023669901070842,-0.01948445446782443,-0.02589954783061199,0.03405094950512422,-0.01793790498702308
2009-03-10,0.06366302222212594,0.07065835352298766,-0.02408198357537783,-0.02889315103397183,
2009-03-11,0.002445816877900686,0.009835958022940572,0.016525289450172398,-0.07394437368444684,
2009-03-12,0.04072863130673077,0.03970426668505911,0.014608949292953755,0.11103228785579966,
2009-03-13,0.007739027671590959,0.0037865679170521194,0.006603849199225076,-0.01658513288416763,0.03889283490694728
2009-03-16,-0.0035159251701146754,-0.019196633230003535,-0.008819114126356609,0.02378375079180728,0.021329410683092798
2009-03-17,0.032139940837456527,0.04137402958093617,-0.005642308278675068,0.038226007003575146,-0.007129372158835134
2009-03-18,0.020857940382711382,0.0199095729071046,-0.030226987635385782,-0.02074858545422409,0.013508858060748974
2009-03-19,-0.012979162680767709,-0.005190374583520008,0.07831661373908427,0.07208145543618927,0.004454843593014068
2009-03-20,-0.01976940007446848,-0.017667889882287624,-0.0026087864258014237,-0.010656834538967819,-3.5571137665835195e-05
2009-03-23,0.07075754864749229,0.06759214056409646,-0.0038711155621321547,0.05366231472925098,0.04732721227079173
2009-03-24,-0.020415092769478838,-0.025228664588758387,-0.030248911386900224,0.0033457306269213394,-0.0004081605536699895
2009-03-25,0.009626370531222062,0.008196351832181481,0.013105206088020571,-0.022415692751644012,0.0155341297998699
2009-03-26,0.02332036707485252,0.037967265562637964,0.004490005411862175,0.029751746848682092,0.03280442948722251
2009-03-27,-0.020315519064124654,-0.026339035178402637,-0.017667066855324043,-0.036069177014518505,0.008565139863330407
2009-03-30,-0.03481870365409789,-0.028086916719635924,-0.008125677139761645,-0.07579230889171829,-0.041979638781970974
2009-03-31,0.013129614663131228,0.017838537835374257,0.007755298291575841,0.025821111422019927,0.014371354777824363
2009-04-01,0.01655660953977356,0.015053094865290939,0.003793626807519823,-0.025573911833788543,0.013042303620121487
2009-04-02,0.028727113604116505,0.03288865048970124,-0.02019215167352084,0.08782806475730509,0.04924271614783149
2009-04-03,0.00973177097925304,0.01200526021337156,-0.013004241250428206,-0.002469625182799695,
2009-04-06,-0.008332367396142404,-0.009347256084228928,-0.026909307997881937,-0.027804211219598196,
2009-04-07,-0.02385454246862917,-0.028069767837638926,0.012277696164120666,-0.03721836904166509,
2009-04-08,0.011783441230339475,0.018602627481012712,0.0029471497959210335,0.004679542931758096,
2009-04-09,0.0380532568665477,0.03890209318971438,-0.002938489626817087,0.05791819660770048,-0.0002691940821413219
2009-04-13,0.0025333694269418228,0.0004659611949171527,0.014169122451866967,-0.04192194431549878,0.012133285928002113
2009-04-14,-0.02006449158715151,-0.016687788081379162,-0.004247220007961072,-0.01278720078729867,
2009-04-15,0.012549016706588034,0.0006643691068966007,0.002132633659041483,-0.0032382078102858314,
2009-04-16,0.015538800404093056,0.026825603189255753,-0.015120967948680675,0.014822325730686758,-0.03290613365016992
2009-04-17,0.004969360746134077,0.001574438456373617,-0.01353345109076487,0.007002846979271782,0.004421992088959881
2009-04-20,-0.04278974468970964,-0.03876704945625531,0.02259623591684523,-0.08841646336268771,-0.0021568977952176605
2009-04-21,0.021252059887909347,0.02216129455364224,-0.005524266532201283,0.013731413224743694,-0.0034941365333868157
2009-04-22,-0.007681664273476052,0.001380916485667072,0.010996499802177206,0.05031176600805232,-0.010400261341388495
2009-04-23,0.009922346320087705,0.0036995880241883494,0.015810761173016497,0.01576254824596557,0.028045491689740132
2009-04-24,0.016797349335216705,0.025468965276739253,0.008499780289613623,0.038895613597758505,0.01666327354667807
2009-04-27,-0.0100665768903615,-0.008782442521497735,-0.0067862864903196485,-0.02735208279883783,-0.0030884148531207245
2009-04-28,-0.0027405354973477625,-0.0033344897743645685,-0.01608996719007294,-0.0043877387989865735,-0.031023026612031712
2009-04-29,0.021610040324914648,0.02278029255274916,0.007840501899315955,0.02103371575063484,0.033191027190599964
2009-04-30,-0.0009500676204463598,0.0031310137068663035,-0.010113331528552205,0.0029428626170153738,
2009-05-01,0.005396388659423046,0.0011063310369359147,-0.003480449734599489,0.04068861256875622,
2009-05-04,0.03386813980494785,0.025802762146216462,0.01577287109630454,0.023872188713357945,
2009-05-05,-0.0037917226736418064,-0.005352844906280074,0.002329233227550631,-0.011566018982863246,0.002161987505131302
2009-05-06,0.01740433914180306,0.0028390192704104145,0.00752460739306815,0.046433878025905484,-0.01006304227268462
2009-05-07,-0.01320241238637998,-0.024364723976126657,0.0049423393739702615,0.00656725116937662,0.016234218210214646
2009-05-08,0.02406899510435334,0.01326155426696296,-0.0006557110228826435,0.03385649823027914,-0.01715571889770029
2009-05-11,-0.02151242496964101,-0.004462340290756206,-0.00153108527633683,-0.002217313077722771,-0.018256098104520113
2009-05-12,-0.0009788555914791441,-0.008849117612508728,0.01150054764512598,0.005982879899505855,0.03558768821376246
2009-05-13,-0.02689491201893035,-0.030147152089978868,0.0021656740660531693,-0.014103620014916385,-0.012455542212895132
2009-05-14,0.010351643351174777,0.015034353296299763,0.0027012425715828847,0.010341235253141123,-0.011498534854033404
2009-05-15,-0.01141008247711417,-0.005369342176995362,0.0031250263082569507,-0.038894555114990514,0.0217618033462168
2009-05-18,0.030389200051489373,0.031080725563251255,-0.010312639777978472,0.04774580439161458,0.17744066491310173
2009-05-19,-0.0017368359715523862,0.0012584299622315775,0.005427113932756855,0.010503180745439433,-0.0010871024917969985
2009-05-20,-0.005131461524926384,-0.003862737723718812,0.011551346591858858,0.04006704658023441,-0.0111499238030498
2009-05-21,-0.016757561517510733,-0.018861680748795573,0.014727841828141575,-0.015957473627615903,-0.013910007507797695
2009-05-22,-0.00149721056843366,-0.0019112167729685714,0.008098456358739403,0.010155592786779133,0.0065544416386835724
2009-05-25,,,,,-0.0002241819777043519
2009-05-26,,,,,-0.028518746668491857
2009-05-27,-0.018971163431981575,-0.011054482077263006,0.00010495921063480296,0.016012810052573156,0.03870809187330293
2009-05-28,0.015418918738823617,0.011963677896781322,0.008707498622194665,0.025689535831610266,0.014277264240894816
2009-05-29,0.01357475748111936,0.012866791390280019,0.017992707012967957,0.018899749430433044,0.02578914369919505
2009-06-01,0.025817590454732198,0.030631336336731874,-0.00020434430887372734,0.034233213030283816,0.01819523786005517
2009-06-02,0.0019833011198484574,0.004440358552995516,0.004700630222619129,-0.0004374275079603862,-0.0010264911905325524
2009-06-03,-0.013739209309357014,-0.0059233474485989035,-0.019019540251077216,-0.03544858055427136,0.0012043965112424893
2009-06-04,0.011483656837475431,0.013198812108915714,0.017314683470224246,0.04068352541244824,0.00925898983001594
2009-06-05,-0.002514690344346815,-0.0003243076180816651,-0.01987362388646763,-0.005377054647799362,0.0031163549154935577
2009-06-08,-0.001010554499986438,-0.0037957950949176755,-0.010398252961493437,-0.005114057437611508,-0.034227910646094206
2009-06-09,0.0035031816087351952,0.009623306683568256,0.002416715102939726,0.028198059944253506,0.027325740002546173
2009-06-10,-0.0034803309393902637,-0.003790083924036902,0.0,0.018854444430035366,0.02291824788478891
2009-06-11,0.006111899148335098,0.0050132963945490605,0.00765197881862556,0.018926096165237327,-0.0037698952123945695
2009-06-12,0.0013969957389270427,-0.0019168834863224626,-0.02205348223888348,-0.008805715285651439,-0.011708452612705145
2009-06-15,-0.023768561680042266,-0.02282119799386495,-0.014041007887111268,-0.01971124584812778,-0.021686936436186022
2009-06-16,-0.012720305257724385,-0.011120994019738872,0.005070612847212219,-0.0021240657044035993,0.007537869020405985
2009-06-17,-0.0013815682214813885,0.00661403897580759,0.0040790563844044225,0.007946609179697806,-0.03578066964720927
2009-06-18,0.00841099028199932,-0.0001880954612146768,-0.001496711970837672,0.004786765776831903,-0.024046463585571498
2009-06-19,0.003114197291689047,0.010925364724669206,0.0017130359592478772,-0.02550090548947581,0.01463052094398587
2009-06-22,-0.030600396251826645,-0.033532714780148964,-0.016032492936530862,-0.037670778312292486,-0.018163505165632032
2009-06-23,0.0023067249051313965,-0.000719003902788895,0.0035846718614394035,0.03451363436517285,0.00277433445487274
2009-06-24,0.006524440861084724,0.01553607029908588,0.011040102719278577,-0.008232231548384816,0.010819447919119485
2009-06-25,0.021444277390130884,0.020755031942370383,0.005352746098578498,0.022717419973570907,-0.01190325890853483
2009-06-26,-0.001477827284822486,0.004744324505230768,0.0017037979583540697,-0.015235649205170954,0.03150745530060006
2009-06-29,0.009065138571521025,0.003177034296059311,-0.0003188984682428453,0.03368990859288634,0.003531069663466946
2009-06-30,-0.008530756458643096,-0.004891391410607571,-0.014142969462821564,-0.022380731877626125,-0.022739974997403434
2009-07-01,0.004361930267673175,0.005819999244311536,0.014993015618706584,-0.008298781458289661,0.011605370080903121
2009-07-02,-0.029144546025377416,-0.026656238190418624,-0.010945789365535363,-0.0372239834445105,0.0018314624827464598
2009-07-03,,,,,0.017337894075582394
2009-07-06,,,,,-0.05843923934847717
2009-07-07,-0.019683485382449017,-0.0230670134863995,0.005194791983732516,-0.017486380846492344,0.008749959267895902
2009-07-08,-0.001668537608706111,0.0005726819123186289,-0.021317816594741634,-0.04433498970280281,-0.029330224495622392
2009-07-09,0.003547222617954038,0.0030792680434605924,0.007590785934062039,0.0044895321001641175,0.0005025984645876669
2009-07-10,-0.00402182877421664,0.001985666812241327,-0.004039755550173885,-0.008607853982405711,-0.018880419938989812
2009-07-13,0.024933721734452963,0.021172719725933264,0.010962508075181177,-0.003339468441771798,-0.0074551947460405055
2009-07-14,0.005316063622877065,0.003635948758527574,0.0003252958024266839,-0.002848017638741207,0.034561681868130245
2009-07-15,0.02962991811422233,0.035099734199493415,0.017994553480691122,0.033938179472916774,0.02969793757757433
2009-07-16,0.008641760970416357,0.011879330394970022,-0.004259397406015553,0.007799797450364077,-0.0004960665303531675
2009-07-17,-0.00038266189946167817,0.0008381596208717479,0.0022457883391320266,0.024830714352801486,0.03392501211933152
2009-07-20,0.01143154888894049,0.012021591047982838,0.012057178452610229,0.006607900564360225,0.02909742945734428
2009-07-21,0.003627277227424175,0.0036191002770684655,-0.0020031886284263,0.01156614072774853,-0.007362963483536045
2009-07-22,-0.0005342765996504406,0.005312626015208766,0.006761065475520134,0.010506803033839551,-0.015707904002713047
2009-07-23,0.023289664838582524,0.02451228240712422,0.0015739769150051597,0.026911347020902365,0.028382118354120633
2009-07-24,0.003042161453180592,-0.0038711059702810635,-0.001781049981174676,0.013251925865372716,0.009903245026250396
2009-07-27,0.0029818259512661704,0.000981736021733015,0.0005247691083185568,0.004849290034699472,0.0008208294010831896
2009-07-28,-0.0026064444171982615,0.0038721651415813962,-0.015000511880919443,-0.01681769439420233,-0.0017933441334804234
2009-07-29,-0.004562963930304975,-0.0039230375759622405,-0.012566547170360765,-0.057712400551477194,-0.011086544241708074
2009-07-30,0.011895580470202782,0.00840551641481424,0.008304585963823108,0.056669361543105756,0.01283930327074323
2009-07-31,0.0007397825880415265,-0.002922969654488683,0.020109088995640567,0.03749618188366477,0.014218682742436872
2009-08-03,0.015342107904679603,0.015218592545646947,0.0030407500700302403,0.03066961809083879,0.01616532128545778
2009-08-04,0.003012097699592653,0.0013442496362552347,0.011394548078872635,-0.0022353123500474803,-0.006558539496589577
2009-08-05,-0.002913591845875585,-0.00907866476757535,-0.0034108400960917162,0.007700967038066331,0.002916334225777195
2009-08-06,-0.005624654717235167,-0.00997968649113079,-0.0036299522460994105,-0.00041682338179871437,-0.02314581012623862
2009-08-07,0.013439205629671047,0.013729228927735981,-0.003539111450880039,-0.014039506560388215,-0.022702016717097373
2009-08-10,-0.0033449498734694494,-0.004004504319772506,-0.012848624203292913,-0.004652500065344123,-0.009762574408304636
2009-08-11,-0.012660113503211945,-0.01129884445446594,0.0008465479290673539,-0.01628897380642924,0.007594153674606252
2009-08-12,0.011525139291025832,0.014717748382687468,0.00518082520332519,0.010223279266611263,-0.0030975202911330824
2009-08-13,0.0068800100684554,0.005318406299344103,0.004207426053055352,0.00513102853715286,0.033090297251822776
2009-08-14,-0.008531349698250423,-0.011859534846704989,-0.008065373529461572,-0.04268285096595903,-0.005418066300217128
2009-08-17,-0.02426081898553223,-0.02753941192889442,-0.013410783745545163,-0.011257622754874741,-0.041953670928882025
2009-08-18,0.01014565506778764,0.012989206028965139,0.003639114265744814,0.036554343691479474,0.016180861364243126
2009-08-19,0.006860912404894393,0.006810066868681686,0.005972033180160707,0.04668298328612419,-0.014532688803675309
2009-08-20,0.010948731413161328,0.010146036322557173,-0.0031803244342439863,0.001657038796135879,0.013506769608618185
2009-08-21,0.01862276011451236,0.01592586751466185,0.013719051985038089,0.01861040056634633,0.016919378475212188
2009-08-24,-0.0005457969176273503,-0.0014449225147390443,-0.011435191223744035,0.006496188400305192,0.02517223214018105
2009-08-25,0.0023694665778091206,0.003097156592479333,0.002334725921183667,-0.031195369223390834,0.003564722509042939
2009-08-26,0.0001167267676920325,9.883918532871405e-05,-0.00021176517419929652,-0.008605173078711004,0.0046143774452180875
2009-08-27,0.002781762211750971,0.0016300522469343548,0.001270795533775182,0.014839668963531283,0.0015702484597681643
2009-08-28,-0.001988328383331406,0.0005129080659247442,0.012162876784769905,0.003448751653570614,0.009417239133237887
2009-08-31,-0.008076407685613685,-0.00971522683584114,-0.005538127265380055,-0.03821829613610073,-0.014844632909723265
2009-09-01,-0.02212382394806134,-0.019994446544037037,0.0031522538210784212,-0.027301258686533658,-0.007882713633384886
2009-09-02,-0.003296439120451411,-0.0009244134237227364,0.022939104534291488,0.0,-0.003675397459883989
2009-09-03,0.008534797923473336,0.008200015923806925,0.019660058045272377,-0.001322615183671605,-0.0032116251272396035
2009-09-04,0.013117533499250822,0.017940741731047094,-0.0009037591784882837,0.0008828363655386529,0.018906967671847852
2009-09-07,,,,,0.021899838077654943
2009-09-08,,,,,0.004672917709462876
2009-09-09,0.007782385584753415,0.011100307115166075,-0.002605508124544187,0.002953573684661759,0.0018729514593414098
2009-09-10,0.010422229774562641,0.011468764741200177,0.00010050901468949824,0.00883473432031523,0.0010697205886172068
2009-09-11,-0.0013504263412050799,-0.0014971627711147795,0.009543901714883063,-0.03683627239291909,0.0021060510747019645
2009-09-14,0.0063391150876768165,0.005228568150188462,-0.004975619343740578,-0.006205806025316729,-0.004337817783950926
2009-09-15,0.0031353414238139976,0.005191685133785429,0.005100485509965003,0.030060988621499307,0.017364721187918875
2009-09-16,0.015323527552882465,0.014510335256797458,0.013830870063743728,0.02227550858954941,0.013552421938231252
2009-09-17,-0.003059638741504833,-0.0030002121917068747,-0.006477609640738957,-0.000551660658514308,0.001441977751808654
2009-09-18,0.0026373392706691146,0.0028729786866696916,-0.0030623092199142388,-0.00593349383100239,0.002114569466222571
2009-09-21,-0.0034072961546995906,0.002428631686907101,-0.005449861210338303,-0.03234316770465895,
2009-09-22,0.006574868761175523,0.003863355977770544,0.01046129308787358,0.02639512252834053,
2009-09-23,-0.010068528001755062,-0.006932920195034997,-0.0011832106020388533,-0.03605872426292378,-0.010009560982631727
2009-09-24,-0.00951102950102567,-0.011170869807850758,-0.01530108588351431,-0.044657123046855096,0.0033399951151735774
2009-09-25,-0.006090736629573268,-0.007919010014281636,-0.007318283501723033,0.0019729436124169553,-0.005534810732072848
2009-09-28,0.017809586069224448,0.01904428186980356,0.0023227507216874166,0.012420474651907432,
2009-09-29,-0.0022295764367475934,-0.0031444245673251103,0.0006045094064861534,-0.0019449021624837748,
2009-09-30,-0.003328301020761093,-0.0007627526589447653,0.015003549270325323,0.05846202337584305,0.01539892270638199
2009-10-01,-0.025759622356647194,-0.030597122057203663,-0.008432539682539653,0.0029740699993969777,-0.00010824121944730258
2009-10-02,-0.004505524841904807,-0.004554053082324705,0.0037018631386005474,-0.012284704184284512,
2009-10-05,0.014875001786029074,0.00978453006469504,0.013456937635297761,0.006576222071997595,
2009-10-06,0.013705486324313787,0.017126498410722002,0.02154024108976471,0.006675096816697312,0.004836845636103648
2009-10-07,0.002711606332490124,0.0032135890633284703,0.004525393176074255,-0.01848190758120516,-0.008284581125987844
2009-10-08,0.007469907470196047,0.006444420072763357,0.011597790683062437,0.030472944600857144,0.003309431880860414
2009-10-09,0.005640659492242017,0.007227214715314512,-0.007201037909921326,0.0011158348296269605,-0.011404828764555952
2009-10-12,0.00438636964853667,-6.550648668279813e-05,0.00849389380512422,0.02090009851135921,0.022051646117555945
2009-10-13,-0.0027876120046986808,0.0003506082059439031,0.007097568228031648,0.0120104397861438,
2009-10-14,0.0175458950913443,0.015112968196537402,-0.00028183308736506874,0.013890745220516143,
2009-10-15,0.004157468710554335,0.00048800477080290783,-0.013253102041898113,0.03192340404544636,-0.001826833124818572
2009-10-16,-0.008098056110305896,-0.007587569969026431,0.0008572130900112995,0.012245384452439056,0.0065180625876606335
2009-10-19,0.009405321384581278,0.009050453954624116,0.006281619837222641,0.013752729502644723,
2009-10-20,-0.006239104637617676,-0.005904507265761305,0.0004729026547896087,-0.006531896350636668,
2009-10-21,-0.008853806079326398,-0.005888683645668746,0.005577521338069769,0.028827999927458547,-0.009942436765315477
2009-10-22,0.010643618925255227,0.006769821747022231,-0.005546585141091853,-0.002212121163819747,-0.014811596206958488
2009-10-23,-0.012178549173757158,-0.004997052664621249,-0.0020798573838456402,-0.008498613384132048,0.0016938032445654727
2009-10-26,-0.01171732558366989,-0.0058575302596379775,-0.012788935498512566,-0.022608691861170427,-0.005233068183394973
2009-10-27,-0.0033177910438061398,-0.012026990027833029,-0.00710106955899481,0.011057482755561177,-0.024985356670065073
2009-10-28,-0.019540937765275768,-0.026690725877862254,-0.004638955237579956,-0.02627283327601293,-0.004240058625583076
2009-10-29,0.02251995469034007,0.01842093378233689,0.01602097253020962,0.03111288007480084,-0.01566468078820671
2009-10-30,-0.02806468784310845,-0.025000625613610605,-0.006402975043831138,-0.03593342491408458,-0.008177918550957175
2009-11-02,0.006456406503505763,0.0019998757277641666,0.013176949009900074,0.01467528900542825,
2009-11-03,0.0024260023061419833,0.003962579241160169,0.029333608978460157,0.018814812138481463,
2009-11-04,0.0010426203926459099,-0.0008749483640435596,0.002213319409460235,0.010050289787604694,0.03218736288854873
2009-11-05,0.01923555172748448,0.02422746962079292,0.0018404344252000993,-0.009701477170318329,0.011622230251754795
2009-11-06,0.0025032522365671106,0.0033818482775511693,0.005878593461103421,-0.02750568156065858,0.006421105414982975
2009-11-09,0.022238760067974983,0.019702390762311284,0.005205071106989756,0.02582978163654115,0.021319183528861974
2009-11-10,-6.399009393143196e-05,-0.0013834249685198419,0.0009992510330176785,-0.0047840520201182235,-0.0034092167573455123
2009-11-11,0.005031975874749239,0.00735436322414329,0.010981010361962529,0.0029094967572420583,0.025042504682566635
2009-11-12,-0.010259368991689555,-0.00825136536909754,-0.007181328545781018,-0.029515595029268482,-0.010251959145557876
2009-11-13,0.0057392942592462415,0.008776029590158885,0.009131985159075429,-0.007668364291182228,0.009348589922909545
2009-11-16,0.014467634197192325,0.013824665785849843,0.02015948435818915,0.03339886185619423,0.011822404118052132
2009-11-17,0.0009194063067201608,0.00269806009379292,0.00017571864261145542,0.003041797961066184,0.0008303981721586862
2009-11-18,-0.00046824112515952976,-0.004828130111581452,0.0016683370761223504,0.005559798392717807,-0.0014913930934861153
2009-11-19,-0.013425863902056911,-0.016560650937799792,0.0006137225143809655,-0.026639893161635175,-0.012997842161524664
2009-11-20,-0.00321492323752004,-0.004998112478188821,0.0043805851524900685,-0.00955329037588215,0.01271801870364797
2009-11-23,0.013615775701478094,0.013965243032565855,0.015614117265228877,0.010948857201842133,0.010113827430185962
2009-11-24,-0.0005333072620051782,-0.0031388082289821595,0.0010306202194896308,-0.01985560809699527,-0.0025472466219610412
2009-11-25,0.004504120073066664,0.003167149523785273,0.018361239308504862,0.02551963334746077,0.0034574060428684827
2009-11-26,,,,,-0.02008556906467729
2009-11-27,,,,,-0.012745813582306975
2009-11-30,0.003792993692547375,0.002880677699065526,0.0058763623752293714,0.016173513191077182,0.01840445091566756
2009-12-01,0.012075226499629332,0.014552811487609452,0.015240030795081738,0.01410460642472433,0.01774391504001671
2009-12-02,0.00034269870662884117,0.004237488776517528,0.01075808913077414,-0.02258522662279905,0.00024404529480670512
2009-12-03,-0.008402100871871099,-0.005441635382272603,0.004455465688170346,-0.001827668308580166,0.001649381801102745
2009-12-04,0.0055094336691066115,0.009760165533090559,-0.03992112256555014,-0.012947918854612883,-0.004443029035401724
2009-12-07,-0.0024683814508043023,-0.002160088419545181,-0.004620143898416806,-0.020405470923788527,-0.0082600379412191
2009-12-08,-0.010251582681849114,-0.007590445957097458,-0.01770670032116639,-0.017719431261818075,0.016036078091845374
2009-12-09,0.0036723720907769763,0.004942494113015394,-0.01960100057488834,-0.026852168877513516,-0.006983399984179073
2009-12-10,0.005839705004064388,0.0032651138267536517,0.0047303879349558375,-0.0018394970537171096,0.004430732070373589
2009-12-11,0.003683094011583732,-0.00025106524431273147,-0.005596452901374116,-0.00949813099304675,-0.003379022520762387
2009-12-14,0.006959401066516824,0.009948381041764431,0.0034840310246588846,-0.005152434466866751,-0.002266744145882349
2009-12-15,-0.005546967284989268,-0.004995275231818197,-0.0008012324178223729,0.016975978548571025,-0.014229270784778869
2009-12-16,0.0011282300681465518,0.0026623035148019003,0.011671396383634347,0.02786817304662037,0.001788180198737166
2009-12-17,-0.011810614167124256,-0.012170801868200076,-0.02527516615752967,-0.000137656698683708,-5.946087387342924e-05
2009-12-18,0.005829880031232637,0.014513378991061643,0.0036140222475009587,0.009772870881767926,-0.010720445219913666
2009-12-21,0.010503758317892853,0.01174213899377441,-0.01386390325631448,-0.012131943596560668,-0.007037331090837706
2009-12-22,0.0035635478920368335,0.006707904844876822,-0.008581362246263047,0.026631713435440352,0.0067136452256129076
2009-12-23,0.0022986585608189003,0.007533269982581414,0.0067219602468922,0.03051070694234892,0.03184010688059491
2009-12-24,0.005256172933982839,0.007071627917983658,0.009878282516669223,0.017999281541283052,0.00656995763439383
2009-12-28,0.0011540807210652648,0.0023582099308858684,0.002807694642228631,0.009224773390862584,
2009-12-29,-0.0014010516979849896,-0.0011698306867752306,-0.009212384051389466,0.0012695963917428443,
2009-12-30,0.00019542957110640913,0.0012585767680619586,-0.005013673655423934,0.00519837730996664,-0.003565955590073999
2009-12-31,-0.010049597767921581,-0.009658412184527343,0.0033897857735913917,0.001009104847206066,0.00611276019327045
2010-01-04,0.01604341766668682,0.017306049058587458,0.02054419375742733,0.027091752889911946,0.005989250592625561
2010-01-05,0.0031156756258232665,0.00012564397826908547,0.00035789964349830505,0.003189725187362935,0.008734319277804437
2010-01-06,0.0005455206301101523,-0.003300489526965489,0.015919908073333877,0.01724353332511641,0.0007389117671630085
2010-01-07,0.00400120187417663,-0.00045197668182273,-0.0024650486556414553,-0.006251462384691209,-0.0035404043550939512
2010-01-08,0.0028817272914287706,0.007443261095817277,0.004500905212093231,0.0010887531321497335,-0.003486556842120736
2010-01-11,0.0017467554316374923,-0.0020542342280074344,0.010982253150801924,-0.0027794967605268006,0.0008865822667905032
2010-01-12,-0.009381166148364262,-0.013016659960676247,-0.018944927159865954,-0.02096456371686517,-0.007429420643412454
2010-01-13,0.008325925658531075,0.01121225560639516,0.006643635253611446,-0.014110649544866294,0.0045198628531673
2010-01-14,0.0024264254383745687,0.0038303601822797795,0.005455782329001346,-0.0032643079880668724,0.004957958341768487
2010-01-15,-0.010823130159869354,-0.012409679170380938,-0.01093996172509093,-0.01750849477685823,-0.0014638504865499558
2010-01-18,,,,,0.004312459826638859
2010-01-19,,,,,-0.009327316303142097
2010-01-20,-0.010597829662970737,-0.012562447668743149,-0.02404132975137585,-0.017716957174880088,-0.0007558307780011209
2010-01-21,-0.01894490338978838,-0.011151139695853796,-0.008630852499165398,-0.01984025845187387,-0.024426965968527115
2010-01-22,-0.022140988764300484,-0.026662803288727388,-0.012242677607497088,-0.02024186223006552,-0.011415035571881393
2010-01-25,0.004598098012701168,0.0024985419913143847,0.005508630434241768,0.009659259617115667,-0.005579844649771681
2010-01-26,-0.004203199573680982,-0.0031979682482469185,0.0024653701265220374,-0.007308039279114498,
2010-01-27,0.004880152210944955,0.008022730460319094,-0.012296201566444842,-0.013920504996278282,
2010-01-28,-0.011817740959567224,-0.019091439125300425,-0.0007377801642500792,-0.00040720483293732457,0.0029156419729696736
2010-01-29,-0.009829173828039273,-0.014524966656149663,-0.000553687337998543,-0.010184682322328054,0.0030406912912834816
2010-02-01,0.014266108894671836,0.011106644203782157,0.019667635113688853,0.021127739448795424,0.0036153647199692607
2010-02-02,0.01297294837718499,0.008686490349124831,0.011862695831480918,0.037619280401415045,-0.014204970688377228
2010-02-03,-0.00547431142933863,0.0003880503241406874,-0.005369607901294149,-0.003237083893996129,0.02106581601680957
2010-02-04,-0.031140677888039425,-0.02988711681244205,-0.04408853601189466,-0.04988313587725102,-0.017539057004410386
2010-02-05,0.002897118921960873,0.007382123171081778,-0.00960097233413848,-0.0266611562006408,-0.026148821603992345
2010-02-08,-0.00886329049344714,-0.007038403982290609,0.012830261002164667,0.009832798486252736,0.008847869806840825
2010-02-09,0.013040132316577413,0.011674263441284305,0.010321854653276619,0.025872870025637873,0.006774640925465425
2010-02-10,-0.0022325735201887964,-0.001394784360072343,-0.0008357967721374093,0.010440632448358134,-0.0073966819512341075
2010-02-11,0.009680437561949251,0.013753063877324001,0.01710345929412549,0.010198633527463752,0.014640944144494794
2010-02-12,-0.002744592819371894,0.002810732675305516,-0.0042953311840686625,-0.015276322323681701,
2010-02-16,,,,,0.011203740667701467
2010-02-17,0.0042379594555796984,0.005464796596702515,0.00017863947391427715,0.0041553004278345185,0.011996087113216314
2010-02-18,0.006584742448973557,0.006926286155191752,-0.0013398838767306742,0.022371598171155416,-0.005341880341880323
2010-02-19,0.002186622042297248,0.0009636198650322392,0.002951743137857843,0.009486466268154858,-0.008766834976471793
2010-02-22,-0.0010458578339902491,-0.0008200509809058731,-0.007758916314397735,0.00438549197121163,0.0023736300505272645
2010-02-23,-0.012102809596931441,-0.012751875540039537,-0.008898098715891867,-0.016217602200189418,0.002810703940827164
2010-02-24,0.00972045942422195,0.010147083965255765,-0.005622518768851004,0.014455990119518258,-0.0023510451618440342
2010-02-25,-0.002081040179913507,-0.0007513447443975307,0.010305562086753373,-0.02287502288818355,0.00023667359334722526
2010-02-26,0.0014053791778985136,0.001808254834114953,0.009478244752838982,0.019061091570499622,0.012870992270692883
2010-03-01,0.01015850827289455,0.015775673263915158,-0.00044710719678853206,-0.012051301402636216,
2010-03-02,0.0023304422719907514,0.0031756094978567795,0.017087112857045783,0.012452393836534847,
2010-03-03,0.00042920160206150193,-4.827600085466344e-05,0.005101527516284232,0.014934769538761605,0.014171835291259649
2010-03-04,0.0037361180334851696,0.005099412149761395,-0.008838694335796204,-0.008161291451634911,-0.001542834752772615
2010-03-05,0.014007480947064943,0.014849666141317108,0.0019424980483946364,0.016082794293125424,0.0016633424167118438
2010-03-08,-0.00017559601339156572,0.002518908605868786,-0.009869644660090993,0.00453991100100648,0.0069369000594723396
2010-03-09,0.0017127370855292146,0.0036317359264343985,-0.001423972606534707,-0.004641564310053248,-0.0043911007025760895
2010-03-10,0.00452455995494172,0.007805432637021825,-0.012655927960672941,0.007362848077676176,0.002891306478486788
2010-03-11,0.004041519314613495,0.004031458895895845,0.00018049391863317332,0.00024368709164757085,0.0033520454129001287
2010-03-12,-0.00021734594703937127,-0.00033779284485280225,-0.005866425992779756,-0.01059557593612237,0.0007013086306808525
2010-03-15,0.000452194832708086,-0.0023018302349933073,0.0032682483757944247,-0.017725195099419278,-0.0015768148055771425
2010-03-16,0.0077791163013856135,0.0066886725098112,0.015473691035845727,0.02380944641383098,0.01349221014839408
2010-03-17,0.005821675803744153,0.004659390868624769,0.0016040357391258198,0.015055121210259204,0.006502338172121647
2010-03-18,-0.0003258460273372066,0.0009166424562012665,0.0030249327527247516,-0.008802645053023528,0.002675892173267469
2010-03-19,-0.005086446449439896,-0.007054848023157034,-0.017739932204094533,-0.018491444032820104,0.003221544950981592
2010-03-22,0.005095296193887933,0.00884008701586314,-0.007314407989311045,0.007064944133219786,-0.010944670424988812
2010-03-23,0.007170966908320198,0.00828257856703285,0.0038205685302681314,0.008123121995192273,0.003861447902253623
2010-03-24,-0.005493304207041971,-0.006823330408317174,-0.013502514194891235,-0.015871114560322974,
2010-03-25,-0.001704167338318907,-0.0005628314840807613,0.0037662830037550332,-0.0009924554081247594,
2010-03-26,0.000737722599547963,-0.0009510385709838864,0.010524389598138839,-0.006581383178080102,0.004106170264094544
2010-03-29,0.005683234964352302,0.0038537470037058874,0.00552445021372816,0.027124977111816495,0.003947386909551209
2010-03-30,4.265937281555665e-05,0.0026326480650031847,-0.005223857131454457,0.002434034101175264,-0.007618526188701069
2010-03-31,-0.00327287474868454,-0.0052806378166261325,0.007967450274445342,0.01687506790457305,-0.0025368596681716316
2010-04-01,0.0074138011482498545,0.0019266865430453972,0.010599053480895071,0.013252155946058997,0.007887047603118758
2010-04-05,0.00792799084446738,0.011217087587318542,0.0069327606411713205,0.020619770747803745,0.014724487731547109
2010-04-06,0.0016842957106795176,0.0029964763592496,0.001941875827050854,0.0025397550719574724,-0.00044704239389881106
2010-04-07,-0.005876707172041695,-0.002318665118952956,0.01515291481995562,-0.011054803373520938,0.0016119832917909083
2010-04-08,0.003374341747336196,0.002324053821483485,-8.686770112675823e-05,-0.005705611078719808,-0.013061261348508935
2010-04-09,0.00668390656297202,0.0070748190543517,0.007724374927295052,-0.00550417173044393,0.010802213722005627
2010-04-12,0.0017666094762833762,0.001556638325774573,0.00043062613944822026,-0.006829979316542056,-0.0041124268545716935
2010-04-13,0.0006854008197059169,0.0033036216967259335,-0.0075756946821332605,-0.0034383839070968314,-0.0031368802343442193
2010-04-14,0.011150066851666862,0.015762479710554667,0.005378166992773492,0.02129676646210865,
2010-04-15,0.0008425387276917995,0.004323528468630267,0.0006039268092106198,-0.0038442942187603135,
2010-04-16,-0.016126534744455467,-0.01368607914430775,-0.020177548787601807,-0.026546652037787055,-0.0020858616118595297
2010-04-19,0.004521331252766547,-0.00046343484327493467,-0.0009681401117465072,-0.021504096125240846,-0.01120172428430466
2010-04-20,0.008058340784849571,0.00814477998836649,0.002995088583779948,0.024554942602034835,0.0050830082363124696
2010-04-21,-0.0010189969053922,0.0017198062349688126,0.008431385729652074,0.002756181729715923,0.0028297364125271507
2010-04-22,0.002263879356942944,0.005773338091486169,-0.005138392784051593,0.00023896561894698465,0.004661708663224351
2010-04-23,0.0071235200993795544,0.004398382610925511,0.009454544599636572,0.016965422343061087,0.006594741164656526
2010-04-26,-0.004296448099761374,-0.002845661897425744,0.0003469121693973065,-0.010808338447531152,0.003459606213758848
2010-04-27,-0.023381945257149872,-0.02040467764524556,0.007108756976051067,-0.020902548344720384,-0.0026491741846016437
2010-04-28,0.006462752419523099,0.00010520450125106606,0.008263835809380726,0.009461411404630304,-0.017500711263329638
2010-04-29,0.012943228020842135,0.016259842994107432,-0.0024759022395363095,0.023431830324908365,0.0074202045043076925
2010-04-30,-0.016647680109796337,-0.020195699722339477,0.010013651940603552,0.011506438628654525,0.0045392876296908025
2010-05-03,0.013120586781854904,0.015256867499901405,0.0022031824758292906,0.0004643170611591252,-0.010467980295566504
2010-05-04,-0.02383846584506677,-0.02981102096476551,-0.011921853528417348,-0.040027897434880555,-0.014216648317457281
2010-05-05,-0.006586554728659322,-0.009058455579045055,0.0051343489006934195,-0.033478326257962654,-0.004583878344420755
2010-05-06,-0.032353496411350324,-0.03440473262613597,0.018985228411060318,-0.03576341836557517,-0.006643994094778005
2010-05-07,-0.015308264998017185,-0.02327947547926612,0.01094492047683815,-0.025936972949932913,-0.014300223257853517
2010-05-10,0.04397412445198401,0.04812328281031775,-0.00793386412060948,0.022500365166730374,0.034983768555816974
2010-05-11,-0.003397292018489928,0.0002695687147309389,0.016244584807900475,-0.005598962084493508,-0.011061728710769603
2010-05-12,0.013739523915341278,0.020927777726386543,0.018689996148466115,-0.00942780142475963,0.003991316528874078
2010-05-13,-0.012145144968583543,-0.012643158350215011,-0.011185244137687733,-0.016523462984629145,0.004314816871684002
2010-05-14,-0.018800014512092122,-0.019842466310041162,-0.0011393427396081401,-0.037500011536382605,-0.01648996967581895
2010-05-17,0.0011093685155389998,0.0031445906237770327,0.0002443594197871768,-0.021365713814499032,-0.0065966619527338954
2010-05-18,-0.014195906037184347,-0.015703636012554645,-0.010914639469488785,-0.009560475905244892,0.001245141819076645
2010-05-19,-0.005130263873571406,-0.00815182262608316,-0.017870437593352162,0.006627273594624006,-0.028927063147710874
2010-05-20,-0.03897590341661106,-0.04105522723091393,-0.004024758390133498,-0.02662087501409971,0.005681338279617032
2010-05-21,0.015024380686144978,0.011356586034532823,-0.010186981948845597,0.029848532797140503,-0.003324883779570742
2010-05-24,-0.012908014000787449,-0.006949175413147768,0.015395167481472516,0.002427158291307574,0.0025958028496895214
2010-05-25,0.00035393738571354305,-0.0011746279049016373,0.0033506448621161145,-0.020794745812716342,-0.027751128124750002
2010-05-26,-0.0056609945338124135,-0.006816105607179157,0.012940390188800333,0.04014548561789777,0.02301969154704331
2010-05-27,0.032876173067238,0.037251604456321585,-0.0011538979293825857,0.04251154838082627,0.01742794912239165
2010-05-28,-0.01237468831159061,-0.009061805520347188,0.00024748473617486333,-0.007780037656765937,0.012682078270025654
2010-05-31,,,,,0.003898116225311332
2010-06-01,,,,,-0.02282594692275186
2010-06-02,0.025842707133391096,0.02643171273816103,-0.003429190949335803,0.00385779515339002,0.009989517603451015
2010-06-03,0.004051376711240895,0.009627043571394767,-0.010076951502401954,0.024018665733463784,0.018058288709870807
2010-06-04,-0.034411425771964765,-0.03641294570851861,0.0065380303107756,-0.04154936937088016,0.004891889247627512
2010-06-07,-0.01353207320412908,-0.020399528258296162,0.018993667639923606,-0.0009788797753196299,-0.01976438516210688
2010-06-08,0.010976067492112662,-0.001531732892018134,0.003792423938270062,0.007698703857329514,-0.009316627402413569
2010-06-09,-0.005941674758709992,-0.005399489688892478,-0.012459807073954998,0.033199047931230075,0.0026467700212100542
2010-06-10,0.029506792849203878,0.027727660825657363,-0.006267766521672824,0.014789004357822488,0.01565911965825495
2010-06-11,0.004379678623643857,0.011218292231505833,0.0066349731831292225,-0.02252258216785774,0.008023864690351656
2010-06-14,-0.0018046635646612463,0.0001603954651392403,-0.004556900866372393,0.018162157623417663,0.015304696135574059
2010-06-15,0.023494191121040897,0.02759404042536051,0.008092783412568139,0.024227897075083993,0.004742463285200671
2010-06-16,-0.0005559347650669899,2.1704872182670698e-05,-0.003162424990403201,0.009487856828377383,0.002106331401438677
2010-06-17,0.0012830081640498037,0.0005333988912121779,0.01480513336774436,-0.011329950742419603,0.00792991090326356
2010-06-18,0.0013171307943036226,0.001144323245602985,0.0077755119614228985,0.005078778291427,-0.0023223408766521736
2010-06-21,-0.003856841152281021,-0.00896612715373657,-0.013919822366909695,0.008292295764677826,0.017234770901867202
2010-06-22,-0.016070691127224812,-0.011921784645726907,0.00016138844080648695,-0.007838609775683847,-0.006864924689594432
2010-06-23,-0.0029854738442266493,-0.0033469220072291916,-0.004677835885087522,-0.011138461605350702,0.0012414249651966358
2010-06-24,-0.01680350261882635,-0.016329327048563047,0.009237520978517155,0.0020956603183641676,-0.00047900298399961017
2010-06-25,0.002859362131449217,0.002732932330032245,0.008269810379867515,0.030714918422519277,-0.009688811792387453
2010-06-28,-0.00203393834902843,-0.001272814754285978,-0.014015047755949639,-0.0077352346643463354,0.012231844013917526
2010-06-29,-0.03101701864061035,-0.038488719276693284,0.0030690106428516994,-0.0295207355730831,-0.014502690101481197
2010-06-30,-0.0101129704925228,-0.012148831591124232,0.0028180354267310914,-0.004082238320014198,0.010720793490140546
2010-07-01,-0.0032404516759250157,-0.003735887262228732,-0.03147326469038536,-0.03543567899646671,-0.01150119485294121
2010-07-02,-0.004662369010297374,-0.004554225772904985,0.0009118590246315339,-0.011103462542547349,-0.002723046226420056
2010-07-05,,,,,-0.0002291717343797517
2010-07-06,,,,,0.010151053942027977
2010-07-07,0.03133081639370272,0.03132466596055372,0.0031803871798796735,0.029035791058896976,-0.009065845246674309
2010-07-08,0.00941267817151159,0.007376778495066683,-0.0023359976763254187,0.0184960544380528,0.010637079804091343
2010-07-09,0.007203887818266752,0.009676404235122948,0.011540329649038172,0.008616037585486902,0.010496822947821727
2010-07-12,0.0007329020475055348,0.0008696561690288984,-0.009176567303219918,-0.014982250552176057,0.00570762988402107
2010-07-13,0.015378879091830777,0.019864771803111747,0.012348810035982538,0.029352964205668464,0.0032788226534925524
2010-07-14,-0.0001551316306374062,0.0034834763547744174,-0.005357289819841404,-0.0014258017910040444,-0.002684862055899462
2010-07-15,0.0011961033180916125,-0.00033780612662903664,0.0010771683006434163,-0.005451689563267692,-0.001373876048368028
2010-07-16,-0.028819473359129044,-0.031137188034343954,-0.016637675682584896,-0.007961375469655363,0.0028166213978619847
2010-07-19,0.005981890060832162,0.008801969303522839,-0.005303071404145654,0.006972750485481738,-0.001381135572800063
2010-07-20,0.011416551196032687,0.011036156353600335,0.008293178668922208,0.011758577411988602,-0.0034252976716568906
2010-07-21,-0.012819816608358736,-0.01582005420220911,8.390733188212707e-05,-0.011363699058226984,0.0058401821267231036
2010-07-22,0.022513373250030444,0.02677228052536229,0.0032729309281369634,0.03578899661101809,0.007889856535648887
2010-07-23,0.008220020548377116,0.010499213787338313,-0.006524507593580142,-0.004035304949677743,0.0013138492796036516
2010-07-26,0.011200166146517754,0.011879408533943758,-0.003957187307482513,0.0,-0.0055972544921900624
2010-07-27,-0.0010493573466290318,-0.003562020999604787,-0.021132713440405793,-0.01873896295300248,0.002214594135705017
2010-07-28,-0.006921964711350426,-0.01035286415656067,0.0020725599430591046,-0.006580672725554404,-0.006085937534419772
2010-07-29,-0.004158621107493432,-0.005683274832415819,0.0068941742775638915,0.01779455493694382,0.0021028240714691115
2010-07-30,6.349921218862242e-05,0.0013367780839954602,0.01138302505983102,0.007529304916987112,-0.007635527636516981
2010-08-02,0.022022522061804883,0.018033510946264375,0.0014386674388042753,0.030272317695151596,0.011932670750838481
2010-08-03,-0.004796355216742376,-0.005158270309020829,0.001520979145410939,0.014875913060541146,0.0014544203852941973
2010-08-04,0.006051112519185553,0.008780325399661226,0.00717178564814791,-0.0009691317758586671,0.0052026902932964525
2010-08-05,-0.001268524584838171,-0.0045624875535521525,0.002932060101505485,-0.005577774677626435,-0.0037949101803090857
2010-08-06,-0.003704038628435491,-0.002001730339954544,0.005178811806765049,-0.01597372459291213,-0.0014411517166037502
2010-08-09,0.005483064382283187,0.0075246653543958875,-0.0022437038286601263,0.009665507288577402,0.008622494340901676
2010-08-10,-0.0059674054882985494,-0.012369407967254942,-0.0037478139277077327,-0.015095769590796504,-0.004638901139098928
2010-08-11,-0.028178764954173263,-0.030098781124802798,0.0010868156505534632,-0.027788203824717694,-0.007343398506050924
2010-08-12,-0.0053787488495717906,-0.008312784058626566,0.01444680486691019,-0.029223261694404257,-0.0007655798747345788
2010-08-13,-0.004023574358396065,-0.007665739343906686,8.22979765551235e-05,-0.004621052072784848,0.006581783466707014
2010-08-16,0.00012045854325926086,0.0038602318834979332,0.007901864674475956,-0.0019896740561521353,-0.0061994997089800385
2010-08-17,0.012192216013040102,0.012635868653028792,0.0017149657704675914,0.007044109441051605,-0.0007659048951407232
2010-08-18,0.0014827787168125717,0.002833301620156492,0.0025272914133693813,-0.004619222510591436,0.012005578192776367
2010-08-19,-0.016935392189468268,-0.016586180805105433,0.0033342260868942653,-0.01312646364100778,0.011142292884273042
2010-08-20,-0.0036630286052607985,0.00037176558062479437,-0.0053494062206586035,-0.013032395764153604,-0.001723817304802533
2010-08-23,-0.004040306703826824,-0.009235019847570025,-0.00024439925826769127,-0.004900634560825345,0.0023234335716684207
2010-08-24,-0.014512432962598854,-0.016609268714211978,0.003993825345632862,-0.020109456243334045,-0.006927014042346857
2010-08-25,0.0032893427453595248,0.008371957855462853,0.0062509748876860005,0.012424953563794361,-0.0077655263740255
2010-08-26,-0.007684786454732473,-0.010669937166457588,-0.00330776570063529,0.011583066825272326,0.0028467242870742204
2010-08-27,0.01658676839931239,0.01649129526855586,0.0004856528849608299,0.024672812752653428,-0.012632524921027177
2010-08-30,-0.01471920868888299,-0.015629385707360943,0.0008899478850628029,-0.006252510737685402,0.0012479893054249125
2010-08-31,0.000390794428747121,-0.0028018988421236735,0.009053490795586372,-0.037215513960771274,-0.0024098260528822024
2010-09-01,0.029504621333996228,0.02971105316542766,-0.0016021789007198972,0.027669710008743298,0.012855433986360465
2010-09-02,0.009080835857702363,0.010643832775723894,0.004172310814530178,0.015018169746432886,0.0026133399914638478
2010-09-03,0.013219002387319545,0.015336289418960147,-0.001837833662105437,-0.005598482907745228,-0.0012303710471193163
2010-09-06,,,,,0.01780309791351864
2010-09-07,,,,,0.004850286220995148
2010-09-08,0.006438699367075529,0.009045369204010001,-0.0013521619153455955,0.007828342012726752,0.0006870267052552226
2010-09-09,0.0048322900955937165,0.003288587310607438,-0.00533605551302152,-0.005624724511108736,0.0057418986724890875
2010-09-10,0.004863332840635781,0.002808348731777821,-0.003523119807870012,0.029629588528514272,
2010-09-13,0.011130616053760978,0.01927775536248655,0.0004821017163016972,0.00967960134341217,
2010-09-14,-0.0007131195389205036,0.0017762789956450309,0.019757429980159502,-0.005052459869326786,0.006171841091579866
2010-09-15,0.00354113887216001,0.005044196023882508,-0.002362762948231345,-0.010156333042926291,0.011284587800816315
2010-09-16,-0.00036434366656679096,0.0008386193937817144,0.004105213107000294,-0.019073888611838563,-0.005502520739008032
2010-09-17,0.0008268557718451586,0.00536637682486707,0.002908995283319893,-0.012203245761552628,0.009650522091569691
2010-09-20,0.015209797205957498,0.017369059918253882,0.002665431545262331,0.016291024824635736,0.01622783487208923
2010-09-21,-0.002564020390809607,-0.0027506145408872085,-0.005160262381499248,-0.017900132999729923,0.004782183354259173
2010-09-22,-0.004825492514895946,-0.0062996353088838886,0.013989253706600202,0.01618610576362811,-0.0030037701923222304
2010-09-23,-0.008331340584428193,-0.0031997475088935134,0.0031778777022319904,0.00629100825140827,-0.005249573579118705
2010-09-24,0.021194392772258208,0.023265160957308906,0.0013134135113523904,0.017424814488908202,0.00985812719507595
2010-09-27,-0.005667432349210744,-0.0048084390828009305,0.0005400857807678072,0.0003921921837455322,0.00288289022137711
2010-09-28,0.004850385958537151,0.00414389087482725,0.007634784288466756,-0.004443235138607782,-0.0010189296004995407
2010-09-29,-0.0025877588476783675,-0.0012733408633253118,0.0014541745366329906,0.02205303620957899,-0.0063355494340326945
2010-09-30,-0.003083722237648967,-0.0033409386720688605,-0.0005349263827856277,0.027099930565259056,0.006451086055610178
2010-10-01,0.004416438203773465,0.0008992082761793974,0.006346479926537585,0.020132557031082854,0.018814368834993322
2010-10-04,-0.008034932488803492,-0.01106400104133709,-0.0005318373868697934,-0.0013483771498236097,0.0026126075501982093
2010-10-05,0.02086134059079603,0.023591207638657075,0.017865287793702,0.01657049777701536,-0.002216170306140075
2010-10-06,-0.0006720045633211713,-0.007988134739357333,0.005601613162478092,0.004950539285440314,0.006614336932028841
2010-10-07,-0.0016465185803191673,0.0012643594115708812,-0.00928401646861221,-0.01874330319678308,-0.01069278641815019
2010-10-08,0.00612227817348443,0.007652062085856004,0.007721663220102926,0.012122021738216526,-0.0027530692797262946
2010-10-11,0.00014583690635494584,0.0001749299644864255,0.006769898814768194,-0.005444042556254969,0.005308456906657932
2010-10-12,0.003818756605307172,0.006489467826239714,-0.005615973828443477,-0.006568555182350555,-0.007325830096414854
2010-10-13,0.007121020299379444,0.009640542014176301,0.017685999622277793,0.01640754251656995,0.023477647357982967
2010-10-14,-0.0036413861990395313,-0.002396373018131892,0.005257357555220832,-0.0038549534584887413,-0.009071336654962847
2010-10-15,0.002027485447987365,0.01371044285714862,-0.004067680529203699,-0.017414468483377132,-0.018567863808790497
2010-10-18,0.007243744595420987,0.004816119964217158,7.291633558281774e-05,0.022523099459134555,0.0021938085132719998
2010-10-19,-0.015877250249970554,-0.01762029560123468,-0.02632728768337922,-0.043211409342353235,-0.008007042365576478
2010-10-20,0.01052407519882892,0.008387509721494713,0.006141917004072184,0.02868283860322096,-0.007499163555145794
2010-10-21,0.0017739084702186325,0.0009278256184586109,-0.013846569627148031,-0.014797592444016017,0.01995952932825884
2010-10-22,0.0023892585241640507,0.008017324002601356,-0.0002264110884484527,0.014026873349773927,-0.0058100787203966275
2010-10-25,0.002146971596890701,0.004622187543972034,0.010495336875437022,0.010160291061999782,0.006552864100997535
2010-10-26,1.688528477283846e-05,0.002585439168864223,-0.00022420146243562478,0.0003636259078050319,-0.003897901249436453
2010-10-27,-0.002690583513671685,0.002390579632218559,-0.011808706149570303,-0.007389468053309423,-0.011402515234503419
2010-10-28,0.0011248494058304637,0.0016419019222297937,0.015050692141097777,0.002928946260907672,-0.004149535967747697
2010-10-29,-0.0004392872986367369,1.5871179767978916e-05,0.011176514621014988,-0.009126308070271039,0.005010270892234381
2010-11-01,0.0009465333975153811,-0.0010248919438099469,-0.005084389166747583,0.0186662978922989,0.016592652696918675
2010-11-02,0.007759284493458862,0.011449805430404414,0.004591966720785434,0.011452737945602198,0.000237054925386726
2010-11-03,0.003678053944041082,0.002664277348496613,-0.014228876792052758,0.009415982135395629,0.006782153946723213
2010-11-04,0.01928286287479275,0.014592963769345824,0.034103639532230945,0.021253930457832082,0.019689928526499534
2010-11-05,0.00392275298702649,0.0006362732593303555,0.010559122131938992,0.004162338065016424,
2010-11-08,-0.0021209574072836856,0.00041491921902414575,0.003936162461750881,0.0024179515044577826,
2010-11-09,-0.008052299681943542,-0.0066161772199451185,0.004990019786389244,-0.003905310675684337,0.0045191622285836175
2010-11-10,0.004376080778473401,0.006164718003468517,-0.007589780728892603,0.012569145785833014,-0.004102103478698438
2010-11-11,-0.004242126544221403,-0.009019772722517527,0.0028589808232430958,0.0,-0.012978662583871925
2010-11-12,-0.011808492232419865,-0.014599791161328368,-0.02686904128562284,-0.03336750241019715,-0.019792565307543253
2010-11-15,-0.0012174356326716262,-0.0017432591587759338,0.0021971583025914843,-0.00023558722565342194,0.008226791089060992
2010-11-16,-0.016205413633636034,-0.017495277813361243,-0.021996474019960743,-0.029696019966249376,-0.021709994155716394
2010-11-17,0.00021216287934855416,0.002498105810675888,-0.0011208248862528691,-0.02307498155194898,
2010-11-18,0.015357313493959523,0.015504740460140054,0.012043667712348771,0.017528542888122223,
2010-11-19,0.002540373205550228,0.0014795637083353519,-0.0005174611793585804,-0.004153895470115687,-0.018086951312363708
2010-11-22,-0.0015753666901773267,0.005519952066176614,0.004067445791011481,0.002821687173491405,0.020321579424062985
2010-11-23,-0.014284032792181156,-0.014640511557344582,0.01458352326744583,-0.005994591100750624,-0.012520798668885225
2010-11-24,0.014922967493543604,0.01930706705880003,-0.0033393652166515686,0.03212308443509615,-0.01162643750789838
2010-11-25,,,,,-0.011251758087201136
2010-11-26,,,,,-0.008241700881503555
2010-11-29,-0.001378858764733426,-0.0036850923531901447,0.002715959068677831,0.02351959372564294,0.01356927686041276
2010-11-30,-0.006070216944686235,-0.01068817392049215,0.013909224011713128,-0.0188965669327833,0.005608952883790819
2010-12-01,0.02161695515261708,0.020494490728298898,0.00166068507445849,0.03138746130651593,0.016749911092121872
2010-12-02,0.012818562518186694,0.011736022098230547,0.0008649543210847987,0.014409221902017322,0.00852225231106063
2010-12-03,0.0026032365675492386,0.004694928110865471,0.012171425577286676,0.013522755015980215,-0.0031439343298818034
2010-12-06,-0.001298238661417761,0.0013351396470151489,0.007044275111771192,0.002130225437952493,-9.174421062252414e-05
2010-12-07,0.0005150801927265025,0.0013757913411043265,-0.004945947684942165,-0.00771979003372969,-0.0026200834932621486
2010-12-08,0.003701760406026544,0.004106200876316413,-0.01831999427223885,-0.0046228847764464565,-0.012189241578454357
2010-12-09,0.0038427480627742927,0.0028783248319776966,0.0069439244744575745,0.0010195284156060413,-0.023239695576248276
2010-12-10,0.006001641860553519,0.007975831041213466,-0.005602993243735588,-0.006563333857960263,0.015754807535983684
2010-12-13,4.832031784740565e-05,-0.0047886010320489225,0.009391027625120119,0.00934046800629651,0.008587467685707617
2010-12-14,0.00091095635360805,0.0010705352518143307,0.0045086427665239626,-0.0037242052678209125,0.0061699992238941626
2010-12-15,-0.005122452280258649,-0.003995859572963001,-0.012895394628645196,0.0038514269595220085,-0.00871457278944121
2010-12-16,0.006185094896691501,0.007676117451154818,-0.010898574944740114,-0.010381468853828624,0.009580333177818368
2010-12-17,0.0008368043854836138,0.0021460927928940166,0.005983618670308388,0.003648799383802359,
2010-12-20,0.0025483530061645165,0.002493440320425533,0.005005095412924154,0.008975243645269693,
2010-12-21,0.006030102155631267,0.00681247015691544,0.0019487197198664319,0.011372617543020436,0.009012888645056005
2010-12-22,0.0033795554893063517,0.0014506891528518473,-0.0010084299041850375,0.007348070188731182,-0.002708040006408785
2010-12-23,-0.0016443283858672553,-0.002200983295958747,-0.004903409712071483,0.011383717297551943,-0.000735228663784171
2010-12-24,,,,,0.005284297266931359
2010-12-27,,,,,-0.0022456583572921796
2010-12-28,0.0007713239125555216,-0.0016459288660701787,0.01649300228237216,0.005384591909555203,-0.00035012714393856115
2010-12-29,0.0010091453555356455,0.0015209280952799276,0.005621993088936739,-0.004044104555980033,0.010732171056746065
2010-12-30,-0.0015082191889665975,-0.0014810854702301812,-0.005307480100188999,-0.014047479917788208,0.0068477892087537295
2010-12-31,-0.0001907894500615681,-0.0037964473467315685,0.011027319485786613,0.017141595929449416,0.005350820131797551
2011-01-03,0.011314828013585299,0.01456908956580416,0.0010555203896767118,0.0018604268269823976,0.0037656039866738045
2011-01-04,-0.0013130618315739806,-0.003815695018697496,-0.030999561607453097,-0.023702957138221126,-0.001827010494605208
2011-01-05,0.0050071702616640845,0.007813501602564,-0.003699655847615113,0.01029319564344311,-0.010827611820245497
2011-01-06,-0.002122957701494954,0.0028458076919566366,-0.001456239962463468,-0.021262521965135783,-0.0051892834798894505
2011-01-07,-0.001844782063018524,-0.0024797947405648113,-0.002114645152716532,-0.003960154842701735,-0.02375065553569211
2011-01-10,-0.001376327172630698,0.0017128508702528578,0.003799745101844998,0.013858925793715393,-0.024006706238457354
2011-01-11,0.0037251273626697223,0.0033348213066113352,0.007498033918788671,0.020840342973126758,-0.0015183459315658565
2011-01-12,0.00900758006769764,0.007545558393607044,0.0012282884189849241,0.008231807649826672,0.01896906562126177
2011-01-13,-0.001710746243041017,-0.0007452660089488639,0.0008660411954064529,-0.005007610291925202,-0.018991190492687493
2011-01-14,0.007384542591010179,0.007315498349302452,-0.01910736140566127,0.0015317219618293798,-0.016924859491484257
2011-01-17,,,,,3.540428847825794e-05
2011-01-18,,,,,0.012255149155577127
2011-01-19,-0.010115654884377157,-0.014639256939009693,0.001534957695645156,-0.005690486525451788,-0.00576514899869951
2011-01-20,-0.0012949592195925508,-0.0077311135148693255,-0.01729670998134647,-0.022011886270801306,0.003610984558916286
2011-01-21,0.0024135455272700224,-0.0054542966127676396,-0.004084663943557332,0.002813414340342435,-0.002643759611679841
2011-01-24,0.00583628034196626,0.01041442378949986,0.0026099925428784143,-0.01391536141034977,0.008206793645220811
2011-01-25,0.0002634624737614111,0.0006255454881531897,-0.009073968889456996,-0.019119156170063212,-0.009724476151351635
2011-01-26,0.00422090718967616,0.007446906316079804,0.0005253705218211113,0.013226584955992271,
2011-01-27,0.0022443057531671418,0.005760185908696869,-0.01095271986942048,-0.019351911210029105,
2011-01-28,-0.017852526697772375,-0.024821483112989595,0.01691438588050942,0.04320407490205347,-0.0164427146218471
2011-01-31,0.007662558220206783,0.004909090463032895,-0.005146492574806927,0.0319006740579737,-0.0011338588591980336
2011-02-01,0.01669359840810869,0.018929017585560537,0.004348422961079068,-0.015403034610421584,-0.016109938176226635
2011-02-02,-0.00272251746839014,-0.0005924283118260432,-0.006046562954283852,0.0009915607647212887,0.0027320025389325764
2011-02-03,0.0023541990752451447,0.0015710965124213772,0.015621516205876818,-0.003521898444580951,0.017442930780559696
2011-02-04,0.002884262567260709,0.0055994330442170615,-0.0029579234308734215,-0.016677734934410715,-0.02370289953408422
2011-02-07,0.006240171597036381,0.005304568355626982,-0.0005192265941070806,-0.017409810666241587,4.633276189602853e-05
2011-02-08,0.004184752099316791,0.004691129867406829,0.011724583789232579,-0.00617284973485932,-0.015465195573109658
2011-02-09,-0.0027857656113878804,-0.0028529988128361827,0.0010268625414351362,-0.0026455411832845277,-0.011105778236270236
2011-02-10,0.0007494929370688297,0.0004947465566225162,-0.0021248712707422346,0.0002307031792430081,-0.005282142747602747
2011-02-11,0.005507371620330659,0.006805350594587756,-0.0014685365769491199,-0.013259558184797071,0.016112403547677623
2011-02-14,0.002384924061824778,0.0027549940186657462,0.0034561005129034594,-0.008997479036995326,0.027495291902071672
2011-02-15,-0.003234911055292722,-0.004554140770448911,0.006595339411563206,-0.005777595541504366,0.004582111436950198
2011-02-16,0.006257435156610036,0.007563235758340614,0.0008007976161097385,0.007945898616819269,0.00012774955528183085
2011-02-17,0.003075691142146564,0.002130557980157155,0.0072743146542453285,0.016119576197401564,0.011812028694194066
2011-02-18,0.0019247226272978146,0.0008369436786135331,0.0025276234010394028,-0.0018527519798349212,-0.01577585607348453
2011-02-21,,,,,0.010926991492791194
2011-02-22,,,,,-0.00895152782763331
2011-02-23,-0.006111960522950599,-0.012128025695694822,0.009211013505221244,0.048412939981525405,-0.005823538455137944
2011-02-24,-0.000994377240208233,0.005475566257256759,0.0013442934634517734,-0.008358814552280935,-0.03212040777345426
2011-02-25,0.01055051646463201,0.0157603082740303,-0.004663391103331693,0.006167747549856717,0.007762100795972504
2011-02-28,0.005561085699577806,0.00043867268898623024,0.00042599394977682614,-0.009297058216693577,0.005600059659334189
2011-03-01,-0.015739677754675885,-0.016123563531562968,0.015184773719084665,0.027431123019795445,0.03544739224441007
2011-03-02,0.0016152009236127807,0.0038942491597049322,0.004543230741481441,0.0260966192431209,
2011-03-03,0.017219001487115193,0.018438366058566524,-0.014750871063270554,-0.0031301935275004356,
2011-03-04,-0.0073780374502926405,-0.00502728671061603,0.008615784725900522,0.02462952032813215,0.00046056945152717077
2011-03-07,-0.008341232507744434,-0.014019628953442775,0.0041310913147849515,0.009768284718896458,-0.013649306730986188
2011-03-08,0.008922733898683255,0.007335342918878496,-0.00502053643012812,-0.003983362942098112,0.010552502379445494
2011-03-09,-0.0013617034323515353,-0.005079977268141134,0.0016819849835296719,-0.006094071701636339,0.0018475937678159582
2011-03-10,-0.018870951812180237,-0.0184248221881822,-0.01196396632762331,-0.016095040710692676,-0.006617265893373747
2011-03-11,0.007080513662183874,0.005401695576161325,0.006585504283871169,-0.014995066522825118,-0.00890901789117493
2011-03-14,-0.006049325659529536,-0.0053911040759268,0.0021807777600686418,0.0002965478273118105,0.015802147040399506
2011-03-15,-0.01120034817237281,-0.012454745126014077,-0.022462445983714385,-0.039628441935777525,-0.014797088973379724
2011-03-16,-0.019494949042855536,-0.018936542642345566,0.002441493949209672,0.00823217790950359,0.011285128604967998
2011-03-17,0.013398228752857344,0.007348606310867423,0.005730659025787954,0.03510915180804908,-0.011703546654132868
2011-03-18,0.004310201897316901,0.0028906405059578866,0.008475800864716776,-0.00345098087596174,-0.013393500287187332
2011-03-21,0.014985846366661448,0.018315511182002364,0.00727447318328478,0.012466628475660047,-0.0016655553877581442
2011-03-22,-0.003550567117658776,-0.003053378763251513,0.0009115473794938378,0.01631973164334033,0.009152355218090324
2011-03-23,0.00291397966743423,0.0053765387334565595,0.007285481200744348,0.016826923076923128,0.012264820995412373
2011-03-24,0.009340748456551973,0.014127366251737161,-0.002155904814871046,-0.0014184541454269617,0.00769123714132558
2011-03-25,0.003161136890789118,0.0024265781233605566,-0.006063613706518423,-0.0018939105220839858,0.023875507023729314
2011-03-28,-0.002747836267090409,-0.004513254062498251,-0.004417591238807805,-0.013472468201024212,0.005836317814033709
2011-03-29,0.007060045042073693,0.009598327740209633,-0.002676467599266208,0.00778993587654786,0.008633363691810558
2011-03-30,0.006684706201916635,0.007218331982698611,0.005508509059410249,-0.004962346291800479,0.00894293476063468
2011-03-31,-0.0018295015230987977,0.0015413586323294037,0.01060540459902759,0.02349673594047852,0.00796525332978093
2011-04-01,0.004962987972138233,0.003067175255281107,-0.007505767353449655,0.011431795415557389,-0.0013199392007713362
2011-04-04,0.0003452097520288966,-0.00014703048309494537,0.0028709303662408647,0.004910123840182301,0.014143440819661901
2011-04-05,-0.0001800552456384663,0.0007170540701835204,0.013685308144447683,-0.0011985330630538416,0.0002707324801127786
2011-04-06,0.002183677516658822,0.003091916757473445,0.0040638532479126965,0.004522849452900379,-0.003096387558863878
2011-04-07,-0.0015200063176690204,-0.0013144329604746208,0.0005488432838882673,0.013507315960401556,-0.001026826441634543
2011-04-08,-0.00400444374710851,-0.005622025830986144,0.010215992056265,0.022574776018828624,-0.007424808240709235
2011-04-11,-0.0027933795260068894,-0.003204520309783465,-0.0040722138594955215,-0.025445542364446516,-0.009637077146097184
2011-04-12,-0.007776699229565143,-0.009640943243565792,-0.009881422760497749,-0.03338790238428313,
2011-04-13,0.00019023558280406583,0.006095176764217669,0.001376557207235729,0.008094123391544139,
2011-04-14,8.367659155239515e-05,-0.00047077291452901626,0.011547134838064466,0.009336196380371975,
2011-04-15,0.003925413156908419,0.0016049197845258156,0.009241080456257711,0.014337277245463298,
2011-04-18,-0.011017851653977395,-0.010587242712517098,0.004712852467434248,-0.02316250985503998,-0.016387482334588976
2011-04-19,0.00573117089721964,0.00350594370854429,0.001474201634988015,0.009615372973183822,0.002033461127431746
2011-04-20,0.013514947433656221,0.020961992180832834,0.0025426890787052514,0.030513133386999014,0.019318016346949518
2011-04-21,0.0052767819301140495,0.006297890920013538,0.003270307804890127,0.007537047916432282,0.005648029789942166
2011-04-25,-0.0015926699031209024,0.0020282433909382114,0.0035923527072048156,-8.907414862335816e-05,-0.0017333415422973175
2011-04-26,0.008979584523029382,0.00766492460693069,-0.0037120347849418645,-0.0006234386852979057,-0.0010384028693931624
2011-04-27,0.006249847099511818,0.00784531330325211,0.00911507063997008,0.004901551165184204,-0.00587894495503305
2011-04-28,0.0035554240499382495,0.0009234346358000245,0.009296563664656032,0.0008868257558232173,-0.00830485744395193
2011-04-29,0.002300662213150728,0.0003516098196794104,0.01646194824148739,0.009480769883374318,-0.006213897639569588
2011-05-02,-0.00175271131343413,-0.003292092961609261,0.000449840084752573,-0.003598733090591888,-0.008383371651882743
2011-05-03,-0.0033793036283190636,-0.007841945869126565,-0.010663567872178037,-0.021758224668336212,-0.02386294517885945
2011-05-04,-0.006855308680100647,-0.004712148762517576,-0.016362542413707604,-0.01629901070011386,-0.0050492067124118245
2011-05-05,-0.009069835815006422,-0.004776842710431106,-0.0224437252967572,-0.08641518671379056,-0.0139602152823749
2011-05-06,0.0038199203649145197,0.004561763878563552,0.006955180355195045,-0.026252531728112705,0.016777035269809115
2011-05-09,0.004544163641626575,0.005548933030993908,0.007846079416105711,0.05525831168675155,-6.306418033719119e-05
2011-05-10,0.008074036650198346,0.010072942083223513,0.009115676990700816,0.012969226348914953,-0.0017744406483336528
2011-05-11,-0.011111495877577093,-0.009342222365039787,-0.010220229625159782,-0.05458219405910447,0.004295024531919767
2011-05-12,0.004895437361786659,0.006319719126645529,0.0036639798077759966,0.0077385413228319155,-0.014177753140195093
2011-05-13,-0.00806733006032423,-0.012074601782619432,-0.008761417354159584,0.006870771918648266,0.010681461261424108
2011-05-16,-0.006204391417766519,-0.016319746218801168,-0.002008838858280515,-0.022880067680729033,-0.00825104828892198
2011-05-17,-0.0003685605881837972,0.00032343711692761623,-0.00711216815103366,-0.004724238179081519,-0.010920131785324583
2011-05-18,0.00880379946585852,0.011422077208933068,0.010677068682572788,0.0329170848360929,-0.00337383079405007
2011-05-19,0.0021779408643529674,0.002952063443605768,-0.0022733514773765062,-0.01658337720298786,0.0013836106454787611
2011-05-20,-0.007688267521873571,-0.007080338262362762,0.011124579948694757,0.010666349007744769,0.010731194884403772
2011-05-23,-0.01192558460112425,-0.015845556316236742,0.004308059245523355,-0.01799176755414489,-0.018190653383819644
2011-05-24,-0.0008273801774386635,-0.004617779073300965,0.005213424463266891,0.01934492782686248,0.0015409294018828845
2011-05-25,0.0031831687125787322,0.005542274008156545,0.00223215895683726,0.017371256356552234,-0.008508095964277262
2011-05-26,0.0039531157988739185,0.007800462079328607,-0.0024891437302387853,-0.010757958361366837,0.011852774849036685
2011-05-27,0.004080919686204165,0.005009193917977717,0.008865247942688947,0.003591668850643881,0.011778617208743736
2011-05-30,,,,,-0.0005478351283760841
2011-06-01,-0.02278464425831217,-0.023316794089993875,0.0042320462899136935,-0.023466369078174565,
2011-06-02,-0.0012248353901096465,0.0014878420313082508,-0.006742754311102495,0.0010968253001035766,-0.007448122736722129
2011-06-03,-0.009733809463420173,-0.014614315904304731,0.006331560817150805,-0.0017928316976109082,-0.0060536897790354205
2011-06-06,-0.010760206333523925,-0.011058325360676857,0.003113477965979383,-0.012073429153208637,0.0027733365999003112
2011-06-07,-0.0009564073932939454,-0.000370019529009169,-0.0020691569168282964,0.0008079406113947751,0.004356449870684287
2011-06-08,-0.004186874918536865,-0.009690762083178539,-0.003369450578412203,0.016651544927426265,-0.005273400682573426
2011-06-09,0.007377489898070522,0.0035472474155795464,0.0026006111848979607,0.011812611342473023,-0.0010494753550869262
2011-06-10,-0.013979844477308045,-0.015322952293068792,-0.008754296228343117,-0.025900121473014348,-0.0063846553186446275
2011-06-13,0.0006687560771996282,-0.0015281587349490477,-0.008897014132637548,-0.020042278632493638,-0.0005468664746818286
2011-06-14,0.012611779574887017,0.014785838550448238,0.005808613087871395,0.02127440524049251,0.003228313260200899
2011-06-15,-0.01743184580508239,-0.01764275858712472,0.0011812092795224771,-0.04588915227885637,-0.009635487682937871
2011-06-16,0.0017543350239683786,-0.002948937046665323,0.002425323349108277,0.0014766310858926879,-0.009316200091785243
2011-06-17,0.003045016966140013,-0.0027518278909522964,0.0060811655403651965,-0.02043175223132676,-0.005623773133135668
2011-06-20,0.005395190996116739,0.005037275935229513,0.0018848462628877627,0.0026878829615961664,-0.020218396313068876
2011-06-21,0.013423475684721353,0.021904010245205496,0.002919234511839175,0.001501172919167626,0.003413947706478515
2011-06-22,-0.006468448774604507,-0.006724346841655682,0.004463146451528122,0.021520365132687402,0.00046432460852874335
2011-06-23,-0.002827986549257977,0.006578796930614361,-0.021121803279320006,-0.046012020234167506,0.007900308215813556
2011-06-24,-0.011725787945559007,-0.01260262675048851,-0.012893872706222775,0.0015382006614657051,0.0284304511278195
2011-06-27,0.009184457300265958,0.013340220722224183,-0.0029990003332223125,-0.0060333811941960525,0.010116536012108712
2011-06-28,0.012944354874931063,0.015262557787778741,0.002473229392964571,0.025162771922952576,0.0033835824378138923
2011-06-29,0.008282747245164312,0.004096248282756676,0.006801409331391284,0.020238962921421688,0.009945429925787064
2011-06-30,0.01011922818616795,0.01205259986884677,-0.005033429672859802,0.006858726906227908,0.008383202313011706
2011-07-01,0.014409702179091433,0.01532709678180355,-0.013312919756343633,-0.005030347272583668,-0.003576815416040713
2011-07-04,,,,,0.0041405679341048884
2011-07-05,,,,,-0.003256331712901517
2011-07-06,0.0010015590452223666,0.002919558188733573,0.010844344253283733,-0.002477013781415849,-0.001180714516511805
2011-07-07,0.010453846497412655,0.013634304737380143,0.00098122590953853,0.020900120136320366,0.018398527478963977
2011-07-08,-0.006961116506509657,-0.0044731551623837795,0.007188603026405671,-0.02503295091253499,-0.011921956142092904
2011-07-11,-0.01809053260189253,-0.019997811125390563,0.004931285944092645,-0.010914713676427823,-0.007870086554735423
2011-07-12,-0.004433512667192274,-0.007389586962256001,0.008458145127157923,0.0239621517891071,-0.016016487197234697
2011-07-13,0.003105840267646931,0.005395577225663528,0.014917681281523265,0.006363571226932319,0.01073085131903495
2011-07-14,-0.0067161276923011215,-0.012245613373528252,0.0023972047345293124,-0.02406935784699349,
2011-07-15,0.005554424471774233,0.009820256389772464,0.0005034920252517949,0.016198091575056583,
2011-07-18,-0.008129889770918997,-0.008850075623384246,0.007736775934105156,-0.013471797484292503,-0.002517477329362028
2011-07-19,0.01630870818887753,0.02220884873428508,-0.0007489864491360132,0.016366097048156725,0.008352718519034408
2011-07-20,-0.0006708332980633891,-0.004348116757559084,-0.0026235699782218846,0.0065640963040864975,-0.008283528536821905
2011-07-21,0.013546192203295337,0.007177789772714549,-0.006200227122499791,0.010087608212008492,-0.004571489015568253
2011-07-22,0.0009078513609139804,0.008608484624014645,0.00913788729128684,0.007465000642260966,0.016664879462397142
2011-07-25,-0.0056430132712504966,-0.0056071990495456525,0.006682040120904009,-0.006708779212112104,0.008226840452647766
2011-07-26,-0.004104971538103408,-0.0009990459553410602,0.002853582869688287,0.003931445581111248,-0.018564109405674434
2011-07-27,-0.020308668519432915,-0.026468655512377537,-0.000989716448163147,-0.021990108369734918,-0.0050315779756199275
2011-07-28,-0.0032339665839667964,0.0005280549035813209,-0.0009906969572368585,0.00041068701130053675,-0.010645742908838685
2011-07-29,-0.006450532698506817,-0.0035680495933122502,0.009235170564394712,-0.01785719878455827,-0.0010477882556603202
2011-08-01,-0.004132299323336697,-0.004270012077803864,-0.005711508044735525,-0.008463924602127637,0.006348012529642455
2011-08-02,-0.025556664705103427,-0.027461138098882176,0.014144548742472285,-0.011592354106823799,-0.010921186581540843
2011-08-03,0.005015682586245518,0.00892766413368018,0.013094585346432819,-0.019831544857609962,-0.009484014964097565
2011-08-04,-0.047820446201610634,-0.05075255092212139,-0.00432852779638726,-0.05765259473690454,-0.01350651321750862
2011-08-05,-0.0005749176607442452,-0.009380408105340354,-0.004468000580795883,0.0028858364068589104,-0.022609589463865043
2011-08-08,-0.06663446415643826,-0.06899355821806574,0.03723914393827776,-0.06411141656205666,-0.017798033101463218
2011-08-09,0.0474068481332115,0.05294592640563445,0.017424891637790818,-0.02472013980061294,-0.008918609425368706
2011-08-10,-0.04415240397919251,-0.040873777413599544,0.023735660246048784,0.04527107439765787,0.017376800151156946
2011-08-11,0.04629002144148742,0.04688262763205686,-0.01824510139175095,0.034141655831742,-0.00439841025237353
2011-08-12,0.00526166928318772,0.006137991738897286,-0.004917713527062717,-0.003966448465274164,-0.012718138656561795
2011-08-15,0.021784622088531824,0.018827889804088338,0.008792121168502254,0.02928086297051169,
2011-08-16,-0.00973854541245922,-0.012425642065873821,0.015323283630910067,-0.013996310491364072,
2011-08-17,0.0009473866272851073,-0.004743494396457604,0.0049371222157077455,0.010732836570095383,0.004130484486176034
2011-08-18,-0.0445937143129993,-0.05218040750763442,0.015464534388840878,-0.0593743373934581,-0.02223830106015723
2011-08-19,-0.015008981502439234,-0.01621129159781798,0.016493484852013296,-0.001456605015637158,-0.019922535106248862
2011-08-22,0.00025804116011829414,0.001511544251112218,0.021526273044658373,0.022611239509466863,0.010968580771393066
2011-08-23,0.034284877594586316,0.04292702283287153,-0.01609567593036043,0.01569186461870209,0.010227014708441562
2011-08-24,0.013119972745138542,0.008842743961460675,-0.05607279260843678,-0.003277139177154109,-0.012123906561857245
2011-08-25,-0.01556552007023193,-0.019475728205287535,0.0032495714734182,0.0016439570646793467,-0.010084028241990728
2011-08-26,0.015121610152536658,0.02488819272381937,0.019490809072685966,0.0008206294527532965,-0.01896856994717555
2011-08-29,0.028280001568408375,0.03317136380274377,-0.003177053257588658,0.022255989637536278,0.036185243699435654
2011-08-30,0.002347024984931334,0.0054642460366731704,0.021415749404477324,0.01867772367952769,0.016546040476446366
2011-08-31,0.004921982065451136,0.0013003533917179677,0.0009854102349815541,-0.0010124180623208856,
2011-09-01,-0.01187143263889856,-0.012956170043769033,-0.0013672409078480108,0.0013512301529212678,
2011-09-02,-0.025281938303220453,-0.025808691116144256,0.026122645767729935,-0.027887139867571298,
2011-09-05,,,,,-0.004523770771329372
2011-09-06,,,,,0.009387628067742737
2011-09-07,0.028646463529026667,0.030361771386569147,-0.029787727961360533,0.03859567338278702,0.01191677033030114
2011-09-08,-0.010612179635699603,-0.007767954241087893,0.022158568142514046,-0.0032459513993714495,0.005580888099920633
2011-09-09,-0.026705492278710663,-0.024178141558399813,0.0010785159478370332,-0.020325717304425783,-0.018202067566584157
2011-09-12,0.006965716710316983,0.010980635157955554,-0.02504848060141396,0.010889552967667582,-0.022265342334898075
2011-09-13,0.00912006281484623,0.01485309674107027,0.009337545823578708,0.02290505258131148,-0.0011825037612108735
2011-09-14,0.013479804803234297,0.01595487946704144,-0.0018064641668046333,-0.014410768601670898,0.014491060736237849
2011-09-15,0.017187073659429952,0.013418599784666974,-0.024677817384151313,0.005511166838230164,0.012598456491333954
2011-09-16,0.0057066970727697175,0.00584563891064338,0.018892311265638062,-0.016107409584209087,0.0016844581749324572
2011-09-19,-0.0098025870260805,-0.003615125693349097,-0.01970087282868116,-0.02569352159792626,-0.010286631201750551
2011-09-20,-0.0016610054537223862,-0.008645831230952417,0.01700064780275823,0.01388567659022133,0.021512534066978617
2011-09-21,-0.02939044252863232,-0.020094681969378136,-0.0006088650508149218,-0.01116355423543347,-0.0013521254130992588
2011-09-22,-0.031883121516435575,-0.032511364963305645,-0.03672115692502076,-0.0629655045159232,-0.04083185070983297
2011-09-23,0.006082009597382809,0.011223030566219983,-0.05847513456020359,-0.008197784680126885,-0.011353346288317634
2011-09-26,0.023336145831710953,0.013474370557971405,-0.027480916030534375,0.004884150245473506,-0.006645800966822435
2011-09-27,0.010688382331855317,0.01197610250784753,0.03648350115286503,0.052467587195357934,0.02809490433054007
2011-09-28,-0.020691134941917988,-0.02169363416686032,-0.02078027824133255,-0.03836587307108208,-0.005099340740507885
2011-09-29,0.008114229792425487,-0.004342653264235996,-0.0004949878141159436,0.011451795538236942,0.014062212002267094
2011-09-30,-0.024974129488995245,-0.026346807899426783,0.0030331317945295755,-0.035792579294525284,-0.014395556231418527
2011-10-03,-0.0284510281118181,-0.03294271236060764,0.021969868581562357,-0.020075712110566135,-0.018965255651646196
2011-10-04,0.022488442948566112,0.029535534660874774,-0.02493964301215279,-0.024996810026406524,-0.015950118085627407
2011-10-05,0.017865633700204997,0.023157633346033712,0.01585439922610421,0.052993289722004455,-0.0043691204347980905
2011-10-06,0.018303664125949304,0.01882132501389866,0.00707186200123866,0.03652103440724774,
2011-10-07,-0.008163308930517088,-0.010958094300363208,-0.010533339885526294,0.004722206518176675,
2011-10-10,0.034124984892549115,0.03496882156893988,0.021474442083779355,0.029284167352021884,0.01872941083393953
2011-10-11,0.0005440035535435594,0.006617166518831041,-0.005929578676825309,0.004683220692353496,-0.0010543015296491376
2011-10-12,0.009794704112697561,0.008400967439694096,0.013014459415389368,-0.002796852005567896,0.02513892312212196
2011-10-13,-0.002973672247100878,0.005954555705169007,-0.008326889664791337,-0.01565965107712486,-0.004225949150917785
2011-10-14,0.01738025794738407,0.018170132354027757,0.008696695001113586,0.03051168933157422,0.010722984330786334
2011-10-17,-0.019369883187983272,-0.019840011186441853,-0.0037460153675907826,-0.004838776308445536,-0.0027375261037299037
2011-10-18,0.020418716445174567,0.0162567157066682,-0.014204744152864768,0.022690427723938145,-0.015776876862208744
2011-10-19,-0.01264913736003248,-0.020090799739417187,-0.0034509604288787132,-0.025243330540897668,0.02017864066377162
2011-10-20,0.0045541787147385104,-0.0020813512057024086,-0.020716874596559798,-0.009406544569184216,-0.00919412760823557
2011-10-21,0.01880876515031682,0.01494633382275068,0.01439292190612651,0.024618973024501223,-0.008238517613423868
2011-10-24,0.012872958939026846,0.02349987540539522,0.010029982667075554,0.044279119560903135,0.009584233600694825
2011-10-25,-0.02004472508361621,-0.0226046961057641,0.029125023061421507,0.020817372584216676,0.018290230802876284
2011-10-26,0.010536553156824224,0.004642930376031362,0.013591419109060476,-0.031877227423763754,
2011-10-27,0.034291437858544604,0.03318404913852113,0.013931619365098236,0.041685169217777096,
2011-10-28,0.0003892292585989665,-0.0005404090848633025,-0.00028625408712268374,-0.006811402680762746,
2011-10-31,-0.02473750308360323,-0.019268214060623845,-0.012598786287467134,-0.0013930267235651161,-0.0063611275418961055
2011-11-01,-0.027942247001422227,-0.028851760240676483,-0.007655696291432701,-0.010730764822425631,-0.012888127714704267
2011-11-02,0.016104667765514558,0.012666101522853968,0.01034479904843666,0.0034710889071472018,9.509409207519859e-05
2011-11-03,0.01878180753005876,0.02196607196395428,0.02053566321670508,0.016863015053188324,0.0013882045881137284
2011-11-04,-0.006280017279460592,-0.004381097079555141,-0.005044724288671643,0.002019798469465872,0.0035038114822198985
2011-11-07,0.006295743615618132,0.003387784742880484,0.0199396109077572,0.013367223406327788,
2011-11-08,0.011735638864999398,0.011961780997820304,0.004524367628342185,0.013400402571981385,
2011-11-09,-0.036695142913972245,-0.03880494090522035,-0.004170373608865741,-0.01095046647283171,-0.012912794900646563
2011-11-10,0.008624176874533207,0.0013350371446894105,-0.01786811076205641,0.02130771841493173,
2011-11-11,0.019480539941325148,0.020417918842804195,0.016260148495628624,0.012374709547744889,
2011-11-14,-0.009550141648312915,-0.008037341781381269,-0.005426546110139818,-0.008586710702740419,-0.003966065877842984
2011-11-15,0.004817163683512371,0.01090612775316524,0.0021936675872635814,0.012533150240301882,-0.015509842209954106
2011-11-16,-0.016616200730203312,-0.017344145855439752,-0.00443391286987127,0.032404080731690765,-0.0075071134827858765
2011-11-17,-0.016799952076269054,-0.019555962845557384,-0.03044311563508839,-0.03674818966412219,-0.019024181056732425
2011-11-18,-0.00039467858438069214,-0.00598533622341102,0.0028491116435824804,-0.014268326624865324,-0.0058665981686002455
2011-11-21,-0.018648495446902502,-0.01918760249635565,-0.0269031736866594,-0.005030340568138669,-0.025979394207947815
2011-11-22,-0.004140841830647446,-0.0007371225379618762,0.014240542005845791,0.011246429920325873,0.007115426727873464
2011-11-23,-0.02209521492281885,-0.024273365298872474,-0.0038185878195596823,-0.01877363460035042,-0.022005859963373453
2011-11-25,-0.002685506857766806,-0.007548562554731353,-0.006015186333422906,0.006238936108400983,0.0007648247034643951
2011-11-28,0.029240425313361795,0.03515450593349789,0.015010411645283384,0.014880670573108157,0.02998906717704486
2011-11-29,0.002213653490450218,-0.004680841403846725,0.00151974252497733,0.016087993542243106,-0.00952316057371061
2011-11-30,0.0433153072475978,0.04167348876292776,0.018734665068605327,0.005711992079313832,0.005608563085791829
2011-12-01,-0.0019086457924624156,0.00223629875691711,-0.00584356984925527,-0.0015942971416528229,0.021688578802951275
2011-12-02,-0.00024098633145541726,0.00027796073502495133,0.006742321698069542,0.007584851889995914,0.022949816673852208
2011-12-05,0.010287014543699957,0.010974818086219251,-0.009330308430523737,0.0002971352968392793,-0.0021781531662842246
2011-12-06,0.0011057487964409862,-0.0023345299082284665,-0.0016178002177191786,0.002871580568984289,
2011-12-07,0.002018354924337773,-0.00013213425946489998,0.007523583434410952,-0.007800167111463696,
2011-12-08,-0.02114181011508598,-0.0199418237527329,-0.017864308776952775,-0.021395179337087566,-0.023495870307348232
2011-12-09,0.01688335256005491,0.019438686602778033,0.0017545911301477535,0.010880693146888776,-0.01556536335527492
2011-12-12,-0.014914054108935981,-0.013068397005653654,-0.02837464751913188,-0.01649740427147839,-0.02097932758516552
2011-12-13,-0.00868600976072853,-0.01262890757851276,-0.0025837801249691816,0.02424059351494412,0.007555723305657569
2011-12-14,-0.01134836742295231,-0.015492740440088637,-0.045544896966083215,-0.051827466277603484,-0.0077802976495553455
2011-12-15,0.0032431003656709922,0.0006694539590081927,-0.0061226238359094465,-0.011374346881220743,-0.003547977188631757
2011-12-16,0.0032161498496299235,0.005635581246960841,0.013336720643721378,-0.003622072625299344,-0.01996270777555742
2011-12-19,-0.011732825699560245,-0.012597271022808498,-0.0007520375972895899,0.003742098563980223,-0.008276721814370669
2011-12-20,0.029825423296426123,0.031940396221264766,0.013296507054223028,0.03557737606520406,-0.014935705032447788
2011-12-21,0.0019495059855065833,-0.009893502766745166,-0.0022901406460674734,0.014914595042541778,0.0327779808611639
2011-12-22,0.008265549753183832,0.00833212982030651,-0.0018611576118627848,0.008715928106931115,0.008672255555309372
2011-12-23,0.009035052675189448,0.00738230847552912,-0.002610524692929328,0.0015070986407981213,-0.004193224805761786
2011-12-27,7.9107947907886e-05,0.0025051396384598856,-0.0065432793166922965,0.01665325067849799,0.0077428935086973905
2011-12-28,-0.0124780022540123,-0.013416109766192452,-0.01963362671966229,-0.019538146823464553,-0.009409576952426058
2011-12-29,0.01070708742195392,0.009173819853744547,-0.01471623241456077,0.002918688745429998,-0.012654555476028118
2011-12-30,-0.0042913365279230176,-0.0032865120183032115,0.01681928956648826,-0.00822879761433104,-0.004724282015065917
2012-01-03,0.015473984880403524,0.01672459167135698,0.02165021157658109,0.041788901921483435,0.030491102643706913
2012-01-04,0.00018792399994027598,-0.00013586309056090595,0.007626475973353752,0.0025252732958667146,-0.0032841380364684314
2012-01-05,0.002943716919978634,0.008118231331059267,0.004652894029656851,-0.01366017870019709,6.322423229598861e-05
2012-01-06,-0.002536961462655807,0.0016329931553829002,-0.0020378218959945515,-0.002455554523082326,0.0008736728119476123
2012-01-09,0.0022615979258335805,0.0008750543770750241,-0.005321437854003741,-0.0024615991139205207,-0.0023769573077186967
2012-01-10,0.00888576974833133,0.00969152226678549,0.014618973561430826,0.009179748569610569,0.022507802225701035
2012-01-11,0.0003095972599744812,0.00305643284574475,0.005027560497777417,-0.013399796027117827,0.002350814216606434
2012-01-12,0.002336608362904613,0.005142447636836467,0.004941494569017824,-0.017547380036340154,-0.0061099567202190785
2012-01-13,-0.004947922948427275,-0.005149201581201912,-0.010259226560507262,-0.004036342401996573,0.007192755498059533
2012-01-16,,,,,0.0016234900007705555
2012-01-17,,,,,0.019163278732670763
2012-01-18,0.011107929092462498,0.015259773034636215,0.0025979029452487534,-0.0011915673485547451,-0.0023151411133163213
2012-01-19,0.004938656879440728,0.006722767889095982,-0.003254006878012916,-0.0019882389454551896,0.012631684112227148
2012-01-20,0.0006694597815233294,-0.0005846248139392829,0.005803745678997885,-0.01922502556937744,0.006017893332573188
2012-01-23,0.00047134296924533636,-0.00090789440600203,0.008595329234729165,0.011375205738333616,-0.0004654949116174034
2012-01-24,-0.00102581731454221,0.0008871479731602516,-0.00822410538028906,-0.006326620518458337,0.016071359456279355
2012-01-25,0.008679141952454561,0.011365001304967537,0.021391718964528073,0.004547797791970565,0.00603619929237853
2012-01-26,-0.005753890884025226,-0.004623348398854477,0.015590068972094473,0.0030180625528983818,
2012-01-27,-0.0015928775670267514,0.004017431205994404,0.00318600465992791,-0.0014042065590144093,
2012-01-30,-0.0025221231757218687,-0.001636792296232481,-0.00046197528904468044,-0.007834459606508526,-0.02255660964501549
2012-01-31,-0.0004569466961219515,0.0006757422007472869,0.003928393314919232,-0.003037005730619158,0.022005818333990845
2012-02-01,0.008899605562620927,0.01223592335214585,0.00535155167252066,-0.008834308660904178,0.007010664098187291
2012-02-02,0.0010951470667548424,0.00400590956304514,0.005552099695344648,-0.012806064872285639,0.0065320216504889395
2012-02-03,0.014605356896842503,0.016078715649261888,-0.01075821031919355,0.015359025717773589,0.010616937010059058
2012-02-06,-0.0004238741534883239,-0.0012630252631099514,-0.008688633047823635,-0.009505240296304951,0.006721894914626825
2012-02-07,0.00202338180532724,0.0007202257408394086,0.013698615577582895,0.01547827823049075,-0.004942508459647055
2012-02-08,0.0021602108339675574,0.004056372062743119,-0.009791557115715666,0.003048424054462151,0.006185393213694601
2012-02-09,0.0014741105602813498,0.003899320484523461,0.005609177642970753,0.011447647289014373,0.008233785590302078
2012-02-10,-0.006886302644093845,-0.007976857920986014,-0.009028149035005706,-0.011718732089949668,-0.00568145065362935
2012-02-13,0.006800039312997219,0.009473535709397352,-0.00017411293426761176,0.022701991838782076,0.0015980558756112373
2012-02-14,-0.0009395233752043097,0.0001501627429327801,-0.0041207055054773845,-0.0016847269068497317,0.004795667774543766
2012-02-15,-0.0053832058728249255,-0.005457342197073167,0.006060973405262349,0.010522187914096648,0.021399432206973046
2012-02-16,0.01102570580548079,0.015096908376621476,0.0002896367872662342,0.00500976907217443,-0.0018076807720491805
2012-02-17,0.0023489303072772305,-0.002726512523646085,-0.0013319717182576074,0.009090023725620178,0.007669321141460017
2012-02-21,0.000719922777789872,-0.0010874661748642156,0.01890401599648439,0.025184022936071138,0.007700896637552246
2012-02-22,-0.0033401068031253534,-0.005222920306229617,0.007341656475614355,0.004157241653727439,-0.018155356368294795
2012-02-23,0.004272002277298181,0.008117517644027128,0.008418092889300954,0.01458414630749627,-0.004005248090968361
2012-02-24,0.0016722378083675604,0.002289504689232613,-0.005490530950797656,0.017991234156253366,-0.00984808453366659
2012-02-27,0.0013545591394890089,0.0008131293494306746,-0.0008450228272381954,-0.011023040188359756,-0.027277846997348587
2012-02-28,0.0033563334079245166,0.00694503946741043,0.007555268718153707,-0.018515056669479946,0.01785575270772699
2012-02-29,-0.0047369876733168725,-0.006652733102938235,-0.043144921984296314,0.004880306224053665,0.001804519637708113
2012-03-01,0.006158039788692005,0.007442162980242362,0.006550061998924717,0.01653120993846402,-0.008439833927076923
2012-03-02,-0.003245756135652589,-0.0042757302422374854,-0.0071465498415482775,-0.01966188406516345,0.0036706021173744663
2012-03-05,-0.003869693865664492,-0.008638548427239212,-0.0033942232340773426,0.00018748147172509277,-0.014740593273529279
2012-03-06,-0.015370160722531612,-0.01361131489629519,-0.01855547597530094,-0.0189280757998066,-0.010974688087106554
2012-03-07,0.0069006220464606915,0.008717210633528927,0.007119794328251494,0.01394466816067741,-0.0003733354526096466
2012-03-08,0.009817931917032618,0.011830261765353178,0.008792209545835705,0.003956275004304732,
2012-03-09,0.0036312500921620305,0.006032872956330593,0.007537865268332222,0.007693748177299398,
2012-03-12,0.00016046065922270536,-0.0015661456338972313,-0.006838548761020968,-0.009869694347563573,0.004874802139683609
2012-03-13,0.018131549330308916,0.018842620258077147,-0.0032368174188134313,0.003479431628024221,0.013051505790900864
2012-03-14,-0.0011962619960680376,0.00027964843645844617,-0.03022964671897732,-0.011995115643133047,0.006335740370890575
2012-03-15,0.005967198922915307,0.005143546720429049,0.01010653003710038,-0.0030351863217106256,-0.015263804944152692
2012-03-16,0.0011193985360786751,-0.0003632110573363878,-0.0021698364407883863,0.018551964008362454,-0.011634624599247245
2012-03-19,0.00397384638616094,0.007547658307326621,0.006886151865939327,0.009620762215440504,-0.011442505269689596
2012-03-20,-0.003000518154814724,-0.0013546888962223669,-0.012118347199189805,-0.0229438043441742,0.003385985225568655
2012-03-21,-0.0018711970276237277,0.0003806470252907257,0.0020040377275631904,0.015718170846711788,0.01708107263489511
2012-03-22,-0.0072065416718331,-0.0039020328724358455,-0.004666637073863611,-0.017898743628509406,-0.025442920256606216
2012-03-23,0.003108858515779689,0.0015015908925535282,0.01217804262641975,0.014428137584020284,0.009515247949497985
2012-03-26,0.013885824750712539,0.017813420127007262,0.013956536419661658,0.0014971089043034347,-0.01779966500625274
2012-03-27,-0.0028167751776319028,-0.0007109434390663028,-0.00041527806103525133,0.00280298098831544,0.011361315975068731
2012-03-28,-0.00494150905632218,-0.004932182683702657,-0.0159663008276697,-0.017888736943911687,-0.009231073542664614
2012-03-29,-0.001607929836799582,-0.003091780131273092,-0.0034381284505994314,-0.024950239933991036,-0.0030607637217864303
2012-03-30,0.0036984360198231148,-0.0012244258926166207,0.01034989599419922,0.0023350638900558884,0.022533903246989784
2012-04-02,0.007504645877610239,0.00909889867947511,0.0049122092685682794,0.02145221108406936,0.004220543377094987
2012-04-03,-0.003988635996082901,-0.00196489499260899,-0.0044709388971684305,-0.011593663230865303,0.0076346111062295385
2012-04-04,-0.010202524371008104,-0.01460702006706871,-0.03455086896519466,-0.02442073707681025,-0.006643668499813349
2012-04-05,-0.0006290422223540482,0.004044833024413164,0.010047727272383122,0.018133402146005118,
2012-04-09,-0.011358438273891824,-0.010848862806362658,0.008596868283696546,-0.00822764973582557,
2012-04-10,-0.017081454337735447,-0.01833233981046145,0.010350076103500694,-0.01405428903253303,0.001757640891820289
2012-04-11,0.007448895819775148,0.008438025448339825,-0.00030129557095515125,0.01663037379729615,-0.0031943702204687563
2012-04-12,0.013779387810288313,0.012958928146513893,0.012356841470765545,0.009152896488205053,0.00956599081010956
2012-04-13,-0.012475001040294531,-0.014472016493424555,-0.012146486700841064,-0.007815491734503688,-0.01315176687974795
2012-04-16,-0.000503600390907244,-0.007614633795152592,-0.006268473610452352,0.0009724639924193479,0.003600610528522674
2012-04-17,0.015486673802446171,0.01821046974768814,0.0009705208368040452,0.012338449813475316,0.01215031908975761
2012-04-18,-0.004055288780130728,-0.003736703759033122,-0.006968429776249563,-0.014683290058605802,0.0019471433743309952
2012-04-19,-0.005934396967956612,-0.007880681839688597,0.0010983199317693426,-0.003895992334788101,0.0061131891214623035
2012-04-20,0.0011692656800530443,-0.0023640782838429963,0.0009142996600766118,0.007626932964647448,-0.0077919521132009395
2012-04-23,-0.008407570124922548,-0.009998500387677911,-0.006211528727558369,0.0005822179215622114,-0.01705775033013679
2012-04-24,0.003679773444691614,-0.0029792972987588984,0.0068018723082763355,0.004267311015436759,0.004239857761306753
2012-04-25,0.013644592157896263,0.022970618217526217,-0.0009738135033094952,0.0055045840466014795,-0.003953912808607574
2012-04-26,0.006680165568110796,0.006925012434158662,0.011088065615432185,0.0041298529949362894,-0.002499038831218714
2012-04-27,0.002414323726029899,0.006093811760726986,0.002651256012768499,0.003634598204936168,0.0003083633949219067
2012-04-30,-0.0038835019016946193,-0.00744162782267721,-0.0003605622511643203,-0.0005717865092846885,0.011087312373281533
2012-05-01,0.005658384242170911,0.00133924875605973,-0.0010220471427409006,0.012300952433887291,
2012-05-02,-0.002496683664631072,0.0030848521625579384,-0.0049948408266842215,-0.008854581847963505,
2012-05-03,-0.0076588713308223255,-0.011618232166129672,-0.01161247910891483,-0.025470445486446724,-0.009686685997912892
2012-05-04,-0.016147208958519288,-0.022471302397337745,0.006425162350831348,-0.039496811152695654,-0.019572470626565863
2012-05-07,0.00035058102206497743,0.0004802972028881136,-0.003708868345007943,-0.005584276924485598,0.005366740549338722
2012-05-08,-0.004278673417828949,-0.0038846932125793376,-0.02111557189152591,-0.009495612436115075,-0.02233014464024874
2012-05-09,-0.006702266480503982,-0.003923624962110295,-0.006421476825514305,-0.0020616902714407637,-0.005030128229792874
2012-05-10,0.002517410777005402,-0.0003646249113602451,0.0008784742780678645,0.002789012284578174,-0.0018291408161642542
2012-05-11,-0.0033873413051768164,6.141714315588409e-05,-0.007209579447066128,-0.009785790685191587,-0.00741089705808029
2012-05-14,-0.01111286391927968,-0.01064822978453639,-0.014523869887968388,-0.01404346731189654,-0.004280893926495999
2012-05-15,-0.005745837446504476,-0.003038699406037626,-0.0024349140184920515,-0.008440551093761184,0.007131505235109747
2012-05-16,-0.004403818556987793,-0.006814653128309089,-0.013232333639606852,-0.01244951858424792,-0.017105650244486403
2012-05-17,-0.015051375861739213,-0.020998349652754267,0.024931682102260266,-0.0026936753213701037,0.002459773645345553
2012-05-18,-0.007387777046316768,-0.012403606321422678,0.010860575157788155,-0.011668044837366165,0.004363270327255364
2012-05-21,0.016035901237667627,0.024622199199362038,-0.002010524768132793,0.01191513224630869,
2012-05-22,0.0004863370186602989,-0.002855385772050023,-0.007617713044546837,-0.009830355792533552,
2012-05-23,0.0016937032123527374,0.0038885972775346556,-0.017890041469675988,-0.01920141900406691,-0.00511266282404077
2012-05-24,0.001380031526917458,-0.003768344467389828,0.005942815959741443,0.008453861216139114,0.017732880115749916
2012-05-25,-0.002165632329979128,-0.0006514991272645876,0.007384575636951718,0.002206010811422132,-0.0002031942170608314
2012-05-28,,,,,0.013261117245555454
2012-05-29,,,,,0.0008926008443568278
2012-05-30,-0.014334892170861036,-0.01171368863245481,0.009557050924351884,-0.03239315086169048,-0.007885632930435982
2012-05-31,-0.0022766655169013106,-0.003531458521969011,-0.0005117364817905923,-0.014689147346961029,-0.005352724334696801
2012-06-01,-0.024642584749729912,-0.028245667284212628,0.03705364477069795,-0.03813700992623659,-0.016784262038635367
2012-06-04,0.00010955419561042845,0.0045605534475039455,-0.005121906095726603,0.009011173492131208,0.001352818191380667
2012-06-05,0.005726850663809513,0.006557982613181634,0.0018608113700904205,0.00369132586570875,0.0031248832335868393
2012-06-06,0.023049400920118535,0.02397668224283045,0.010896544197813274,0.008660525799147223,0.02751224443119593
2012-06-07,-0.00010646449242102118,-0.00481592259096375,-0.028294997464843097,-0.0023523518717816216,0.010516060046935394
2012-06-08,0.008114163624478143,0.00967845587622751,0.002205975074912825,-0.008488578440151273,0.003703265706365144
2012-06-11,-0.012620113782869202,-0.017033865819935712,0.0033960282353142635,-0.016646867434958468,-0.002811565840053043
2012-06-12,0.011650737147309576,0.011865940187271162,0.01078028904536188,0.007497010513435098,0.01222765744512233
2012-06-13,-0.007023250955987548,-0.008603361981723845,0.003348437141167171,-0.008401307618891796,0.00108491039205183
2012-06-14,0.010814652782245693,0.006286776115811632,0.00018543281172500592,0.015613663430684266,-0.013023693049587504
2012-06-15,0.010337815429059649,0.012858154621846474,0.005313875096517595,0.001430045429037241,0.016677344020475715
2012-06-18,0.0014447466011910937,0.007842533038825872,-0.0007990466061001955,-0.009044414462346939,-0.014555181897492497
2012-06-19,0.009815695418065262,0.011891539379482952,-0.0021529188073586836,0.009126962493924307,0.00781953846201322
2012-06-20,-0.0016863570122068738,0.000235494171519246,-0.0045616462621665965,-0.026538090681116233,0.0032719822705840063
2012-06-21,-0.022261677039013494,-0.024351162609930754,-0.031149397638814857,-0.044009852924305815,0.008680746601040568
2012-06-22,0.007174604262178752,0.011657496951753998,0.0009587727708533222,0.01994891622592765,-0.0036689632744433265
2012-06-25,-0.015954853497705423,-0.01945084437433786,0.013729246487867108,-0.0068957251382516516,-0.00610174862962809
2012-06-26,0.004772721486371312,0.006311402402928046,-0.008503937007873996,0.0018937195759709535,0.0012024092481739412
2012-06-27,0.008984905521485453,0.007449040780207028,0.0022236340533672294,0.010710666174191363,0.004120469157363971
2012-06-28,-0.002109799583246086,-0.0089833748977165,-0.0176228518720285,-0.031417487493205054,0.0014099846628081725
2012-06-29,0.02492023877666627,0.030026446447250832,0.03471642932390995,0.09357699079169723,0.02519833418346229
2012-07-02,0.0024593113157624913,0.005512659536107467,-0.003928935970143432,-0.014241985611012087,-5.679302374472783e-05
2012-07-03,0.0062321108631679945,0.00842025115653744,0.015088967188214397,0.04668661089085813,0.0017713214646439823
2012-07-04,,,,,0.0027609203634220147
2012-07-05,,,,,0.004667565777151328
2012-07-06,-0.00943264946713962,-0.0130337612512621,-0.01895705111391721,-0.03175881946449033,-0.0019427495644028792
2012-07-09,-0.0016388318166757898,-0.0018928954001993237,0.006462209208126124,0.018235653891985226,-0.007861704818224902
2012-07-10,-0.008125926498228409,-0.010041695361547198,-0.00585416524029736,-0.024188792340190668,0.013307715726013747
2012-07-11,-1.4923577632885987e-05,-0.004944336884494027,-0.0025961486288132996,0.022643234579458715,-0.00730546966154233
2012-07-12,-0.004987097282612596,-0.0075450796784828356,-0.006538805914861667,0.0031465363027958215,-0.013389707951430796
2012-07-13,0.01649736234989274,0.01475130056318985,0.017061761617565452,0.011849403129292613,-0.001528102764910888
2012-07-16,-0.002314313728559836,-0.003964293739669444,-0.0002513347701674773,0.015269826111993012,-0.005739155387632144
2012-07-17,0.007409672577889825,0.0045220466841611184,-0.0013197433700213868,0.00893363013458126,-0.0008465827781518609
2012-07-18,0.006680490923747229,0.011188869622646092,-0.011767636686911387,0.007285379029204453,0.004515768140858523
2012-07-19,0.002717099891568653,0.007918100969974917,0.006176739060796965,0.031044851788807337,0.005061133679715946
2012-07-20,-0.010061659913606968,-0.013688881908503259,0.001518906683846133,-0.01316642750362873,-0.007171895446142051
2012-07-23,-0.00890905606969361,-0.01201591149545711,-0.0034123377024091184,-0.03608927125600636,-0.016743175099167007
2012-07-24,-0.009040932945028057,-0.009397406026362076,-0.0006974672518962333,0.004084418117137334,0.0020027549329002525
2012-07-25,-0.000313861457302278,-0.003056245404226443,0.020304568527918843,0.005310748256532438,-0.003627022531852764
2012-07-26,0.016540974699349675,0.013667389532448393,0.0043532338308458485,0.004720671722859171,-0.013034307261501565
2012-07-27,0.01908056557933535,0.022410814098548393,0.001795680751741413,0.008278307068152913,0.01127307111962117
2012-07-30,-0.0004833595887074882,-0.004141185574485062,0.0011125080231482176,-0.003883262895670425,0.01959855782372588
2012-07-31,-0.0043168283608459035,-0.002145421397907743,-0.0056800342342535615,-0.019157955492195344,0.005615638372495901
2012-08-01,-0.0028999798130677767,-0.006569119606414264,-0.004222321532521001,0.009652579230995828,0.002199273283610692
2012-08-02,-0.0075036694675360005,-0.0035750653363630924,-0.010163950398515365,-0.020020316447810327,-0.0024329739528671235
2012-08-03,0.01904028588598905,0.019977483588845324,0.011717257968925088,0.04900728115532482,-0.0023049695734302933
2012-08-06,0.0023292692665812798,0.007416021594341515,0.004296403744746158,0.00875268500008497,0.012816996159993987
2012-08-07,0.005106758007594747,0.008679256591444418,-0.001984049348222938,0.015943614635132164,0.010250805506263116
2012-08-08,0.0006208264404641284,-0.0015286211089599044,0.001987993625680362,-0.0034162453408729254,0.00024355962297484268
2012-08-09,0.0004136855394443195,0.0024540946710254197,0.0026039748950965613,0.00010714661375432755,-0.0028193714289059812
2012-08-10,0.002188441817939202,0.0007355017235439743,0.0016078013884055498,-0.005248477512490357,-0.0004791126866067197
2012-08-13,-0.0012519007957618733,0.0005494832764008084,-0.006235707779474797,-0.0015074769625071927,0.00516878439680557
2012-08-14,-0.00012814640056846294,-0.0018329205519569403,-0.006336947891765421,0.00754876440096508,0.006067838947074966
2012-08-15,0.0011396405267545262,0.004623812972636143,0.002688462355993737,0.009632896531512003,
2012-08-16,0.007100510313353237,0.010379639796051165,0.007732134932723067,0.013463337415608123,
2012-08-17,0.0018721339981915275,0.004636965184255271,0.0001238000403502859,0.0042887413039067734,0.0006245833455489347
2012-08-20,-2.1174829462955458e-05,-0.00012355463102520226,0.002351003305709032,-0.0004166327948894599,
2012-08-21,-0.003497536135912971,-0.0029094084231973127,0.012221498133758057,0.0073981356198993264,
2012-08-22,0.0002264032488046297,0.0020897843968123997,-0.001524483177499314,0.005999191448323282,-0.0015033946400572207
2012-08-23,-0.008072242646582573,-0.006594728792115978,0.01966529295942676,-0.010178958167997854,0.00046186388961388936
2012-08-24,0.006454730908207917,0.005367831677131063,0.0001198330409157844,-0.0012464435584473854,-0.0052904986431348
2012-08-27,-0.0004890148137838279,0.0011075357925092177,0.0015570580368362563,-0.007072285953035107,-0.006766702060793883
2012-08-28,-0.0008081822874276279,0.0012852935377198893,-0.0035278786940520224,0.009008071638790804,
2012-08-29,0.0008443492265819419,0.0013161731248856334,-0.004020372740399014,-0.008720065932920518,
2012-08-30,-0.00780580496271055,-0.01054137560046886,-0.0037956673350943992,-0.009110850734635578,0.00515337210305189
2012-08-31,0.0050732955705157234,0.005986138476218983,0.018808573078885615,0.019551875083705816,-0.010639562518798384
2012-09-03,,,,,-0.0009032994199866806
2012-09-04,,,,,0.003854389721627438
2012-09-05,-0.0010676612969652277,-0.0018829027570758106,-0.0012404604853522017,0.00062956512772816,-0.00915809721037164
2012-09-06,0.020435540463669577,0.021679434731735503,0.0069789013585557225,0.0017826989078988387,0.0024302402657239153
2012-09-07,0.0040499740579702515,0.0001944834890681424,0.02049807642106405,0.009316438825720308,0.01979615860677275
2012-09-10,-0.006147829935223559,-0.010330218258650992,-0.005064776303956853,0.0012445835808019279,0.0039965738690701524
2012-09-11,0.0031349558295050706,0.00016430621014551505,0.001793311588947688,0.006525763905567361,0.00495013540178002
2012-09-12,0.002092692232889659,0.003150244708404415,-0.0006929629335670207,-0.0016465579472036973,0.007606679035250474
2012-09-13,0.01630974737217783,0.01333201214717783,0.022246619983318228,0.013400632859874584,0.0008009754476616671
2012-09-14,0.003958951318527193,0.008910452195063145,0.00039572282621036514,0.007018639594563947,0.026180430355141393
2012-09-17,-0.003124690820504483,-0.0016583267255604328,-0.0011866299007283754,-0.024040376297151056,0.005799951273861126
2012-09-18,-0.0012797755200721905,-0.00027365944506807516,0.00039603624004369564,-0.013765284550271373,-0.0017736533533868615
2012-09-19,0.001185553958514829,0.0015167940982165895,0.0003392759430300707,-0.03473604288794163,
2012-09-20,-0.0005407337436069692,-0.002092664535749078,-0.0007349060645138739,-0.0011959187468680854,
2012-09-21,-7.531901909729743e-05,0.0012594617215575532,0.004412541179827478,0.011102608169937689,0.024647774648917542
2012-09-24,-0.002232653981520283,-0.006031500986248384,-0.007547183561848803,-0.010334794819469417,-0.0037865466658373315
2012-09-25,-0.0105018557847808,-0.013620071130891587,0.000964799537904959,-0.006091564850807529,0.0007583964677293498
2012-09-26,-0.0057367349435899495,-0.007707540244797584,-0.0074838830234513765,-0.015212863608023097,-0.0018417150832945595
2012-09-27,0.009648981834660786,0.01386693834614583,0.015423283660770615,0.020782341047150155,-0.0024631973146062025
2012-09-28,-0.004477753072888002,-0.006494330342819654,-0.0036566157117871034,0.003701730788606694,0.00952293206257182
2012-10-01,0.002651506710448004,-0.0008664158899687191,0.005307449914538465,0.0031456872529282975,0.0027177249190477593
2012-10-02,0.0008722869484341089,0.002090877462034735,-0.004380819336211705,-0.0063798004527313434,
2012-10-03,0.0036244096381636837,0.004868508485812217,0.002594966877056182,-0.04080966399943675,
2012-10-04,0.007174435557619541,0.004538735772940727,0.009452498900728523,0.040503740861648874,0.009832078107960829
2012-10-05,-0.00032158936312698394,-0.0042134269671109115,-0.008639429357852668,-0.01995422363235555,-0.007023619748747212
2012-10-08,-0.0034567355331607263,-0.007601530581821336,-0.0028674101292829324,-0.006119219394417175,-0.012345712578189838
2012-10-09,-0.00989094181235195,-0.015207183202378793,-0.005920496193966729,0.03425498148293982,0.00503877689504062
2012-10-10,-0.006188030354815854,-0.004319707587554289,0.00011341529885133816,-0.012338991202289873,-0.009194368477125958
2012-10-11,0.00019538952303133073,-0.0007766343461019787,0.0031760990309284143,0.008986298025470907,0.009890024735644376
2012-10-12,-0.0029661372528556607,-0.0017379771300848335,-0.006105861900716381,-0.0022808633123571065,-0.005606117867738569
2012-10-15,0.008077922524027725,0.006593002063170372,-0.012514220705347023,-0.00010888456525159906,0.001973237673716488
2012-10-16,0.010269933278491461,0.012071742214749603,0.005011492610527135,0.002612932691960168,-0.006901402259440026
2012-10-17,0.004117058019306619,0.0009513168858275023,0.0038975462935948446,0.00032583787473861037,0.0021689093484418276
2012-10-18,-0.0024437290975140025,-0.010067265060707209,-0.004681673520910645,-0.00021715449266734854,0.010326433516629097
2012-10-19,-0.016571304555192734,-0.021885077284539367,-0.0117593067319538,-0.022258365432430538,-0.00602413033310234
2012-10-22,0.00043958226653084687,0.003772879907594895,0.0013349934366306826,-0.014658519157023542,0.005787905588907849
2012-10-23,-0.01444390628760639,-0.008783676397138951,-0.009738523561283019,-0.023216557083870604,-0.004503992450756611
2012-10-24,-0.0030853828766044256,-0.002929318526263991,-0.0045659712024685994,-0.010845677072467419,
2012-10-25,0.002995542646406335,0.0014824315283259448,0.006762716847985795,0.003732645308456517,
2012-10-26,-0.0007289817322603254,0.0006127797652355493,-0.0006425091039354847,0.0026728148678940578,
2012-10-30,,,,,-0.01194934237248868
2012-10-31,,,,,0.0038943699153359823
2012-11-01,0.010926475234507071,0.014385881643666831,-0.0019796357578238943,0.009856197764102514,0.0045108472861496995
2012-11-02,-0.009379454163327194,-0.012559411086318528,-0.02333586171735791,-0.025605647276492616,0.009326824819380741
2012-11-05,0.002163809008205897,0.005878358752215762,0.004838406131092876,0.009309461581961997,0.0011408111654149788
2012-11-06,0.007853184882181896,0.0040904702168791385,0.018963277458092787,0.035726765955388595,0.003541198825358416
2012-11-07,-0.023705000038029778,-0.024781417321175225,-0.0005250711317201784,-0.048134333075580016,0.0062364956888989465
2012-11-08,-0.01220484261628385,-0.014200150609169238,0.007121219699920189,0.007697701062188145,-0.0037065497637683853
2012-11-09,0.001698692425988746,0.00320835162967259,0.0028399352873120787,0.011517257011529614,-0.009148333696362476
2012-11-12,0.00013048788935265954,-0.00021347501350610365,0.0,-0.005809225069976054,-0.00044841586062871475
2012-11-13,-0.0039854205221913075,-0.007010452757811869,-0.003525456559040907,-0.0022204328863372202,
2012-11-14,-0.013852035718884714,-0.012857576178550434,0.0030739177463279255,0.011009633071505265,
2012-11-15,-0.0015935449138314572,-0.003467079638033721,-0.00936684080478467,-0.01007880849927989,
2012-11-16,0.00483994963594836,0.005706832622697222,0.0005836689263412076,0.014277369973952014,-0.010113691229355348
2012-11-19,0.019862053761098286,0.022060049185293806,0.011491542093428508,0.030114234054371414,-0.00047539983254574203
2012-11-20,0.0006633863793055195,0.00020913876105632667,-0.006228401861663735,-0.028337800334777286,2.6905687327660743e-05
2012-11-21,0.002320181125065268,0.003384024788056994,0.0027275263320378773,0.007262216177728709,0.007762651598952397
2012-11-22,,,,,0.002306439367916191
2012-11-23,,,,,-0.00020432719004037647
2012-11-26,-0.0020295818770267315,0.003346961023905193,-0.0010278357665378657,-0.00611691122558089,0.001652828444547394
2012-11-27,-0.0052265872985560735,-0.0030200384797993696,-0.004172648658545275,-0.006382466061410574,0.016244130405985047
2012-11-28,0.007856028682432292,0.008083452642746014,-0.014751436053357825,-0.007914687302028933,
2012-11-29,0.004269642628790704,0.006768545749253896,0.006233586467739638,0.01826802948409534,
2012-11-30,0.00016250753698754394,-0.0005942965525207455,-0.009437197324347557,0.00953791268531723,0.009416325777896972
2012-12-03,-0.004745224843287543,-0.002670896369918352,0.0050850143478455845,0.002024436715414968,-0.001513627421776853
2012-12-04,-0.0017098123935156417,-0.0018353240474453525,-0.014654542643435686,-0.006622475722784293,0.00311700901535672
2012-12-05,0.0015848622233496368,-0.007671794774866347,-0.0011803588120766761,-0.007005680752339316,0.001910260219892157
2012-12-06,0.0033065906083264984,0.0052359244762536505,0.0046679415623369636,-0.018434173507265283,0.005152089203245502
2012-12-07,0.0029209195962771606,-0.0037567634892049506,0.002176057793108477,-0.003825664536079132,-0.0039622992103969246
2012-12-10,0.0003385605486661003,0.0029952323534938596,0.005281690140845008,-0.004305862274735062,0.0002539188178889429
2012-12-11,0.0065488820784729285,0.011831456850038613,-0.002802130080633347,0.0026882113545654285,-0.001709302547542535
2012-12-12,0.0004482397633895907,-0.002809115606396184,0.0049174714050892465,0.011423192878899924,-0.001830847807196001
2012-12-13,-0.0063214251654488685,-0.00718364663447868,-0.012233484969514818,-0.010141722801233821,-0.006199048913043459
2012-12-14,-0.004135401260425775,-0.006961470842542838,0.0001179955443904035,0.009779997360046533,0.004802204162394297
2012-12-17,0.011870590853387819,0.01321631003581758,0.0007076018028802089,0.005419042697073939,-0.0036907604177280895
2012-12-18,0.011486656421599406,0.014591752546219805,-0.016205067766646986,0.008371598422955095,0.006640588434805084
2012-12-19,-0.007589201039747917,-0.0033294555226032196,-0.0017969451931716396,0.017968859610724808,0.00556238876257531
2012-12-20,0.00548810949285139,0.001980641232799618,-0.01296128147971043,0.006926545664068584,-0.002226152707619833
2012-12-21,-0.009378687628036508,-0.009631517231283748,0.00863271381914732,-0.01630970416181654,-0.011611741627545302
2012-12-24,-0.002440296594621194,-0.0027838080913963337,-0.00030136821611570497,-0.0005639865744690997,0.001376576161334686
2012-12-26,-0.00478746019469678,-0.007448776744159669,0.0007235459181551551,0.026746447695037645,0.008513016719677191
2012-12-27,-0.001218442012279497,-0.0014213286663327107,0.0016869060582263007,-0.0012090635996131471,-0.006011243466026217
2012-12-28,-0.011049941573072375,-0.008573551871677298,-0.004631271072382481,-0.0007703278607733566,0.006516072871614487
2012-12-31,0.016941941334216226,0.019997888734667457,0.012024910339286654,0.011233442828024964,-0.0005500689610944409
2013-01-02,0.025403420320955883,0.030716904299051828,0.007821814666833626,0.014158168765830537,0.014927757512313233
2013-01-03,-0.0020856174946130013,-0.003756094082618233,-0.008412863935538417,-0.0021478154181440168,0.0027113836399281777
2013-01-04,0.004865096315322948,0.0003514978619969522,-0.015295439046893122,0.001829511109505244,0.0011065649960479984
2013-01-07,-0.0031231161538831653,-0.0009188156008009818,-0.0015775593862339399,0.0010742948485313875,-0.004612584535034436
2013-01-08,-0.003242371304872038,-0.0022589316116963243,0.009723488301428107,-0.0004292404172054898,0.0022210094826073945
2013-01-09,0.002655865938542279,0.004528091873265749,-0.004032471364354473,-0.000536801405676024,-0.005031940005281732
2013-01-10,0.007597415119266371,0.005135520482890232,0.01359680888088799,0.007733633002188212,-0.00047728337205898974
2013-01-11,-4.7513986152325494e-05,0.0012396446346834011,-0.010314224244023618,-0.0027712869012597174,-0.0029068713930493484
2013-01-14,-0.0009306715612543703,-0.0026010382282321,0.005361460490399095,0.006199250173039239,0.01222422031951731
2013-01-15,0.0011286697641588184,-0.002155563978548547,0.008688357473714436,-0.009135336901713753,0.005403390414106646
2013-01-16,0.00019699191031485874,0.002173091540372596,-0.0004158686182930138,0.010291585517105517,-0.00903972511263984
2013-01-17,0.005642922184040833,0.005921322807790119,0.004576022740611085,0.013264007091839725,0.0062230973863934835
2013-01-18,0.0034032703971196288,-0.00041136449697065647,-0.0022480174948188436,0.0007330578740205596,0.0041726894648748125
2013-01-21,,,,,0.002951636210011932
2013-01-22,,,,,-0.00555707639755787
2013-01-23,0.001507477027169024,0.0033373813979842293,-0.0038397919497342725,-0.010494539996411922,0.0009588831425146882
2013-01-24,6.614683421224399e-06,-0.007385059197524746,-0.009962668766925531,0.007560575091129396,-0.005772708349228162
2013-01-25,0.005445481690718124,0.006174994361269892,-0.0078466460532719,-0.0007295434815074442,0.009187005871120979
2013-01-28,-0.0018496216125600817,0.0014573049415822492,-0.002414875598311439,0.0058406884024844175,2.467670502159791e-05
2013-01-29,0.005105995170664235,-0.00020294097227302466,0.005022952454116325,0.011717101045331635,-0.004098884431473215
2013-01-30,-0.0038996213232838084,-0.003598946567460848,0.011561434218528621,0.003792177387919482,0.0009669742889437671
2013-01-31,-0.0025633010773032927,-5.733863873724765e-05,-0.011488807993116579,-0.0045946964102430154,-0.003467778557569301
2013-02-01,0.010052705569688847,0.011765972834534288,0.005299318895280569,0.0028720769866890095,-0.005940610241724986
2013-02-04,-0.011538744820964397,-0.015076648834236428,0.0035342184783622166,-0.016364923075146143,-0.0019420064567502449
2013-02-05,0.010416510240551347,0.012905769171991155,-0.0017310477702732197,0.004887191740166719,-0.00506912149254668
2013-02-06,0.0005491705981217621,-0.0009774615743212145,0.0031690544609201954,-0.0002069189072090305,0.0003861560554081489
2013-02-07,-0.0018053993582290984,-0.0010573201272852106,-0.004351151558843136,-0.00817637024498341,-0.0034233437300943415
2013-02-08,0.005657940611518475,0.009080270143436264,-0.0026341141940571244,-0.001147872359905322,-0.005943929051058117
2013-02-11,-0.000606117484177382,-0.0005855332618055487,-0.010684303018082209,0.013685724424232548,-0.0009570428294656264
2013-02-12,0.001595272232703504,-0.0017261935355967761,0.0003033612515548345,0.004946958290965364,0.004179472508727411
2013-02-13,0.000592263093356804,0.0032606073171317362,-0.0027294232627358417,-0.005127679100052296,0.0017644905550864287
2013-02-14,0.0006906716689645265,0.0005568020576702803,-0.005777886073545346,0.0030924174389976855,-0.006067807551872417
2013-02-15,-0.0010450813177572682,-0.00207270638163215,-0.015843826461965138,-0.014900801403978092,-0.0016195308850228685
2013-02-18,,,,,0.0018344758548591855
2013-02-19,,,,,0.007036044662061647
2013-02-20,-0.012404137955230099,-0.01530381113838064,-0.016213519827786183,-0.022760236853778593,0.0005639357652500454
2013-02-21,-0.006303057332801343,-0.010403178725052031,0.0003803090740506221,-0.017150145694298735,-0.015278317980085387
2013-02-22,0.008772467921830174,0.00968551016276109,-0.0036750265728406895,0.003123663582146996,-0.0003332385514118741
2013-02-25,-0.018309580659152336,-0.014412606465307398,0.008776346059238271,-0.00021471753093671442,0.0007606781636959603
2013-02-26,0.006109463971145868,0.00430000877456882,0.018282688748398224,-0.005155228802353196,-0.01595284211003889
2013-02-27,0.012725994077109837,0.010419730142165129,-0.012382367882991407,0.0014034857677569512,0.006170394800684376
2013-02-28,-0.0008640799292052304,-0.0006546167465617536,-0.01097041156949885,-0.007654151230289452,-0.017914764685562745
2013-03-01,0.002323855425648391,0.0030219857050348686,-0.0036761912513875172,-0.014883244988179833,0.004681215084936907
2013-03-04,0.00461072337316093,0.0038773019554803057,0.00012720349180583845,-0.006175535473192717,-0.0037065221232879253
2013-03-05,0.00956601649469957,0.013230501638266334,0.001590229653854136,0.007767387116160762,0.01504781960164947
2013-03-06,0.001084512714484509,-0.0005458110215661449,0.0,-0.004294201618133986,0.005938556883995361
2013-03-07,0.0018164914425815581,0.0030164041837654754,0.00012706290187325386,0.012495822731444894,0.007682209858219213
2013-03-08,0.004481139122655131,0.003799408111451852,0.001142955741683993,0.004259495413363901,0.014053586439350063
2013-03-11,0.0032490857396794137,0.002619923033740923,0.0007611780164726856,0.0011963090157955936,-0.0005634488026979856
2013-03-12,-0.0024032529493148713,-0.003243304665741409,0.008682945080430438,0.005214027478417815,-0.00475401138198539
2013-03-13,0.00131405176760091,0.0008635942069536995,-0.002010651066211122,-0.0002161689243898035,-0.01063558298052436
2013-03-14,0.005602990523162488,0.004255563416584396,0.0014480429938343864,0.005512344949578862,0.009869769974075515
2013-03-15,-0.0016184626244926115,-0.003025491031740657,0.0011945331593272712,0.004514653063059093,-0.006151701479069183
2013-03-18,-0.005510332450180511,-0.0035333126793867242,0.007598100838893229,0.0031032736757383717,-0.0063600614779059095
2013-03-19,-0.0024225306518709244,-0.0026223178363837807,0.0041755411592481195,-0.016855069742548023,-0.015303509650400615
2013-03-20,0.006697492376419811,0.007769918240754015,-0.0023583744262211104,0.008680505540086036,-0.008971587155559457
2013-03-21,-0.008282433828555424,-0.009707436971656547,0.003919159457620447,-0.005486253670968888,-0.00626051962544405
2013-03-22,0.007174256352702191,0.0069508786895529084,-0.0047094419545772315,0.013629012199274149,-0.0013076920421912774
2013-03-25,-0.0033400389194234714,-0.002989199128466846,-0.0009961247880565516,0.011738325524147442,-0.003096605182407286
2013-03-26,0.0077851108025177584,0.005310150953957926,-0.0054841872689167515,0.01613752577465588,0.0013756134553923882
2013-03-27,-0.0005883499068413123,0.0012421411005634209,0.00651704601174008,0.0024912341943867933,
2013-03-28,0.00405666949441863,0.0033778388998153552,-0.007097436614558861,0.006730187549757405,
2013-04-01,-0.0044735804606589324,-0.008676334800334917,0.0032605662231424137,-0.001645620246684576,0.0038451220679536213
2013-04-02,0.005172264111710456,0.004843890850219079,-0.015562515258789045,0.0012362495823559083,0.007660787472937303
2013-04-03,-0.010546128701639845,-0.011140266730033432,-0.014157784968231613,-0.02819225665536873,-0.013082617566656962
2013-04-04,0.004048451943253761,0.001982191828411972,-0.0006439979189559741,-0.012599204345806636,-0.017301539606436434
2013-04-05,-0.00429489561132812,-0.006548838496605258,0.015208129168290396,-0.006004773484459602,-0.003856675187228098
2013-04-08,0.006302737952936344,0.0057399174625396565,-0.002158197512614035,0.007119780839667911,-0.001854734558591864
2013-04-09,0.0035443321494683655,0.004844474333734139,0.009033047819258844,0.008997390021412421,-0.008632604654596254
2013-04-10,0.01218913260513399,0.018342328145058096,-0.01758914588487892,0.004670939019753906,0.01157396526468668
2013-04-11,0.0035522505198095633,0.0008825269874517261,0.003850349619453741,-0.011939954149466692,0.006350370310898912
2013-04-12,-0.002836767069231527,-0.0015786995407049975,-0.04046541382872515,-0.02374078889944753,-0.011700070667232776
2013-04-15,-0.022966290584432447,-0.02381218595129042,-0.09353765783748336,-0.028261603737325225,0.007208056192685941
2013-04-16,0.014307223290395576,0.014966591758184489,0.019256264671697165,0.00011275094503093719,0.0216490006254777
2013-04-17,-0.014327681394279534,-0.018366541718304763,-0.0033170590526998556,-0.022993698010131514,-4.394483892755652e-05
2013-04-18,-0.006701003439812281,-0.011954371397697838,0.007090181720680988,0.012113556161295058,0.0165942832462036
2013-04-19,0.008847902373522176,0.012538040470766232,0.002370724732848384,0.0031915965870614738,
2013-04-22,0.004661629963028435,0.008574384051443174,0.01841894235828323,0.008521758684189917,
2013-04-23,0.01041921875000007,0.011065246789621286,-0.008726266301240293,0.004731840455576952,0.0004284930827240796
2013-04-24,6.340190171760796e-06,9.782561292603908e-05,0.010506921116457235,0.025229872082310534,
2013-04-25,0.0040347322693841114,0.0062208763929265665,0.02697767581525068,0.02417148722625062,
2013-04-26,-0.0018421130247733286,-0.0032614021624988165,-0.005609572423233455,-0.006834679558094803,-0.007580685708230228
2013-04-29,0.007186011722218666,0.008465327446727455,0.009493704636698519,0.016129032258064502,0.005560790138323224
2013-04-30,0.002484899676771457,0.006582971800193738,0.0032710417595427366,-0.011005300693410991,0.004420673298985989
2013-05-01,-0.009307883608932754,-0.008910191361409248,-0.01759265263059795,-0.026000431510591615,
2013-05-02,0.009407983261396247,0.012576114263082472,0.014796308940934866,0.03251674309750552,
2013-05-03,0.010534666895180678,0.011378056855204655,-0.0023164832437552185,0.017235905770847104,-0.009226015610903193
2013-05-06,0.0019077786269059427,0.00424435004365975,0.002595046528103051,0.00575256822766157,0.004550774678246938
2013-05-07,0.005230269513137653,0.0010786750666751388,-0.01300999652855006,-0.005615649906012932,0.012141918485269576
2013-05-08,0.004139081299929126,0.0048990138145317275,0.017184281859256467,0.010458062866304907,0.004260740927464202
2013-05-09,-0.0036871039064235722,-0.0012012227666691189,-0.003460190990881462,-0.002380494208190753,-0.0031552078427498076
2013-05-10,0.004321655306021466,0.008040126153326055,-0.02178649165046731,-0.003631066255185389,0.007371734316693912
2013-05-13,4.2889368592202715e-05,0.0006430698215260655,-0.0016008134395603113,-0.00905875404298706,-0.01875381347676275
2013-05-14,0.010142153479971716,0.006926874885873735,-0.006831682696497032,-0.010087202930995964,0.002499762817683493
2013-05-15,0.0051141362697153525,0.002602086139098514,-0.01979360717228873,0.0009553547198788426,0.025244370704460284
2013-05-16,-0.005009741163373271,-0.001837795247682128,-0.0067311309803527175,0.009119836506044976,0.0037662020325781587
2013-05-17,0.010300096519028301,0.009733807922050586,-0.016004579022861898,0.009037336568530119,0.0028201271688605978
2013-05-20,-0.000707617924973758,-0.0007259390860074877,0.014213513127007804,0.007186028593306304,-0.004913274498306808
2013-05-21,0.001722386289245481,0.00162742730674581,-0.004695513812560059,-0.0056870585003612195,-0.006951518680887947
2013-05-22,-0.008273657594813577,-0.011084733550073333,-0.007403159297942441,-0.019550798785517243,-0.0032057207672742116
2013-05-23,-0.002923832356719225,-0.0011203554120117198,0.01784149228549703,-0.0003181881595809566,-0.020912330020920522
2013-05-24,-0.0005513654411685165,-8.09468937564839e-05,-0.003735597106232058,-0.0010609917678631176,0.0027651855674202253
2013-05-27,,,,,0.016645653651653936
2013-05-28,,,,,0.004619333422216654
2013-05-29,-0.007047981897774669,-0.0061251210857455884,0.00884640233352485,-0.01978744174867897,-0.0011372788402536083
2013-05-30,0.00367034439193481,0.006857935689752681,0.014518759766370515,0.00515412188435338,0.0032354243126841986
2013-05-31,-0.014307241527974024,-0.010136664343882162,-0.013390027923529946,-0.017519489145982114,-0.022550373328005135
2013-06-03,0.005935988427895333,0.002737399214307379,0.013715335287077801,0.016092157311028865,-0.007793314194550316
2013-06-04,-0.005510807488524838,-0.005803162935506645,-0.010342123745076148,-0.001498120858430596,-0.0033420790375549014
2013-06-05,-0.013779732742503992,-0.012707322284175926,0.0009305338564478127,0.004608298322007043,0.0007432957789279548
2013-06-06,0.008490293972530871,0.006635367101665235,0.012371228872840812,0.010881206482886041,-0.0004136153467944048
2013-06-07,0.012831541229424204,0.013191957252628228,-0.023098080313421643,0.013402243715028517,-0.006822694465840606
2013-06-10,-0.00034681344994402785,0.001311548090507264,0.0023137752508135545,-0.0027075095234357915,-0.0005101173269852488
2013-06-11,-0.010153367167240024,-0.010599454814899767,-0.006636813948880493,-0.004072250217382556,-0.01517526289766924
2013-06-12,-0.008369555515669425,-0.01062570594570278,0.010748038364651435,0.005242189289139221,-0.004940507590509791
2013-06-13,0.014784291377196501,0.013213086781521222,-0.010202667584430447,0.008448114426280018,-0.010607287174840163
2013-06-14,-0.005885016114436148,-0.006327364382365697,0.007041284417896199,0.011997062813374315,0.019178432176063964
2013-06-17,0.007567364431436019,0.008345062954872029,-0.0032437106909938285,-0.0008175966510193255,0.007170632711935632
2013-06-18,0.007791157767295331,0.008704785117656932,-0.011715412691745586,0.006852877378996425,-0.006230666105106253
2013-06-19,-0.013851474486292426,-0.011194131616968028,0.005122201174486918,-0.002031740884563371,0.0014878736408507898
2013-06-20,-0.02501035094286319,-0.022816002470902874,-0.06384679144629768,-0.028908758139722934,-0.028571445344368618
2013-06-21,0.002669776576555538,-0.002196339820622728,0.004432654999343644,-0.01792451841846987,0.002077476653207899
2013-06-24,-0.012145015629135836,-0.010869011909859227,-0.011458599440665407,0.015903488365275553,-0.013656436737869537
2013-06-25,0.009497272121224087,0.00816978123463219,-0.0015664159801964672,0.0014708908300016255,0.0033719596898618143
2013-06-26,0.009590486444071455,0.00846206985116349,-0.03545659829848469,0.0018883792042809766,-0.003636929630169039
2013-06-27,0.0061998311850259835,0.007594332401691828,-0.01480152206672114,0.01623039844772567,0.01675700951400083
2013-06-28,-0.004289562412875814,0.0004085684108798837,0.010236110421130373,-0.005049000285993865,0.02813098364392963
2013-07-01,0.005403747467634501,0.009179457940020619,0.02622975511128267,0.014809448439639938,0.009696672563395348
2013-07-02,-0.0005449081736377259,-0.00031739440025291277,-0.00979381207820551,0.016430254571388803,-0.007001414222266744
2013-07-03,0.0008240472350893313,0.0029912098279722965,0.006834995309480618,0.016465857578045417,-0.01479285797525931
2013-07-04,,,,,0.011445406104154454
2013-07-05,,,,,0.005302376411589815
2013-07-08,0.0052515464964768555,0.0015664272071649332,0.018138345747521933,-0.0007750613263763917,-0.009603111606205639
2013-07-09,0.007229670722828763,0.005575575051016246,0.00890760367845922,0.0037812622838504506,0.008164809200159828
2013-07-10,0.00018159245054127915,0.004708554717406166,0.0012039489289723537,0.028880497430928687,-0.007219628722904936
2013-07-11,0.013554249906357896,0.016343073342942827,0.026214486557537997,-0.015114467064356818,0.02035516673855131
2013-07-12,0.003086483632862347,0.006086697314275691,-0.0017966774483842984,0.009913194641403278,0.012451332096813816
2013-07-15,0.001374879432867404,0.0020582631354228997,0.004695570332386989,0.0034922393321330514,0.0036278589927609683
2013-07-16,-0.003708760911961373,-0.002492034699669632,0.0054525624970880315,-0.003009778929107698,-0.012527327574159974
2013-07-17,0.0027740472164057284,0.0031957760177852013,-0.009993820829007571,0.004528333555977371,0.003030906290667934
2013-07-18,0.0050329647425946256,0.0003545787525969235,0.005242938448918988,0.014650615227391084,0.010839904594975858
2013-07-19,0.0016100503211176065,-0.006554440996814237,0.00677259334231195,9.257808354035113e-05,-0.0014656403410467922
2013-07-22,0.0020330263437824403,0.003562200120300618,0.03332558103975236,-0.01055066503887414,0.00043116985516933326
2013-07-23,-0.0018519369130487462,-0.005865996094037373,-0.0009727991652013213,0.002993168869730667,0.007626247801568509
2013-07-24,-0.0038112215188927934,9.221939758630171e-05,-0.011534734997881935,-0.017159413500719478,-0.014363718367322642
2013-07-25,0.0025564722015867236,0.007148799601037759,0.007047093409275895,0.0009488421548553561,-0.013855270845505419
2013-07-26,0.0008282942843145236,0.002210693703426969,-0.005492888508747185,-0.007488870333920428,-0.003605553057553945
2013-07-29,-0.003736037754951127,-0.0038802654386433932,0.005069284625642156,-0.0014326065029262036,-0.009267488559460024
2013-07-30,0.00037381693747806644,0.004815060998528242,-0.0033122736624483506,-0.014060269515012824,-0.013135235986211136
2013-07-31,-0.00013640921141577778,0.0027375165740557428,-0.008761310865511684,0.018917315809114932,-0.0022675398355147536
2013-08-01,0.01254056989753427,0.013614129681049914,-0.0010667665254635583,0.027230321275746983,-0.0024642811465952486
2013-08-02,0.0016404581697111453,0.0037679753445691855,-0.0003051292250667581,-0.008805236385360016,-0.008720583545463012
2013-08-05,-0.0014798348405500317,0.0009106332143176132,-0.006104074583416219,-0.0035534400050222237,0.0013209109228755622
2013-08-06,-0.005723033522392118,-0.0073599512584783255,-0.014893309364093832,-0.011824273045268563,-0.025178510712102753
2013-08-07,-0.0038058649299111957,-0.003208059890000614,0.0022599941742627028,-0.008831911474101561,-0.00417698630407326
2013-08-08,0.003885449938943575,0.0041352123780427075,0.01912757643489571,-0.009293869839769653,0.008434310641922904
2013-08-09,-0.003569960525698801,-0.0024556322709139433,0.0016785483513754862,0.024854928983545577,
2013-08-12,-0.0011529207361400395,0.0026884010210641573,0.016604407306292535,0.0013211228464258262,
2013-08-13,0.002776056134700333,0.003948280065712684,-0.010114632871715434,0.006785422830662746,0.01548355495969922
2013-08-14,-0.005176618120080079,-0.0041172938401080605,0.009688199592174929,0.00018718190324507056,0.007544786460370823
2013-08-15,-0.014281601380197961,-0.017210481105944142,0.020689636871017658,0.004492310377054665,
2013-08-16,-0.0033045953891290836,-0.0009262275748124216,0.0074177260333683215,0.001211192128950156,
2013-08-19,-0.005900302398330837,-0.0037998271598396194,-0.004009623238158788,-0.0033500894604379106,-0.016903164756765454
2013-08-20,0.0038211953199089876,0.006826242696627016,0.005050523101061355,-0.01988792982039722,-0.002456217680871675
2013-08-21,-0.005779602928505545,-0.003818930341426885,-0.0018206977237278377,-0.010669741198032212,-0.018309969924526603
2013-08-22,0.008619376484360286,0.010811719976072887,0.0004377466778233696,0.01136254523364122,0.01997159753810962
2013-08-23,0.003947010921615535,0.005243638083229918,0.017867561896469875,0.013234308348125445,0.011703871238818442
2013-08-26,-0.00403965777164117,-6.013759695766563e-05,-0.001934478230516512,-0.004698365049830566,0.0008680952163384603
2013-08-27,-0.015874194741040237,-0.021612723023945568,0.0198133349504217,0.029172998684880103,-0.03452018710627225
2013-08-28,0.002747645185721348,0.0041441931424328615,-0.001126267502065459,0.009999048862767923,-0.00046339827742913897
2013-08-29,0.0019634016027962886,0.0074999514212246154,-0.004298784768102526,-0.011807406361307615,0.023472053867076736
2013-08-30,-0.0031743183568806455,-0.008405361773943354,-0.011890472459360368,-0.010569866669321915,0.011600928493137763
2013-09-02,,,,,0.014428560643769517
2013-09-03,,,,,-0.03770658103634639
2013-09-04,0.008116953209842404,0.010084102783685989,-0.015651540783241824,-0.0120692606186108,0.01996646948750791
2013-09-05,0.0012098628337211537,0.0026691924807922263,-0.01208723543638135,0.010631347141282443,0.026587268049381718
2013-09-06,5.443114110303959e-05,0.0003361722921031429,0.009904577836828077,0.019931678305535216,0.015635702800382845
2013-09-09,0.009992880823750605,0.012614698252684908,7.218407714337793e-05,-0.009137810073147734,
2013-09-10,0.007345789391592916,0.006162703460680152,-0.016368670639555827,-0.019448478074372,
2013-09-11,0.0030522833735622257,-0.0010753521688331436,-0.00014658102445097576,0.0015829981368051804,0.0027811764690295337
2013-09-12,-0.0033804153149811222,-0.00242684960276629,-0.0245619175895182,0.00966903067249314,-0.01056115743091468
2013-09-13,0.002714679741101511,0.0016711547688650352,-0.016536379732621564,-0.0035911546512716885,-1.7108662708431588e-05
2013-09-16,0.0056931530442476674,-0.0011632521973398147,0.0072607763854593,-0.014970915444860067,-0.0017178225824691085
2013-09-17,0.004217739327674108,0.007490848954125884,-0.006373794869453109,-0.010976622658250168,0.0016523085921216207
2013-09-18,0.012177672896303449,0.010128932349314335,-0.0012981681343069429,0.025137559968764434,0.008418515325246734
2013-09-19,-0.0018429538196846895,0.0015170551102483554,0.04710198293778567,-0.015545482649392817,0.03663046592828345
2013-09-20,-0.007216886263627376,-0.003866042148531368,-0.02694612513231931,-0.016072930672833885,-0.01691584736207319
2013-09-23,-0.004719586526811925,-0.002500825610068591,-0.004202608319652912,-0.010412724150816288,-0.020350642149811637
2013-09-24,-0.0025971430708935372,0.0007861176448009655,-0.008214653865030841,-0.004440574386857188,0.00045845669383259846
2013-09-25,-0.00273946595048713,-0.0018974065796457662,0.015121599098831595,-0.004557292774416299,-0.0031565981959502665
2013-09-26,0.0034854258676535466,0.007000567201277841,-0.009207312376178667,0.0036040824468046573,0.0014300505127124996
2013-09-27,-0.004073801130465626,-0.0015419014623118121,0.011181662965484174,-0.0015529072562405766,-0.008338612722597616
2013-09-30,-0.0060292307798877065,-0.002673506960537475,-0.008891231468164507,-0.005249352591713774,-0.016783307163651173
2013-10-01,0.007998543475556064,0.012329377390522644,-0.030531473803241616,-0.0028339774292793773,0.007802556365654301
2013-10-02,-0.0006666695473820372,-0.0007752688470452629,0.02690511320834954,0.02018813739818648,
2013-10-03,-0.008979414583967338,-0.010663097816619893,-0.0024231040671155446,-0.007588865774322939,
2013-10-04,0.0070532243451535415,0.008851855246580831,-0.005844901396303115,0.005130178993531187,-0.00040617807091192226
2013-10-07,-0.008506361953748875,-0.009814225510472063,0.011529432861884903,-0.007800439013480487,-0.00019465786091266146
2013-10-08,-0.012332078852067663,-0.020037716897413516,-0.0004529722479862386,0.004464710180750453,0.003767259613774776
2013-10-09,0.0005739063518743759,-0.004614569132439628,-0.01306443693983117,-0.018165980212819344,0.013334170142182522
2013-10-10,0.02183049604365883,0.022559796954193523,-0.007881282910483511,0.013778186374071355,0.0022472096415437903
2013-10-11,0.006286271807078414,0.00827497631788865,-0.02205767092739075,-0.009610770533280855,0.012498027314456817
2013-10-14,0.004074720335558668,0.0061737114895534795,0.006624624932225931,0.0038228487735347816,0.002706604027322923
2013-10-15,-0.007063723409320266,-0.0055749563250721,-0.0026637608500699184,-0.011717649982671663,-0.0038690578417597266
2013-10-16,0.013827532394934838,0.011971481824795127,0.0070699135899450205,0.010670900512046222,
2013-10-17,0.0067439531397044394,0.006177992859734083,0.03174723180333472,-0.015837351960919843,
2013-10-18,0.006548755402622897,0.013235346348352772,-0.006274988330088771,0.001390676390134571,0.02373528911271383
2013-10-21,9.173641713244862e-05,0.0014740947219062939,0.0009889886896434774,-0.015772208872106064,0.002520474267913464
2013-10-22,0.005737513079636436,0.002428545404438376,0.020369422986034502,-0.014311612089045522,-0.0003465604972340275
2013-10-23,-0.004724557241463034,-0.005725817229006447,-0.0064059408461359935,-0.009611476606077085,-0.003941721126123232
2013-10-24,0.003258134764679621,0.005602636296542451,0.012219751450242677,0.002581044790673781,-0.0022659771263707773
2013-10-25,0.004394843515520774,0.0036651293542169228,0.0016294425431417903,0.007620202441751989,-0.0031552710349620483
2013-10-28,0.001329699787098182,-0.0008191553703896792,-0.0002957885291637874,0.008482389821132141,-0.007127830458360185
2013-10-29,0.00558419502875096,0.0030989346649175076,-0.0050296219142936804,-0.0048642415428570285,0.019635771052751938
2013-10-30,-0.004875923596155185,-0.005495471093105553,0.002824895157641505,-0.014562121686515939,0.004951099270564585
2013-10-31,-0.0038393812241105385,-0.0027756832063960957,-0.018828780143856583,-0.004030168473467599,0.0075898884381608855
2013-11-01,0.002903421198789946,0.0005944516681644085,-0.007932910391110992,-0.018364771669503455,0.0012779967286942195
2013-11-04,0.003570558689741876,0.0037098164942759304,0.0011423349538413063,0.00010571965083983059,
2013-11-05,-0.0028055878101066467,0.0008306731100373721,-0.005020520088626745,-0.013210737304117814,
2013-11-06,0.004265540341705787,-0.00200772515630665,0.007415864810301986,0.015315414620442391,-0.00607693731854364
2013-11-07,-0.013182771972194418,-0.018977828805942787,-0.00705769682205859,-0.006329178103380517,-0.004489015193861801
2013-11-08,0.013427559516743681,0.016047343911475442,-0.01826660346079223,0.004246300836916905,-0.007515455169905816
2013-11-11,0.000722931253898329,0.0001429001606287894,-0.0027247956403270157,0.005708255013080921,-0.010088376063591586
2013-11-12,-0.0023703916199453445,3.313514530267625e-05,-0.0077283562951308005,-0.02207271902031971,-0.009993749087304105
2013-11-13,0.008095344244797742,0.011648236994637351,-0.002202758879388589,0.009028335443088231,-0.004727396408233497
2013-11-14,0.00483725876385388,0.0018055144438693382,0.01411330257401544,-0.0012781755506826586,0.011110892814620632
2013-11-15,0.004222034052096646,0.003330190372707875,0.0008553084263824839,0.0008531804590181657,
2013-11-18,-0.00369819718572606,-0.00925744614609847,-0.011730052888598963,-0.008631687875148453,
2013-11-19,-0.0020429655768170463,-0.00443649244707589,0.0009433055244829625,0.0033322322117748104,0.0023186456061157212
2013-11-20,-0.0036356111002209257,-0.002614752240007512,-0.012172137351051271,-0.00010707635770379476,-0.01296883039744856
2013-11-21,0.00812856425584818,0.012212852555318232,-0.011447670033053803,0.022607956380104488,-0.020227359524339406
2013-11-22,0.004961457973002625,0.0056661839614375875,0.00040209087253728626,-0.006286736045338803,-0.0006000299201028847
2013-11-25,-0.0012633420978621634,0.0007315686713682545,-0.0023312093360631225,-0.007908055978070094,0.019998481921756683
2013-11-26,0.00014980445507073448,0.005802860193699244,0.0002417604012789898,-0.004357488029253287,-0.009198165125747781
2013-11-27,0.0024850813860768373,0.006720179204778853,-0.002899931943884604,-0.014730969779274683,-0.00033008202006323817
2013-11-28,,,,,0.00573706880185898
2013-11-29,,,,,0.01382995291240241
2013-12-02,-0.002719020284730922,-0.0036035171395275567,-0.022629079889877057,0.011863658969360369,0.006759929298400413
2013-12-03,-0.0031928479771501372,-0.0019924698472514324,-0.0004909577290987954,0.023662345213433245,-0.0025732366893230774
2013-12-04,-0.0013034931835718133,0.00019816923555970867,0.021691087058308245,0.012078259284224124,-0.006594790538263173
2013-12-05,-0.004339572538419101,-0.0011961560487865341,-0.012017305389186439,0.0018518550496622321,0.013009341059879276
2013-12-06,0.011237870620775636,0.007277178553043884,-0.002351526482785138,0.002772687205549129,0.0030122581585512176
2013-12-09,0.0018171001772671058,0.00153352609680657,0.004064049257546998,-0.003174656253396191,0.01661368418384157
2013-12-10,-0.003179659038540561,-0.0020301099270353395,0.02193797014065213,0.012019784696503333,-0.004879052965001018
2013-12-11,-0.01131687458772268,-0.013958889635719451,-0.0030893728918237606,-0.010861838103957577,-0.003939805131615848
2013-12-12,-0.0037705618911193506,-0.0013512519751999186,-0.025824394119984162,0.0006157384758875839,-0.011231962896228742
2013-12-13,-0.00010141014414954963,0.0006452776580669894,0.007911868818821333,-0.009230784880809306,-0.011006790789477972
2013-12-16,0.006320039831068547,0.007133262151228337,0.007930767350788681,0.009109781539471173,-0.0022209498813532402
2013-12-17,-0.003100987910356179,-0.001449325940141244,-0.01148137200170618,-0.002667235610142926,-0.0025428355774208544
2013-12-18,0.01664796429762072,0.011526793318825002,0.003979877037355806,0.005965869407242419,0.012721854381539055
2013-12-19,-0.0005799292044109672,-0.002928744501068503,-0.03324971798211973,0.009918134570970016,-0.00812269300133206
2013-12-20,0.0048187283492318045,0.011483177768736308,0.008451862415010503,0.005568523544102311,0.017448711919798576
2013-12-23,0.00531812014989308,0.01075821256578835,-0.005559664183560686,-0.0041280309502076395,0.001633661393792174
2013-12-24,0.0029157468493599126,0.0015715056243141845,0.005590746858630036,0.0031341375706823715,-0.0025618740800780193
2013-12-26,0.004745529147706984,0.0028300999964747664,0.007468260046743502,0.0033259607639051225,0.001675068624143572
2013-12-27,-0.00033658435338035364,-0.0025413664839353256,0.0016473107983012714,0.007734772671640133,0.0055582829614344575
2013-12-30,-0.00017925389411521664,-0.000574905999227493,-0.010689910583820517,-0.010267132998705741,-0.0035952528957914343
2013-12-31,0.003959675229718407,0.005389641178767501,-0.0009973827580626038,-0.00876223928451958,0.00205050025329534
2014-01-02,-0.008861912729460575,-0.008025691002771174,0.019219548312430446,-0.03027835585227001,-0.013142464729735126
2014-01-03,-0.00033296507498215,-0.002693574678253041,0.010938795440051052,-0.015507159671776072,-0.001607419875260141
2014-01-06,-0.0025117674736410134,-0.004411998271834361,-0.0004844764002821522,-0.0056406852326637,-0.0031716682644893357
2014-01-07,0.006081764662643874,0.009602107677828542,-0.0067862530963826995,0.002568745188757715,-0.00471621258208732
2014-01-08,-0.0002122089839386998,0.0029928120076470055,-0.003334940218413962,-0.014305501911869412,0.0020041539464075164
2014-01-09,0.0003483091890779111,-0.002261354803778981,0.0032645065213419144,-0.007256559684372776,-0.0010122113013233403
2014-01-10,0.002306686808393188,0.004446375341184972,0.014154316808444811,0.011564450319042852,0.0005025813397698808
2014-01-13,-0.012576216507389826,-0.014700591504474336,0.0033689527606377556,-0.009922326971884332,0.01641426269054902
2014-01-14,0.010817971767347556,0.016949947281814204,-0.0045567776248605085,0.008605591066129126,-0.004926053540113995
2014-01-15,0.005166188100786506,0.007616474014585428,-0.0057018758949159976,0.017064498256256222,0.012664483037998941
2014-01-16,-0.0013471203041568458,0.0009039542524773569,0.0015346292315072674,-0.002229999878474276,-0.0003164106426141178
2014-01-17,-0.0038951743709019215,-0.005003890680388201,0.009435444493447687,0.004363597978973788,-0.00906012136365153
2014-01-20,,,,,0.006755454812783057
2014-01-21,,,,,0.0015624503794975375
2014-01-22,0.0005748652214816463,0.004079795192155178,-0.002656402397502866,0.018317775895305477,0.003983400076500443
2014-01-23,-0.00888957673985069,-0.005684684701272702,0.01904759934296818,0.0060994140123571405,0.0010569111327305425
2014-01-24,-0.02087544856898549,-0.02150095841956723,0.0015048506659289806,-0.006987261686273394,-0.012433699236166218
2014-01-27,-0.004876293940238585,-0.010794084375501223,-0.0007117630795274721,-0.009519848662621788,-0.020888004522878645
2014-01-28,0.00614065260021901,0.0035140116558984857,-0.009971490843132425,0.017655687629062777,-0.0015645912959830754
2014-01-29,-0.010209232261157553,-0.011354437266446693,0.008952798698541153,-0.0005133256326655955,-0.0009793919608243051
2014-01-30,0.011267044743841437,0.017697443219224063,-0.015845350002930414,0.008935936124979227,-0.00760586653935702
2014-01-31,-0.0064652996420466735,-0.004668783314405123,-0.0016905294384824687,-0.007533395784128705,0.0026013474783779245
2014-02-03,-0.02283191982018462,-0.026053375081174335,0.016369687305681557,-0.010872885237672825,-0.014401871305115388
2014-02-04,0.007641088938743268,0.008646586138342016,-0.00690262858907198,0.007881386848752836,-0.0001499387472150282
2014-02-05,-0.0020282227794392593,-0.004953459391588755,0.004473993668376419,0.001954880206184395,0.003582795972251196
2014-02-06,0.012439792925644788,0.011359715771884105,0.00023854827500557896,0.004723753311222545,0.0023080337687870767
2014-02-07,0.013301886798946505,0.016942990128032465,0.004532501075734885,0.0208503780854834,0.00445643713788213
2014-02-10,0.0015692347655638095,0.0054073718771454615,0.00910314221128039,0.00180216570009617,-0.0016080616977710571
2014-02-11,0.011062113608869106,0.010337060347112681,0.012001824734692468,-0.001199231662156075,0.0015280542007536368
2014-02-12,-0.00026926239009483766,0.002443357834484905,0.004030752143705518,0.004302584497412942,0.0035132538310187478
2014-02-13,0.005810025082904069,0.009373283550137224,0.003937292823042338,-0.00019930528956402238,-0.013625887959196281
2014-02-14,0.004809216724759979,0.0007899925525844953,0.014303272252181198,-0.0004982104945042698,0.007873556386512215
2014-02-18,0.0011584739056558213,0.006776538633806117,0.004321418629169793,0.02123626309681015,0.013020079646268501
2014-02-19,-0.006524484290135191,-0.008151505950470206,-0.003095022070704001,0.008591206197365642,0.004186303787261814
2014-02-20,0.006031458262132583,0.006984416524700832,-0.0026503105139367156,-0.003775040159373133,-0.009962992919832603
2014-02-21,-0.0019187235651341172,-0.0009700293205606725,0.005162894961789011,-0.006995736819983445,0.01050652930713425
2014-02-24,0.00618651346579302,0.006933430636603344,0.01087697269318788,0.006066563259253366,0.00497931123983264
2014-02-25,-0.0013476817370097205,-0.0012532980254897907,0.0035118814917405317,-0.009628456202177782,0.0022550082945691496
2014-02-26,2.1699977565736717e-05,0.0010425938596403395,-0.011020140601731176,0.007463365345871775,0.006249949794065124
2014-02-27,0.004948082937896281,0.0062604243232102785,0.002559873918879907,-0.0018519818578212055,
2014-02-28,0.0027826887923012578,-0.0025029482195308983,-0.007659921417005666,0.001855418058404057,
2014-03-03,-0.007378510346287226,-0.00715400491667828,0.021719351174222412,0.022711783938275998,-0.008841873564879643
2014-03-04,0.01526770113133269,0.017457371137374667,-0.00911038217927107,-0.01515436871558451,0.01229616851351456
2014-03-05,-5.335132643191631e-05,0.0013786859063362744,0.0017939170699330376,-0.018194182226826006,0.004874555383765911
2014-03-06,0.0017184082710823834,-0.0013401495979382672,0.008580809147130886,0.0010842840183393765,0.011455839889823904
2014-03-07,0.0005380892952486782,-0.003655605047905519,-0.010061386459433441,0.010043366453139413,0.019605852372563293
2014-03-10,-0.0004632463094992323,-0.00040819410536185874,0.002466219930001845,-0.014232784737878923,0.001624125365211171
2014-03-11,-0.005082138985368356,-0.006289206860821905,0.003801979642996667,-0.01077931109255248,-0.003877792291292259
2014-03-12,0.00030517087837123036,0.0037472544601737656,0.017675491146026845,-0.020393891236851425,0.000767825070253414
2014-03-13,-0.011701095130556172,-0.014551319263895746,0.0013864863723640486,0.0021430665277146765,-0.0036520132339212807
2014-03-14,-0.0028217776974703845,-0.003525478663295667,0.0049555815989628105,0.007026501658344397,0.0017095220294318647
2014-03-17,0.009613634629240364,0.008138289386984798,-0.004423477582260693,-0.008190894565609175,
2014-03-18,0.0072196189337276895,0.012467402854288157,-0.010124571466880727,0.016517078782053884,
2014-03-19,-0.006131649335692324,-0.005933099775888961,-0.012950681078688353,0.006720218845018389,0.0011355378077144707
2014-03-20,0.006040504799839086,0.002713794489096255,-0.008125856728550263,-0.009365372279401263,-0.00627673121100758
2014-03-21,-0.0029326714097337447,-0.009839580027189987,0.004133784291619591,0.0003017075249400758,0.0015579117249633345
2014-03-24,-0.004864709743258144,-0.011784516397442268,-0.01856291079949479,0.0014075949219498618,0.013906825905766418
2014-03-25,0.004403939814465518,0.0018644475681597328,0.00015258789630734348,-0.0041164260943376,0.0009493430546061443
2014-03-26,-0.007000319763734719,-0.014333035240149505,-0.006100350656600306,0.010787374417661866,0.0017678822935240923
2014-03-27,-0.0019000838946738874,-0.0053551380919689695,-0.006674906459433694,0.010173515074141326,0.0061123546903929515
2014-03-28,0.0046402218845611465,0.0010911910873554476,-0.0006950663301836801,0.0038507049205076527,0.00815295702845642
2014-03-31,0.007924102207026662,0.010402542781126956,-0.008038355249315732,-0.000885180874510394,0.001239608281157878
2014-04-01,0.0070393485966973035,0.016444383252483874,-0.00296092313841112,-0.018113840658768643,0.0025132915014651758
2014-04-02,0.002853326841976367,0.001972784181483389,0.008518306206649617,-0.0012030792035043758,0.004686767828744776
2014-04-03,-0.0011264502910314222,-0.0090541538833937,-0.004726831139819865,0.006725538551225263,-0.0024360734103480164
2014-04-04,-0.012537288005457836,-0.025959650148890012,0.01463712737500833,0.00847540598625618,-0.0061979482778954376
2014-04-07,-0.010750112394172895,-0.01162381761786202,-0.003990140704961731,-0.006921069334254404,0.00010452202544564138
2014-04-08,0.0037505537703756975,0.008147615509528805,0.008243413845820502,0.02110707950673607,
2014-04-09,0.010918212704340347,0.017240417294480892,-0.0024451373815744804,0.010140414784362228,
2014-04-10,-0.020884795550912716,-0.03102124762812053,0.011183435914161155,-0.0019304725018132185,2.9385101308232464e-05
2014-04-11,-0.009486773662544357,-0.013413579185619806,-0.0010605442314632896,0.0032881656950993765,-0.002957462472053529
2014-04-14,0.008217286225508769,0.005740377737901481,0.006445742257324305,0.002988289901406871,
2014-04-15,0.006757307791485534,0.0028513186127179235,-0.02049423762249114,-0.0028832584618817547,
2014-04-16,0.010488490558689278,0.012907289124329369,0.002384596604567246,9.640613234207507e-05,-0.008584499284196023
2014-04-17,0.001363852909705754,0.0022734988257890887,-0.0074437505591337105,0.005204326372491019,0.0155948198136584
2014-04-21,0.003775123551313042,0.006355672791761746,-0.0041750613206528175,0.0006711379940180784,0.005642092301823887
2014-04-22,0.004092139025126729,0.009683288602896356,-0.005745360569924252,-0.021462158035992274,-0.0003373310041498989
2014-04-23,-0.002213313863220323,-0.008287895694659042,0.0028111632473601933,-0.006756044556621488,0.0037341745716044095
2014-04-24,0.0017169605671216726,0.005178042921024417,0.004905816124954665,0.004929021963389735,
2014-04-25,-0.008096390978489132,-0.017544316014972083,0.007903875375339098,-0.013145025850429648,
2014-04-28,0.003236035858038999,-0.0002846617969850529,-0.0013838139658503001,0.00238566468598167,-0.003169805757251898
2014-04-29,0.004760757069291355,0.0071520070236570366,-0.002232677157251395,0.004363372246979358,-0.006803475688667016
2014-04-30,0.002992016977140688,0.0026854909240188185,-0.00030866081331981654,-0.015205380470859176,-0.0028070582117195597
2014-05-01,-0.00014326148142618234,0.003132810442717293,-0.009648039700175914,-0.0032083386973926764,
2014-05-02,-0.0013484450597095465,-0.0008601661560403429,0.015197568678227968,0.003419875010532536,
2014-05-05,0.0018712161263063631,0.003433680881039791,0.004913269256882735,-0.0028067238702995656,0.0006796757336289261
2014-05-06,-0.008988392160571124,-0.013847080036725634,-0.000534722056436232,0.00020101168467645536,0.0023807842251488687
2014-05-07,0.005616468420812426,-0.003207757344048434,-0.015057763897382226,0.012763785357451374,-0.009344333361884782
2014-05-08,-0.0013736249452109828,-0.003975229599639252,-0.0009312053349445071,-0.005060975725169059,0.0010973676534682397
2014-05-09,0.001519476431128819,0.0050277964179934465,-7.76569706707475e-05,-0.0026930407611012175,0.029873000760372248
2014-05-12,0.009672737603931392,0.01767977465437287,0.006447546370691226,0.006000584927890129,0.022664343578924884
2014-05-13,0.0004217577030636299,-0.003303669008587029,-0.0007718431760140865,0.0110349005941206,0.013472573689275347
2014-05-14,-0.004701005088166399,-0.007152257563555531,0.00857405823827051,0.0065880611449853355,0.0
2014-05-15,-0.009361807033336,-0.007642690183125023,-0.009343610039140637,-0.008498610171338461,0.0020256588491296412
2014-05-16,0.00374696520677964,0.005234340296134787,-0.0001545815012562457,0.005123119636122331,0.011209942055266486
2014-05-19,0.0038447864907102947,0.008609997566704886,0.00030921080078227803,0.0057832188462951795,0.008406192515271416
2014-05-20,-0.00649839809746755,-0.007009513638360998,0.000618419153065819,-0.0016567407458739636,0.0016452279716989704
2014-05-21,0.008116098951240547,0.008457610818800587,-0.005021243723445368,0.01591172603056412,-0.0031063291397498416
2014-05-22,0.0023622298736216685,0.005518476033617992,0.005357161812160394,-0.0031709602385163738,0.0032400833206598367
2014-05-23,0.004248391856225497,0.0075752625031617615,-0.0025484970004678864,0.005880090832010909,0.012464982206830788
2014-05-26,,,,,-0.0010927356574551572
2014-05-27,,,,,-0.005578139267565785
2014-05-28,-0.0011140717108722997,-0.0028297258698022354,-0.0048205906972081936,-0.013351257146282602,0.0015919516731006667
2014-05-29,0.0053671102654548886,0.00541294289448091,-0.0023822757751750245,0.008372279985703557,-0.012824623447559524
2014-05-30,0.0018436779311643559,-0.0012547411998572455,-0.008517131916191967,-0.008399331253160724,-0.0007877256512097697
2014-06-02,0.0007278261010281728,-0.0012774940308803995,-0.0015253889300765877,-0.002336655300445911,0.01833343261111775
2014-06-03,-0.00037921654875650024,-0.00073636293865742,0.00048250999421894925,0.0018542250331101684,0.007246193230050935
2014-06-04,0.001891663548679423,0.004147313765857419,-0.00024113864530306284,-0.0001948594559452177,-0.0018339229457386974
2014-06-05,0.006525279593556643,0.010487680592933035,0.007234726688102988,-0.001558807810466356,0.009706521349083008
2014-06-06,0.004627758701298612,0.005858606729487459,-0.0007182956217577363,0.0017564432014005593,0.014623807984826875
2014-06-09,0.0009387712266117898,0.003434149203178638,0.0011181410760807697,0.017046560856941673,0.009388954325156185
2014-06-10,-0.00024598362294592224,0.0004058275210514495,0.005025966356701161,-0.0005747072683042198,0.0002351271999239124
2014-06-11,-0.0035370410325545887,-0.0013992218116066768,0.0007937767592010037,0.00047918593664575404,-0.0038594907612459206
2014-06-12,-0.007088893503764959,-0.00791801612143117,0.010152225778948587,0.020402272244124164,0.0030221919130917207
2014-06-13,0.003134561695468774,0.003029581393996006,7.849842011142805e-05,0.0035671161848014332,-0.014091662121549109
2014-06-16,0.0008367051734305964,0.0024242737288449057,0.0009421946205487863,-9.355659795950988e-05,-0.0011336753501066665
2014-06-17,0.0021725690603942027,0.0037328185989602414,-0.0025100581856669635,-0.005051458445457735,0.013028438540876097
2014-06-18,0.007718881307192449,0.005904658825235387,0.0005505019022311597,-0.0036667862674916174,-0.009630881470572561
2014-06-19,0.0012774785766593855,-0.0008044681333027048,0.032458288246914435,0.00434084249479838,-0.0023153660326241665
2014-06-20,0.0017300583227324307,0.0019980044597234237,0.0019030220696665268,0.007798570221504875,-0.003878950129615588
2014-06-23,-0.00013246407875799893,0.00014655010325581586,0.0013676104656608068,-0.010162259421743647,-0.002409667532315529
2014-06-24,-0.006435310620591883,-0.004195793097104494,0.00220032201370457,-0.0013186341910421673,0.011590289593357506
2014-06-25,0.0048975112174378665,0.006760299127326341,0.0009841219878765628,0.004432719288070874,-0.001444578643090666
2014-06-26,-0.00117888399729138,-0.00016210042913133993,-0.004613504621998388,-0.006197217484595119,-0.010047204767645423
2014-06-27,0.001910868625069062,0.0043115223475056474,0.0022034985699102005,-0.0009448079892393491,0.0020818353932086087
2014-06-30,-0.0003722566922789161,0.002330641822474888,0.0021228573374716397,-0.0034991027488402437,0.013657348129687996
2014-07-01,0.006677770440579822,0.011449107012409199,0.0034800842911268948,-0.00028477183172892495,0.003067799714460584
2014-07-02,0.0006588129971369927,-0.00020632296662637106,0.003241802381383385,-0.008163973902168165,0.011847185183091247
2014-07-03,0.005479508115899812,0.006326133578314019,-0.007740232310628592,-0.004019963484351852,-0.0013397924683778983
2014-07-04,,,,,0.0047700904625405105
2014-07-07,,,,,0.004586124701950078
2014-07-08,-0.00704880201475111,-0.013494197976402278,-0.00037979491074824345,-0.0012556481691369248,-0.021053878387766067
2014-07-09,0.004644267890169251,0.006278054329081018,0.005927088775171008,-0.010735015415582527,-0.005011044487063243
2014-07-10,-0.004131071874054815,-0.005166199585356024,0.011255402473311582,0.006256715064231644,-0.0022742254449571453
2014-07-11,0.0014709227452411877,0.00438788913277155,-0.0012698522700227421,-0.020402200212715882,-0.014290892582835002
2014-07-14,0.004843552990250188,0.0056459614169044325,-0.02296181837836575,0.0007934328037477734,-0.000730628350199658
2014-07-15,-0.0019320956634629738,-0.005411601960857659,-0.007195915228277894,-0.009414374622537358,0.009726125842626887
2014-07-16,0.004201084929208676,0.0021692101079000548,0.0020818498890033954,0.012404940727557046,0.012987185702574067
2014-07-17,-0.01183402645755216,-0.01412572080163832,0.013157876198195417,0.019664086493814903,0.002105122130833692
2014-07-18,0.010264935568841116,0.015744354571767927,-0.005696058538868232,-0.0005815019533733645,0.0030691525279016307
2014-07-21,-0.0023202504717819705,-0.0016808337252560701,0.003437213693731067,0.014156880862558952,0.002648820212610259
2014-07-22,0.005016150134305564,0.007078405956618239,-0.00578516850758648,-0.0016253769471039625,0.010885960831002128
2014-07-23,0.0017544380056517817,0.00396770564399529,-0.0012250023856096304,-0.01244967865504043,0.0035917148236637164
2014-07-24,0.00048815592189166424,-0.00035548471328417097,-0.010655442249185465,-0.010182341192699673,0.004470397031234974
2014-07-25,-0.004849150767687549,-0.005042319034388565,0.009685417818425801,0.00019591107207017622,-0.005127308487604565
2014-07-28,0.0002881549022029084,-0.0010450251895733897,0.00015353637167980771,-0.004113999255668688,-0.005359125461725012
2014-07-29,-0.004527786939807377,-0.0004971891128986439,-0.003836415109855773,-0.006884990270964786,
2014-07-30,6.091277451791832e-05,0.0045467184692233875,-0.002618827918193012,-0.0069327975554503984,
2014-07-31,-0.019999240340662028,-0.020867571500671978,-0.010502722472409798,-0.020943438161232786,-0.00899711201258746
2014-08-01,-0.002859121137017251,-0.003920087953355855,0.009599567852246693,-0.0029540686659512705,-0.015373021386786312
2014-08-04,0.007189032358413172,0.007179550575839189,-0.004560934234240421,0.004188840147265838,0.01066080073217135
2014-08-05,-0.009685469956760784,-0.0070828173153058005,-0.002873302253764809,-0.009258354396511459,0.008186200977814417
2014-08-06,1.563854864095049e-05,0.0005077055478328596,0.017679089697721917,-0.004723753311222101,-0.009617184666510403
2014-08-07,-0.0055566200056119674,-0.00461064528404187,0.003137749911579224,0.0043334520932736265,-0.0029718009225604414
2014-08-08,0.011531402436471216,0.008288335494663901,-0.0014495150620120745,0.0031847667932118906,-0.010550079460404649
2014-08-11,0.0027594252503462258,0.006961993287682766,-0.00030561876889079187,0.004403484879227593,0.007584067239598591
2014-08-12,-0.00163664161317445,-0.0027446426217926367,0.00022930747277416508,-0.007238979111109933,0.013257313093540057
2014-08-13,0.006707160027472625,0.010224954790112095,0.003056234604805752,0.002259356938513646,0.0016176937273546521
2014-08-14,0.004345814053963171,0.004255652785599251,0.0008378850891417322,-0.020596317063858116,0.006738168490551644
2014-08-15,-6.137292417618401e-05,0.002679132221255376,-0.0071542919852326525,0.018518483042038847,
2014-08-18,0.008531672245722488,0.00971569119889093,-0.005212762612591071,-0.009655827701544384,
2014-08-19,0.005000651911710952,0.004258737039315008,-0.0020035259950419437,-0.020018672667412196,0.0029526621583007007
2014-08-20,0.002477812999687634,-0.00022745067588114676,-0.0013126022731224651,0.016828919151111954,-0.002811040875276949
2014-08-21,0.0029498896671826813,0.001241608758185242,-0.015231229990978257,-0.021963158291393614,0.0020063100276317414
2014-08-22,-0.0019925870761225983,0.0014231166329679024,0.0038470790625015905,-0.003299250336465609,0.002800635828053233
2014-08-25,0.004787778824361766,0.004142356871204234,-0.001016679792455677,-0.003203449512757417,-0.0008720101166007632
2014-08-26,0.0010510808940034089,0.0029161768961605272,0.005088859118077549,0.00546333309659186,-0.0001960214924535686
2014-08-27,4.9987292607633904e-05,-0.00022316776222564005,-0.0014800002662384015,0.000213047548863754,0.003959619809291937
2014-08-28,-0.0016899010514689339,-0.0026085148369699995,0.005304568709186608,0.007136832317232056,0.002305970025281434
2014-08-29,0.00332041473363498,0.004952020372459565,-0.002250254096085702,0.014912702138602851,
2014-09-02,,,,,0.006894827662761838
2014-09-03,-0.0007791410646480479,-0.005573906937098361,0.004114958805977009,0.028639144495791857,0.003903265936881173
2014-09-04,-0.0015344207755288997,-0.0022460108559860803,-0.0029947582591305366,-0.011408875411764718,-0.0022983144109759435
2014-09-05,0.005035885365550108,0.004517438195464907,0.0005533738484686523,-0.012281588885074579,-0.0011240308347646444
2014-09-08,-0.003073114142502442,0.002048950864920185,-0.010349263035957401,-0.0067531058766783225,0.010764364818970584
2014-09-09,-0.006545009043329442,-0.008710251238435718,-0.00470974900113208,0.0009712533383745559,-0.002563000193486986
2014-09-10,0.0036460744169486414,0.007519288133011726,-0.002646814805009612,-0.011644224593581387,-0.007218257961404628
2014-09-11,0.0008819054148185845,0.0011533884164840469,-0.0049054890116103644,0.012654125507578717,-0.001037780882668149
2014-09-12,-0.005962558462297207,-0.0052724221229905055,-0.006061095726542787,-0.006032588354435764,0.0024487433628788136
2014-09-15,-0.0007101514711097545,-0.010662097003082516,0.0030083349039997653,0.007044559981868925,-0.007834186663376763
2014-09-16,0.007484376300642026,0.007492943860891499,0.0012969970959813004,0.02109340425199968,-0.013566289188790104
2014-09-17,0.0012956437010964716,0.002071309769615226,-0.0006476091235703141,-0.0048482198333543725,0.005370053597129498
2014-09-18,0.0048911800862372345,0.00684764000978233,-0.007048017717204091,-0.014297802375568325,0.01745972039370569
2014-09-19,-0.00047726958102545236,-0.002969488203100834,-0.008484868041160332,-0.007091393949489211,0.000825681051480398
2014-09-22,-0.00801332329681892,-0.011376088687881203,0.0012342630953123823,-0.009631067890628175,0.0030597502634865936
2014-09-23,-0.0057765015647701645,-0.004196400426240032,0.003451636261783353,0.0004370729566716136,-0.015804721540682243
2014-09-24,0.00783249148610099,0.010320131577508107,-0.001965621960739128,0.013543092248014643,-0.0018895925454548435
2014-09-25,-0.016168772358634453,-0.019421720722844316,0.0021335759379834673,-0.0029095287023894745,-0.011315331124726713
2014-09-26,0.008575824615237426,0.010172931416857933,-0.00581393372897232,0.010915402026963505,0.007204383209546084
2014-09-29,-0.002546802239196122,-0.001405048065867609,0.0028004484658865625,0.011011318892620414,-0.0012486362763213243
2014-09-30,-0.002785928622506484,-0.002765285277462115,-0.005749486652977365,-0.03605790466023939,0.0007412962113033661
2014-10-01,-0.013248560995234304,-0.015867817126784423,0.0033870099842523427,-0.004716984290277226,-0.002416884350146642
2014-10-02,5.143341477165109e-06,0.0018340539991430482,-0.0003293466343678997,0.0030860660083453784,
2014-10-03,0.0111655096821337,0.010252340723351017,-0.018118926770476995,-0.013954557110765875,
2014-10-06,-0.0015651598591330806,-0.004651939162585439,0.012162389359056114,0.006685964880809525,
2014-10-07,-0.015126053030587894,-0.015623510017613973,0.004143532114295967,-0.016493224752817448,
2014-10-08,0.017461650296527242,0.019016155414441016,-0.005281755056241844,-0.0173325936069193,-0.0012352538270948843
2014-10-09,-0.02066141501469343,-0.020196528022420335,0.016012549552766764,-0.017638311288393438,0.01502666255755103
2014-10-10,-0.011451012338901223,-0.023319251821154352,-0.002939715546062316,0.0005829900164961987,-0.012637269013223484
2014-10-13,-0.016467929557809624,-0.014634369140897108,0.006797746787981174,-0.0009322049794823206,0.0030915977943464235
2014-10-14,0.0015788647774723774,0.003206183015248998,0.003497865929405597,-0.04548637302365621,-0.002568411706883933
2014-10-15,-0.008100314924121665,-0.0028033170833581256,0.008511673320204638,-0.0007331080312619198,
2014-10-16,0.0001449777086941495,0.0004911400762772633,-0.00289363849898161,0.011249672079699513,
2014-10-17,0.012884107385910504,0.009733461538238952,-0.0017734390744659212,0.0006046318452599397,0.0040654602625080916
2014-10-20,0.00914265720638352,0.013533097473594768,0.0046030452613397,-0.00048339474957515005,0.012815366213124957
2014-10-21,0.019574487182363987,0.02395933348198742,0.00562700964630225,0.0012090252113166056,0.006136266499415566
2014-10-22,-0.0072993302004167315,-0.008288278931996573,-0.004955996140587504,-0.02765367688734699,0.008596373793793965
2014-10-23,0.012303377138681793,0.015957639400820733,-0.013094511719749846,0.019498258324373685,
2014-10-24,0.007053449392805167,0.006946246175973281,0.0021977624516686944,-0.013156221827746117,
2014-10-27,-0.0015015683952100956,0.0004928855574404256,-0.001705633259600714,-0.00012346791713013783,
2014-10-28,0.011939073060167393,0.01746791862795849,8.134048321806198e-05,0.0051851625795718,0.00449214828714517
2014-10-29,-0.0013853554985293615,-0.0032995402274749175,-0.0039862532853818244,0.009579941007593629,0.007829251194837239
2014-10-30,0.0062301242403934864,0.0037171469287331504,-0.02140004263437356,-0.013138616079757082,0.009733698137790459
2014-10-31,0.011731393541549506,0.01414763798788532,-0.022535681954918285,-0.007149923710759842,0.018728883653480688
2014-11-03,-0.00011892184463624389,0.001764279890794418,-0.001451585011795875,-0.021852521929772606,0.0002343365055792468
2014-11-04,-0.0028298416808330007,-0.0032917256460931466,-0.0017102787397341723,-0.020182741336986054,
2014-11-05,0.005700497411807337,-0.0006315201418490846,-0.018845296847618376,0.019302990240226636,
2014-11-06,0.0037755130048497954,0.003841392504782881,-0.0027064567136911855,-0.009786434164715585,
2014-11-07,0.00034958621780534216,-0.0012806872551406334,0.02389908569628374,0.009498111012532506,
2014-11-10,0.003120184693883088,0.004120930229616571,-0.008549931779017195,-0.01589319740303763,0.000869617368358
2014-11-11,0.0006966942090353978,0.0019218984313051912,0.002759635485996448,0.006976755877023955,0.002205158117865702
2014-11-12,-0.0007011166816753844,0.0031283961458914433,-0.0033539940233000554,-0.009751117685707356,0.0024692427756694
2014-11-13,0.0005298447465655887,0.0010694866578928597,0.0018983097122526882,-0.03848148754806302,-0.0030358207275695825
2014-11-14,0.00024027020881067784,0.0017947971852054767,0.020583950492292002,0.021695197819890932,0.0038348119131084157
2014-11-17,0.0007353590216279127,-0.003741044955650419,-0.0016877637130802148,-0.002374047822477965,0.0048689027846677835
2014-11-18,0.005133983312177293,0.006730880198297928,0.011580685690511405,-0.013617117763195408,-0.0005752287014797464
2014-11-19,-0.0015011590075549863,-0.005684278970452206,-0.002590436794872253,-0.00040207450812845824,-0.005174590716264804
2014-11-20,0.0019670962134916703,0.005594905686740814,-0.0024296451687164655,0.013408420158868894,0.00233833033823716
2014-11-21,0.0052368773596394025,0.002360783556243806,0.005710967587957416,0.012304846290618343,0.008980018238991194
2014-11-24,0.0028640233144536786,0.008894586633068746,-0.001670146137787043,-0.0095412800490291,0.006228453901630848
2014-11-25,-0.0011500296768531815,0.0007066121791761137,0.0013383317322772648,-0.022301431362228508,-0.00786044538249775
2014-11-26,0.0028059818899186517,0.00610935201360796,-0.0004176760589734707,-0.005398757136661048,0.0014947703806991175
2014-11-27,,,,,0.0021768215570894256
2014-11-28,,,,,0.0110722378240391
2014-12-01,-0.006829362527492333,-0.013415014666892433,0.03641937594146949,0.043083876165991075,-0.0037667288883066474
2014-12-02,0.006384461097458161,0.006020277819408726,-0.015435179661843157,-0.03072467748669605,-0.003646629096650922
2014-12-03,0.0037647427417917267,0.003923654649806929,0.007755211146428742,0.007476076862046321,0.0015191379187295961
2014-12-04,-0.0011618962070774064,-0.0010535772999192838,-0.0008274720728175256,-0.00845947934192448,0.0031331805328282947
2014-12-05,0.0016652165347093018,0.0023734074352159684,-0.014409958106884058,-0.014518803414899306,-0.003047567225613501
2014-12-08,-0.007256565211683386,-0.008381476205280847,0.003865200974962457,-0.04237541397347322,-0.0117177666486451
2014-12-09,-0.00023782354133117245,0.005438084699935564,0.03080275410744604,0.012212537146409241,-0.011560430739489869
2014-12-10,-0.01635096881921516,-0.017297956684116822,-0.0021112266227669707,-0.04512693641314458,0.0017924388795202972
2014-12-11,0.0045356892119050585,0.005153721935023947,-0.0030922359448538606,-0.0162454526760627,-0.007509888167461565
2014-12-12,-0.016213587335965784,-0.01158840327921351,-0.002530385803374835,-0.035696403042772995,-0.008296347237907065
2014-12-15,-0.006342586611898127,-0.010409132798206322,-0.012111332919905848,-0.032866311723644626,-0.0005471723609561385
2014-12-16,-0.008489022887163578,-0.01244909540164274,-0.011017169728098297,0.0003577259491729379,-0.018492325531937692
2014-12-17,0.020352415732846962,0.021214508636287377,0.0003350568773619056,0.009654942116590126,-0.004685444557388396
2014-12-18,0.02401520473971619,0.022412337341128685,0.0003348424410953843,-0.04179211190607046,0.01612742573288095
2014-12-19,0.004570048934014581,0.0035759373300401354,0.001004497607127508,0.04453889891383711,0.008076721312181734
2014-12-22,0.003810463907886641,0.0033659518143249745,-0.013546344101903363,-0.02229303124602844,0.012011841942012103
2014-12-23,0.0017463617463617798,-0.0033462863043673963,-0.0015257496247452762,0.033659078299804746,-0.006847669389716482
2014-12-24,-0.00013929653841071588,0.0016893144991894093,-0.0037354820637272024,-0.022408942633617035,-0.01123743829003876
2014-12-26,0.003309574570383944,0.006994837494464834,0.01857694829835954,-0.019878234371747627,0.0032541927965719086
2014-12-29,0.0008617745425745227,1.0462749108652858e-05,-0.011377977997728328,-0.020464077128676705,0.005560453167287482
2014-12-30,-0.0048886047197381766,-0.006130802092365384,0.015655412341901043,0.009513119114472168,0.00023649337990261365
2014-12-31,-0.010310858415930158,-0.008663664478546385,-0.013581009349231565,-0.015705810992178715,0.004176667209711216
2015-01-02,-0.0003399636723855348,-0.0019509393850979384,0.0017737778044026875,-0.010887963695711989,0.013612710510011006
2015-01-05,-0.018278105145113743,-0.015706202164824656,0.015092769320457444,-0.050294131338965875,-0.0020308386436523884
2015-01-06,-0.008893471722946522,-0.012859471669250278,0.012791780132704655,-0.042166278412213876,-0.029963988501869876
2015-01-07,0.01162984267174294,0.012569833590121648,-0.007135301315331799,0.015021932320442133,-0.0031067936900222026
2015-01-08,0.017888280629516196,0.01843248587828672,-0.0018172403900885703,0.0028776852057026403,0.016353724358093125
2015-01-09,-0.008403811034715436,-0.006781847346680303,0.0062892878454074985,-0.008813287499630618,0.006059844193054609
2015-01-12,-0.008093685160912578,-0.008367193675273943,0.013733512476870935,-0.04735320278381394,0.004647232784114941
2015-01-13,-0.0025785552362955766,-0.0006881373042226802,0.0012980430920994657,-0.003907104544565554,-0.002835469106692301
2015-01-14,-0.005813067327385291,-0.004758162776198671,8.09977979279175e-05,0.05643931547255865,-0.0026327909136885097
2015-01-15,-0.009247875921837956,-0.014765095444036369,0.024546278482289408,-0.04599834082699461,0.026167234392820093
2015-01-16,0.013424199395820402,0.013905614537018884,0.00964661478074924,0.05275672706397794,0.0023132877520259942
2015-01-19,,,,,0.004334185847861161
2015-01-20,,,,,0.016945912118627948
2015-01-21,0.004731623968765364,0.002700371430882198,-0.0003863390657272703,0.029963341408420385,0.0038985684884169647
2015-01-22,0.015269721916580492,0.017778554717102768,0.0054108373380235,-0.030765957378860787,0.0036543204794088346
2015-01-23,-0.005491522439307173,0.0015746001647269914,-0.006227397470600193,-0.015547423868537802,0.008468876599840858
2015-01-26,0.002568460857030219,0.0029172411146065613,-0.01021193828035738,-0.00965120915192641,
2015-01-27,-0.013387862410411011,-0.01891540439131434,0.009613824076207589,0.02392022103783087,
2015-01-28,-0.013495609366348305,-0.0092939796272562,-0.004490150171911567,-0.03850311046770927,0.0004264412420740271
2015-01-29,0.009534685287099887,0.00979301800559318,-0.02434096604235414,0.00179973037085146,0.0042684008302582566
2015-01-30,-0.012991965252009852,-0.01028522385781594,0.019049916211659745,0.08331468674763998,-0.01602363904552817
2015-02-02,0.012962463710669558,0.008942299629662864,-0.0017990213751466477,0.02757043884911603,-0.0013054977908750764
2015-02-03,0.014439495293299576,0.010915902830496371,-0.01292900848714873,0.07020374346703262,-0.004643483770618517
2015-02-04,-0.0041560462088314765,-0.002335161941053543,0.00325482084240436,-0.08671062281387465,-0.003751432939651078
2015-02-05,0.010291406686777416,0.010261390450860164,-0.001424314573966079,0.041898838954191886,-0.0013755630903555804
2015-02-06,-0.0034181723141418763,-0.0043441260179784,-0.0222662247115194,0.0239698711459031,-0.005814064934449137
2015-02-09,-0.004247194360987749,-0.003876177619358212,0.00559204496112975,0.022634978036893072,-0.01555240973670402
2015-02-10,0.010675561019232394,0.013040677897456554,-0.0074146299807744676,-0.053726827843277314,0.0045975355349490155
2015-02-11,-2.903358867545336e-05,0.0028281238096101724,-0.010230574728570474,-0.023590569659673655,0.007220854159723844
2015-02-12,0.009644506431775834,0.01175329511369938,0.0009023589712366942,0.048525776504511065,0.009753739278629103
2015-02-13,0.004074738491730789,0.007458396513605026,0.005245491797497115,0.03065806918360714,0.0107845558389561
2015-02-16,,,,,0.00043718237181300523
2015-02-18,-0.0003143092177338991,0.001447122473702489,-0.00695308714826226,-0.02596673680825934,
2015-02-19,-0.0010620573331896477,0.0037380731422713698,0.0061682293200346905,-0.018795541881630573,0.0029540986646272582
2015-02-20,0.006126533626735764,0.006349629072042617,-0.0022367253968044176,-0.016028141072516044,-0.006936269340802492
2015-02-23,-0.0003033391953459752,0.001008884190834003,-0.0034041643165294566,-0.01767976533473814,-0.008903438863023694
2015-02-24,0.002758770892866691,0.001441230653301817,-0.002832645401774303,-0.003437856036798692,0.0008166139044774035
2015-02-25,-0.0007657236475081541,-0.00019725377922319431,0.003425495448498017,0.034699735014772415,0.0005878032497472763
2015-02-26,-0.001476028227480719,0.004177454114211443,0.007160679089040389,-0.05530502876434262,-0.00951271956713906
2015-02-27,-0.0029563045487578377,-0.004883898982291024,0.0024801587802172342,0.033008100747924596,0.018511375395821705
2015-03-02,0.006124919257840311,0.008979559794985104,-0.004040924057989392,-0.0034163620313416576,0.01268009809128312
2015-03-03,-0.0045385421527393,-0.005630916867196301,-0.003063634446854757,0.01875378710050768,0.004410081781896391
2015-03-04,-0.00438850348301556,-0.002562253433848083,-0.00282394054324131,0.01999204893866935,-0.008181143184660233
2015-03-05,0.0011960799848387271,0.003154717089450143,-0.00391466872184576,-0.014942761032492813,0.0016922784950608172
2015-03-06,-0.014173946589881803,-0.011126240164550105,-0.026590892364690477,-0.022655590015923877,
2015-03-09,0.0039444211911976446,0.0030583909591415104,0.0019758172634332105,0.007861305882892022,
2015-03-10,-0.01696133008584244,-0.016722489969242638,-0.0054012763170935285,-0.03419998168945315,-0.005104655872612551
2015-03-11,-0.0019176795748703235,-0.002026856629005813,-0.008102770978263951,-0.0024850433693706098,-0.0013888361116221049
2015-03-12,0.012601439566208406,0.008938275149790842,0.0012166720026682842,-0.0232509648008834,0.008741406902360804
2015-03-13,-0.006074710968194674,-0.004399958568902851,0.0004339901142222935,-0.046971288423143576,-0.014613719234275346
2015-03-16,0.013533671171787054,0.011854032788620295,0.0006073861331044039,-0.021409435352494066,-0.0016882552542568652
2015-03-17,-0.003320173700583018,0.0016067338402454556,-0.004335385232212996,-0.009571603769804038,0.010442238346779709
2015-03-18,0.012158421402569175,0.00919504696318385,0.002699621574606015,0.02761161500733178,-0.004287301239194297
2015-03-19,-0.004872579408787825,0.001916542313859848,0.015372547156998984,-0.015673998328059047,-0.00590036699653107
2015-03-20,0.00901275466979845,0.0068183992127064386,0.013429196450302605,0.0400364461529783,-0.0073830435647072035
2015-03-23,-0.0017457310425351702,-0.0030737000233531653,0.002700836461848599,0.0378390090998717,-0.002333477124745964
2015-03-24,-0.006139421956948832,-0.0032409361218895816,0.003114437013362892,0.001264437463204704,-0.000929749494125387
2015-03-25,-0.014558905652342857,-0.023666937231791252,0.0046992513935602,0.03578195796670758,-0.0014222710360253243
2015-03-26,-0.002377499996742527,-0.0026986777860629196,0.006514596541983497,0.045112807600185656,-0.022113918786236364
2015-03-27,0.0023685613495147972,0.005728622258214466,-0.004397914584004181,-0.04977642150691153,-8.990487642646094e-05
2015-03-30,0.012236645187396533,0.011494008466820915,-0.012502083171817557,-0.0038878377503916983,0.018090417315550278
2015-03-31,-0.008795775050879251,-0.00941093962638706,-0.001434903082481287,-0.022185740022270806,-0.0001530568535489385
2015-04-01,-0.003965371271123064,-0.004213509173356722,0.021130927661137555,0.0523109613085504,0.011217759981156483
2015-04-02,0.0035296669586522,0.001374927198995568,-0.005959731245241517,-0.01896587662298843,
2015-04-06,0.0066088151237357895,0.00621654515438097,0.014738904831408384,0.0610500618083436,
2015-04-07,-0.0020619040578628844,-0.0014418105804469006,-0.006564910684618508,0.035289608249462256,4.612224673294918e-05
2015-04-08,0.002682533127767339,0.008266383430399982,-0.006195275195152727,-0.06595037798222869,0.006246964557533818
2015-04-09,0.004457481018385057,0.004795212756252276,-0.007896268134635509,0.0073384125350866025,0.007332623152276119
2015-04-10,0.005202865037342352,0.004305892706631731,0.009215817882871624,0.016735547525088545,0.0002335081659441407
2015-04-13,-0.00458128059365126,-0.0015472400808188569,-0.004399740050828549,0.0052285139611716325,0.006110279546012176
2015-04-14,0.0016297588743277025,-0.002197155502931869,-0.005419828012473871,0.02658449378100003,
2015-04-15,0.005148195696902835,0.00677677615811656,0.007293721341160575,0.05817223533238547,
2015-04-16,-0.0007784436134247175,-0.000644575446947071,-0.0029130253849355414,0.005674759678805152,
2015-04-17,-0.011311245518606405,-0.015172357442320816,0.004090170629434509,-0.017104521630497582,-0.01156582781691673
2015-04-20,0.009235131672624686,0.01273164179408881,-0.007814468553728138,0.011481868862154743,-0.01834770981001632
2015-04-21,-0.0014806053255762563,0.0039042164775415777,0.007876015428623706,-0.019865248764875054,-0.008327270348106652
2015-04-22,0.005087480356207541,0.004202114797947187,-0.013301188523787477,0.01628667305855136,0.006200972255378856
2015-04-23,0.002357715893671175,0.004148844436807186,0.00631898209261772,0.02813393581459378,-0.0037249712205020824
2015-04-24,0.002252800575326619,0.0071241280985234745,-0.016075077737549903,-0.010218221950761053,-0.011079600258562361
2015-04-27,-0.004141314249916261,-0.006250898971863816,0.023910907780611668,-0.0027996472990409194,-0.011011130948797465
2015-04-28,0.0027692316953564777,-0.0009545137344992849,0.008892172141350407,0.0012282802730758657,0.008741362876475867
2015-04-29,-0.0037403355807980043,-0.0062862800019317655,-0.0034595973409184966,0.0266386333890829,-0.005533650132347967
2015-04-30,-0.010128906614839228,-0.01636666094826078,-0.022648390897821113,0.017924192629572788,-0.007069389241178392
2015-05-01,0.010923001659165044,0.012945715169958127,-0.006681346626305595,-0.008049631622310871,
2015-05-04,0.002940748690645867,0.002305522396315096,0.010472583080566089,-0.0037193781069789766,
2015-05-05,-0.011837383677612334,-0.015467645539668284,0.005392570003741826,0.02494487040710247,-0.0008581893143123631
2015-05-06,-0.004455724813014705,-0.0039863586953727825,-0.0024303574106769865,0.00877481400509228,-0.02736399793773192
2015-05-07,0.0037738134388320965,0.005264592861262463,-0.006637002511963419,-0.03266045738551815,-0.004903074634123761
2015-05-08,0.013457901176364917,0.011729713068099334,0.005666399723896376,0.007634896054027784,0.01665572816769534
2015-05-11,-0.005089560528435566,-0.0019945800198492014,-0.0049617563999656555,-0.0023572889558378662,0.01632790087285607
2015-05-12,-0.0029496376848567873,-0.0034804525468349334,0.007944578094980947,0.025316455696202445,-0.02381908107113906
2015-05-13,-0.00030495478248648844,0.0011052632766759274,0.021633447389137528,-0.004115226337448541,0.013350641678914421
2015-05-14,0.010779286625573148,0.0138727749205807,0.005745239543446523,-0.010247916229500276,-0.0013660455388829762
2015-05-15,0.0007684139066803652,-0.0004969045937379679,8.158608123531863e-05,-0.003173053407098725,0.004638677701966021
2015-05-18,0.003047948049283322,0.005972299949182247,0.0018768248291514134,-0.004355810479393374,0.013470838987944989
2015-05-19,-0.0006433745436266181,-0.0016560511391360277,-0.01702233554560495,-0.03651357853776738,-0.0009553778372400901
2015-05-20,-0.0009305162517933008,0.0003373647278677172,0.001657138088940746,0.030038443435586037,0.006885251795789804
2015-05-21,0.0023378744854138933,0.003756068687900349,-0.0037223921822493455,0.02950155462820514,-0.00026711779894939003
2015-05-22,-0.002233886303356414,-0.0002809339552949375,-8.300862164645206e-05,-0.01646903787707832,0.004506613859696085
2015-05-25,,,,,-0.010485957862909845
2015-05-26,,,,,-0.0036916926764433144
2015-05-27,0.009162641262365545,0.01467186801450504,-0.0010949518289057325,-0.008960890379153263,-0.0005695887835976965
2015-05-28,-0.0012667608976734135,-0.001686029923039123,0.001855089911952712,0.0029560422292504995,-0.00187166871908917
2015-05-29,-0.0063184691730722164,-0.005482602014833748,0.001094225111387459,0.04542300482008943,0.013781751487558669
2015-06-01,0.002059461282371222,0.0025444407965351523,-0.0009248155064394137,-0.001658349508894097,-2.964315431874809e-05
2015-06-02,-0.0010085961899480855,-0.0012611143628418198,0.004880860489345551,0.017607932643853186,-0.023353592405198742
2015-06-03,0.0021188711112078984,0.0044735292779554126,-0.007872058124320791,-0.026444645384773535,-0.012305070176218624
2015-06-04,-0.008623167576889856,-0.00786586669651701,-0.008272074923375006,-0.02749831332045738,-0.0005470363313393456
2015-06-05,-0.0014361829335245435,0.001846139947986103,-0.00604304658983934,0.019482777036469612,-0.001961676769116849
2015-06-08,-0.006474509789282434,-0.009239508348870884,0.004623995648200818,-0.016742798251032642,-0.008694134258897646
2015-06-09,0.00041835300422188304,-0.0015452683304197912,0.003494798693227441,0.034399725163328565,-0.0027038282806817193
2015-06-10,0.012042424827124476,0.01252920852564654,0.007474667793118561,0.021449965557355677,0.012720668903445809
2015-06-11,0.0017386264178671507,0.0011463816553543005,-0.0052271741838728625,-0.010743933650224968,-0.019582875620068996
2015-06-12,-0.0069942998817651425,-0.006179952310408909,-0.0009322616858862265,-0.013328967700995564,0.0022032684655837187
2015-06-15,-0.004622572493653387,-0.004183223932209268,0.005514081889003819,-0.00733820269224994,0.003883300602441242
2015-06-16,0.0056898566086796,0.005085435648955361,-0.004049648722170174,0.00756049663102365,0.004167746384501569
2015-06-17,0.0019796413026920145,0.0018455120581244433,-0.003473083935567556,-0.0008338010795395645,0.005498738840850059
2015-06-18,0.009902710578908236,0.013439669661465148,0.02133625898081659,0.008845170397031588,0.010263830165222254
2015-06-19,-0.0053035017498218595,-0.003107412833864287,0.0,-0.013895783986538457,0.006159334653041526
2015-06-22,0.006094866554531064,0.007224978472493593,-0.014814855454119868,0.0011742944825949841,0.015580570218593381
2015-06-23,0.0006358685039113965,0.0011873621016715852,-0.006336065142669711,0.02228548943626718,0.003405944696333929
2015-06-24,-0.00735329696164333,-0.007302137877626014,-0.00306068333224363,-0.012129124473493902,-0.002469733616678238
2015-06-25,-0.0029735743006855664,-0.0019951965055512444,-0.0009380655030184482,-0.00945743637788199,0.00444337505883885
2015-06-26,-0.0003900796440671206,-0.006196987229417306,0.0011950699223750583,-0.001172524186426327,-0.0020124304149797823
2015-06-29,-0.02086619391956246,-0.024021123157163538,0.004774469664398762,-0.02180109364035665,-0.00748102536329065
2015-06-30,0.0026584898861461426,0.005727553280189479,-0.005939753924480318,0.019543962864090103,0.006022745602803914
2015-07-01,0.006936040108400654,0.005263822674973717,-0.0021340162185232714,-0.042206189418349416,0.01010334046573469
2015-07-02,-0.0003080227407983305,-0.0007799845522540316,-0.0051325919589392255,-0.0005266639708401133,-0.0009640797405430224
2015-07-03,,,,,0.004736586359787687
2015-07-06,,,,,0.004390151714822377
2015-07-07,0.00608097510857486,0.0011057864469610212,-0.017478045505405326,-0.0038072901749431898,-0.0013318922357890006
2015-07-08,-0.016652749054007154,-0.01754895406826784,0.00945854233177812,-0.012994463622820751,-0.01736029555278973
2015-07-09,0.0022622025726091177,0.0025744918941346118,-0.0036964228037785762,0.02187797134627001,-0.004125289314989233
2015-07-10,0.012338485100151564,0.015297475715635445,-0.0011216987300474157,-0.0007578079150273309,0.0038422055160178825
2015-07-13,0.011066049239604414,0.01476870709085909,-0.0021594541810849854,-0.010238924883231859,0.011853357524637564
2015-07-14,0.004453159211633695,0.00658193962673681,-0.001644652375394129,0.016091956710932998,-0.0006561478304294432
2015-07-15,-0.000734986066058041,-0.0011655873394220695,-0.005289254658792708,-0.03073154298604197,0.008244543893853207
2015-07-16,0.008014680412562258,0.012598743094291764,-0.002963652796774463,-0.009725734321805679,0.009884089482447456
2015-07-17,0.001106182994042637,0.009095162155636771,-0.010491344192802399,-0.0003928591204795939,0.00020908390731189108
2015-07-20,0.00077123387202227,0.0016736069153009403,-0.022177148412600656,-0.014541125420411305,-0.0007432666484129546
2015-07-21,-0.0042616893616069795,-0.002057872097565361,-0.0029817718472999744,0.0041874193037518825,-0.00860120048586066
2015-07-22,-0.0023877098952062026,-0.006979504473464404,-0.010875475561433312,-0.023232763492105457,0.012198887654526924
2015-07-23,-0.005676040278268291,-0.004903517206967467,0.002382238892960853,-0.015043665062591027,-0.005061700968610694
2015-07-24,-0.01070332804283558,-0.011227296636535988,-0.007678267288905416,-0.006398377056954452,-0.00794547038951432
2015-07-27,-0.005775015185050969,-0.009599852766114414,0.010040553296972288,-0.015579559815309674,-0.01884044667546103
2015-07-28,0.012386154626733425,0.009808003104984309,-0.00018235400991795103,0.01244988732193919,-0.002870470039468942
2015-07-29,0.007318795346650031,0.004425052160178744,-0.0032838616217323313,0.016882062964131084,0.004563968416396724
2015-07-30,2.836730636679441e-05,0.0033354274878847345,-0.0039351395167548375,-0.005533930163910794,0.005582056356707721
2015-07-31,-0.002271519985995063,-9.748907555884312e-05,0.0059720689582851705,-0.028854111967653417,0.013185994355469077
2015-08-03,-0.002756886733696673,-0.002515444336927297,-0.005023289686145849,-0.04138371831795484,0.0011954031512864116
2015-08-04,-0.002249704779339723,-0.0019216711857567015,0.0011932501640172788,0.012619073115512469,-0.00306089917070973
2015-08-05,0.0031146787487494887,0.006735834148004161,-0.004584212179186253,-0.012898997178341753,0.005993941733038577
2015-08-06,-0.00775298528243118,-0.016245326006115723,0.004144791565241279,-0.01085274998686192,0.002416003226048735
2015-08-07,-0.0028748824444340126,-0.0025511827477896487,0.00357734781575636,-0.017689227904758353,-0.002800298085977815
2015-08-10,0.012808166466444781,0.011551363759140454,0.009231309579847524,0.024846140394949368,-0.004553627931107251
2015-08-11,-0.00955710249815489,-0.012742515997054449,0.0030791745738207865,-0.04181488638124198,-0.007418833032042493
2015-08-12,0.0009500546545004873,0.0015089169088462473,0.014084485310398076,0.005106717656805371,-0.013341379081930671
2015-08-13,-0.0012752120935421996,-0.002146954900685949,-0.006677350717630426,-0.02471130978469871,0.0007664473603414823
2015-08-14,0.003911964108786803,0.002916459843602448,-0.0025095696695797143,0.006393569990301051,0.01947141259339502
2015-08-17,0.00521142418513576,0.008608932800298952,0.005121709989067469,-0.01482355454388784,-0.004842373519645449
2015-08-18,-0.002625530186397551,-0.006353496163429284,-0.0013409619459487931,0.01791258703445675,-0.0012680924643075908
2015-08-19,-0.008254876246131082,-0.00796550785987693,0.009846925289055175,-0.04270295026832216,0.0033780685872379923
2015-08-20,-0.021100170073477753,-0.028204456186167293,0.022072533421631624,0.008333337229061932,-0.014408266481082843
2015-08-21,-0.03185096571863755,-0.03515131493327728,0.005724176570631068,-0.016771964923329552,-0.008694849922367243
2015-08-24,-0.039413692866465566,-0.03820410314620193,-0.005346629270789882,-0.05463532862272458,-0.05915098088055637
2015-08-25,-0.01352199497897244,-0.004365593068213158,-0.013178492214710347,0.027981162339402843,0.009181738418811536
2015-08-26,0.03903385877450183,0.042394367845334235,-0.011948669978359416,-0.018061635064005266,-0.011274391291918318
2015-08-27,0.024297748621125326,0.024517070832244414,-0.0019562077357584418,0.10259075273862672,0.02016210472317792
2015-08-28,0.0006087363616984476,0.0032434664477909436,0.009533099553753921,0.06249999439805998,0.006667547122292117
2015-08-31,-0.008391670369217286,-0.010730452927718681,-0.0013238019877498397,0.08801414053067647,-0.003830365083121179
2015-09-01,-0.029576446640986798,-0.029395871642351357,0.006274280434003243,-0.0770325377389468,-0.023264675971940818
2015-09-02,0.01829297500443139,0.024563723908823887,-0.00544476283282036,0.018498131587986855,-0.0088429775544967
2015-09-03,0.0011647935451044589,-0.0034694841949889366,-0.007770462541390688,0.0108108108108107,0.013735907736166952
2015-09-04,-0.015329595723932221,-0.010474295579380954,-0.002758721830240063,-0.01497327835164608,-0.021468770971813878
2015-09-07,,,,,-0.01257339958011272
2015-09-08,,,,,0.017125760525132927
2015-09-09,-0.01389756050907287,-0.011513132693369843,-0.016244263518028434,-0.03896380396906207,0.01695445617094271
2015-09-10,0.005277955033794246,0.008350670896186907,0.00662316199557389,0.0400905228061863,-0.0039009540862875447
2015-09-11,0.004487043210972708,0.0054396338285118695,-0.00540784136998651,-0.02809227247971613,0.00015404360706794407
2015-09-14,-0.004089655710746709,-0.003438181186356748,0.0038060273419799895,-0.014116089021681044,0.010649249276883932
2015-09-15,0.01283131142251781,0.011394713131093859,-0.004423492425513098,0.013409094376997555,-0.005481266771729776
2015-09-16,0.008705414349693852,0.00590887697784237,0.014871147640206583,0.05741200638104149,0.008947363530129149
2015-09-17,-0.002561059320011938,0.0009633318699264759,-0.0016975539909206416,-0.005302226763720941,
2015-09-18,-0.016164165744279924,-0.013633202664721789,0.018616240802663997,-0.047334779285202244,
2015-09-21,0.004565783605198437,0.00035635651309551264,-0.004393287151619352,0.0447627570801139,-0.0006013361162410247
2015-09-22,-0.012318429274285614,-0.014957698370727468,-0.007148509187593022,-0.018209050311999375,-0.02069675641963653
2015-09-23,-0.002048642890328245,-0.0008367068671245592,0.005866644965277779,-0.029456736523706395,0.004345903137800811
2015-09-24,-0.003362984329369434,-0.00384204753589934,0.01961830480836868,0.009667273147506927,0.002874069312977845
2015-09-25,-0.00046579328582951884,-0.010134160597717767,-0.006760312444125116,0.017590757475205443,
2015-09-28,-0.02566609046896018,-0.030412842239677773,-0.012216404886561949,-0.027789943907256642,
2015-09-29,0.001232853252514099,-0.005865001169669037,-0.0043286434753202485,0.018005834606473092,0.006105879931557867
2015-09-30,0.019075555906861608,0.022765785030294028,-0.010291878127232756,-0.003095277273166941,0.013463733413981993
2015-10-01,0.001973884228037459,0.0014977666663003042,-0.0011654404555132558,-0.007762219404228721,0.00025160714370175974
2015-10-02,0.014315289284541954,0.01744074138953544,0.020552885853187375,0.017881073022971927,
2015-10-05,0.018289840800508328,0.015608202554510786,0.0008794301481580558,0.015810219401211523,
2015-10-06,-0.0035882361830883447,-0.006881011272444337,0.007644383998610005,0.04907048292535365,0.004138299910646515
2015-10-07,0.008035633639867479,0.009011540888758773,0.001918338924141949,-0.014836130725662033,0.0030050657181448504
2015-10-08,0.008818435459823082,0.004099253231284239,-0.0037424271785247987,0.03388410134599518,-0.005875926976951273
2015-10-09,0.000725111326717931,0.0040908407187700835,0.010133745218015022,0.004046141244278045,0.00742372968703231
2015-10-12,0.0012754772073806375,0.0016913305561629954,0.007437494787493337,-0.05097728268274304,-0.005629033610123568
2015-10-13,-0.006825423947869114,-0.008686381348872563,0.0007726194481927351,-0.009341797048055822,-0.0014612581906097155
2015-10-14,-0.0047162741982138545,-0.0028686439000038533,0.012266191592792408,-0.0004286424738336736,-0.002926853228365389
2015-10-15,0.01485277361914017,0.01824226104070359,0.006609650868141248,-0.005574578150421394,0.008830905477206663
2015-10-16,0.004570474275370051,0.003406468741368185,-0.003619874349481522,0.018973635902370445,0.007170412693318751
2015-10-19,0.00027054553471672627,0.0038431481560492475,-0.008702202577111073,-0.02898855227552022,0.004479089639404021
2015-10-20,-0.0014210903493528937,-0.0049944243725839055,0.004005753836428427,-0.007409024996949287,-0.0016192547934769097
2015-10-21,-0.005825414995899281,-0.008369257720938106,-0.008828543645214348,-0.007683830515551993,-0.001204383487806604
2015-10-22,0.01662757156411132,0.016513988406231084,-0.0008564577088983061,0.00398230756941409,
2015-10-23,0.011030344539323389,0.02272539161843956,-0.0028286703470528085,-0.017188245386406398,
2015-10-26,-0.0019131006866738298,0.0005644696212581124,0.003180564786877005,-0.013901321818307055,-0.004207172582956553
2015-10-27,-0.002554118539720318,-0.0009037862816512199,-0.00017133776510280807,-0.01773530667156553,-0.0033471638954116756
2015-10-28,0.01184003327863703,0.01302944054052202,0.00882749942302219,0.06342587535600508,-0.007494344931314734
2015-10-29,-0.0004497742019048401,-0.0042035371306538005,-0.025401431513222827,0.00261216260708097,-0.00727557689096936
2015-10-30,-0.004809877003672414,-0.004043935275865662,-0.0049685768954683684,0.011506703506183769,-0.005664646384873739
2015-11-02,0.011873817006551102,0.014523849091021557,-0.004993386922360954,-0.009658741392265413,-0.0018597039801661053
2015-11-03,0.002728067346863705,0.0035068177859458594,-0.019017517809174378,0.03814482356983584,0.0012297400090901522
2015-11-04,-0.003545367230984642,-0.0005150311856270129,-0.006910744488703768,-0.03298542339713828,-0.0025432033822472278
2015-11-05,-0.0011321483923818487,-0.0028662719446126417,-0.0018978541219498712,-0.024179597134365127,-0.010540782311541208
2015-11-06,-0.0003476213457177524,0.003779419769079251,-0.01521192362979007,-0.020132739647169218,-0.00014460408861305396
2015-11-09,-0.009822729385718598,-0.010067826536038882,0.00027588160616076607,-0.009482997854157516,-0.004915531264230055
2015-11-10,0.0015105949543003927,-0.002366802891834885,0.00027569330920274027,0.007750174626532269,-0.01665783484975325
2015-11-11,-0.003228085812548187,-0.0031909203767436223,-0.0032163206736325334,-0.0289526986157852,
2015-11-12,-0.013990375564759017,-0.012224135915685608,-0.003595374314838584,-0.027486613016248107,
2015-11-13,-0.011207364706699363,-0.015424367663947725,0.0,-0.024191576563669548,
2015-11-16,0.014903265264943455,0.011514126911432943,0.0026831071546435936,0.02454589982328237,0.005713562131630656
2015-11-17,-0.0013393792481354305,0.0002808443393556015,-0.013841469664900852,-0.025634965656301967,0.00396455648349936
2015-11-18,0.01616245179852549,0.017886044466711493,9.36630119054982e-05,0.001967096991801087,-0.01349273722468125
2015-11-19,-0.00112310916925773,-0.00030738858246237566,0.008607738352895966,-0.005153351766200132,0.014349853606560714
2015-11-20,0.003810195689989637,0.006165156438643127,-0.001484207408105287,-0.0037000868892791416,0.0017595619760288894
2015-11-23,-0.0012348607728660532,-0.0004779588012330249,-0.008918594730767726,0.03367171653634937,-0.0009291361817810317
2015-11-24,0.0012219959743400288,6.468974425444252e-05,0.007030370881814907,0.02682632172179078,-0.002248610038379506
2015-11-25,-0.00012913227667687988,0.002612301451932364,-0.003537232295828474,0.003965523393473669,
2015-11-27,,,,,0.0074710662477730505
2015-11-30,-0.004640997274763192,-0.0036762601773270287,0.009089280534049005,-0.0014384454545837144,-0.0009379927643368147
2015-12-01,0.01068057336863748,0.009325350325484427,-0.001876524590329165,0.004801847320891728,0.0024762801857218797
2015-12-02,-0.010995693172566212,-0.006417349494887481,-0.009024344064305523,-0.04563918559263991,-0.00296041496142041
2015-12-03,-0.014373526666262015,-0.016725892328271375,0.007114399874201149,0.02854289543173283,-0.008472730932953976
2015-12-04,0.0205256690573854,0.020791983142934622,0.021475039914016225,-0.027020461559776554,-0.010458854551524621
2015-12-07,-0.006989502964787397,-0.007868112873074762,-0.0074688571562355754,-0.05804352324168893,-0.0021203048364873966
2015-12-08,-0.0064899016523778386,-0.0006997171940450464,-9.287958349124548e-05,-0.00371854445343045,-0.00820301695113268
2015-12-09,-0.007738985017979982,-0.014783555447096308,0.0012077735750619656,-0.009330804846242047,-0.011581883616657795
2015-12-10,0.0022513871531610885,0.004439653856705084,-0.0041759466424943215,-0.01076430375461268,0.00930046695402309
2015-12-11,-0.019422767297482935,-0.022139929627927657,0.0035411880668900775,-0.03101195434442261,-0.00948155235730297
2015-12-14,0.004755560017433602,0.0038025496877545084,-0.011328881944101976,0.019371208930290207,0.005203320218742258
2015-12-15,0.010618561082731848,0.00870918414181121,-0.0016905483613777195,0.028642166386561252,0.006647028314128445
2015-12-16,0.014514969430300617,0.015168080299520215,0.014206393112335736,-0.04899593282782533,0.006492747683265243
2015-12-17,-0.015040520909943789,-0.013523628798670195,-0.025231865651090035,-0.016047288498827528,0.012056689737954374
2015-12-18,-0.01779722000676376,-0.015885844152523032,0.014655406954847683,-0.006294741513608537,-0.010504363180879661
2015-12-21,0.0077784025360287945,0.009311212294450089,0.014725261640587517,0.0002879970159028744,0.009340436124388285
2015-12-22,0.008816736053143037,0.0064782572294108665,-0.006562506170367022,0.040299298892936264,-0.006171472975241898
2015-12-23,0.01241806830075265,0.008962073164814122,-0.0050242130338106206,0.037631450838959024,0.01025546764808305
2015-12-24,-0.001598636221499028,0.0005073511730380176,0.007293740957305728,0.015999959309895617,-0.0006229877514251081
2015-12-28,-0.00217855994238203,-0.0014855926528157815,-0.0062197841399697085,-0.03385819297883397,0.008154139618607559
2015-12-29,0.010629762908764828,0.013281062632241047,0.006539000467071565,0.028796455285189815,0.0004795231655652099
2015-12-30,-0.007217228595965963,-0.008240081957269885,-0.01614851453741295,-0.033535793334665165,-0.004124151937772491
2015-12-31,-0.00941191309542666,-0.011536058169839603,0.00018873054126511413,0.012021925129788391,0.006344796283837217
2016-01-04,-0.015303731089594375,-0.02083318706573145,0.013958243965158657,-0.007559465093770035,-0.01951213966956744
2016-01-05,0.0020122259542274534,-0.0023780245396916033,0.0030695273956511393,-0.021490672929854737,-0.0008535035886758635
2016-01-06,-0.013115396702646942,-0.011381213296652759,0.012518545710656026,-0.05560188857733117,-0.005607176031205752
2016-01-07,-0.023700443014411654,-0.03025989646630789,0.01447012217651622,-0.02060643914586724,-0.022309804329221028
2016-01-08,-0.010838374390218508,-0.009766707521371654,-0.00893735016714281,-0.003306300235589421,0.004366937597831466
2016-01-11,0.0008532721255336551,-0.0012144913741670704,-0.001184230980416534,-0.052774427263351575,-0.00493333414699082
2016-01-12,0.0078027985167561376,0.010334150155117516,-0.00994074273968304,-0.03088186303937246,-0.007079766557687717
2016-01-13,-0.024965452304219538,-0.03411493707670632,0.0017502067582830794,0.0013140278408982908,0.006937152844914696
2016-01-14,0.016695905386662213,0.019650632173423555,-0.012505724676724173,0.02362208764817786,-0.003385181686611949
2016-01-15,-0.021599098001850003,-0.027427969257854845,0.016388839916025022,-0.05705130266406466,-0.013135548583687595
2016-01-18,,,,,-0.01167009155487031
2016-01-19,,,,,0.011440633608522655
2016-01-20,-0.011693855152413501,-0.0011749636866091873,0.015781219182118944,-0.06711173256692671,-0.01691978471256972
2016-01-21,0.005195438361131455,8.276897377723635e-05,-0.0072260863304292045,0.1122411124375946,-0.004446390334017725
2016-01-22,0.020283701024494727,0.026636519999008623,-0.0017287093588093105,0.0900778150427346,0.020015720445019758
2016-01-25,-0.015637982053378963,-0.01583251770202654,0.008202698141198006,-0.05747121941739064,0.0018457122204607046
2016-01-26,0.014144335590226431,0.010884097330975617,0.014011933361215423,0.03658538578671977,
2016-01-27,-0.010863483795639506,-0.02178353552288992,-0.004992400668366814,0.027026977853772616,
2016-01-28,0.005528577205787588,0.00861879798208065,-0.0004479885412931317,0.028483034222086978,-0.001761298464757477
2016-01-29,0.0247602174153414,0.023802447776905877,0.0007171466884487998,0.012040869851996261,0.018707939656508632
2016-02-01,-0.00044323658717015935,0.001391415512356886,0.010300967169931452,-0.05948834491944599,-0.0010047675458274563
2016-02-02,-0.018743090830274922,-0.02238347129167939,-0.0005319403962680269,-0.0550285146200199,-0.013287592960483763
2016-02-03,0.004992038934619414,-0.00281383685626857,0.012419053839795025,0.08032127462980498,-0.01257452534768888
2016-02-04,0.0015267325638141926,0.0011810702675560947,0.014281894383995741,-0.01734818733331389,0.005732320415128722
2016-02-05,-0.018481246310869337,-0.03246878187063318,0.00017283452523075837,-0.026166454655521032,0.011493800331746407
2016-02-08,-0.014153935656373462,-0.01819564218225056,0.03463462937881623,-0.038847487190076024,-0.013599777854234385
2016-02-09,-0.0006636203533073592,-0.003499325211555271,0.0006677742228144989,-0.05894240378987403,-0.012054527014450533
2016-02-10,-0.00018895027740828407,0.0034740952733911534,-0.0033369484966521146,-0.017537572002580215,-0.011304156886925099
2016-02-11,-0.012301161792504733,-0.003910271667218357,0.044530070659167365,-0.045173101785153214,-0.03317073758299127
2016-02-12,0.019518049565855122,0.016562590690746504,-0.007051886093404791,0.12323546594469281,0.0006593845767279838
2016-02-15,,,,,0.02607094949942601
2016-02-16,,,,,-0.016012982386442
2016-02-17,0.01648043921048603,0.022114739204164735,0.002649185451773839,0.05578508542741023,0.008541154940942874
2016-02-18,-0.004665713707027619,-0.010260124244070634,0.012385434978431809,0.0035877563894002318,0.011718419964794835
2016-02-19,-2.6032942938902792e-05,0.00376378518558651,0.003507094783253839,-0.036724116064487,0.0026419160844022294
2016-02-22,0.014454197186153817,0.01469213305954331,-0.016986365409099702,0.06207827903095353,0.0033006004489823937
2016-02-23,-0.012454371867771763,-0.014665391963279317,0.010582925860376236,0.012388859678152508,-0.017278200216274464
2016-02-24,0.004439786812972857,0.008666390844436656,0.013417247556746226,0.008785713187080102,-0.012778531956425754
2016-02-25,0.011348275359951865,0.008715327360878211,-0.00040364900275247084,0.02861580482989301,-0.006853134671341854
2016-02-26,-0.0018701144822791393,0.0018048141021227426,-0.014860202769621855,-0.008769305056048449,0.008485625558068977
2016-02-29,-0.008120976341902342,-0.0070842458417643694,0.011559251534285053,0.029591252496194542,-0.006074212498666354
2016-03-01,0.023868791801894496,0.02888357632322136,-0.0029175585660977665,0.01925930447048607,0.03366943224623564
2016-03-02,0.004094308735004715,0.002946908890089972,0.00877828686433002,0.007558090406990514,0.020291361052837242
2016-03-03,0.0034987406745825567,0.0008504450094699578,0.013133550196413157,-0.0025966576163909405,0.014486656477644022
2016-03-04,0.0033058923144386743,0.002039354426750739,0.009941148208443051,0.03905115666874637,0.0013042431206367056
2016-03-07,0.0008850141950174084,-0.0018592288128812529,-0.005276063558845023,0.05512259069783054,
2016-03-08,-0.011240108649505087,-0.012622561627196993,-0.0008707850130275085,-0.03693935275762339,
2016-03-09,0.0050523932937867055,0.005498182239842997,-0.004357816422147165,0.04904112097335189,0.006212176026787919
2016-03-10,0.00015580493345068724,-0.0026141920145239528,0.012255311724705065,-0.01175243541864135,-0.006060955352974129
2016-03-11,0.01639550053418848,0.01851289009839019,-0.010456013229658057,0.017441856362333308,0.0032126384433233124
2016-03-14,-0.00126097292128724,0.00038108490326904665,-0.011360870193487305,-0.03428570635907058,0.0038014705260878134
2016-03-15,-0.0018369416879204792,-0.004549176945066846,-0.011250401579341096,-0.022592795742149452,-0.010366427105786724
2016-03-16,0.005600351545632876,0.007465163259852359,-0.0008939983453440936,0.05833789001054246,0.005113516586384925
2016-03-17,0.006595236486620859,0.0023132007620267903,0.028634141197204643,0.04524185439123629,0.0018402806717785491
2016-03-18,0.004405643688967897,0.004326640884000588,-0.00846180401097274,-0.018905525418077218,0.012219591930221929
2016-03-21,0.0009855772666846896,0.0027567097500775795,-0.007975753398116847,0.011916867065630221,0.013137204502793765
2016-03-22,-0.000877387766836879,0.0026596765458037908,0.0035374675759947127,0.038586843433105145,0.001382341219943628
2016-03-23,-0.006386031602501285,-0.010950645889115318,-0.019628265469004536,-0.04004824648631411,0.00020740355370829633
2016-03-24,-0.0003780702927851376,0.0009730075640255187,-0.0018794858622083188,-0.008293586917860862,
2016-03-28,0.0005452554858313974,-0.001405668992877307,-0.0012280988783504032,-0.0017739406094351429,
2016-03-29,0.008816651779288476,0.01674713538268202,0.012869867085555597,-0.02817975698276498,-0.0023768693023248355
2016-03-30,0.004350315260639448,0.004677470345696433,-0.007041074250385471,0.0010449560293344096,0.01819141704784788
2016-03-31,-0.00203975921756705,0.00011501853232331882,0.005949895356224033,0.00052193261803124,0.00041365536126503066
2016-04-01,0.006330915127309877,0.0091768618150605,-0.009722897808094988,-0.04042773163515301,-0.0032758836421172832
2016-04-04,-0.003208322345054082,-0.004627133809929851,-0.0034363863031151576,-0.02962761961030158,0.005931505845093277
2016-04-05,-0.010144492387214377,-0.009785688461817155,0.00853860789331895,0.005322090270267532,-0.02005459778469787
2016-04-06,0.010507619269939372,0.015852837732144742,-0.004803015546077316,0.05182503878470479,0.0014664749128432408
2016-04-07,-0.011975786526205012,-0.01470315207883599,0.011206504026073594,-0.012980176913027774,-0.00891736017820488
2016-04-08,0.0027865779152878023,0.0004784750674307059,0.00509630244051773,0.06602262506673928,0.0011594855559287076
2016-04-11,-0.002739785807018724,-0.003564449443554274,0.01142853213028161,0.016112773665144076,0.015380096361092388
2016-04-12,0.0096621337827838,0.008004705215368002,0.00214854248993146,0.04484632138805078,0.004894842329530746
2016-04-13,0.01004013710204088,0.01546155357164336,-0.010004744593997916,-0.00972254838071207,0.018355287868643932
2016-04-14,0.0001729273803483533,-0.00030920867450245915,-0.01748479946613335,-0.006226013696919552,
2016-04-15,-0.0009842848497145784,-0.0015507667301498662,0.006612224968112201,-0.02746986481080571,
2016-04-18,0.006541025289023228,0.004414506388753514,0.00040548212626667635,-0.014370709174516771,
2016-04-19,0.0030844851678346608,-0.003969730228651547,0.015726349544428198,0.03267981628079841,
2016-04-20,0.0007615448773992117,0.0015788023399563311,0.0001595779504190986,0.03773123583185467,
2016-04-21,-0.005194027008290192,-0.00045264496825958567,-0.0033513815316922324,0.012901694189069834,-0.0003411598992387743
2016-04-22,4.785972478082989e-05,-0.008018810599038417,-0.016253041495696507,0.012737360657096186,-0.0016114660947212922
2016-04-25,-0.0018120458796383465,-0.0021278948291887367,0.008301516763681072,-0.02492568406123863,-0.005601762319964343
2016-04-26,0.0018727515871905798,-0.0015340228740055029,0.002663594069564512,0.032833056893025736,0.013698206928241197
2016-04-27,0.001649352800310755,-0.005142841560304978,0.005635163641245056,0.02929157331312693,0.0021663642394880167
2016-04-28,-0.009230768513682652,-0.011895626288754735,0.01304839054214968,0.015442243987791704,-0.016623003291656557
2016-04-29,-0.005063088369821722,-0.006228588813150915,0.018727736998715994,-0.0023897591411852215,0.00032492971263820003
2016-05-02,0.007809946463542827,0.008843308499840052,0.004266211765677319,-0.024825771670421992,-0.005592486870497626
2016-05-03,-0.008676638198860664,-0.01128564918758812,-0.0030895189239633636,-0.02523441903130219,-0.0075455620851691
2016-05-04,-0.005936889314214544,-0.007889636932570943,-0.013480981639421241,0.0029781729409770197,-0.0052214012278947175
2016-05-05,-0.0002390081258001331,-0.0018093406864211348,-0.0014922047759372559,0.012334420524988676,0.003756570196288278
2016-05-06,0.0031746390805036384,0.004042813075792351,0.016910492045891345,0.007671483640095733,-0.00026498670900398924
2016-05-09,0.0007534970439868616,0.0029664969561806753,-0.021115359511650778,-0.02731753750271959,0.01714624210748439
2016-05-10,0.012483643435067249,0.012561533567081229,-0.001343197854510092,0.028084743537561296,0.002765047328716186
2016-05-11,-0.009561518078546327,-0.010226854433938004,0.008465820844362648,0.03515449395853931,-0.00493796850778383
2016-05-12,-0.0001694649071644072,-0.004906823080007117,-0.003373550007982562,0.010166585017456597,0.006567816182767139
2016-05-13,-0.00847828902508041,-0.004147885416404651,0.0012595257218273037,-0.010492541123375276,-0.010822236982540034
2016-05-16,0.009796652464963085,0.012247499407202156,0.0011793379756328548,0.03267695663594705,0.005867010227795566
2016-05-17,-0.009411297455333645,-0.012507691606113647,0.0021987801979985733,0.012363791649106615,0.003816429729987636
2016-05-18,0.00020517873267866804,0.004960024601837976,-0.001958940679871013,-0.0024840145553873816,-0.002610664088489645
2016-05-19,-0.003706707658226005,-0.005610816221942594,-0.015309728152269275,-0.0006225104825017258,-0.011022661712474568
2016-05-20,0.006019504059596059,0.012101838298643086,-0.0014351194609206752,-0.008513285895164757,-0.0043296897826234915
2016-05-23,-0.0020854589704891735,-0.0007925832552813095,-0.0010380459939173248,0.006911033111092868,-0.0024065951139995434
2016-05-24,0.013681382686285826,0.019992588355480567,-0.017744346259361055,0.011231220471403791,0.002302441895789764
2016-05-25,0.006974740643369559,0.006959403446413326,-0.004394193430533266,0.019333658207668192,0.024009988881288802
2016-05-26,-0.00021044390350322129,0.0014055234377765569,-0.002778932908919063,-0.0016142419055259483,0.016981940750153468
2016-05-27,0.004286857336424754,0.006473167925529211,-0.005163451261268159,-0.0030314816606576978,0.010781136858828422
2016-05-30,,,,,0.0026788078338353394
2016-05-31,,,,,-0.0022497893677019265
2016-06-01,0.0011350423274503196,0.0008488587379458234,-0.0023872442356748236,-0.0018329970546805407,0.0024325801667495206
2016-06-02,0.0028246780734553223,0.003858824429552321,-0.0017327960587778524,0.0032646368678166393,0.00476775519028827
2016-06-03,-0.002911814656949452,-0.005801198171754285,0.025045400508259652,-0.011185667226807361,0.00022504204686080165
2016-06-06,0.004897281193053882,0.005298904466295662,0.0036287396892122903,0.022007398567063907,-0.002402442641741276
2016-06-07,0.0012894462510633087,-0.001400758142901748,-0.00016065497010864238,0.013483638602526549,0.007974636440766236
2016-06-08,0.0033095665337075086,0.002597901288607929,0.012375461356418427,0.01727559414893931,0.0007983607496653278
2016-06-09,-0.0017177585589538413,-0.003220337369331139,0.008255200778428451,-0.013078238823581056,-0.0083947512649023
2016-06-10,-0.009175181182794367,-0.012920996363064874,0.002519346059834948,-0.02946996910593258,-0.004089644337244347
2016-06-13,-0.008115191387155773,-0.009420654630399428,0.008638291023326694,-0.0038719916016022315,-0.007276541569812833
2016-06-14,-0.0017988851350955182,-0.0010086000399814887,0.0009342503496310162,-0.007978710743172135,-0.00021576701833758705
2016-06-15,-0.0018407128700851372,-0.0017796098427454998,0.00015562635811061654,-0.009899017123498055,0.012054669964487674
2016-06-16,0.0031329906996742096,0.002066161398522226,0.008010519806092686,-0.03749217454675935,-0.008023982222768011
2016-06-17,-0.0032579654199809127,-0.009201406595745643,-0.0027775446753712796,0.038303408198041344,0.003617626792678852
2016-06-20,0.00580818525653326,0.007680730612334541,-0.0019342359767892114,0.02897039189058015,0.008359624373303065
2016-06-21,0.002712061607464289,0.0013540459769976199,-0.015116279069767424,-0.010532721673361167,-0.002257645126540031
2016-06-22,-0.0016515636618127383,-0.0021553383964951767,-0.001967729240456517,0.005731885419453686,-0.0019708505629796313
2016-06-23,0.01336407865930278,0.015873192264108216,-0.005362814533221627,0.0199470694266346,0.008136572328440339
2016-06-24,-0.035919799994431734,-0.04115242584301415,0.0466223050306096,-0.04929158233122988,-0.021987932139331257
2016-06-27,-0.01809650217612302,-0.024116508467224906,0.0018939393939394478,-0.02749785002890648,0.0007541598771854119
2016-06-28,0.01777016508725926,0.02120610499294706,-0.005444197483459368,0.03280804193811959,0.004095260052119798
2016-06-29,0.017032672570028273,0.018623678965963952,0.0065384134924952875,0.04242429798805625,0.009369009200318468
2016-06-30,0.013565044705922347,0.013269848171784338,-0.004154392249093086,-0.03107456302865541,0.010208434909800168
2016-07-01,0.00194860235588723,0.004109283239367434,0.013880405354168346,0.013656110540182675,0.00489874928358125
2016-07-04,,,,,0.005085111447510116
2016-07-05,,,,,-0.0041513850919495665
2016-07-06,0.005352963242081676,0.007518350917594008,0.006266587914337318,0.017811198674515527,
2016-07-07,-0.0008715778419239317,0.003632294836186434,-0.00351677686443419,-0.048281697254753064,
2016-07-08,0.015253349296718177,0.016393852963447975,-0.002573340241765809,0.005981401449145496,-0.0017630571995113087
2016-07-11,0.003408615474199461,0.006431695825736661,-0.0011794011607927368,-0.014314061397556865,0.017385163388715874
2016-07-12,0.007009293213798395,0.0068515039295822255,-0.015424372261300778,0.04557642966992548,0.006276575256050743
2016-07-13,0.00013476775533982632,-0.003402440132850737,0.0062214593958593856,-0.04380340321538234,-0.00018187954806314632
2016-07-14,0.00525920411762093,0.00565952982592699,-0.008268754010774426,0.020782129724598475,0.005340689007570898
2016-07-15,-0.0009289473209127541,-0.0008879939436000628,-0.0036055349298230732,0.0059106929938674835,-0.0027553542761237226
2016-07-18,0.002382294987840705,0.005207172397724502,0.0014323591511966605,-0.015451557620980494,-0.003828434895569499
2016-07-19,-0.0014351736522938419,-0.0038391047066046458,0.0023336160260196692,-0.013041559033997951,0.0023328603569714446
2016-07-20,0.004270300173431885,0.010634654989109427,-0.009538078236481451,0.006494895653295529,0.004373522526303297
2016-07-21,-0.003612528916297486,-0.003149409301089201,0.008871664193727868,-0.004227828938918932,-0.006508402848794281
2016-07-22,0.004553964713003289,0.005175556162256845,-0.005561837214627996,-0.012513997168514424,0.003654550165692383
2016-07-25,-0.0030114751244342264,-0.0004961164669308182,-0.002871987625976402,-0.023987272947165628,0.011058187743255843
2016-07-26,0.0003227842443460638,0.0024364110695591634,0.0010610947411042737,-0.004869067794324056,-0.005210956669673972
2016-07-27,-0.0011985421207814095,0.005823867681084227,0.00446734658302006,-0.023299162224185488,0.0029275331807177007
2016-07-28,0.0016062090221755643,0.0029514557351464354,0.00429675361607762,-0.01860684192192319,0.005861324676151858
2016-07-29,0.0016313092573088106,0.0013869893522069354,0.012534677294776086,0.01118130994888622,-0.003207805558776422
2016-08-01,-0.0012697872845152114,0.004275427585323621,0.0017791137242864075,-0.03701916243550074,-0.00022575624385023918
2016-08-02,-0.006361619481225378,-0.008963815650052998,0.00961965351868077,-0.013729481600180726,-0.001580424402241265
2016-08-03,0.0031339432802557354,0.004284042561583101,-0.006083295719442328,0.03340935372305687,-0.009051569392458547
2016-08-04,0.00021257188969192597,0.0012616459994692075,0.001991057658577766,0.026940936193748932,0.0007314347572768831
2016-08-05,0.008603496447961101,0.010620879203968148,-0.016485151316693702,-0.0031004308888399335,0.015442549763450941
2016-08-08,-0.0009071655678379864,-0.001528403922844146,-0.0022448368341771996,0.029186632606955865,0.0032475792173825013
2016-08-09,0.0003897939364765346,0.002367065420529224,0.004199771623971893,-0.005811250519289213,-0.003799596028080332
2016-08-10,-0.0028646859974036376,-0.003999613896114362,0.003958214210698197,-0.02478375875487282,-0.011863013316336768
2016-08-11,0.004734588012062169,0.004576704337563298,-0.0013390231070021796,0.04267568048585213,0.00196501420606765
2016-08-12,-0.0007960463737501922,0.0008588161691662766,-0.004990652641992499,0.022993790788817803,
2016-08-15,0.0027929092187690685,0.005566691073465968,0.0033687676564675417,0.028096200333590948,
2016-08-16,-0.00547907701986905,-0.006634364012379712,0.007610199806224793,0.018364672535273296,
2016-08-17,0.001868589648029051,0.000296587025966355,-0.0057756748079415,0.004508352859974529,-0.0021405719860551065
2016-08-18,0.0021996173129046337,0.002197455131983661,0.006330528270729108,0.03056209184003733,0.0057049989769026865
2016-08-19,-0.0014402713809749113,-0.0003377803238907573,-0.007992841287809305,0.006221468881500991,-0.0007320911278931863
2016-08-22,-0.000563323157221185,0.0011874310345760808,-0.002014378687711371,-0.03029680970392301,-0.0043556517669032235
2016-08-23,0.0019517694055308787,0.002951603588549734,0.002167918456991824,0.02231666852469294,0.0003997170745508871
2016-08-24,-0.005240276852734871,-0.008058838665790824,-0.012084105226687347,-0.027650687287921305,0.0020503899304304962
2016-08-25,-0.0013652276243513173,-0.0010521411113728618,-0.003246790055011828,0.01197351652362566,-0.006716485056797228
2016-08-26,-0.0015788165944199406,0.0012892303270590766,0.0010605442314632896,0.0065497051891163505,-0.0022870033493540554
2016-08-29,0.005228047221710774,0.002569527114947956,0.0010594206689840124,-0.013853901256672074,0.004071179686342186
2016-08-30,-0.0019536804841114863,-0.001785025717136457,-0.008466303602306047,-0.013409984552018805,0.015904758198549196
2016-08-31,-0.0023758642617150993,-0.0018705797048880202,-0.003659317630929415,-0.03559865729235978,0.00478601471887985
2016-09-01,-4.1384533048027805e-05,0.002683513359730494,0.004055342152272656,-0.034451921459566326,-0.0013145392127147382
2016-09-02,0.004201041336424849,0.0043407365642111895,0.007544600504840071,0.029657061719698286,0.0039887629069979
2016-09-06,0.0029816787577114923,0.004954428539606592,0.02064900486517751,0.008775949963943264,0.015136765190694401
2016-09-07,-0.0001463852229309781,0.001520120565690286,-0.0037794393757715206,0.014945307641749617,-0.002801051625573092
2016-09-08,-0.0022230136296667036,-0.004627274490599187,-0.00557911160275415,0.04659338311834649,0.0038741867728371293
2016-09-09,-0.02452206896667508,-0.025396013429990427,-0.005012023487028561,-0.03653922517424679,-0.009583893290980194
2016-09-12,0.01467705274849096,0.01677360270622663,-0.006841572628349835,0.00893635217670119,-0.017041355026008564
2016-09-13,-0.014830674258895948,-0.010867484776724168,-0.0015140045420136694,-0.030028070040114874,
2016-09-14,-0.0005876766502063147,0.003592458082779748,0.0018953752843062777,-0.02939865590123447,
2016-09-15,0.010109273363029914,0.014674003983246031,-0.006053726825577033,0.00757223502735771,0.001827767518446155
2016-09-16,-0.0037722947474507773,-0.0009753180177586307,-0.005862163054339509,-0.02004101733484953,0.004266467508998506
2016-09-19,-1.8603060785604697e-05,-0.0018190317570843106,0.005896730650902571,0.006274702891545747,0.003251853109136782
2016-09-20,0.0002991382171499968,0.0012073116599873313,0.00015222776693946116,0.003233242312129292,-0.0036896597064991488
2016-09-21,0.010917162352442444,0.010270269514923491,0.010048012280439389,0.04373852637994102,0.0001424355273373923
2016-09-22,0.006499784427785649,0.008373623234351646,0.010174089796977315,0.021614458291535632,0.010288054854791007
2016-09-23,-0.00573677446354337,-0.006324542170030978,-0.0023874016591325375,-0.03972366504124769,-0.00404855847332275
2016-09-26,-0.008587762798917709,-0.009095748127031955,0.0018695782914208703,0.03259893835121552,-0.012285499419638857
2016-09-27,0.006444170055012188,0.009171624560940783,-0.010300759319832209,-0.02743309662221971,-0.0019086689214536934
2016-09-28,0.005296554012835575,0.00242000483338356,-0.0049023304022280945,0.05327963209476505,0.004450748674702076
2016-09-29,-0.009321411497187015,-0.00928822783613148,0.0017431610696185817,0.01657816379686028,-0.0175983698107679
2016-09-30,0.007967969231286176,0.008132260127424074,-0.006355377660642536,0.008572022406779567,0.002316355667103087
2016-10-03,-0.0032606955294726125,-0.002095233963196552,-0.003274231834501151,0.011815913660688127,0.014742422671912614
2016-10-04,-0.0049555622707156965,-0.002114739786050035,-0.03262028355376245,-0.0024585688015920093,0.0035534936242527237
2016-10-05,0.0042966906501935576,0.004983281062036493,-0.000868749596328322,0.02341349838774409,-0.0028737328235858284
2016-10-06,0.00048155976529717925,-0.0017249599966345786,-0.012171911901740162,0.01224155675776295,-0.003934193340149772
2016-10-07,-0.0032534833570118105,-0.002722932633594022,-0.0007201347246756917,-0.01249003311995267,-0.0013720795655899343
2016-10-10,0.004605905039596125,0.006853227307178411,,,0.0012877340663539627
2016-10-11,-0.012446471596532338,-0.015365913823329636,,,
2016-10-12,0.001146589037580359,-0.0014809091794033558,-0.001516380218725022,-0.01201025003653966,
2016-10-13,-0.0030992637479612117,-0.004903577636748313,0.003117276388912016,0.005181313669828214,
2016-10-14,0.00020160447857309194,0.0001592222461574977,-0.0015139636765437725,-0.0017843012497671396,0.0011723284023095193
2016-10-17,-0.003037994040303138,-0.002750266888917996,0.001037466166669665,-0.008142996223184373,-0.007339748483457642
2016-10-18,0.006160403318245855,0.008465681700396965,0.0051020601797675535,0.007008456116199824,0.01848504680288232
2016-10-19,0.0021919710189710617,0.0004901584671894721,0.005631325595630177,0.026048867264770292,-0.002166512682066579
2016-10-20,-0.0013757239543792377,-0.000872992768120473,-0.0018140616640400786,-0.022674383789605956,0.004654153788272275
2016-10-21,-8.414160005176807e-05,0.00297030311679225,0.00023708030492497478,0.00832833960744983,-0.0007300027188475999
2016-10-24,0.004749839541692946,0.009972643655635993,-0.0030808312969798912,-0.00648963670127467,0.0018290923188344355
2016-10-25,-0.0037977277864983394,-0.0049775935185072395,0.007844710312252312,-0.011084746005875279,-0.0020266955521803798
2016-10-26,-0.0017404116452881535,-0.006270561272070929,-0.005582180556375382,-0.015612465844485834,-0.008750107164233856
2016-10-27,-0.0029867267366989747,-0.0065329601258417025,0.0024509609948304423,0.010980091748200138,0.0
2016-10-28,-0.0031082993435224138,-0.004959790052841528,0.005994144206637797,-0.02051489204990098,0.0026406662604103737
2016-10-31,-0.00012227640782913607,-0.00018496000451584393,-0.0031360250882006557,-0.03778234340374231,
2016-11-01,-0.006786883476427641,-0.006852784402973544,0.011718461985106066,-0.004054682862387304,
2016-11-02,-0.00652550029741239,-0.009315903348438348,0.015858227632850497,-0.028497923045611273,-0.013012606868569754
2016-11-03,-0.004423400838946101,-0.009236905887574753,-0.003596627690978682,-0.01499780112234883,-0.003412004309079175
2016-11-04,-0.0016661307322337615,-0.002380202215833349,0.0009216444702315751,-0.013210930465824444,-0.00603423639902867
2016-11-07,0.022223543967337278,0.02373979749909183,-0.019182075549278865,0.018606755173645295,0.007505534867348507
2016-11-08,0.0037719744542996647,0.005288310859524525,-0.00383323494241794,0.002004904295201282,0.005472487636161372
2016-11-09,0.011077020753253342,0.011086877464915323,-0.0006282776918377087,0.0064473303352312605,-0.013056610804363489
2016-11-10,0.0019507459501284519,-0.008049791936929562,-0.005579110264141374,-0.013474720657904227,0.011118358633776193
2016-11-11,-0.0013979503036608554,0.005435044473829365,,,-0.026912611243878892
2016-11-14,-0.00011550278622274313,-0.003572573695404091,,,
2016-11-15,0.007480797417763307,0.010965088133251477,0.0022928668032111688,0.057479263527425495,
2016-11-16,-0.0015822634216101639,0.00359388290216911,-0.000490176132301845,-0.005239067261995967,0.0003884715658204474
2016-11-17,0.004676369608375142,0.0074397093135853964,-0.005640039460819257,-0.0032916727426693937,-0.003901807530291679
2016-11-18,-0.002386798421690206,-0.002336055267814219,-0.006576243321002928,0.0059445281516605775,-0.000724026450019899
2016-11-21,0.0074614006258433285,0.008897869165272354,0.0009101990781443803,0.03939599706412755,-0.017958657713704862
2016-11-22,0.002165432272904111,0.0032577185511246665,0.0011574276143517803,0.011370753458510352,0.009231779915716665
2016-11-23,0.0008080244329033981,-0.0010526463694714439,-0.018084248071067344,-0.001457416127489064,0.0038738863522509437
2016-11-24,,,,,-0.008439844937436325
2016-11-25,,,,,0.018680535394827613
2016-11-28,-0.005254535631502799,-0.005577016091543152,0.010524550100115881,0.022145037502216525,0.001552826240037497
2016-11-29,0.0013352930642269722,0.002069334388812516,-0.002267723187669546,-0.03929486441944163,0.0018764842908427504
2016-11-30,-0.0026534040390964186,-0.010453640000304909,-0.014395130258855082,0.09307979498300245,0.01011404833415619
2016-12-01,-0.0035155289737457407,-0.013631606351963144,-0.0033310764019578443,0.03276704675527364,-0.00384213136056899
2016-12-02,0.00039700650631591117,0.0008645865694500987,0.007027124004040042,0.012142556114561387,-0.012950308300941793
2016-12-05,0.005821305253253195,0.010130095300156405,-0.0009360697887760283,0.002128494769775502,0.00518749027126697
2016-12-06,0.0034108883546988267,0.0045414131127887725,-0.005451468836509821,-0.016605533793179084,0.0017714780678148578
2016-12-07,0.013163241364864575,0.01139316812769553,0.00633780795545924,-0.02277635657689603,-0.005047198952388254
2016-12-08,0.0021593430473272335,0.0043754447142150266,-0.004425490359042605,0.021498888587156983,0.017871996368588716
2016-12-09,0.005938984786955759,0.005009845645054023,-0.008890429116053644,0.012981900972290017,0.0018067979083868924
2016-12-12,-0.0011374349205595102,-0.005870137007530585,0.0035362907534950416,0.025825278272906482,-0.011008587201561393
2016-12-13,0.006539774750587091,0.009476149588240945,-0.0058444768613020726,0.0028392524320048906,0.006241739024219095
2016-12-14,-0.00811717185395111,-0.00497090060665295,0.003976915233366851,-0.03661756593943333,-0.004786009184091999
2016-12-15,0.0038832279549072535,0.003711863341206989,-0.02884698061780422,-0.0027429347009640948,-0.003525850688682164
2016-12-16,-0.0017506226204834219,-0.0036082980206304516,0.0066501149807478566,0.019646364833438623,-0.001735417750965862
2016-12-19,0.001975120701520394,0.003729848776468092,0.004580243942773121,0.004238870896683178,-0.004312342580149231
2016-12-20,0.0036375121488696482,0.0048557565973270655,-0.007891275756247262,0.002110525951762199,-0.0027084460873485483
2016-12-21,-0.0024573614565177593,-0.0022811638636932585,-0.0003535346125165262,0.004978022946759086,-0.0026106228238139684
2016-12-22,-0.0018629737285675851,-0.0043882957718310855,-0.0020333540866899202,0.008763556291928376,-0.010196830414798908
2016-12-23,0.0012517152775348706,0.0028031654893962976,0.002746257487458381,0.001321996106055101,0.0008334150796909245
2016-12-26,,,,,-0.009704786651222541
2016-12-27,,,,,0.01575571051196545
2016-12-28,-0.008356529175972627,-0.008907593219138477,0.0018464569557534727,0.0029684571963377593,0.00024897763255693484
2016-12-29,-0.000293304709629405,-0.0011896926344550085,0.014920133083850207,-0.005364426714029369,0.008556475748073389
2016-12-30,-0.004637050227782158,-0.00901489628689467,-0.005534438151975407,-0.0009298723569812761,0.01014360358861044
2017-01-02,,,,,-0.0007696016073948098
2017-01-03,,,,,0.0015587749862460143
2017-01-04,0.005722273788525856,0.008826526996365436,0.0029300451073148714,0.017771764913767196,-0.00021361652781592966
2017-01-05,-0.0007706704833204681,0.001997433157978845,0.013662056776643228,0.00938790866987027,0.01017029542610337
2017-01-06,0.0035169592193697863,0.006035072821699572,-0.006611788658687612,0.00427833638606101,-0.0036259035398709116
2017-01-09,-0.0035485942758867184,0.00194885864504446,0.009898434460514194,-0.037599602350147365,-0.0009401004613908137
2017-01-10,0.0,0.003615446749085871,0.0005914247333123068,-0.02193994245063613,0.0063804622280927425
2017-01-11,0.0028296382793233654,0.002130846911384543,0.009626773251241172,0.02813853431253399,0.01110570972035907
2017-01-12,-0.0021448089967596173,-0.0029045084166676727,0.002760161337831857,0.014545422421688103,0.003167988574872327
2017-01-13,0.0018498402425362048,0.00480034784874217,-0.003002732098280614,-0.012073182605411681,-0.0008148474852923693
2017-01-16,,,,,0.0014821044232022906
2017-01-17,,,,,-0.0017592008642893786
2017-01-18,0.0017637540575008437,0.003054837830091861,-0.0005775174685437312,-0.026676785887829735,0.002262443438914019
2017-01-19,-0.003609308355419394,-0.0028025207657850215,-0.008585836700100824,0.0056773118722515115,0.0021503634757038537
2017-01-20,0.003366237154707852,0.002752667792693897,0.0028312301981352483,0.020439931066629224,-0.010165855054597661
2017-01-23,-0.002690124758069401,-0.000430242071152831,0.008884788456404058,0.006295342285040029,0.005048344194100052
2017-01-24,0.006564593637664151,0.008647674932189098,-0.003868272569444442,0.008151664553095461,0.010045856484240057
2017-01-25,0.008026090549617448,0.009887569844943211,-0.010741138127348893,-0.008085752213392361,0.014977960574563243
2017-01-26,-0.0007353844075136395,-0.00020502091472307526,-0.006514698496637883,0.01952604320941953,
2017-01-27,-0.000866463892926328,0.0009901734694468534,-0.001176985636034078,-0.011342518114492717,
2017-01-30,-0.006009543517695892,-0.008315077781717806,0.00429254750503838,-0.010156048888966707,-0.0009836539852451365
2017-01-31,-0.0008899054071440649,0.0001924000585202812,0.012906490985804764,0.0034201083321814263,-0.008276643631809133
2017-02-01,0.00029836348965073256,0.004961870895870968,-0.0024822108725806036,0.02026130783941582,0.01811647640847469
2017-02-02,0.0005703094032936118,-0.0011430280352092703,0.009207013777967843,-0.00631032193481329,0.002047818890261066
2017-02-03,0.007264758098647794,0.0054238357686751115,0.0014794517139506969,0.005416528027051948,0.0007671174184962215
2017-02-06,-0.002115356985885164,-0.0005682628433218984,0.009437833401723328,-0.015233206049203973,0.006875638006406781
2017-02-07,0.00022682918569594257,0.001884049849339764,0.003414594448678754,-0.015846070160064007,-0.0037211469911869743
2017-02-08,0.0006933223855400961,0.0014504161201251975,0.0027548408269131297,0.003258615863700909,8.55353964515082e-05
2017-02-09,0.005752546449780516,0.005759835870756902,-0.002020038824593895,0.012609855664654113,0.0010663168924529565
2017-02-10,0.003566050102845164,0.003315679724595899,-0.0005667162057411135,0.016226426610406852,0.0017257602055471555
2017-02-13,0.005245845097992419,0.0052021978459910745,-0.008101101589613746,-0.017266993959094812,0.001307776751758416
2017-02-14,0.004007335176634763,0.0032286593604691216,-0.0004083632718312469,0.005101085513072867,-0.0014480326951941125
2017-02-15,0.004992308919898214,0.006376078163912391,0.006373009724831569,-0.0016917321672406116,-0.007688501401983627
2017-02-16,-0.0008641180363413437,-0.0007801505141752374,0.00673869380300629,0.0047072113938420035,0.006109070053333943
2017-02-17,0.0016785565287558146,0.004072327327888425,-0.0019355035597278247,0.0007496423363906324,0.004978377228582742
2017-02-20,,,,,0.0065180179247708026
2017-02-21,,,,,0.003226575978951818
2017-02-22,-0.001082200145408052,-0.000906982214791352,-0.004444444444444473,-0.008694066014865776,0.0021386509747480797
2017-02-23,0.00041898672168572126,-0.004286248695071104,0.014772687639508897,0.016047781449950893,0.0014114204061503877
2017-02-24,0.0014933641914423035,0.0016794236257611228,0.005359201330880969,-0.008448100606561426,
2017-02-27,0.0010179830611165563,0.0028381460664537173,0.00039780411352374756,0.0011112716563903557,
2017-02-28,-0.0025783763780462543,-0.006219819775994839,-0.003817439744652318,-0.0007400724531354541,-0.0019221268068030373
2017-03-01,0.013673854659866258,0.013490799757696736,-0.002953817055715846,-0.0033326512881366455,0.007455313102474381
2017-03-02,-0.005859880503598425,-0.007250906900932441,-0.013611978275023029,-0.022663963945832588,-0.0051476453411544165
2017-03-03,0.0005038772720600271,0.001625904642196474,-0.005195246600556369,0.013685634144650738,-0.0002472199008398679
2017-03-06,-0.0032772408480052917,-0.0036741173135885763,-0.00081599347205219,-0.0024376722979884136,0.00740657732427441
2017-03-07,-0.0029133737680216987,-0.0026072029825894294,-0.0076766226329624265,-0.0011278453464387272,-0.0018463654426456033
2017-03-08,-0.002284215165048731,0.000620444331211889,-0.0054316317328167996,-0.05382010995861397,-0.0025260799775062015
2017-03-09,0.0007998953585612867,0.00021588747820833198,-0.005047559442232119,-0.019888624190097515,0.0003025666294942386
2017-03-10,0.003268670195698986,0.003925443993723743,-0.0014138998733104202,-0.01603078572238059,0.0008457269729471584
2017-03-13,0.0003666328125562224,0.002396869991335926,0.001415901816709697,-0.0018560558769347146,
2017-03-14,-0.0033790271755046453,-0.003226799102545974,-0.00041583498823005716,-0.014049592639210795,
2017-03-15,0.008374752796581397,0.007381135456820509,-0.0014976693498300886,0.023889341166945632,-0.0002421255983823256
2017-03-16,-0.0016267102694209612,0.0001203313465143463,0.021998187610305475,-0.002251342795281497,0.0075841396735512046
2017-03-17,-0.0013143147950017697,4.0712447979984745e-05,0.002690622770586959,0.000615359575320662,0.0006936658662091144
2017-03-20,-0.0020098935338483948,8.977887752070757e-05,0.00308987364363289,-0.011480065039104259,-0.0036244557639315556
2017-03-21,-0.012407972940626899,-0.01824945581095605,0.010132944428815183,-0.018249710614636205,-0.0005861397529225432
2017-03-22,0.0018898864360001877,0.0047999437710037895,0.002568071025507157,0.01478666583614685,-0.009981889457600146
2017-03-23,-0.001060269661328106,-0.0006785364982602182,-0.0019210952695581929,-0.007077438511829737,0.006184587497530369
2017-03-24,-0.0008439958489141475,0.0018994296842982372,0.001042526852482295,0.005660386864678069,0.002388232369495924
2017-03-27,-0.001019587452981141,0.001995265245123168,0.005768365265058417,-0.005003161816956925,-0.006895015885759803
2017-03-28,0.007251474353500598,0.0059533931640609605,-7.963643778341467e-05,0.013408744935815564,0.006146863328001739
2017-03-29,0.001085324742930105,0.0038143205859368923,-0.0015136018004908713,0.023568315377757276,0.004724859454424246
2017-03-30,0.002935109936855751,0.002846951635602224,-0.0067017905301137715,0.01696627309766119,0.003275464899958447
2017-03-31,-0.002255047489714501,-0.0004395434560202638,0.0018474287776104603,0.004965243447395462,0.0
2017-04-03,-0.0016421255420062675,-0.0028857930012808897,0.0028060609821096705,-0.00711456139348321,0.006987285393105225
2017-04-04,0.0005595225490382383,0.0006666498237080098,0.0033578118067791873,0.015724464061247945,
2017-04-05,-0.0030548611983906016,-0.005786089197890143,-0.007649382937002014,0.0023516117862560915,
2017-04-06,0.001929509405943275,0.002467433581825107,0.003934498408547871,0.010752672935547825,-0.00034540133484917135
2017-04-07,-0.0008271302020167459,-0.0001939354273929883,0.0031992320593356993,0.010444891828985003,-0.006872244968150865
2017-04-10,0.0006876864837839225,0.0005308298765009933,-0.0025512820837225725,0.01607963486980779,-0.0018318178068531532
2017-04-11,-0.001433879303282093,-0.002407808939530409,0.01606584284083601,0.006028630063780405,0.006050221207523521
2017-04-12,-0.003759951034546627,-0.005217498415541422,0.0032253758761320306,-0.005430728600013257,-0.003632110499891761
2017-04-13,-0.006814694227374907,-0.005313468629376206,0.008311750317643085,0.0013180134441681535,-0.005720723153564311
2017-04-17,0.008613348940219367,0.008895573342197594,0.0027218290174579884,-0.0099661296776129,-0.0012567207506942735
2017-04-18,-0.0029033798625895946,-0.0012498013707047395,0.0017837185623272855,-0.004558436306005276,-0.003736545992832463
2017-04-19,-0.0017163507793208632,0.0023180851965176608,-0.007973931367317943,-0.03758826991869202,-0.00018125901870869043
2017-04-20,0.007557263417987681,0.009167615033456311,0.00039019821326169435,-0.0033703047893282045,0.003614037526775471
2017-04-21,-0.0030350729326357184,-0.0010579683294457132,0.0042905061980273995,-0.01293020727988714,-0.0018606890321317682
2017-04-24,0.01084006896297951,0.012401583015586137,-0.009010389440700095,-0.007859721846906975,0.010806610135114969
2017-04-25,0.006090687476747014,0.006963847739464679,-0.00799504064258083,0.0067032669941742284,0.00961704198701141
2017-04-26,-0.00048570348354270987,-4.319215468395754e-05,-0.002765486779011339,0.0012106044578539255,0.004862141050359314
2017-04-27,0.0005529198041311911,0.003935113018815439,0.0012677090697150728,-0.013099510785437918,-0.001037144431864756
2017-04-28,-0.0019131470681601481,-0.0002198861516040651,0.0018992043260244174,0.007351451937464226,-0.004078352878555069
2017-05-01,0.0017322905115801923,0.007273986809581023,-0.010109728303160925,-0.009933137244651946,
2017-05-02,0.0011890499458222514,0.0006188882183353339,0.0014361499143764611,-0.02416053033352128,
2017-05-03,-0.0012713605313821041,-0.0037438764277253345,-0.0069316798192219364,0.0033571096920763654,-0.00019858805361794296
2017-05-04,0.0005821026438950216,0.00045945099706656833,-0.015966001303167165,-0.04809701488370122,0.005149318274558334
2017-05-05,0.0040886954080285864,0.004184115214748152,-0.0013860180773542785,0.015377872493409939,-0.007970232889681239
2017-05-08,3.744597299082386e-05,0.00031150064877283334,0.0004082298988135058,0.004543467739645868,0.0030962920535411165
2017-05-09,-0.0010252486299153762,0.0029380117917328086,-0.008977392933690265,-0.011845772850430869,0.0003006001413146109
2017-05-10,0.0011306013658478609,0.0013969720544959596,0.002470559070548717,0.03160420072324599,0.009708238203339103
2017-05-11,-0.002162809124616749,-0.002150411882784309,0.004435966587652995,0.010564123825407057,0.0016051987553300506
2017-05-12,-0.0014784413679722608,0.0008616831314969264,0.002862517493883443,0.00020903870270627678,-0.002281796475279485
2017-05-15,0.004776513648450997,0.004646115486102387,0.001957286339612674,0.021112004981433063,0.004733589140501593
2017-05-16,-0.0006868970151433507,0.0032847609008486156,0.005209201156796572,-0.0038894295321141303,0.007077477566896029
2017-05-17,-0.018178214414433458,-0.025710408776775107,0.018218623481781382,0.00842580864565945,0.0014192225814082526
2017-05-18,0.003686818283279214,0.007301263420902648,-0.004612364873260444,0.005706109252868075,-0.010109419697924005
2017-05-19,0.006767499942466504,0.004718364932368546,0.0007989135088355415,0.01985822466534648,-0.00016435790585866972
2017-05-22,0.005160131149745784,0.008205519712076503,0.006386206044405318,0.007947500429750232,0.001097763971423804
2017-05-23,0.001837871992654172,0.0008298270275555186,-0.004679862435360449,0.014587062589083821,-0.00552004973114717
2017-05-24,0.002489126548973042,0.003960124968998668,-0.001912674785360391,-0.00213717908961919,-0.0027274851639997877
2017-05-25,0.00444194837709877,0.00685374150333562,0.002714807048692869,-0.04789717786679393,0.015939255537936958
2017-05-26,0.00031054999597146526,0.0007945156153754684,0.009396342012268466,0.018404860595052197,0.008974958266515953
2017-05-29,,,,,0.00102143611312
2017-05-30,,,,,0.0020457696866569286
2017-05-31,-0.000459968801852062,-0.0007528258717064418,0.007844088903865343,-0.026983490872034777,-0.0003428528870922376
2017-06-01,0.007571112611303388,0.007793805366688611,-0.0039308176100628645,0.0008278335219367161,-0.0005353140834091219
2017-06-02,0.0037077313104922904,0.009439944071633732,0.007734845168212212,-0.014474788132852412,0.00388935141525959
2017-06-05,-0.001217665183814387,-0.0016048129055298288,0.001958019975245584,-0.005455273234695968,0.002237489964779682
2017-06-06,-0.0027790399654609166,-0.0032752802893042388,0.011803310411634405,0.016666604966220522,-0.003922359487981697
2017-06-07,0.0015682572275503848,0.0035569100550969512,-0.0033220401321233384,-0.051255394820386546,0.002775716774745085
2017-06-08,0.00026720472849017796,0.0038714327650837266,-0.010696788635737198,-0.001749821279936059,-0.0017229472523487832
2017-06-09,-0.0008299892344156845,-0.0180076193924692,-0.006111453835081271,0.0041630684475719715,0.0021767861307626646
2017-06-12,-0.000978763178264619,-0.005228798268341106,-0.0018920176697378999,0.005454941959670556,-0.005362874292141773
2017-06-13,0.004511505177332342,0.00727235809706106,-0.000236890264272982,0.008246467845447913,-0.0009878956380873216
2017-06-14,-0.0009958307964025304,-0.004096216139670927,0.005530099328468596,-0.03723632320979764,0.0011710332721861505
2017-06-15,-0.0022395981461527104,-0.004744254711564144,-0.016184865545233573,-0.006036227599526933,-0.0041692616884621
2017-06-16,0.0002836393681004967,-0.002228567735787834,0.001437509102631962,0.006297854245614021,0.001044053873587636
2017-06-19,0.008347228657875183,0.014182933554645283,-0.007815030963417069,-0.012069756264386666,0.007248606485755094
2017-06-20,-0.0066966373620162,-0.008171165358585197,-0.002571894629043392,-0.021945728596377,-0.0004193408027297618
2017-06-21,-0.0005826443900691647,0.007420845042860558,0.0019339439275281034,-0.016192476760392593,-0.0020614689620345183
2017-06-22,-0.00045578207221763645,0.0004394879663636164,0.0033777956324667624,0.004937759350986504,-0.00037365154469337636
2017-06-23,0.0015609155178168965,0.004579361626451117,0.0068932155772916115,0.006317188405784213,-0.005716490621754944
2017-06-26,0.000315801794623205,-0.0028889665466261816,-0.00788083324992539,0.008602714741255513,
2017-06-27,-0.00807282488613359,-0.016092103875806507,8.02179106320633e-05,0.019824817638920633,
2017-06-28,0.008808066374833778,0.014282652480347213,0.0012836774346900448,0.011301988721292622,-0.0021185514012070916
2017-06-29,-0.008600023246820632,-0.014445642223822053,-0.0030449109199719437,0.004246728198055161,0.0013538374160411148
2017-06-30,0.0015332318107057485,-0.0006396405997030064,-0.002813052674293548,0.024705110233967487,0.0017677404426008625
2017-07-03,0.002310833849555216,-0.004944264996127434,-0.018376664508028218,0.02237182360588319,0.009883477981521338
2017-07-04,,,,,-0.00017682738559543498
2017-07-05,,,,,0.0025277277502206985
2017-07-06,-0.009368823820586791,-0.009982328277431396,0.0014748662092798348,0.00864168802167331,0.003833962481337938
2017-07-07,0.006403125486305727,0.010447579521929429,-0.0111274555140487,-0.028339211391798846,-0.0009044348498532528
2017-07-10,0.0009277662125786179,0.003788356123727521,0.00289591268467726,0.0038435899932631745,0.010888907501369838
2017-07-11,-0.0007826806116978391,0.0027377914274264725,0.0012375216815549983,0.014414400172383157,0.001535147225716127
2017-07-12,0.007305607635895495,0.010958635836768593,0.0037079763435454716,0.009991135741391988,0.0030706776776372458
2017-07-13,0.0018745843139260643,0.002119415332410668,-0.0014776510909514373,0.012969886366638095,0.007701693029408263
2017-07-14,0.004673503078699293,0.00606114231591115,0.008468244959569216,0.009982618624000406,-0.0005409167111671831
2017-07-17,-5.291283677333336e-05,0.0003104903264163905,0.005054682345991157,-0.011173193973663675,0.0029940865038224906
2017-07-18,0.0005978573436131729,0.0047319998765846805,0.006732581464206078,0.008257302571389458,-0.008955249163058343
2017-07-19,0.005372639356088893,0.006419922748507334,8.055401490958403e-05,0.015517184963976582,0.007372352703497453
2017-07-20,-0.00015365928181010347,0.0007768096843803196,0.002900497742407193,-0.007003353646812593,-0.002656653372384299
2017-07-21,-0.00036787164783502746,-0.00035211267605639307,0.00763174777261888,-0.02179953917088262,0.004248852576378193
2017-07-24,-0.0010637348279797232,0.003610044005126989,-0.00031892242564790507,0.012453565416723267,0.005158759549683589
2017-07-25,0.002923171678338221,0.0002121203512226444,-0.0017545842566001335,0.033448408113006645,-0.00018568247962835738
2017-07-26,0.0002826639480466575,0.0016499996497139069,-0.0021570274644072684,0.01795783297791087,0.0056300171143817135
2017-07-27,-0.0009726882691745153,-0.00631506108656732,0.008486769884657797,0.0059487367287660575,-1.0037865166290239e-05
2017-07-28,-0.001341115577770502,-0.001176675356569734,0.0069863837715871124,0.013662278883301848,-0.0006037397952625145
2017-07-31,-0.0007281456077897763,-0.004166492727691207,-0.0014191491591594163,0.00925365304656256,0.006250897136651945
2017-08-01,0.0024491149692504877,0.002334521708029058,0.004737091517173164,-0.020131519999902703,0.0037263481265050746
2017-08-02,0.0004926487188865458,-4.558255541786682e-05,-0.0006285767508711348,0.008746954973768428,-0.0032774628232060676
2017-08-03,-0.002183654185644257,-0.0035064098977899416,-0.003145148487520233,-0.011292626972532527,-0.006730110536626532
2017-08-04,0.0018891035295691694,0.0017696551163279839,-0.00749329518387476,0.011217684386116034,0.0052678092346210015
2017-08-07,0.001647199789928111,0.0050711889111274555,-7.954991048697568e-05,-0.0038322394995806697,-0.000894063384204502
2017-08-08,-0.0024144327873969473,-0.0020849840381197415,-0.0014305570081576402,-0.004454367755048705,-0.007840056363968673
2017-08-09,-0.00036360867105078576,-0.002845929952259185,0.013212333065401705,0.00793173111387313,-0.007065154895241621
2017-08-10,-0.014474441722801767,-0.021324452487752832,0.008405303355754068,-0.01957225976240351,-0.008861461782919355
2017-08-11,0.0012755699762128092,0.006384232042506488,0.003115992951739477,0.0047334748202110255,-0.011145357329243155
2017-08-14,0.010043754544535322,0.013373150915425791,-0.002718024487626036,-0.025194583161104123,0.008583287433983067
2017-08-15,-0.0004988078808476626,-0.0011387938396544284,-0.008176296837901553,-0.0008405319478690387,
2017-08-16,0.0014201029158569245,0.001910639349070431,0.0025124231489868087,-0.0161934904336134,
2017-08-17,-0.015436952160958639,-0.0194164813038461,0.007439893349801885,0.006626793103470696,0.0006921671640436333
2017-08-18,-0.0018353673110713675,-0.000864745867206973,-0.0005442111543074724,0.03015498331586386,-0.006739598791147605
2017-08-21,0.001162651069903653,-0.0005469132234946494,0.003966786847585668,-0.023500297445741225,-0.008442350412935062
2017-08-22,0.00994077978775465,0.013576104032460234,-0.004415922704188335,0.005699819798432371,0.0011482257414410224
2017-08-23,-0.0034535927149730306,-0.0030281675015869647,0.002957006381073546,0.016162898145019255,0.008903768559017866
2017-08-24,-0.0020744620703185834,-0.0011276864602342007,-0.001862071819847766,-0.020243741898890222,0.00046179189926420783
2017-08-25,0.0016728693563305974,-0.0009072942000130091,0.004663816556548683,0.009276799997426366,
2017-08-28,0.00048707205438569545,0.0027738399322756457,0.013307505742263137,-0.027156867893612047,
2017-08-29,0.000842821736810162,0.0030033514343168477,0.002596033092175265,-0.0027915196256633745,-0.011777701789638884
2017-08-30,0.004615148933961866,0.01053968260855509,-0.003807783179471058,-0.01033590776120863,0.009019001301445284
2017-08-31,0.005720976220730423,0.009476626781827369,0.006192168593466496,0.027632734618411536,0.0033891787742403867
2017-09-01,0.001982540682532896,0.0010375290827149275,0.006306069849596252,0.0012704080853813693,0.00569677026131532
2017-09-04,,,,,-0.006170875324781666
2017-09-05,,,,,0.003969654285916446
2017-09-06,0.0031287267736885838,0.002782533148270261,-0.003957532072170977,0.010275380221288488,-0.0036172905783141696
2017-09-07,-0.00017843612323464875,0.0007132547228207997,0.008396394757391734,-0.0014239156843265377,0.0013815972895521167
2017-09-08,-0.001488850703918465,-0.005889487453023534,0.0006691133970695429,-0.03279691597773782,0.0004934001218306339
2017-09-11,0.01083929931877714,0.011331394955606422,-0.011144130757800852,0.012426288085008341,0.007171760015373785
2017-09-12,0.0033639480109453057,0.0034233722414209744,-0.002253944402704766,0.0033284761478651337,0.008694739852208588
2017-09-13,0.0007571207193879381,0.0009156957006406508,-0.0034638370376035565,0.02218535569106095,-0.0013623236054590704
2017-09-14,-0.0011007176162897148,-0.004815626717389998,0.0009822629090459056,0.011967548919237458,0.0007242372812548137
2017-09-15,0.0018471814878802117,0.003016004853435339,-0.003245962796336377,0.0,-0.00011889227256378643
2017-09-18,0.0014559207541648966,0.0009568039658145455,-0.010678563560459264,0.0004008911206325738,0.006712596042585561
2017-09-19,0.0011101954279371107,0.001034865981451194,-7.662684873954717e-05,-0.008615514055107298,-0.0005466118624873895
2017-09-20,0.0006343478158390425,-0.0008171372567660207,0.004440398901348397,0.01879547925989633,-0.0006306363787978997
2017-09-21,-0.0030459176984141134,-0.005165720388111583,-0.01631099421803539,0.0027772146413846954,-0.0018982067377479872
2017-09-22,0.0006477937229520947,0.000658599513185365,0.0020921069992749786,0.002176075410717626,-0.01556031910231781
2017-09-25,-0.002222050282888466,-0.008764708259904053,0.010438412967070265,0.030793552664621693,-0.009212875602266135
2017-09-26,7.216672978804795e-05,0.0015022647407427758,-0.0074992718564046434,-0.006510918127920151,-0.00011137992205778602
2017-09-27,0.004085143947080816,0.011457331412502603,-0.010485717491085178,0.005011532694300547,-0.013751709466646389
2017-09-28,0.001204615596159142,2.9509068969257868e-05,0.0016362595807930536,-0.011123859285517623,0.003410132276660871
2017-09-29,0.0037051100814438076,0.006587137784975328,-0.003111629716063824,0.0021333745679703586,0.002011415113154058
2017-10-02,0.003874003457017716,0.0031958715926649894,-0.00686699089202103,-0.02109534307175054,
2017-10-03,0.0021588381272976687,0.002300197890897193,-0.0009428390177670387,-0.0031633779422114428,
2017-10-04,0.0012467201713795006,0.00044703789550704087,0.0017302014721785053,-0.008726668835541296,0.005618985813175215
2017-10-05,0.005646787369921524,0.007763252300207579,-0.0029833767005458256,0.016206510218282677,-0.0026425071639926134
2017-10-06,-0.0010736344069645076,0.0007319740454696522,0.0013386496095701972,-0.029533372178802697,0.009202422785872022
2017-10-09,-0.0018044339160793177,-0.001585722246396859,0.008021448126787956,0.005883564823306431,0.0009068212982741297
2017-10-10,0.002322412261707374,0.0011429070119248763,0.00686528820611132,0.027026952166252505,0.0028231956263296
2017-10-11,0.0018035072962026,0.0024744475596796267,-0.003719143691780502,0.007462707811858982,-0.0032095987299651796
2017-10-12,-0.0016867529508860502,-0.0018232676997382846,0.005832944248863159,-0.013645239246587781,0.011177047924897598
2017-10-13,0.0008781073155288421,0.0021679462779564673,0.006340331603099436,0.016798464712466155,0.007037142143597297
2017-10-16,0.0017507533144689447,0.002755184209425332,-0.00122933199073183,0.008163229596059418,0.006235527378509298
2017-10-17,0.0006725789853143649,-5.1304913949223874e-05,-0.013001018614243298,0.00019283085476073936,0.00035193420634405115
2017-10-18,0.0007423349056041584,8.455424652509258e-05,-0.0024161929742303467,0.0030840370878566503,-0.0023059945074831445
2017-10-19,0.00032799789456050554,-0.0028909652764995686,0.005469177175150497,-0.014411990522779194,-0.006297204164917303
2017-10-20,0.0051168427389869375,0.0036305415547346342,-0.007382080829725246,0.003509461921676227,
2017-10-23,-0.003972484039719171,-0.006368895664752072,0.00023479470180065576,0.008354386923985935,
2017-10-24,0.001617908278173541,0.0017611047375845068,-0.0021131339712415764,0.010982652756570621,0.0022435859942857572
2017-10-25,-0.004663049754275228,-0.005234584309048995,0.0003137446384804399,-0.005526985111121374,0.008586597606260904
2017-10-26,0.001270946219078306,-0.0010847404571368013,-0.00713499718656363,0.00881562057842733,0.004706027201677676
2017-10-27,0.008073022498049642,0.022036726263594097,0.0017373063942554001,0.023936211072187907,-0.002006032637116295
2017-10-30,-0.003192470570786421,-0.00034318990278470185,0.004414643741377677,0.004638218792627935,0.00393300300838062
2017-10-31,0.0009444586571358826,0.00428573406990207,-0.005572541968437261,0.004247452183845368,-0.002735579151063039
2017-11-01,0.0015921101716727115,-0.0016558685024852249,0.005603769207527698,-0.0014711627341543743,0.010178727013297362
2017-11-02,0.00018996581088659426,-0.00023670612665394053,0.0006279325354803245,0.004419920475855044,-0.0015995589591015769
2017-11-03,0.0030970753849743904,0.007371622148810042,-0.0065887710825977,0.020168655219217735,0.0027533333189682097
2017-11-06,0.0012712512404724485,0.0032523017708139257,0.010185570007155587,0.030733269288834464,-6.698831021290097e-05
2017-11-07,-0.00018910292286977715,-0.0027496237218793684,-0.004455270543548773,-0.0026154789044906535,-0.009725541625559164
2017-11-08,0.001443655000098465,0.0031532249435857196,0.006202421855158402,-0.006818171056758526,-0.004540996818999998
2017-11-09,-0.003761887644002093,-0.005754841838942926,0.0031210986861724965,0.006336855957612242,0.0005629156585715833
2017-11-10,-0.0008976438525517549,0.00013187113347390422,-0.010267541554563886,-0.007521366175451294,0.0012416205767800115
2017-11-13,0.0009836343625724275,0.000986552436817112,0.003851009368157632,0.00035242584552119816,-0.009378235734008311
2017-11-14,-0.0023096092988857952,-0.002919672692024644,0.003288147664073371,-0.018675080865737326,-0.0037506868204679744
2017-11-15,-0.005525675723266343,-0.004698837421819535,-0.003901677721420249,-0.006642709637644129,-0.00672940994209803
2017-11-16,0.008196058063241196,0.012984991318826244,0.0007050720047492298,-0.003433985814538798,0.009557197007243445
2017-11-17,-0.0026259630899742037,-0.0015456428239665199,0.014404277487392703,0.025571270638730104,0.006740214824151325
2017-11-20,0.0012756828808564435,0.0011676495703669687,-0.016360605373768933,-0.00813437826133856,0.0014732575363192169
2017-11-21,0.006541139295859866,0.010568853616793605,0.0050996392001434465,0.013193112434546128,0.0027333793542905216
2017-11-22,-0.0007502611166068096,0.0007110961090435186,0.008196081648661036,0.020939619714365643,0.00149119420929833
2017-11-23,,,,,0.0006236712756650942
2017-11-24,,,,,0.003957018510689636
2017-11-27,-0.0003842577408796899,-0.001544475157700731,0.005518067867946508,-0.014249366271696151,0.000948016707878141
2017-11-28,0.00984851271879017,0.004919640221139554,0.0006955497834191249,-0.0020650306423054543,-0.0028174108723719726
2017-11-29,-0.000369225702197995,-0.012726439060240291,-0.009731965753557725,-0.011898644963524219,-0.0008630645657047298
2017-11-30,0.008190950433802913,0.007265129503401857,-0.00694175538845565,0.0017452406657918473,-0.013005125084696312
2017-12-01,-0.002024530803113933,-0.0038377197266267205,0.004398443191185875,0.016724722281406867,-0.010242946252702612
2017-12-04,-0.0010521566439205543,-0.01054673661980754,-0.0035189238568795744,-0.015250160732359075,0.0005878594150563465
2017-12-05,-0.0037393815604747083,-0.0019423523766791684,-0.009966313078200728,0.0026100175395089575,-0.0009380168349337747
2017-12-06,-0.00011410565998426492,0.0020954572479787714,0.0009512311869142032,-0.028809439052133068,-0.007328380957675518
2017-12-07,0.0029323579853828274,0.005380448199189036,-0.010294583067259166,0.013045024199060062,0.012206229598028528
2017-12-08,0.005506306319651655,0.003998367053937191,-0.0036806668879260096,0.011818698180862564,0.009732773998600175
2017-12-11,0.003201957471006933,0.005116899159109511,-0.0012046258101667817,0.010983282102712266,0.0055134947345070184
2017-12-12,0.001548922064604108,-0.001856015313458026,-0.004181033509710552,-0.014657738648315766,-0.007953654423696332
2017-12-13,-0.0004729570906678582,0.0019643474530546268,0.005571275263675846,-0.009450488647103072,-0.004609326378225087
2017-12-14,-0.004070859227173984,-0.0028025858923514946,0.0067448404122318895,0.007773894934068437,0.005802972930222028
2017-12-15,0.008974343513216354,0.01167504488087423,0.00039878766990586456,0.0045581752692858135,0.007915489872025061
2017-12-18,0.005362807225250732,0.008387373438313528,0.006298255629608507,-0.0024432703579844173,0.005371011056540809
2017-12-19,-0.0032302694598687065,-0.004418974919003227,-0.001188401250219795,0.005248412138932679,0.007166424768379365
2017-12-20,-0.0008278931807477186,-0.0004150199499157736,0.004283354186730204,0.010964167736742692,-0.001815888030940238
2017-12-21,0.0019856558213586784,0.0006320826967027848,0.0009478503003936822,0.004647967930012875,-0.00037345038892977467
2017-12-22,-0.0004581666477052604,-0.0007752510207285068,0.006391521560681346,0.0018848630774697117,0.0050477664720738336
2017-12-26,-0.0010584151831672939,-0.003406623180387758,0.006821350952907368,0.025654181096012696,0.003669112741827796
2017-12-27,0.0007909409391904099,0.0004454631465129477,0.0022584101465614737,-0.005502781796521972,-0.003869344347908643
2017-12-28,0.0018339987251561052,0.0015592711617582466,0.005516686546960026,0.0033534668844106275,-0.0012248513571480046
2017-12-29,-0.005183153157965359,-0.0067293441416873545,0.009427458057607696,0.009692480195161446,0.005039158869532878
2018-01-02,0.008303361477520088,0.014994048369718627,0.005664779964134947,-0.0008275279472987895,-0.008403999578242116
2018-01-03,0.006398818768781567,0.008367449746625955,0.0019030220696665268,0.020871329443820752,9.576525840304662e-05
2018-01-04,0.004028636080503967,0.0017522212021183758,0.002431297189563253,0.006165783657832158,0.0058985376343401175
2018-01-05,0.007033767443369587,0.00828633043497451,0.0006821467313995466,-0.009192061123250994,0.005145248428569005
2018-01-08,0.0016623439316436617,0.002918784113631334,-0.0012876415809394137,0.004720067089996283,0.006132296831134809
2018-01-09,0.0013029315960912946,0.0008648321927422487,-0.005232841302758584,0.01992547466964978,0.0012613794869653638
2018-01-10,-0.0011122268282528491,-0.0013973814485326308,0.004345561831495814,0.009688701067691152,-0.0004512366915013777
2018-01-11,0.007033646478779465,0.0081371905730796,0.0024289897620870526,0.0036180516492130277,0.0017870242895141608
2018-01-12,0.006749602987881076,0.0068333025834943495,0.00969260113945225,0.007837050480822283,0.00282125996474325
2018-01-15,,,,,0.005645388385020489
2018-01-16,,,,,-0.003826227138756466
2018-01-17,0.009415051560751175,0.010325726097745402,0.0019469638598204053,0.0037659137014074417,0.008233261943837888
2018-01-18,-0.0016163897301626484,-0.00030554877784838563,-0.008968609865470878,-0.0003126537030172516,0.002637073177355065
2018-01-19,0.004385235112838837,0.00552765937796762,0.004449490508342757,-0.009069614138156656,0.007183155709762357
2018-01-22,0.008066726499347698,0.009766383896178787,-0.000750807103888973,0.001893683897817633,0.006562824007838586
2018-01-23,0.0021743654797181655,0.007054541547735882,0.0036065269139398115,0.01543549403572797,0.010714741469905364
2018-01-24,-0.0005599757022828333,-0.006062764347220195,0.015123211784551671,0.01768263328778019,0.00020749430668232094
2018-01-25,0.0006026209018938911,-0.0005259434600574098,0.0047938637679492135,-0.0015241346317761417,-0.001474797886974577
2018-01-26,0.011841196508761032,0.012765864086942358,-0.007927223014231655,0.00961681014920246,
2018-01-29,-0.006731974332887192,-0.005230676373521703,,-0.008769305056048449,
2018-01-30,-0.010898815620283941,-0.008575597858458073,,-0.016168358725858534,-0.0072549052294663685
2018-01-31,0.0004889853730833948,0.0012158087591922495,0.0026958031452164466,0.0035659435183503785,-0.001986505865481769
2018-02-01,-0.0006480882520516484,-0.00345681527239039,0.003958214210698197,0.01653019680725243,-0.000979334267002474
2018-02-02,-0.02120854792396809,-0.01961987780043961,-0.007885217043241521,-0.005319241448063616,-0.023264327729431322
2018-02-05,-0.04097922480422822,-0.03776029426818206,-0.0005248190728807112,-0.01986242143588357,-0.00874020111347329
2018-02-06,0.017440920592313836,0.021291634514759794,-0.005176312388644022,-0.01184726606629738,-0.015778279553294694
2018-02-07,-0.005001588416939429,-0.008979901768450649,-0.010934318880138072,-0.025240550394805217,-0.0020527044686019513
2018-02-08,-0.03753641975808808,-0.03897059052633367,0.0040409034208446215,-0.010357653020969804,0.009559251691416026
2018-02-09,0.014936090208494734,0.014361484143950776,-0.0028856016080763824,-0.03188880971841357,-0.011525115565078292
2018-02-12,0.013914584754042503,0.015633119387545413,0.008453260065734547,0.001520272828176017,0.008110971654893273
2018-02-13,0.0026129297463290957,0.004518760471846628,0.002945192990387202,-0.0016866636409880176,
2018-02-14,0.013402458257245842,0.01855138951972446,0.02063099534504098,0.023821589459808834,
2018-02-15,0.012069112762299383,0.015791721388197733,-0.0025083175315843143,0.012211249127057622,0.004247217640005241
2018-02-16,0.0003734693722488025,-0.002337232017212143,0.0008135312519776949,0.005542878248159688,-0.00883791146104973
2018-02-19,,,,,-0.0070701582851038225
2018-02-20,,,,,-0.001734371321447492
2018-02-21,-0.0054965031281792864,-0.0022227521345865586,0.0009030336602811051,-0.0035541391806128697,0.003576097765586983
2018-02-22,0.0009735510790762625,-0.0011277192249036228,0.0004511094631109991,0.017671857120539425,-0.0014186170381128571
2018-02-23,0.01602837635051313,0.017655853911321184,-0.001803715961294583,0.01242629876706336,0.010435590678416817
2018-02-26,0.011757015343810906,0.011457728518214694,0.0018822467187973313,0.005664840514138403,0.008726467454819975
2018-02-27,-0.012706888443829278,-0.012276541780296912,-0.011422523280690933,-0.01408232714798463,-0.0026741826897078713
2018-02-28,-0.011095788639207016,-0.007822318343237544,0.0,-0.0217425641704323,-0.005822290104475547
2018-03-01,-0.013324399541987275,-0.01271134097305937,-0.00957808862480991,-0.010545063556421708,-0.0032879533476946055
2018-03-02,0.005071602744632031,0.010766577810490618,0.013968801006093878,0.004262966295752735,
2018-03-05,0.011032026532745043,0.010035980607796535,-0.00227083495226732,0.02155101542570148,
2018-03-06,0.002638858606169414,0.005633806944698394,0.01175935079818946,0.00047944349437711864,-0.010580287725753812
2018-03-07,-0.00048387472056610203,0.003342390677999907,-0.005698842025396944,-0.02316289111159664,-0.00927383024977435
2018-03-08,0.004463078207817217,0.004231685071214741,-0.004600283247313319,-0.016843868655640803,0.008710700361544088
2018-03-09,0.01737883151892694,0.01788647739790883,0.0018940828500324525,0.03193616130662136,-0.001542645765246653
2018-03-12,-0.001273985129042532,0.003638468022845176,-0.0022686024989519993,-0.010960675292407851,0.019023530088059015
2018-03-13,-0.006363576551088879,-0.01018803376565769,0.004926481642962388,-0.010593245101259807,0.0005228873803659884
2018-03-14,-0.005724521948562322,-0.0018905190479496792,-0.0011313070158988081,0.004117937798881366,-0.001529629691374823
2018-03-15,-0.000781930531963182,-0.002010164870253739,-0.0057384290590751785,0.003772958426682571,-0.004874698450260895
2018-03-16,0.001703447167811456,3.341468591111507e-05,-0.004176792068693147,0.018793945933787803,-0.01592640973139836
2018-03-19,-0.014204195388793028,-0.018410876743346405,0.004194310832913661,-0.0044914786431108356,-0.009896900659531527
2018-03-20,0.0014818054520648882,0.0027313336263987686,-0.004328731037988809,0.021592009715368565,0.002981856935879268
2018-03-21,-0.0018439898833508828,-0.0025813405387026256,0.007322077465257593,0.027917927452161262,0.003052086486265315
2018-03-22,-0.025162888405856454,-0.024316243787705694,0.00446734658302006,-0.01334962623341096,-0.003988084980675044
2018-03-23,-0.02096688071186603,-0.024280454776577365,0.017111468159164644,0.024572225920243662,-0.011537625281148767
2018-03-26,0.02715725576151251,0.0325869974892794,0.0037797194110877896,-0.005009019663294478,0.013262645068574441
2018-03-27,-0.017276308813847896,-0.029323288746175402,-0.00967216136281801,-0.004576705382010937,0.005281003483202706
2018-03-28,-0.00291665716625622,-0.008500740871404622,-0.012748898109106954,-0.013333375426544558,-0.006917631084606968
2018-03-29,0.013769718690019195,0.016436384342549237,-0.001057168400067643,0.008698434480882922,
2018-04-02,-0.022337423560165104,-0.027370487903107033,0.014590207170698477,-0.029719803623574514,
2018-04-03,0.012614865848792123,0.010357849172203615,-0.006929384492203927,0.007935248584653998,0.0032511600254110373
2018-04-04,0.01156648273982852,0.014526150975879393,0.002250900277680712,-0.00220436771135879,-0.011381123413860439
2018-04-05,0.0068628636575538415,0.0048905714444793524,-0.00860907289986157,0.002682688756635576,0.019425574859986305
2018-04-06,-0.021920248779842444,-0.022813368924403332,0.0057388622711769255,-0.023292406687307143,0.0006246125727966678
2018-04-09,0.0033365488963206236,0.005094637853234829,0.003303569587363109,0.021914224388651204,0.004621743176794313
2018-04-10,0.0167269537832615,0.020712650629156615,0.00426547254628451,0.032954967323044926,0.002206341580816895
2018-04-11,-0.005525364482924067,-0.003562017426237518,0.0108047690014903,0.019996909111215766,0.0014324199692374862
2018-04-12,0.008250750063987677,0.010074963185655372,-0.013343144552847352,0.003741394809065879,0.003983815001590951
2018-04-13,-0.0028866254882486952,-0.004705731263786261,0.004781847203614964,0.0047711301070560985,0.002098666456015641
2018-04-16,0.008109038386684864,0.006983583473857635,0.0020076971102340746,-0.017361599340287803,0.004556037037927396
2018-04-17,0.010661504701720004,0.01744206714205143,-0.00022267074443416135,0.0045302841563448215,0.001932932196645476
2018-04-18,0.0008313658006817715,0.0019420330072514869,0.002969121247755835,0.029314562177446657,-0.002132964212026689
2018-04-19,-0.005726124690152989,-0.007838011353185959,-0.0032562925568003775,-0.0026288929745389433,0.0037145036812440413
2018-04-20,-0.00853653230061302,-0.012700941279438771,-0.007499329737208016,0.0013178552743313698,-0.00011831183431687542
2018-04-23,5.623169212687351e-05,-0.0024530459764539048,-0.01062314033858236,0.003802312762120952,0.0019547797489403163
2018-04-24,-0.01338056164164636,-0.017008949630919035,0.006729697099480125,-0.013694674384685523,0.0028011576629851653
2018-04-25,0.001837059563023713,-0.0005151538357498486,-0.007661163478404176,0.005169957448937668,-0.00412647089076601
2018-04-26,0.010434204774367295,0.016411222798086378,-0.0037086758438069634,0.0020573017394569515,0.0044699661676110836
2018-04-27,0.0011136248915897262,0.00015728040572171587,0.003038820824751154,-0.0013198997516167266,0.007016519558704637
2018-04-30,-0.008187490964434607,-0.007518439650649578,-0.003105428693946588,0.006901633351456438,0.004400344691688707
2018-05-01,0.0025490454770622506,0.009117989491367329,-0.009420986782980645,-0.019250396685124294,
2018-05-02,-0.007205863568357729,-0.004179153821154857,-0.0009204427038226326,0.010111528701498562,
2018-05-03,-0.0022536742393085563,-0.0017955470680260932,0.006218313939622133,0.007360518147412787,-0.003582686660562606
2018-05-04,0.012811178963797909,0.017137083232901862,0.001525902246514832,0.01885139426822091,-0.0057492884485150775
2018-05-07,0.0034579455015175675,0.007710509409154076,-0.0003808943540781762,0.014486547885064427,0.00915875968262192
2018-05-08,-0.0002656413228280252,0.00023260737340513593,-0.00015237858505967594,-0.0236109956041185,0.00021462411343375898
2018-05-09,0.009682220255068819,0.010046960173856645,-0.0005334993688071998,0.03011876490858434,0.0022299717349214543
2018-05-10,0.009370643723504823,0.008863876697230433,0.007244718711396203,0.00309251086014406,-0.0023413789407356056
2018-05-11,0.0017075955546570487,-0.00028228770279992155,-0.001362847336144557,-0.009248930163456737,0.00839357787271755
2018-05-14,0.0008834895573073265,0.0011400889302344286,-0.0018953752843062777,0.003677540982368166,9.217542682682378e-06
2018-05-15,-0.006842140279927467,-0.008053888217209981,-0.020964660528627,0.004932334817316475,-0.0004395462191344457
2018-05-16,0.004060561678767671,0.006348241494598339,0.0010085551502752033,0.002524194521642986,-0.005624036826737067
2018-05-17,-0.0008558723207806596,-0.0021396253546958066,-0.0015501473226560147,0.0,-0.005437005165795927
2018-05-18,-0.00263219493841671,-0.0038104279834666466,0.0015525540100980173,-0.002937461053962087,-0.008078463600931896
2018-05-21,0.007386752997235124,0.005398199723696262,0.0,0.01346800085456068,-0.007521440524559053
2018-05-22,-0.0031357617896576873,-0.002107113031940666,0.0011626104919919555,-0.0015227105980678557,0.0019017372016476575
2018-05-23,0.0032484098921563564,0.006437657756696025,-0.001857941034659527,-0.004020531354083756,-0.010093348388598211
2018-05-24,-0.002023213496498033,-0.00020600503696455164,0.01116877514806447,-0.01572936123358315,0.008005484296034426
2018-05-25,-0.0023572204364039617,0.0012687737175747227,-0.00030674415795639565,-0.04002265404746885,0.00868385840031305
2018-05-28,,,,,0.007873532851907061
2018-05-29,,,,,-0.005178444790938985
2018-05-30,0.012695791223314323,0.00890415082541729,0.0021560398347582055,0.022178864874660364,-0.0017821556488181178
2018-05-31,-0.006879559974886984,-0.002724316758290768,-0.0010757006638973943,-0.017152883516335482,0.011475105468772284
2018-06-01,0.010849230370481022,0.015077687429198017,-0.004076553232318814,-0.01834730519296146,-0.0037210912532843476
2018-06-04,0.004479598435997323,0.00690066257012667,-0.0013130006009237638,-0.01610693812364883,-0.006329368754912523
2018-06-05,0.0007025929724704394,0.004128057270399443,0.0034026946849710082,0.01189184004735755,-0.003325926459519235
2018-06-06,0.008567392465728796,0.006727063865201277,-0.00030830398000958326,-0.012057285204644663,0.0086376570355291
2018-06-07,-0.0007141884679080501,-0.007044962636760799,0.0012335021324896278,0.01884742048569521,0.007833594520176401
2018-06-08,0.0031259043893263616,0.0013673668540834516,-0.000461981680523027,-0.003184216742837198,-6.493276828523076e-05
2018-06-11,0.001068707668436586,0.0018861280147839388,0.0006163229667759396,0.005476127503039718,0.0017923877528847054
2018-06-12,0.0017433852107295866,0.0057258829094712915,-0.0029255899273996633,0.0039334665995833795,0.005182133323169635
2018-06-13,-0.004026127868587581,-0.0010501121797167334,0.0013898917937285038,0.004219390848727578,0.0012773935299743577
2018-06-14,0.002471549778432225,0.008490435190003698,0.005474574332855919,0.003751500634599836,-0.0044811397339686865
2018-06-15,-0.001017102715529128,-0.0018889422263270728,-0.022546030992379174,-0.027358377152831737,0.000892889170515776
2018-06-18,-0.0021261277624751163,8.389755648208208e-05,0.0012552766488183043,0.012142652093029449,-0.00165012762557748
2018-06-19,-0.004023402292699374,-0.0027675047083631776,-0.0004701266328889231,-0.011845084242536608,-0.008277838793689818
2018-06-20,0.0017121542893689945,0.0072382721586286,-0.00344937637055176,0.017673298467379306,0.005751355755517995
2018-06-21,-0.006345510515579966,-0.008810574345786137,-0.0031466332234457717,-0.010268805385693414,-0.0028731945983977436
2018-06-22,0.0018619345065358228,-0.0026099443901483887,0.00015788608735545218,0.046383901023216545,0.007517852262492797
2018-06-25,-0.013724668973416176,-0.02090391589407614,-0.0014202688917867023,-0.007290755127591586,-0.005488841206131911
2018-06-26,0.0022045770199778936,0.003932564894257196,-0.007111251717457745,0.03598702823660349,0.0006225529680423669
2018-06-27,-0.008604355128821406,-0.015413317828794626,-0.003023974877956359,0.0316177994545519,-0.009076853461448153
2018-06-28,0.00617868985946779,0.007870982855970654,-0.0039910598699904876,0.009483160964176784,-0.007712275637441368
2018-06-29,0.0007584033300001014,0.0008821843083899328,0.0028049365788109792,0.00953035543527636,0.011823497741172861
2018-07-02,0.003067957412152822,0.007641524068443983,-0.009190441581753306,-0.002832084695229109,-0.005319993003655044
2018-07-03,-0.00494735062681062,-0.00859179221594375,0.009517604688728643,0.0027048544987631207,0.003997315147197256
2018-07-04,,,,,0.006542116977213297
2018-07-05,,,,,-0.0018709913642785958
2018-07-06,0.008481281595267509,0.013439781105874404,-0.0023860652855268727,0.01179052072341813,0.0021303184376380013
2018-07-09,0.008822985887663393,0.008819799384255811,0.003029519740003872,0.0006774447194564104,0.007449420253147654
2018-07-10,0.003473267180873929,0.00038678733457819803,-0.003417794166802879,0.0035206789655057857,0.008693492612951825
2018-07-11,-0.007094202866256172,-0.005489010588614507,-0.008773328737928576,-0.050330634546136954,9.589665783638068e-05
2018-07-12,0.008749042674663476,0.013906373458683507,0.0017701569725150357,-0.0007103640851712223,0.006841280560560881
2018-07-13,0.0010792374947172778,0.0002633026173990416,-0.004337369007279102,0.009668708765417922,-0.0003900686380828855
2018-07-16,-0.001028135726814483,-0.0025887832163591362,-0.0012100677876272226,-0.04154350780017202,-0.0074463674542162295
2018-07-17,0.00397369863071062,0.006328679607271681,-0.01001536601129005,0.00029392114573201233,0.006510119262449043
2018-07-18,0.0021605126279586884,-8.659011843270559e-05,0.0004895958881911966,0.009988253332648966,-0.002507220612614547
2018-07-19,-0.003952993120479142,-0.0037100209481686353,-0.0031803182408656205,0.010180292706438943,-0.0021265599790679657
2018-07-20,-0.0009484477101494582,-0.0006516823000116689,0.005808225985058257,0.014396775312131238,0.00484622644956767
2018-07-23,0.0018380494891383492,0.002771018814580861,-0.004473363155754417,-0.036474591657929434,0.006770976309698584
2018-07-24,0.004780911145920941,-0.000140285115643346,-8.167940027570264e-05,0.009279676816642102,0.00447008770495505
2018-07-25,0.009101605057599604,0.01166597344596254,0.006127951507796325,0.011383631741177735,-0.0002065513528324292
2018-07-26,-0.0030322960242857855,-0.01009299469358016,-0.004953691298520191,0.004473269046788131,0.0031710209025781477
2018-07-27,-0.00656220869212365,-0.01461508158717617,-0.0022036016768054445,-0.01321646546298838,0.009944194803553685
2018-07-30,-0.005754170294581917,-0.0138831707416196,-0.0010632478192137418,0.020963673909315306,0.0036530340643325943
2018-07-31,0.004884728797982518,0.0054770693397772074,0.001965039095882082,-0.01953508014889771,0.0032642813495284972
2018-08-01,-0.0010403515262938923,0.004627342487117714,-0.004739664124574161,-0.015997650377347683,-0.0009069523785937283
2018-08-02,0.004926444803381669,0.01237787884720043,-0.005993963939393998,0.01921364694059724,-0.008945726168478219
2018-08-03,0.004644183009877123,0.0011944373400374353,0.0029737119267618795,-0.006815563035715733,0.010324829240302646
2018-08-06,0.003538227451535869,0.006102195412762246,-0.004612070343548269,0.007592411865674942,0.0023149606664707445
2018-08-07,0.0028241822564987196,0.0030510122463560663,0.0008274036241935345,0.002318447004232782,0.00020642534254866618
2018-08-08,-0.0002623799656497061,0.0005923545386843365,0.0024801587802172342,-0.03223934923479943,0.005316306199962151
2018-08-09,-0.0014416744645237012,0.0004373177842564857,-0.0005772317218930567,-0.0019421105179416864,0.001807877319869089
2018-08-10,-0.007113887913551609,-0.0066740232633033525,-0.0006601607492431327,0.012273607615463034,-0.003591776841080363
2018-08-13,-0.004005992185342366,-0.002474758318494863,-0.016348713695773287,-0.0063581298630623895,-0.006452600726191027
2018-08-14,0.006389254777276809,0.006545022262579359,0.0014269714615955387,-0.002380893452094579,0.006987615029830696
2018-08-15,-0.007602164835758152,-0.012294672883287339,-0.012992455993294239,-0.030280410972170824,
2018-08-16,0.007919408484583057,0.004167661658856847,-0.0011040754378981443,0.006921964827800053,
2018-08-17,0.0033231157222237684,0.0012566493865648898,0.00025510018753704955,0.006874497157508541,0.0075274326228431665
2018-08-20,0.0024280177746833775,0.000598706484146172,0.008754822633340487,0.007889494980643397,0.007061438877143944
2018-08-21,0.0020685364303643095,0.004879185347360426,0.004887029422976141,0.013849136906802562,0.00165779129785526
2018-08-22,-0.0003981517707819515,0.0038083125926495764,0.00310252667946731,0.007572414963400886,
2018-08-23,-0.0016912621251551352,-0.0013487136158800705,-0.007774010238681517,-0.0004420686564553522,
2018-08-24,0.006198839704363079,0.008570205327693925,0.016259518810551876,0.013121028536386747,-0.0022145337355118366
2018-08-27,0.007670409427647185,0.00905110786231278,0.002238208623549287,0.0021827928290798493,0.011668203138797129
2018-08-28,0.00026927832649970007,0.0015141292441429588,-0.0013233875814205875,-0.004936894928496693,0.003981355027167455
2018-08-29,0.005701434129840033,0.009918991929839693,-0.0024018753978987117,0.014300355674742304,-0.003969809547642367
2018-08-30,-0.004430329054144866,-0.0026301965030861574,-0.005645536594541256,0.010645919163104534,-0.0012915424723947133
2018-08-31,0.00013447750859452157,0.0026185995849914434,0.0021709090442110224,-0.00640565050878561,0.00031688436681198695
2018-09-03,,,,,-0.00840292715423141
2018-09-04,,,,,-0.00535727264157837
2018-09-05,-0.002803126684318036,-0.011874565502858037,0.0018446158566753912,-0.01645915959170563,-0.0037628889968090995
2018-09-06,-0.0036523050860121087,-0.009060463018809917,0.002510670297685369,-0.01382428056986873,0.005223530144531363
2018-09-07,-0.002213344827027508,-0.002548356621520975,-0.003589655848139972,-0.0002950663133676201,0.0045245444601755835
2018-09-10,0.0018978268127400888,0.002735844055282266,-0.0005026605212881119,-0.003099617482991257,-0.013029485041085365
2018-09-11,0.003739841510076891,0.006096552523064069,0.0020117555859702207,0.02531831598005696,-0.013166488710376734
2018-09-12,0.00035667194221011833,-0.0022879024798410086,0.007779761224591786,0.01617332486039036,0.0073001453488372725
2018-09-13,0.005282254329749936,0.007477779824671904,-0.002241181440447937,-0.025294960057080096,
2018-09-14,0.00027548183892078804,-0.0004579554155177412,-0.005823627287853572,0.005831776457727145,
2018-09-17,-0.005569722252617426,-0.014263349426824057,0.003933013532949836,-0.0011595043359490242,-0.011936413868727347
2018-09-18,0.005369014643958003,0.007639491921686448,-0.0024171896822345884,0.013640904978337476,-0.008687975159851424
2018-09-19,0.0012532727238796504,-0.0007629135749825933,0.004511950303676349,0.018181879745229557,-0.003949922395540484
2018-09-20,0.007840591898404803,0.00983516322207989,0.003327233540561192,-0.004499433105542128,
2018-09-21,-0.00036853301202766087,-0.005140612517535281,-0.008290499423652453,-0.0002825462090207953,
2018-09-24,-0.0035156877607932513,0.0007875385745343966,0.0025916216207941822,0.018366813706954588,-0.015767535507102526
2018-09-25,-0.0013050961134796202,0.0017790279102680717,0.0005836330721065153,0.002774652374606612,0.009122472156029238
2018-09-26,-0.003289278113945082,-0.002135518109646073,-0.0050000000000000044,-0.009822898401542601,-0.0012333817079910325
2018-09-27,0.0027632870875580196,0.006457785671937444,-0.009798954080297295,0.007684826800377742,-0.006898080420062014
2018-09-28,-6.870120538793323e-06,0.0005446280818617311,0.0077814013295471884,0.015668291879973983,-0.004290539347394984
2018-10-01,0.003641105118425747,-0.0011247699713421433,-0.003692844661403738,0.027986389785089605,0.007122269255513958
2018-10-02,-0.0003966902079042267,-0.004696851046664174,0.012888593330627529,-0.0009296107833635103,
2018-10-03,0.0007115197468861023,0.0031926845492646905,-0.0034098265990434307,0.015685235311996282,
2018-10-04,-0.008169482334351885,-0.018140616611087346,-0.0009180485783387704,-0.0272215905165063,-0.023852830796859514
2018-10-05,-0.005527978766503461,-0.011556501993278179,0.003341129437972823,0.0001344612752554042,-0.026681114672028716
2018-10-08,-0.00039511662920677093,-0.006740750557998942,-0.01398595358035326,-0.0006725238744436091,0.003063031253653259
2018-10-09,-0.0014179036575431292,0.0002675591448357828,0.002364004306059986,0.009018685700477258,-0.004541918611438267
2018-10-10,-0.0328642290012785,-0.04083347084218203,0.0017689502549060876,-0.023879414853116288,0.015440154906845027
2018-10-11,-0.02057300761734404,-0.012528849649462215,0.028756369097582946,-0.030066926380980963,-0.021553257346415555
2018-10-12,0.014206197825152422,0.02289926358676908,-0.004413587588118051,0.005213401589734934,0.02323964183406524
2018-10-15,-0.005904978964482943,-0.008823645690065107,0.00681393070723324,0.006167682422105081,0.003819527333492445
2018-10-16,0.02149560016316343,0.02890021629427375,0.0007338750783967285,0.0019503955423416652,0.006872770511296089
2018-10-17,-0.00025266233815879335,-0.0003649261168310325,-0.0029333476028844396,-0.030172389101676966,-0.012442447418455793
2018-10-18,-0.014391922356395415,-0.020615758117842442,0.00228818251193319,-0.015770587442596296,
2018-10-19,-0.00036116989772350117,-0.00482427194453694,-0.000978353992560077,0.006846339552169622,
2018-10-22,-0.004299527548581317,0.0026312282567735323,-0.0033461988842417023,0.0007233133735047304,-0.0056582251546914986
2018-10-23,-0.005511829997012829,-0.00416272385133809,0.009990233974772167,-0.039612518957672704,-0.009609350217173795
2018-10-24,-0.030864433977743855,-0.04425389779282962,-0.004540275235196178,0.005870832272419024,0.007682244334463961
2018-10-25,0.018625040052811848,0.029534064527943826,0.0010587446702361447,0.007632477380420832,-0.009765481735494741
2018-10-26,-0.017327264039978307,-0.02065084240950732,0.0027662716472203197,0.0038614956151095114,-0.0093729702973544
2018-10-29,-0.0065595995737004476,-0.016313171026415163,-0.006490872210953347,-0.008137231131272515,0.022018904224825553
2018-10-30,0.015666780052058682,0.015795075474094755,-0.001551673674203724,-0.0128281712202718,-0.005116572845048073
2018-10-31,0.010851331974038647,0.020142006655867517,-0.0084246090000748,-0.013146006989576686,0.01845379780568379
2018-11-01,0.010557843693063784,0.017542008234863182,0.01954957536691082,-0.02480476178905644,-0.0005920526730374132
2018-11-02,-0.0063166863793988615,-0.010367124237805614,-0.00412619383975521,-0.008635566791014071,0.01662257430466929
2018-11-05,0.005600317169601965,-0.0038249523000951635,-0.0008936351971079448,-0.0006335273347168879,-0.0027480337344830685
2018-11-06,0.006259295774170726,0.006428002026718449,-0.004878841894434327,-0.014104586547865616,0.0005701254275940482
2018-11-07,0.021208856064105275,0.026408771209997406,0.0019610248798798136,-0.008680291327349154,0.006495763592117676
2018-11-08,-0.0025089163835961825,-0.005266336517187886,-0.0026911816092136664,-0.01621534019281945,
2018-11-09,-0.00919901370610332,-0.01646288115040928,-0.013492517516226044,-0.007911645899505437,
2018-11-12,-0.01970148934024063,-0.0278159267537903,-0.004227433258230051,-0.004319626640061469,-0.009730567027500525
2018-11-13,-0.0014819196931705747,0.0,-0.0017481874393484587,-0.07074923505549557,0.009568583199961456
2018-11-14,-0.007567410690302756,-0.008954470698595896,0.0072548979289781546,0.010055690197529499,-0.0005858913595558901
2018-11-15,0.010593753366266334,0.01718510985077515,0.004056647334235608,0.0037333170572917407,0.0038198983927342223
2018-11-16,0.0022233054237545957,-0.0015373497972924755,0.006596305803030056,0.0,0.006169525256907837
2018-11-19,-0.01664310858849427,-0.030269601023684367,0.0018839504143370878,0.005313482853793516,0.0076014485618920435
2018-11-20,-0.01815124083246611,-0.017025040489909715,-0.0033521181160790503,-0.05866804289693062,-0.009959695953136949
2018-11-21,0.0030432907461763747,0.009181043563894375,0.005578382959905648,0.022459306683238145,-0.00526926949530282
2018-11-22,,,,,-0.006915043423200262
2018-11-26,0.0155323683669224,0.02058949839740687,-0.0006552406454750637,0.02399847169996905,
2018-11-27,0.003261692144003847,0.00012003892267231642,-0.0073758403213805,-0.0013557949520836,0.0053628890065369195
2018-11-28,0.022973979644221654,0.029492939511367222,0.00842146107446462,-0.024631505506932605,0.004047503329813518
2018-11-29,-0.0021831080910337253,-0.002538508887861446,0.0022105380038535127,0.02306621249342533,0.012102936537020215
2018-11-30,0.008170747552017188,0.007900361376512288,-0.003186034222568912,-0.010106908650198476,0.001662243580064171
2018-12-03,0.010941426132194287,0.01513800156211853,0.011227728069510334,0.039662290313365434,0.000643574597191332
2018-12-04,-0.03236490314939877,-0.03804061255840796,0.005835117132195533,0.005665707889290994,-0.0013092913747559942
2018-12-05,,,,,-0.007967211865771207
2018-12-06,,,,,-0.01685539079615528
2018-12-07,-0.023320118765389863,-0.030467703278104552,0.007026955345888153,0.02175177501214076,0.008730166187373989
2018-12-10,0.0017621539947350051,0.007356605019370743,-0.0024864433227795857,-0.030602558290690807,-0.019193543511718203
2018-12-11,-0.00035634616892232795,0.001611000119974726,-0.0014472355298531525,0.012745127958409874,0.005787336945131116
2018-12-12,0.005419503676349802,0.009454150588132038,0.0020130444889712162,-0.009680541824369171,0.01786392380162427
2018-12-13,-0.00019993032368359476,-0.0039417805418171525,-0.0013661790492072168,0.02795699437960497,0.005024418610784842
2018-12-14,-0.019086709555430348,-0.022583093025459355,-0.004586747723374307,-0.0262457402065015,0.001288081033454791
2018-12-17,-0.020773480559224233,-0.0227084203582667,0.00840745708493329,-0.02578124365536505,0.007672000015183311
2018-12-18,8.640058610476231e-05,0.004468667812975724,0.0014429426988811223,-0.07297512653774241,0.0018690239262686426
2018-12-19,-0.01539571453679811,-0.021680723172534222,0.0023215053853804513,0.020761225121661564,0.005371823253533137
2018-12-20,-0.01577210632742365,-0.016336100306734158,0.00918457010161533,-0.027966094777283512,-0.001422374664029169
2018-12-21,-0.020588228309714296,-0.029933769049102055,-0.007755561053464088,-0.006320856773669115,-0.018052009440243655
2018-12-24,-0.027112254452099527,-0.02211756331783188,0.010926743211311596,-0.06712001235028098,-0.008415473312255894
2018-12-26,0.04959374278953943,0.05836341273032608,0.0013411843565089843,0.08676234534016714,0.006222123071693231
2018-12-27,0.008562680784222065,0.0038341457622024233,0.006382050084993374,-0.034833417737565986,0.004655255863871277
2018-12-28,-0.0012415825080966947,0.000764464263503406,0.0020355245334273686,0.016139906093972423,0.007430619064249022
2018-12-31,0.00849248413140935,0.007708954559244141,-0.0012500785650582102,0.0017647918183540945,0.00024396301689710853
2019-01-02,0.0012684969251244294,0.00462077821022544,0.0021121419609975156,0.024884410304168547,-0.006448744166611009
2019-01-03,-0.02475673039503723,-0.030369301731743903,0.008430951466139813,0.011817774521724278,-0.011141996757007222
2019-01-04,0.03433571464262353,0.04260228410013922,-0.0070445094536923936,0.018475237397869382,0.0051628859308019415
2019-01-07,0.007010434848680358,0.01255558852373917,0.0031964588854191955,0.011676425854485029,0.004143632577580325
2019-01-08,0.009695285023358924,0.01077601027645625,-0.002797713335128127,0.02596863787398407,0.0028175965472634346
2019-01-09,0.004098045450532162,0.008711045110192828,0.004753816932956623,0.05182808144478468,0.004906430486840696
2019-01-10,0.004518418782931244,0.004166941557119941,-0.003567903111794002,0.004392657363545993,-0.0030907707440862575
2019-01-11,-0.00014629784190933748,-0.0020884193999065603,0.0018681594965994641,-0.019015021812103794,-0.0024626132017869784
2019-01-14,-0.005257525167898014,-0.009404037417796829,0.0015538808468158471,-0.020934325021522815,-0.005312723532749919
2019-01-15,0.010721688622945758,0.01707377982714675,-0.0022496505073195117,0.03167694203102456,0.013895116296032572
2019-01-16,0.0022219854881162515,0.001546145501878149,0.004198433073444363,0.0038380495221050914,0.0003214902508350548
2019-01-17,0.0075914003822110665,0.007074941460931017,-0.00046452121189100026,-0.004588064847372397,0.001368225934293088
2019-01-18,0.01318305304897005,0.010271780761341276,-0.007513517561483329,0.033224496876812726,0.0001604738994844812
2019-01-21,,,,,0.0050334340103701525
2019-01-22,,,,,-0.0035668806605010372
2019-01-23,0.0022029127742235755,0.000770638023600112,0.0004678172210039744,0.0009510982946698832,-0.008354123274816327
2019-01-24,0.0013757255543636049,0.006787859732623636,-0.0031174499852775206,0.009692173063147624,0.001689498655541799
2019-01-25,0.008488694060713842,0.01292152678441627,0.014306973010254298,0.010540138289773404,-0.006382606245884936
2019-01-28,-0.007846827493937836,-0.011051114608086499,0.0038538614967715823,-0.0316631959717818,-0.011038398055380982
2019-01-29,-0.0014562465775435074,-0.008099453446249072,0.004453260633515255,0.025389491290802146,-0.0008769465552643796
2019-01-30,0.01554926091974429,0.022023854764415374,0.0012995515254869971,0.017257515386338795,-3.758759858607519e-05
2019-01-31,0.008597395948725328,0.01373507676051866,0.007481431082647871,-0.008113565008723622,0.016818790618479573
2019-02-01,0.0008986100931438479,-0.0024540997910280637,-0.0021216389038479777,0.027328451031528367,0.005788983808607595
2019-02-04,0.006776236617404008,0.011518642338747664,-0.001974315086746503,-0.01266733567687095,0.0017073807867935553
2019-02-05,0.00470842037697472,0.007422897836900866,-7.616042952995894e-05,-0.016495628724809475,0.0020252110586724825
2019-02-06,-0.0022244379802809355,-0.003620643479385177,-0.003576283173412076,0.006522520967505718,0.011715428033110209
2019-02-07,-0.009357140143940179,-0.011786629122187087,-7.634638101372548e-05,-0.025365654035552243,0.0006282690714798367
2019-02-08,0.0006762010869560964,0.0013514852503335728,0.003283890848968518,0.0015197916410010226,-0.011364733121095205
2019-02-11,0.0007091030986317026,0.0013290546671329562,-0.0051000619783067025,-0.005880147308670369,-0.005007475295473629
2019-02-12,0.0128902247439735,0.014603404024393196,0.0016832067114576077,0.013165400280821471,-0.005271417887377283
2019-02-13,0.003023994668760688,0.0007768119652749039,0.001222195016748806,0.015065971275831869,
2019-02-14,-0.002651641555101225,0.0008854415277603778,-0.0007628928614200614,0.009461935196575899,
2019-02-15,0.01087875260858695,0.006120945979440018,0.0063367891650625285,0.02168719552444376,-0.002014639281967212
2019-02-18,,,,,-0.00778133902809619
2019-02-19,,,,,-0.0034395975233135756
2019-02-20,0.0017771107537685182,0.00030718249411965104,0.002387936199154339,0.014797611233722252,0.012362906803977669
2019-02-21,-0.003526436790880272,-0.003920361803318229,-0.014739855660243828,0.0007027567957507141,0.005067269008080633
2019-02-22,0.006411102394986878,0.009092857293405476,0.004306725479316098,0.005266840622936808,0.00016689586186968697
2019-02-25,0.0012318625699112573,0.003576191124232464,-0.0024826413474535736,-0.031086252732695052,0.008196078963680797
2019-02-26,-0.0007904570968998437,-0.0006830609039801816,-0.0006034005682129528,0.00036049852070463295,-0.004117591409631749
2019-02-27,-0.0005440493877303387,0.0006901250542818982,-0.005584502717080109,0.025945921201963484,-0.002644081343287419
2019-02-28,-0.0028255083152146643,-0.0029095177782103576,-0.003718526618591955,0.004917502647476368,-0.0013094150466157473
2019-03-01,0.00689532059343434,0.008339869113268561,-0.012492400825778516,-0.0248165318655883,0.006578642575862936
2019-03-04,-0.003880558492514008,-0.002340941919581341,-0.008947836599417225,0.014157722694065011,
2019-03-05,-0.001131532823106185,-0.00015967664641414192,-0.0021793654434236753,-0.0005301074256226501,
2019-03-06,-0.006524098653592381,-0.009297333109483996,0.0022621095273498426,-0.0060113179691053675,0.005965879573721855
2019-03-07,-0.00812571755868352,-0.011252446311257991,-0.0008560787337824616,0.007826371703224977,0.00047047817900125466
2019-03-08,-0.0021316888487414865,-0.0017947714181385521,0.01028193696045121,-0.010412992484588601,-0.0020618006804727917
2019-03-11,0.014666041867757107,0.020237187621750863,-0.006322244542694699,0.012841113333724286,0.012020353532001593
2019-03-12,0.0029533182046204143,0.0043621943073888225,0.005819366632410894,0.0014086637624186604,0.011922438828049886
2019-03-13,0.006949583813841809,0.006900298454391107,0.008639937321609947,0.02444169888790193,0.0035836901656514097
2019-03-14,-0.0008680223820187738,-0.0016353956865416963,-0.010783920142208414,0.006007591810880619,0.00013664659273393553
2019-03-15,0.00498490290027398,0.00755081998430529,0.006494529345526967,-0.00153557672156035,0.007369987382364052
2019-03-18,0.0037059469012648005,0.0033751830372823477,-0.0011522506865400128,0.009740254449170926,0.0030936423551506387
2019-03-19,-0.0001305615560248663,0.0012275895287467975,0.0036145128011881855,-0.0010154234749715219,0.006124495656707252
2019-03-20,-0.0029443536044478913,0.0006499290394565982,-0.0034482758620689724,0.013552482945982769,-0.0009842344657688962
2019-03-21,0.010852481049954399,0.014230840983513016,0.004306017367118331,0.0025070651277130374,
2019-03-22,-0.018974501239482744,-0.0250403165777906,0.004211009955445988,-0.01567186785400132,
2019-03-25,-0.000839020658475631,-0.0006712160625722552,0.007853041338708122,-0.003726307880955071,-0.008959700017030503
2019-03-26,0.007182725862306283,0.007067718164836645,-0.005749281674539808,0.019041124408290422,0.011361384503600025
2019-03-27,-0.0046443248906916645,-0.006258858664673128,-0.003347808149277376,-0.008842155346007963,-0.0033266013813597617
2019-03-28,0.003589481529391092,0.0033741668552276227,-0.015344663876106557,-0.0018515504230615099,0.010917400749215211
2019-03-29,0.0067342800173637585,0.007843078580405782,0.0024809668558956055,0.014165264138197742,
2019-04-01,0.011568600124275408,0.01288474720882915,-0.0035575990610499097,0.02411042197630997,
2019-04-02,1.745570720723677e-05,0.0025265055750396392,0.0012418313843676199,0.01607406520561927,0.0037748939051200914
2019-04-03,0.002148376881724312,0.005970405714976534,-7.750045421506258e-05,-0.0019175893747335193,-0.005912133221091298
2019-04-04,0.0020846350796801527,-0.00047748663798075075,-0.0006977474199765243,-0.005763698617169299,-0.003946272059030087
2019-04-05,0.004636432770241061,0.005944179580154252,0.0010861322064099621,0.015781052834357157,0.005858785593421345
2019-04-08,0.0010474599539205265,0.00191340655931449,0.005192150530931139,0.020925803051806025,-0.005267483083991831
2019-04-09,-0.006067494393846573,-0.005607338596177014,0.004934102640138827,-0.006521769777812825,0.005812417192683883
2019-04-10,0.0034778715639784963,0.006948856370196488,0.004296107085490997,0.00984684389844892,-0.007509489773200095
2019-04-11,3.8123067008344336e-05,-0.0021195205816232354,-0.015659613766950464,-0.015941785630193217,0.0010704480058416621
2019-04-12,0.006609324208602496,0.00463050542593102,0.0015520720455473036,0.004875708550897473,0.0040313191867198395
2019-04-15,-0.0006293691084816588,-0.0010208200318502225,-0.0029443102663064824,-0.007669398473165723,0.0040279653604204935
2019-04-16,0.0005093580038946222,0.003036633047784676,-0.011035182393037135,0.010252389751340685,0.008280400884877803
2019-04-17,-0.0022738117853239315,-0.0005187228809523381,-0.00031433633642674597,-0.004527786360763453,
2019-04-18,0.0015790922795098083,0.0002476188894313669,-0.00023575441701295663,0.003764141856724912,
2019-04-22,0.001012017561471401,0.0021517669049018195,0.001257941312387878,0.02656245231628418,-0.013473352052831178
2019-04-23,0.008841205788409079,0.013168590007610614,-0.0032979593026108978,0.00913251341530974,-0.0015955909670886115
2019-04-24,-0.002191763174733685,-0.002316275819548741,0.004884543396653118,-0.006184067017150796,0.012975193636658888
2019-04-25,-0.0003689736527457965,0.00205756480657171,0.00023524016317133523,-0.010320235414702617,-0.007193374050953438
2019-04-26,0.0046852921407636305,0.003414314391296136,0.007132760023246698,-0.029289984269711522,0.009693568677590747
2019-04-29,0.001071522174355355,0.0018965672564215108,-0.004903143208358163,0.003159569752764879,
2019-04-30,0.0009514170090862972,-0.008142756867904777,0.003284900142644487,0.006456690510426855,
2019-05-01,-0.007502163081421376,-0.005651364446598972,-0.0010913816345279326,-0.004850592615101901,
2019-05-02,-0.0021239857917741967,-0.0015988437953632362,-0.009130695348267603,-0.028144609178857527,
2019-05-03,0.009638279380647763,0.01583098435808794,0.007482082669399093,0.0021031750611502087,-0.0010661208128105448
2019-05-06,-0.004470988428756373,-0.004986521427915225,0.0019543465411406835,0.005004865679111292,-0.00973339879186319
2019-05-07,-0.016511651392423388,-0.01963862827381102,0.001404422951314821,-0.013654593961784589,-0.008652133673183404
2019-05-08,-0.0016054253132695706,-0.0025666195374799416,-0.0031943713174424904,0.011726341825942788,-0.012041345863927244
2019-05-09,-0.0030214249424966866,-0.004120440973427564,0.0032046080254024556,-0.006761078173968538,-0.005075103956069027
2019-05-10,0.0037202972597878414,0.0008027337760745379,0.001714025065738145,-0.0006483130475318788,-0.0020261741013145596
2019-05-13,-0.02413055719884427,-0.034093971139442014,0.011200143860110812,-0.010055123798557553,-0.011588026384304118
2019-05-14,0.008015944543135589,0.01143847075335791,-0.004153545508397416,0.012123162723958858,0.006624352638199937
2019-05-15,0.00583897507464215,0.011333606393238105,0.0012358829972933805,0.0038847795922458683,-0.005796606308085428
2019-05-16,0.008895287120600504,0.009703202225900487,-0.00871715529004291,0.013705231664742579,0.008971910851931497
2019-05-17,-0.005837333350761975,-0.010353191174195864,-0.008171206225680905,-0.001749651856535639,0.013329435330307948
2019-05-20,-0.0067493779153879885,-0.014572137317813927,0.0012553751164672278,0.005417465928631682,0.036915407876193296
2019-05-21,0.008495835590448308,0.010820075522011141,-0.003212895278095207,-0.001743213919401354,-0.010073374389702572
2019-05-22,-0.0028243962306494508,-0.004480044251686466,0.001257842441774848,-0.024924646256331062,0.0024596922232125173
2019-05-23,-0.01191414994527018,-0.01581248755805198,0.008794027525820924,-0.05714748333072894,-0.006887993870017373
2019-05-24,0.0013535590072402126,0.0011444232139645738,-0.0014010342152204203,0.012433106934903515,0.016046067214389392
2019-05-27,,,,,0.006809330661248669
2019-05-28,,,,,0.0003354368016101894
2019-05-29,-0.0069119122568113145,-0.007892372283615279,0.0032118884339502607,-0.0055799462252815735,-0.005671205333752538
2019-05-30,0.0020984713906617714,0.0027042954498417426,0.005075745840949164,-0.03774870207215053,0.007149487319284775
2019-05-31,-0.01319537280847849,-0.015139343058068633,0.014528842822543409,-0.05460328934893255,-0.0019337668306382838
2019-06-03,-0.0027652403144732274,-0.01611800170216937,0.012942182349370057,-0.004672897196261627,0.013901936014629301
2019-06-04,0.021432370568193138,0.02646932602655805,0.0005292759265373981,0.004319240229790244,-0.005534114111566901
2019-06-05,0.008161854781411959,0.0064247497752591975,0.0037026026323612182,-0.033657428056613536,
2019-06-06,0.006135586748687638,0.00528941061451671,0.007001375002596122,0.01760835607659561,
2019-06-07,0.01049769746289475,0.016617354782560323,0.0026913693567918173,0.026621059551565907,0.0022712730870713127
2019-06-10,0.0046600444669098184,0.010471296314457534,-0.012302416194977517,-0.013521084168159003,0.004384747505377318
2019-06-11,-0.00034988023558091275,-7.670773640899853e-05,0.0012833647654955094,0.00018779828287041056,0.0035981290613484873
2019-06-12,-0.0020375791387226005,-0.003815831631516442,0.0041465620467171505,-0.039985001873691584,-0.004964181988503125
2019-06-13,0.004097381912668174,0.005698865960073629,0.005480836867634897,0.022291736473489365,0.0006592875347493088
2019-06-14,-0.001611511904139773,-0.005163845332109895,0.0006720612655899405,0.004399379257969738,-0.007617057296864349
2019-06-17,0.0009317492412306283,0.0062026383492530535,-0.0010447163939767412,-0.011045477716566166,-0.012784029548381648
2019-06-18,0.009717399870633026,0.013876301527622426,0.005901265931284261,0.037935705933488606,0.0016577587443133979
2019-06-19,0.002985163546397107,0.004204230124031705,-0.0014852220676223604,-0.002597461973697368,-4.259905700743083e-06
2019-06-20,0.009472185190685156,0.008015206720173085,0.0359215005987763,0.053757501759224,0.012000205478679637
2019-06-21,-0.0012592227925193322,-0.002438088963259699,0.0023691052480243613,0.013768733597307126,-0.009098433505187353
2019-06-24,-0.0017318870104667816,-0.003238384572089803,0.012963829171500851,0.008183897234992132,-0.002085381356743965
2019-06-25,-0.009496397343734198,-0.015111730081971642,0.00042422086206861387,-0.0012089756991272571,0.008273734808782462
2019-06-26,-0.0012339337557076835,0.0032023964467964294,-0.002332354775024914,0.026802683520376513,0.004331778503613437
2019-06-27,0.003823175554131808,0.007305912564980588,-0.002266896590549128,0.0008420214914308666,-0.0005064338279993086
2019-06-28,0.0057574526279098315,0.004829521707722106,0.0009229812093713985,-0.016153442361484416,-0.004450447465215945
2019-07-01,0.007672301032188189,0.010606716684617323,-0.0170958192670031,0.010603709918604043,0.006510389269786421
2019-07-02,0.002928125887423194,0.0022159600296813853,0.013712471373251489,-0.04806228033938342,0.003767209141051886
2019-07-03,0.007672378673070135,0.0075397039491273965,0.009326481427904598,0.019377780490451357,0.0005415644793391738
2019-07-04,,,,,0.0025174649128327786
2019-07-05,,,,,-0.011350334557515662
2019-07-08,-0.004835444424841517,-0.00776914818275376,0.0002148269768844635,0.0026082686533959176,-0.02138240331360608
2019-07-09,0.0012365569653400854,0.005352934572537604,0.0003579098067287845,0.00294835213479816,-0.00023352472109261502
2019-07-10,0.0045106896075925995,0.007467736355124099,0.00901608270907861,0.04495933584295497,-0.004932545113165099
2019-07-11,0.002285226738359958,-0.0007912478416589597,-0.004113131592249353,-0.0038060490000796365,0.007305046321514741
2019-07-12,0.004620174547884881,0.005868640117148827,0.00398773438098976,0.0001660850731974861,-0.0026245922523520093
2019-07-15,0.00017586919155743175,0.0017043356674171228,0.0010639052230836388,-0.010463332718774865,0.0031031905972733753
2019-07-16,-0.003403778522185874,-0.0042855181533201225,-0.001558787873126799,-0.03289699293275816,0.006407297199588324
2019-07-17,-0.006531243569450895,-0.004571416627286884,0.008586501614755049,-0.014578274351946585,0.0021350634900458854
2019-07-18,0.003581997784064761,0.002691473223366936,0.00337713824872532,-0.026065508525089487,-0.007751838235294128
2019-07-19,-0.00617673452276668,-0.007402000948571796,-0.0007012131106650665,0.005967483464873746,-0.01531878214359883
2019-07-22,0.002828694915066654,0.007076595245795847,0.00014039242552454922,0.010605790783025038,-0.006397075524881224
2019-07-23,0.006847482673755456,0.005760596992824274,-0.003648405994557402,0.009782981592288076,-0.0013352832106081625
2019-07-24,0.004688147952890187,0.008495480288975621,0.0019013261661902092,-0.015677283467886993,-0.005273121293252303
2019-07-25,-0.005262401280453521,-0.009969351792044723,-0.006255288240531676,0.0025053576766718155,-0.0016989534831232112
2019-07-26,0.007387691099234761,0.011126961990881146,0.003253395223501654,0.003213143586306977,0.0028571795564771296
2019-07-29,-0.0016161146071345112,-0.004427245289787329,0.0007754498314680447,0.011921675442167157,-0.008427603929443195
2019-07-30,-0.0025786549148275606,-0.002377781467364226,0.007114663116113862,0.020749082597822932,-0.009276785013729971
2019-07-31,-0.010885526112695776,-0.011867905970330939,-0.0025179937811333764,0.009130105098360985,0.00294076968140633
2019-08-01,-0.00899879386967306,-0.007865015534609165,-0.0036462739365369368,-0.07903722982918648,-0.012412304371289817
2019-08-02,-0.007282739927037873,-0.01319796667070805,0.017383313918979404,0.031695997410389865,0.0015801101434427256
2019-08-05,-0.0297778200029859,-0.03473605194134943,0.013143331710626871,-0.01742725877402662,-0.012252952282714391
2019-08-06,0.013017017169932643,0.01387903504597432,0.0053257196218403635,-0.019381926955764683,0.007884888857643269
2019-08-07,0.0007668762331907164,0.003773655002322851,0.023702814340790912,-0.04736156749841003,-0.00847167355513434
2019-08-08,0.018762303409984193,0.022425777534677227,-0.006369068762197561,0.028381302771752104,0.016300510829763803
2019-08-09,-0.00661660635492356,-0.009953778501233024,-0.0007344432274815071,0.037304892468957185,0.006997556657477588
2019-08-12,-0.012317322177972212,-0.012027678722115853,0.005813225567360636,0.007889913856436337,
2019-08-13,0.015131688322181258,0.01945081128824011,-0.0020594549629248116,0.03950479076805746,
2019-08-14,-0.029292752911742603,-0.030240648624745403,0.009120006448875229,-0.03274954434074606,0.009477595331455646
2019-08-15,0.0024642680276520945,-0.0009415848686664674,0.0024407619976820616,-0.013760607058343477,
2019-08-16,0.014426124657807904,0.01665719646841035,-0.004672266188474938,0.007343449645997202,
2019-08-19,0.012105865492430645,0.01352836326388962,-0.007999983858471116,0.02442136283347396,0.0005521991749806165
2019-08-20,-0.007914727601131322,-0.00677886887265855,0.0027992209434382076,0.0023127747773108442,-0.0033382235519596737
2019-08-21,0.00824679859557964,0.009014199026688319,0.0,-0.011714587249282982,-0.008922556475220111
2019-08-22,-0.0005060748601761755,-0.003593400217589915,-0.0048517392504739965,-0.0059267569907685,-0.016242829527789215
2019-08-23,-0.025946336754618105,-0.029984785261139457,0.019568507181138672,-0.021318885956744582,0.008192639025843995
2019-08-26,0.010982987735216332,0.01315444273847488,-0.00019646715748000698,-0.009783991087537358,0.021100066785376237
2019-08-27,-0.003203180635808267,-0.0034111185579124292,0.009631101815898768,0.024049234343882064,0.004295591066795668
2019-08-28,0.006545480165679685,0.003823927168710606,-0.002076541967472423,0.01547421207716626,-0.005335266523260329
2019-08-29,0.012687291793508804,0.014829074090991767,-0.007348191227290024,0.01667264836013138,-0.0088537862364102
2019-08-30,0.0006427872591217021,-0.001318166266297216,-0.004847706789428474,-0.028390065885089966,0.006845829640179435
2019-09-03,-0.00689910050906084,-0.011141663301238225,0.017642057309485315,-0.02105262939266561,-0.02044311880570615
2019-09-04,0.010842079212828093,0.013045166027130906,0.002846254184988517,0.04301074812551908,0.004329545403159107
2019-09-05,0.013009813642266721,0.01754447821309757,-0.022511786954043878,0.000711001008189438,0.000299686931614751
2019-09-06,0.0009106051537297599,-0.0016952743588083408,-0.006071052589394554,0.003907659390487206,0.009061643373168504
2019-09-09,-9.401025965849463e-05,-0.0019288841329967443,-0.002655689901521985,0.02353145798983669,0.005193547382711383
2019-09-10,0.0003223043548219451,-0.0004055405888652164,-0.007921650066934682,-0.007778685568046839,
2019-09-11,0.007229681189480308,0.010578714161808556,0.0027511074626627163,-0.02874567041840581,
2019-09-12,0.002879153101061016,0.0030343355245090464,0.0028773599354687818,-0.011838562285419019,-0.00479356902496042
2019-09-13,-0.0007244143620946941,-0.0021672867455269085,-0.005204461874915967,-0.0043565379887828826,0.008476944640087414
2019-09-16,-0.0031355866640028207,-0.0028336484950168828,0.008182943840697732,0.14676396127077207,-0.006536749886833726
2019-09-17,0.0025817523700197853,0.0039835433827690725,0.001330583482459513,-0.05659779470476367,-0.01689465993774708
2019-09-18,0.00034269198975556137,-0.0010542220507535616,0.0015945946800830502,-0.020728000321427187,0.002130859163064436
2019-09-19,1.997472142156731e-05,0.0006713322957527801,-0.006036468050373167,0.0003441827147410148,-0.012531589991591652
2019-09-20,-0.0048955765157830955,-0.007969072242459352,0.005939685176889142,-0.0006881285875166565,0.05319112930777714
2019-09-23,-9.693591923765066e-05,-0.00064180497453592,0.010880316998928219,0.00946805363428882,0.028915576657539077
2019-09-24,-0.008416371322106486,-0.01464784771785399,0.0055129124389627915,-0.02302180232217743,-0.0010344649056013289
2019-09-25,0.006158571742003405,0.010477092538406785,-0.01794922031082391,-0.013964029050027915,-0.012771612287114875
2019-09-26,-0.002428916406865711,-0.005784019971861509,0.001927438828339234,-0.0014162122265466426,0.01145084856589107
2019-09-27,-0.005316352490240539,-0.01133534126290403,-0.005572155498548947,-0.00886367667705179,-0.005081564893442914
2019-09-30,0.005047606675254723,0.007520496776147967,-0.022280051336141082,-0.0329100368021743,-0.003296462425282254
2019-10-01,-0.012258373372913245,-0.011333393722431251,0.01112099977563119,-0.008322559006460062,-0.009983032105041145
2019-10-02,-0.017903202985502964,-0.015606924674894551,0.012820512820512775,-0.018276754228981895,
2019-10-03,0.00797191259701524,0.011176232699656508,0.004063941096560608,-0.003609396445896418,
2019-10-04,0.014216897585460186,0.013999849153859767,-0.0005971895883765121,0.006863691231934865,-0.012307760296977222
2019-10-07,-0.004478294673592398,-0.003279708545929405,-0.005643341040734162,-0.0011361744315606659,-0.0043266837625002275
2019-10-08,-0.015560819201407838,-0.016654779206850545,-0.0003338452402357195,-0.0022748612679576175,
2019-10-09,0.0091044925499415,0.010220181474235313,0.005944446102269962,-0.0007600401808005586,
2019-10-10,0.006415695380997066,0.005951555768073602,-0.007502773349037706,0.018254403530847174,-0.006960833829169011
2019-10-11,0.010938977513132997,0.013364758775564756,-0.00809479345798525,0.0214752855698086,0.006275284833450412
2019-10-14,-0.0013871187334510982,-0.0010413423140598344,0.006070007618794726,-0.020292515445513692,0.003193315072573366
2019-10-15,0.009955676641137279,0.012431905947929645,-0.009452286684638267,-0.014554931462511078,0.007684353972992053
2019-10-16,-0.0019995427986508885,-0.0030102660757148625,0.007038457353749195,0.010414679469005206,0.003123841334461419
2019-10-17,0.0027628315736780706,0.0040213192184475055,0.0028898177608367437,0.010682153079166978,0.010672506051552677
2019-10-18,-0.003919344949506964,-0.00825196709365672,-0.0027475021926520737,-0.0027814115525696126,0.006516288783389612
2019-10-21,0.006871616056117524,0.00907965038281855,-0.0038972765408609167,-0.008739260257975223,
2019-10-22,-0.003568666378412577,-0.007189819906968653,-0.00047225663158245723,0.015944446674633905,
2019-10-23,0.0028471487971184484,0.0019113599876994236,0.005534233321464299,0.033419523234683,0.001359123648397631
2019-10-24,0.0019204463587332299,0.008129491687277834,0.006040673771744887,0.004645315630920965,-0.0018527934715960592
2019-10-25,0.004072700506109195,0.007002408300674112,0.000400277254096304,0.007647168925420278,0.00011230477560042473
2019-10-28,0.005581337868471481,0.010053246344756017,-0.006335445148382801,-0.015001738023476485,
2019-10-29,-0.0008324053147991117,-0.005902075743148938,-0.00201342281879191,-0.004837850763660501,
2019-10-30,0.00325337015914573,0.0032779210273761183,0.004169435892316775,-0.008642411493049451,0.004857107869982835
2019-10-31,-0.0030228605633046968,-0.0013993430296747045,0.012188637715869088,-0.01598258347559922,0.0028157974888274317
2019-11-01,0.009662312168146059,0.011340563491645694,-0.002249586052098018,0.037283138545326056,0.0011070906504571099
2019-11-04,0.003704089049704651,0.005580440058623459,0.0,0.006049824697014872,0.004263888868356602
2019-11-05,-0.001185699214361291,0.00017543662586394504,-0.018037102899121304,0.012203725071385563,-0.002018173043904281
2019-11-06,0.0007024972279667807,-0.0028513002957469835,0.006347853885599886,-0.015376569546637686,0.004099084396871566
2019-11-07,0.0027300951851503275,0.0028404113330822156,-0.01744732307872776,0.014197037682711189,0.003844209304726398
2019-11-08,0.0025606760900243053,0.004836083301647864,-0.0019805371127277205,0.00157480577751401,-0.008649599006986697
2019-11-11,-0.0019624672514313435,-0.0013013444268317187,-0.0039691019190591925,-0.006638732651508383,0.0004450569159482054
2019-11-12,0.0015646460846321375,0.0025766597522700607,-0.00233598379530231,-0.0010552474964288239,
2019-11-13,0.0007115345908383919,-0.0004702088297990903,0.006611098235205004,0.005633797519761785,
2019-11-14,0.0008370427393644686,-0.00036312685146910884,0.006909829646058796,-0.006127424381405566,0.002672990768123773
2019-11-15,0.007695488006902673,0.0072898224431721115,-0.003057480534521595,0.01673420389781821,0.001966845520657623
2019-11-18,0.0005031528617669423,0.0010666822169702606,0.0024534692742719244,-0.011607795728913795,-0.0009205364347466549
2019-11-19,-0.0005925944462060739,0.0024233767162349373,0.0016316706602941267,-0.03225241327247208,0.004678329704657314
2019-11-20,-0.003756184245747196,-0.005125589709442102,0.0,0.03441408363314502,0.004941332311304558
2019-11-21,-0.0015827522106851566,-0.0024066091789468613,-0.0069232830408855195,0.025739821484727532,-0.002558460196964596
2019-11-22,0.0021749356911917594,0.0016070520170294866,0.0,-0.013827267804242593,-0.004511881140131235
2019-11-25,0.007507291353015866,0.013217363755288813,-0.004442621904492183,0.0041543683896108075,0.013374538722098483
2019-11-26,0.0021955703874654287,0.001788528304789594,0.0021969472029548243,0.006895389371704752,-0.0029858001604721185
2019-11-27,0.004174424362754614,0.006620081576605763,-0.00438417879160935,-0.0051360937826442354,0.005233557820665036
2019-11-28,,,,,0.004169196368656758
2019-11-29,,,,,-0.007826467690735917
2019-12-02,-0.008631020716408422,-0.011249187322032173,-0.0022515876178922367,0.014319393542630676,-0.0006510929783939412
2019-12-03,-0.00663809511563529,-0.005526451903216212,0.010873214670608755,0.0025017761247119186,-0.004481997238144242
2019-12-04,0.00632356747139462,0.005402208676427378,-0.002841260526727396,0.0415330105958831,0.004085307832292884
2019-12-05,0.0015002511791302187,0.00047045975557069575,0.001967452112661139,0.0,-0.00205923710353606
2019-12-06,0.009135724328457329,0.01001436010700063,-0.012052304512072065,0.013178169668697892,-0.008062669529681155
2019-12-09,-0.00316282139344648,-0.0040085570334083,0.0001371209961862352,-0.003040545656351812,0.001342112989137334
2019-12-10,-0.0010969340964486207,-0.0006553586157230784,0.002261307919822597,0.003727570637017674,-0.006760225785340301
2019-12-11,0.002908158040315856,0.004395232987357556,0.004649288213888214,-0.008102689792935491,0.0044995771891509495
2019-12-12,0.008575225775086182,0.00731108662885549,-0.001837534502059257,0.007147753499656906,0.005176207859728388
2019-12-13,7.258178414493166e-05,0.002014331203055608,0.006068060755679117,0.015038854090215326,0.009597587037832866
2019-12-16,0.007147785279833618,0.009084336247558111,-0.0004065977201573867,0.002330604134504366,-0.0027095898360001147
2019-12-17,0.00033529222633799094,0.0010358116735056377,-0.00027120299258476255,0.012124224436744324,0.009212731336046609
2019-12-18,-0.00043230017186479675,0.0004963962297792612,-0.0013563000360183874,-0.0001640682927225301,0.004656834412248179
2019-12-19,0.004459292004863613,0.006737793660475999,0.003802781256810217,0.004759575153041817,0.003113311498149862
2019-12-20,0.004944781081796634,0.004246573792048958,-0.0023677446323991935,-0.012740976452812802,0.000986941701855537
2019-12-23,0.0008661436002121992,0.002318265827304211,0.00528924465070113,0.0013236570627475075,-0.0007374472230261553
2019-12-24,-0.00019544819997963092,0.0008081572464619935,0.011197285386804312,0.009748845805109374,-0.003930618769240168
2019-12-26,0.005128166675301138,0.0077639560158115906,0.00680413141771985,0.009327437230096658,-0.007204522590446127
2019-12-27,3.398471712534601e-05,-0.001747822014396272,0.0029815145129650222,0.0006485232705808475,0.009833794601157297
2019-12-30,-0.005780822450430323,-0.006731702017363728,0.0004623802016765488,-0.0006481029607291466,0.0008206736062803532
2019-12-31,0.0029460216619106028,0.0029744471324988364,0.003301419610432399,-0.010051863307671494,-0.007131240742024536
2020-01-01,,,,,0.001154609211690083
2020-01-02,,,,,0.008183886337984836
2020-01-03,-0.007059870562045378,-0.007855191660339544,0.01620200142464734,0.030565526684486866,-0.004522789386603554
2020-01-06,0.0035333728907271933,0.005620384728471706,0.010973405974574524,0.00348931361404059,-0.019105853072941215
2020-01-07,-0.0028032386528962228,-0.00031854247708495986,0.003575595601353454,-0.009009004120439812,0.004994592001242859
2020-01-08,0.004902451368978156,0.006689046766684248,-0.009161486173001832,-0.04928229848466481,-0.0022899444111396106
2020-01-09,0.006655262605488987,0.008126574744484083,-0.0036599930350791343,-0.0008387726312464316,0.015845758122611686
2020-01-10,-0.002855178689662563,-0.0026695847930331418,0.0037378675070167677,-0.00873069922387304,0.0033480474426501594
2020-01-13,0.006976215252569862,0.010357422631592339,-0.005842680954052937,-0.016260146842582146,0.0059354808073293075
2020-01-14,-0.001514532772802224,-0.002436896778014286,-0.0038749676475047234,0.0025826051386492743,0.0026562202609821117
2020-01-15,0.0018701968845122874,0.0007966548728952638,0.0062888686581550335,-0.0072127455306035815,-0.0015369308543056182
2020-01-16,0.00836655302646827,0.010631048141058974,-0.001997278290509108,0.012281596049237953,0.000988406301843714
2020-01-17,0.003862162248501333,0.003399605143178608,0.006326693885167822,0.0003417713193305527,-0.000254978804985595
2020-01-20,,,,,-0.010346193941151438
2020-01-21,,,,,-0.004474618385662321
2020-01-22,0.0002890760711180551,0.0013830140117838674,-0.000706743490544226,-0.02742541086623773,-0.005172555189302153
2020-01-23,0.0011409766124783616,0.0019939681423002398,0.005979506504111276,-0.0202679149076469,0.0060667236352978104
2020-01-24,-0.009042160974207403,-0.009313533039611022,0.004154416529097649,-0.025184413060551858,0.005574584704263197
2020-01-27,-0.015730711659182384,-0.018851559810233676,0.0036280779904294125,-0.01937625509632357,-0.010552527912150667
2020-01-28,0.010053584595046017,0.014264766521421501,-0.004819950165462217,0.0063981963961805555,-0.005214967844912932
2020-01-29,-0.0008668741908683941,0.0005912252564013176,0.000382422683483874,-0.002804744062557041,0.006113256399948197
2020-01-30,0.003134358792605374,0.002562708443798023,0.008727195022131706,-0.022313939631505852,-0.0077249841553650445
2020-01-31,-0.01770582037552626,-0.015914654996416755,-0.00037889206563779254,-0.011123859285517623,-0.006123414854723341
2020-02-03,0.007254613892351713,0.01338222687366808,-0.003601031748229011,-0.02812258968810999,-0.021250384719316173
2020-02-04,0.014980414164082134,0.02098144453400308,-0.01699209205395924,-0.009978048172218812,0.02321082268667074
2020-02-05,0.01125059589785371,0.0042997561370825554,0.004772977488090024,0.0229792254711354,0.009140500467834434
2020-02-06,0.003325672876785646,0.006675027996624783,0.004686048612788207,0.003940901732797153,0.004036661230167438
2020-02-07,-0.005400853672730133,-0.005394882329740391,0.0022362788669072486,-0.012365084566858142,-0.0032625431230384194
2020-02-10,0.007326397804890528,0.011331313707803048,0.003888802550604975,-0.014904610583237776,-0.005525514763038308
2020-02-11,0.0016884725532351208,0.0010957991559588098,-0.005778863191787997,0.007464170549982718,0.006350030388978967
2020-02-12,0.006462646466197652,0.009027914622439681,0.001149750163640162,0.024629546977570582,0.0077056964194832656
2020-02-13,-0.0016304457368023773,-0.0014384425219915453,0.004912562876061788,0.004885675375140508,-0.0021759994314084485
2020-02-14,0.0018435333204338544,0.001977967547093895,0.004825075045227001,0.012252063215663744,-0.005026854435148831
2020-02-17,,,,,-0.00558473346026378
2020-02-18,,,,,-0.004424762618648104
2020-02-19,0.004705785881164548,0.008675814939226312,0.004687499999999956,0.023823279474399994,0.011123651500938081
2020-02-20,-0.00381551976362815,-0.006744295515116572,0.0056609490425738596,0.009194930669006007,-0.003715252459506435
2020-02-21,-0.01051810302712286,-0.017883337524623233,0.017320302129691267,-0.007437666795478415,
2020-02-24,-0.03351362667122315,-0.03710188867954778,0.01690383633759951,-0.036530549342836616,
2020-02-25,-0.030279995565056117,-0.027726076455074633,-0.015247548210802098,-0.029749149722305135,-0.002662856861702312
2020-02-26,-0.0037785406053220116,0.0016920121754293582,-0.004189704482223999,-0.023446932822953848,-0.010120477938589723
2020-02-27,-0.04416324258407911,-0.04613182731047061,0.0,-0.03365482054287694,-0.003870376787472707
2020-02-28,-0.008238340444361891,0.00010385226940567982,-0.046280502691501524,-0.04947975840952801,-0.03709607866493836
2020-03-02,0.046039229006110016,0.044914576985011,0.01802958486181372,0.0444593778617155,-0.006159751824491688
2020-03-03,-0.028107896121075893,-0.029945821009265572,0.03127546645147916,0.009197867490390976,0.015319647408546855
2020-03-04,0.04220259077449118,0.038461140546626416,-0.0006089763198755538,-0.008478201002364516,-0.004626950146523701
2020-03-05,-0.033922077046888544,-0.030993259641753035,0.015416518922981348,-0.018811399666120332,0.0015998577904186018
2020-03-06,-0.01705385200037013,-0.018649430797928912,0.0026404370796919707,-0.10065365126354553,-0.024806975302821943
2020-03-09,-0.07596969747745097,-0.07287402343694394,0.0022144787309947844,-0.24588178097574942,-0.048956043335951605
2020-03-10,0.04939630628156144,0.04950140308971451,-0.009196789736675148,0.10375848174309499,
2020-03-11,-0.048868445131273974,-0.047002450227701664,-0.010668405420007354,-0.04016301058212102,
2020-03-12,-0.09511268097833658,-0.09434674309481184,-0.031741181193497225,-0.04487566897449302,-0.08301938801064712
2020-03-13,0.09287124972971839,0.09345998172386105,-0.04630975611591981,0.0073015727694072385,0.03806507612689369
2020-03-16,-0.11984055240393443,-0.12321331290147408,-0.019660835071461547,-0.09549318698424791,-0.07612100106679087
2020-03-17,0.05995484974402432,0.06230492341201921,0.026246718728858642,-0.060975608135167336,-0.02504518409052825
2020-03-18,-0.051830762729157875,-0.047027988775385166,-0.031215145139910194,-0.2441558344129846,-0.05556454027271507
2020-03-19,0.0047078080405855705,0.022996268579562162,0.0008799341466505517,0.23809515337769693,-0.024247781753128472
2020-03-20,-0.04335951230846191,-0.037907422283539605,0.003652119912907814,-0.11062645060031173,0.058329146858465686
2020-03-23,-0.02929386782180443,-0.0027400309327879624,0.055929919137466255,0.0414623402818759,-0.12980466070471242
2020-03-24,0.09382773976227554,0.08121509236724389,0.059476675923340716,0.027825325408692203,0.02507142402516349
2020-03-25,0.011535011448221999,-0.004524223861369192,-0.016805145864542737,0.019991650881324485,0.06624746894667499
2020-03-26,0.062414163303876835,0.055962006595761116,0.010904812978834055,-0.0771743326791442,0.038904356430389475
2020-03-27,-0.033687352562252526,-0.03785298373222423,-0.01587779623023844,-0.048230094433166615,0.0021755381634551707
2020-03-30,0.03351600948370015,0.03622450792632592,-0.0011700378012791113,-0.06601580944603114,-0.04378053643081892
2020-03-31,-0.016012721914555605,-0.00952513208745509,-0.023797765466052723,0.01941261257771565,0.03823772271336057
2020-04-01,-0.04414243033166543,-0.04409293583528773,-0.0032841184552284686,-0.008300785160827329,-0.04000467509668226
2020-04-02,0.02282934723487151,0.017217390358319706,0.03009758045216593,0.24667653178834636,
2020-04-03,-0.015137125124949469,-0.01525647790392215,0.004920957273962578,0.119273321254463,
2020-04-06,0.07033131865275055,0.0732611270359842,0.026504284827250757,-0.07974594977817828,
2020-04-07,-0.0016030527844311804,-0.0032831644156512407,-0.007274866530635027,-0.09394174732003979,
2020-04-08,0.03405645287963033,0.025818870275615025,0.0003603889766581325,0.0617859095926403,-0.004941902407507137
2020-04-09,0.014487410153376512,0.007746996815903406,0.04251226475316172,-0.09286567993367367,0.04150883161880259
2020-04-13,-0.010104660822607414,0.004763532506929291,0.004953402775092375,-0.01537787249341016,-0.01295567073707915
2020-04-14,0.030572589146256046,0.039465788568367355,0.006820209772313124,-0.1026327198893825,
2020-04-15,-0.022030438529415775,-0.014392236435332606,-0.016792850697309403,-0.011934349270711686,
2020-04-16,0.005816689462164515,0.016582590775434225,-0.0039369655801569925,0.0,0.007562771164790316
2020-04-17,0.026793594848223412,0.01380383528380058,-0.018135359683463026,-0.08052341791101081,0.03046328187687486
2020-04-20,-0.01788104803401469,-0.010336154480887538,0.007340767684405947,-3.059660652724544,-0.0005288143766692954
2020-04-21,-0.030674795694063395,-0.03475170735558031,-0.013751777591560432,-1.2660111598392576,-0.030274667144095657
2020-04-22,0.022930247703843776,0.028094268330097538,0.030091765861830932,0.37662331847024166,0.02291941778872575
2020-04-23,-0.0005394221197431159,-7.41441608484994e-05,0.002661015668526945,0.1973875413452082,0.01377995587701486
2020-04-24,0.013918057304545428,0.016453636805085603,-0.005653982895085452,0.026666699033794927,-0.017124941572334906
2020-04-27,0.014714069804799612,0.011076542783169163,-0.006730476116006634,-0.24557264875658102,0.013971358975458648
2020-04-28,-0.005242380698498916,-0.014023761913732113,-0.0008178190280367925,-0.03442876287768171,0.010622430648890235
2020-04-29,0.026583916282167053,0.03566323240510094,-0.004150818816683666,0.22042141275487603,0.018383013524196468
2020-04-30,-0.009212446303987654,-0.0028223191063138087,-0.011271617334156159,0.25099599121175853,0.03208830345213909
2020-05-01,-0.028059034078492195,-0.03201507563689321,0.006115692392080874,0.0498938708303831,
2020-05-04,0.004249827591976452,0.01229057266160738,0.007317807267077203,0.030839164905326566,
2020-05-05,0.009040556385797371,0.0112976045226294,-0.0014646434848216705,0.20451202555753678,-0.009458265521601117
2020-05-06,-0.006979410390386298,0.005138939036791523,-0.01185172081250807,-0.02320845713431885,0.007093593467121684
2020-05-07,0.011504630788313985,0.014147842232649754,0.022325198163132498,-0.018340997843082074,-0.007750119504051356
2020-05-08,0.016871538638701944,0.01577567010165759,-0.006911385803573311,0.05053080987726388,0.0057016970693835045
2020-05-11,0.00013307822091168653,0.0077861021011040865,-0.008538496624058811,-0.02425223876397009,-0.0013294930214019507
2020-05-12,-0.020500317528877154,-0.020646542913830723,0.005367766957965925,0.06793708941435694,-0.004616242718351149
2020-05-13,-0.01746272460422804,-0.015482267339407163,0.005573808885191767,-0.0190069727721921,0.02033371253039773
2020-05-14,0.01152482269503552,0.009088148528969997,0.01411981494086767,0.08975873737597717,-0.025661909373274727
2020-05-15,0.0039263632504382695,0.00792062429456597,0.00880274382546209,0.06785199112736828,-0.0006453627874545287
2020-05-18,0.03150119163168075,0.024434971680470374,-0.01231890913949063,0.0812096284357875,-0.034322509703259896
2020-05-19,-0.010484399194493177,-0.005385098407798439,0.007160123567464316,0.021370217212365095,0.00632982284022332
2020-05-20,0.01665110025908012,0.020759781839260194,0.0036693180789062474,0.03046159010667071,0.021111396826158035
2020-05-21,-0.007773596407737116,-0.009695234740358605,-0.017194091172006765,0.012839548191333483,0.004378754451001221
2020-05-22,0.002353711326488428,0.004276841643477525,0.008195277876162477,-0.01975230557526131,-0.0073575840768702605
2020-05-26,0.012289184036080147,0.0016762005701491667,-0.017179711274783238,0.033082660875822345,-0.0011284338094974533
2020-05-27,0.014827297215913804,0.00772365395161323,0.003226184797320286,-0.04483252312195285,0.03166450477176164
2020-05-28,-0.0021079145460738413,-0.0046077833367589305,0.0017540781818112805,0.027430590475814087,0.018803043536468778
2020-05-29,0.004812335824971425,0.012902124966358564,0.022412829772587184,0.05280340084061397,0.009504662651105722
2020-06-01,0.003751234813537785,0.006552216914684994,-0.0007991678842106387,-0.0014089334852905866,0.025662097319460564
2020-06-02,0.008210832780053412,0.005897171735574247,-0.009312716890477302,0.03865696387328699,0.015565527970742954
2020-06-03,0.013648979133831007,0.007756799205120846,-0.016839648888047898,0.013039921877987526,0.008262288035990828
2020-06-04,-0.0033687022311144066,-0.006929795366756419,0.013256672300937966,0.0032179921946529078,-0.003225168681009971
2020-06-05,0.026211650818398713,0.02061922153956064,-0.02570338299556474,0.05720394007957941,0.011272276241460544
2020-06-08,0.012041579421169235,0.011276647530284345,0.013131298625037147,-0.034386868181710994,0.002494520758722585
2020-06-09,-0.007799170822611612,0.0029219879593944675,0.009852823335096073,0.01963864956715322,-0.011881032349997822
2020-06-10,-0.0053130910724373814,0.0066909063795053125,-0.0006969471079459888,0.01694914922157742,0.006917728526201428
2020-06-11,-0.05894405927443824,-0.05265476367524757,0.011100190735312099,-0.08232319310980862,-0.021169158460066062
2020-06-12,0.013060843963234703,0.010121334623245826,-0.001436946735163036,-0.0022014813076161044,0.00716020911179549
2020-06-15,0.008312217041285264,0.014309384280850601,-0.005813674881931297,0.02371761307669029,-0.015963279394844432
2020-06-16,0.01896239819380252,0.017463525072283215,0.0053844656617869635,0.03394402404328112,0.010220386061458031
2020-06-17,-0.0036002995561740248,0.0014814418617457026,-0.0005182979637561314,-0.01094325096284332,-0.0033134566648174157
2020-06-18,0.0005942198825281686,0.0032813109241147664,-0.0025927633459897903,0.023182325851930585,0.021303187551898528
2020-06-19,-0.005649494809462974,0.00030878981402193695,0.01265092988442218,0.023429450150284747,0.015136275444292302
2020-06-22,0.006495095537691675,0.011095819300612542,0.007644052717662664,0.017861612187991316,0.006520616350433883
2020-06-23,0.004307419569164139,0.007446904378745289,0.008831507795699967,-0.0022244230010975974,0.015497691991291696
2020-06-24,-0.025855145939064572,-0.021931899905181185,-0.0038720675724256415,-0.058459268585404955,-0.015824677233549855
2020-06-25,0.010959447267809841,0.010881847720358495,-0.0025350684817144753,0.018679372021116247,-0.001591357298992957
2020-06-26,-0.024226905044785974,-0.025933939646351156,0.005478410355776342,-0.0059400706349500565,0.00914574014738645
2020-06-29,0.014685678433118632,0.011984014641401863,0.0005054779076945071,0.03143671165775985,-0.006799538608783573
2020-06-30,0.015409875731554612,0.018697217818384404,0.010835419580731198,-0.010831241735823616,-0.0009988732845714887
2020-07-01,0.005022132820864389,0.009530027630585192,-0.011441252755311049,0.014005582649587511,0.012419817334717198
2020-07-02,0.004541250844364075,0.005219294116244111,0.005674462299792626,0.020843843229927828,0.011663452514898642
2020-07-03,,,,,0.005273976044848361
2020-07-06,,,,,0.014735139974255018
2020-07-07,-0.010818532028197159,-0.008603004588705887,0.009144145198808129,-0.00024617612521593557,0.003344590235981215
2020-07-08,0.007827461915415501,0.01436696993233566,0.005911901777745365,0.006893220122030863,-0.00869476207364206
2020-07-09,-0.005643606159361103,0.005265665951870391,-0.009227687016971076,-0.03129590577604835,0.010060032721901813
2020-07-10,0.01046620127324438,0.006607137037519806,-0.001053345361253788,0.02347300177303513,-0.004198511095439339
2020-07-13,-0.009362541127788226,-0.021342298780777758,0.006770603810742459,-0.011097429627771271,0.003217889149241815
2020-07-14,0.013406370782667931,0.00940638445445674,-0.00038583935907321454,0.004738215676713287,-0.01808349601540049
2020-07-15,0.009082050740923053,0.005902625120736804,0.000220593585903206,0.022586245389272452,0.0010229309240368245
2020-07-16,-0.0034061012455366413,-0.00726602788562658,-0.007442937278958728,-0.01092234841277584,0.011466161662100571
2020-07-17,0.002848612194617406,0.0028032106061965933,0.005387963622057956,-0.003926376623610062,0.01506059125586967
2020-07-20,0.0084069387471426,0.02512564309189158,0.00408841127848758,0.005420084254153412,0.011053321760931656
2020-07-21,0.0016790373419135474,-0.00805505419255359,0.014581269750199244,0.028179310769008703,0.012706156865764484
2020-07-22,0.005747082068739751,0.002412796048237187,0.01149734307238881,-0.0014298751168455581,-0.0026563094918139463
2020-07-23,-0.012319859824193036,-0.022856995349024745,0.013350503855022566,-0.01980911219160819,0.007442159858846331
2020-07-24,-0.006190400054688405,-0.009390717044975738,0.003968253968253954,0.005356737821715862,-0.0018991484351116306
2020-07-27,0.007395138795039502,0.01670238758465037,0.01765480895915683,0.007507811860502089,-0.005569925698846956
2020-07-28,-0.006473392152297919,-0.012735028000378179,0.007042970267186588,-0.01346148026765226,0.0151592736988444
2020-07-29,0.01242838167815008,0.013540604633609066,0.004525377423947319,0.005604277219918519,-0.008645614328603224
2020-07-30,-0.003750251937389204,0.00425584692659875,-0.005682387348831419,-0.032711467745195955,-0.008988714680747911
2020-07-31,0.007670504990141325,0.014871816487803668,0.010554496980200723,0.008767592807422453,-0.002585102372305803
2020-08-03,0.00718102343932614,0.014660430152948933,0.0016302991095733521,0.018375908998204737,-0.016422215545293994
2020-08-04,0.0036119303819721615,0.0035192902625804656,0.027975584944048837,0.016825224814602135,0.018697932161379383
2020-08-05,0.006429743053199433,0.005230744898274242,0.014002992987691698,0.011750548076848055,0.0005768586219327965
2020-08-06,0.00642769555966427,0.00997144293532748,0.009808155485634629,-0.005688501341111429,0.008872554668374333
2020-08-07,0.0006330295486443038,-0.008740477960491821,-0.02000575253572856,-0.01740165742455102,0.0012410024488720417
2020-08-10,0.002742218294476073,-0.0038706922883442463,0.0057692066922461205,0.01746718546054349,0.005002705259437024
2020-08-11,-0.007969132154236114,-0.01691593210976783,-0.04579100092152699,-0.007868336365353557,0.004644978776729314
2020-08-12,0.013996549490237653,0.021276430027220572,0.0013872224755380191,0.025474586470687344,-0.0012452735151247118
2020-08-13,-0.002047174350497949,0.0027478301400056804,0.01098000226478324,-0.010077255892442571,-0.0007030344733010008
2020-08-14,-0.00017188262276812694,-0.002100991198777491,-0.01045471748411253,-0.005445155014064396,-0.010800437378868932
2020-08-17,0.0027098425110787527,0.010021568159487293,0.025079444619534152,0.020947419739937745,0.0061457110453491115
2020-08-18,0.002303389154016955,0.007287631558350771,0.007204695434959829,0.0,0.012292057935075373
2020-08-19,-0.0044043954214108005,-0.005742645841862681,-0.021260706014044284,0.0009326396851616625,0.002024600213507588
2020-08-20,0.0031586327691348615,0.010630301888693516,-0.012079403257529542,-0.008152771293572503,-0.008432399987605033
2020-08-21,0.0034411070444764214,0.0041588829566681085,0.00025687130747487075,-0.005636488213858093,0.005250916093857194
2020-08-24,0.010043718303008653,0.0060043426375751,-0.004006188406843858,0.006613102935469906,0.008341006471886514
2020-08-25,0.0035963511532906,0.007623210596084284,-0.00830238035856401,0.01712809855774533,0.0005058064691958464
2020-08-26,0.010195626139483993,0.017319179179443367,0.015287829435443268,0.0009227431818994436,0.0067423225064831005
2020-08-27,0.0016730440109038458,-0.003405017035968405,-0.010192073963668502,-0.008066339687586965,0.0008355606212675504
2020-08-28,0.00673256535528588,0.006046278217000989,0.02188763808470018,-0.0016263869269335096,0.007643195654994939
2020-08-31,-0.0021949627140287475,0.0068256330719147496,0.0018734878354018658,-0.008377952062475491,-0.022330747801946216
2020-09-01,0.007525003016613407,0.013945099510527026,0.00015164703923353784,0.0035202466330217508,0.007266739846322645
2020-09-02,0.015365910154807594,0.009780044890400408,-0.017282365364725272,-0.029232929117551487,0.005645038251127943
2020-09-03,-0.03512584371534122,-0.04962831474198304,-0.003548054978657289,-0.003372666714269945,-0.0006545127600779965
2020-09-04,-0.008133027264274895,-0.012652161484430269,-0.001806171902058007,-0.038675332739444235,-0.016794744948559814
2020-09-07,,,,,0.0018705202595032944
2020-09-08,,,,,-0.0033201259317187093
2020-09-09,0.02014498633677464,0.02709047999938785,0.006021034137599468,0.03509251834681648,-0.003476927967516641
2020-09-10,-0.01758479659017942,-0.01992268004866704,0.004808442527325596,-0.01971090709693113,0.015184429863450921
2020-09-11,0.0005330721905940639,-0.006047849782590431,-0.00834904241021961,0.0008043591047672827,0.0013276149365679668
2020-09-14,0.012741829089357504,0.01871282571991184,0.008111261645763923,-0.0018752613471143542,-0.0021283524468515003
2020-09-15,0.005219359577689042,0.012089549470456262,0.001273106921710676,0.027375214807087156,0.007145947910690342
2020-09-16,-0.004618946596211537,-0.012497460486567302,0.002186984505600398,0.04911183720131129,0.0071820376506051
2020-09-17,-0.008412365876402483,-0.012686289053217337,-0.01045418705198553,0.020169356981290187,-0.007622027291120936
2020-09-18,-0.011182581807410497,-0.010723830833645143,0.0062567059947296055,0.003417119489312892,-0.0009681588767627147
2020-09-21,-0.011571097930805796,-0.0013416188946410168,-0.026247388329241783,-0.043784947952720366,-0.02211225483867385
2020-09-22,0.010517945160813724,0.01714846245401236,-0.0015701873957576495,0.007377183686060773,-0.00861286032635733
2020-09-23,-0.023721455093028143,-0.030158726906864608,-0.020549356088051973,0.008333379893192605,-0.0019545871070447696
2020-09-24,0.0029874591429570607,0.003694096957600479,0.00454934697545073,0.00951668082171242,-0.029312272096516434
2020-09-25,0.0159767237756141,0.022609065331040012,-0.005647597340325383,-0.0014884984184290184,0.022645788482354545
2020-09-28,0.016110590199083896,0.018689658659109654,0.008573112351385692,0.008695614263877882,0.016044868187371275
2020-09-29,-0.0048126645432444715,-0.0029035471587268713,0.011103385114802355,-0.032265950931716136,-0.0004586409458945395
2020-09-30,0.008253718228220741,0.007420650470219448,-0.004045792018402383,0.02367015229078917,0.002241001317642377
2020-10-01,0.005292907769290922,0.014237731001536469,0.010973383713070328,-0.03729487703814094,0.015061092732783665
2020-10-02,-0.009577652178616392,-0.02220368318034316,-0.004540037061267155,-0.0431302151599533,
2020-10-05,0.01797270867614209,0.023247878019402535,0.006552736506594048,0.05856955542044817,
2020-10-06,-0.013973515692226712,-0.01569739936421055,-0.005885072080355602,0.03697085423538371,0.013826475474619793
2020-10-07,0.01739675486921799,0.01882631446703864,-0.00943000814100503,-0.017703403944474116,0.006555187284725372
2020-10-08,0.008010123642494982,0.004961095094673684,0.002274130868822999,0.031038744432762,0.008156676606839941
2020-10-09,0.00879353312061526,0.013918241202884873,0.016410730825070052,-0.014323869197832795,0.0067260903253916204
2020-10-12,0.01641581296364758,0.02558902074986724,0.00140176166059236,-0.02881768997334022,0.0014058853909966196
2020-10-13,-0.006306918994084421,-0.0010406790726970039,-0.01778218072164961,0.01952828941932827,0.0002975290843887368
2020-10-14,-0.006623141753502759,-0.008021807225404909,0.006703300647019184,0.020895525787210767,0.0030625333853533387
2020-10-15,-0.0015277553060997207,-0.004661535218957846,0.000838869367680628,-0.001949362311646996,-0.02428360085835335
2020-10-16,0.00013491955745537076,-0.003612004098706767,-0.0013096547582513995,-0.0019530766148807555,0.007028949362235082
2020-10-19,-0.016329861778318078,-0.016508478266271776,0.002780070651458022,-0.001223073281657605,0.009402769621849272
2020-10-20,0.004727334073110212,0.0032764827183890954,0.0019354884849578369,0.015429763045927691,0.002000328507897331
2020-10-21,-0.0021956999281005363,-0.0027612409718876796,0.0073613738155040576,-0.034491083858015026,0.0034337457642519276
2020-10-22,0.005218925396392127,0.0018563265651803107,-0.012904910294927574,0.0152385867837459,-0.0034512817819539743
2020-10-23,0.003445761353703114,0.0036737764588716804,0.0003150139628418369,-0.01943899919763714,0.0028495402835257977
2020-10-26,-0.018589516294535646,-0.01639550125792366,0.0002624396456090139,-0.03237132121015773,-0.013629073304543216
2020-10-27,-0.0030256189119989285,0.006374642083539106,0.003253436218211947,0.02619290159654364,0.010337608346965288
2020-10-28,-0.035287878760604796,-0.037307886361706455,-0.017103443079984793,-0.055092249734359444,-0.013440608945763599
2020-10-29,0.011947330894238384,0.01642179549945344,-0.005959957142873895,-0.032629078379736165,-0.005012942184360991
2020-10-30,-0.012129550130175693,-0.024495802530529853,0.006370462748427563,-0.010505868749095648,-0.002433373422367602
2020-11-02,0.01231820260127181,0.0042175804325030875,0.006702471100751506,0.02849959294974891,0.002297636149117599
2020-11-03,0.01779929009643455,0.018522283091455094,0.009458401275594497,0.023091508894586665,0.01237019016319918
2020-11-04,0.02204704770168342,0.03854730976029597,-0.007433036568633256,0.039564569423894635,0.008041647267956087
2020-11-05,0.01946019413896294,0.02589553136041678,0.02668500103323934,-0.009195417530535654,0.017785598915690537
2020-11-06,-0.00028771518741854685,0.0003616858700730141,0.002516900668201316,-0.04253677460519012,0.011819014571289532
2020-11-09,0.01169988923568721,-0.01525402940188414,-0.049853937178914176,0.08481425895652728,0.016104635537461442
2020-11-10,-0.0013997945931910616,-0.013652289708527277,0.011863675426207587,0.026557450248452463,0.01364650710436388
2020-11-11,0.007651855318760337,0.020129145485651367,-0.007887469961394222,0.002176019131038487,0.009346041508720315
2020-11-12,-0.009978532303877019,-0.006519348588783558,0.006284955627217981,-0.007961443304718707,-0.004576821525331454
2020-11-13,0.013610335409063534,0.010222407181613713,0.006886191217375881,-0.024075824160634363,0.002296970330761372
2020-11-16,0.011648051240012336,0.008017374114323017,0.0008483181516656391,0.03015198236398864,
2020-11-17,-0.004791925698091615,-0.0020789809660017866,-0.0014302750144877807,0.0021770718978155745,
2020-11-18,-0.011563829610944043,-0.008213920743371017,-0.005941303547252752,0.009413453699630203,0.004975051165572175
2020-11-19,0.003946442467421596,0.00873698100049003,-0.006617228375318307,-0.0019129128871639978,-0.01287266861341374
2020-11-20,-0.006792562915180156,-0.00417819791815266,0.005855505997347521,0.00982270797616236,0.00683930941371913
2020-11-23,0.005635930617216234,0.0021645062654613856,-0.018478944207857007,0.02158955668965734,0.005241475198302092
2020-11-24,0.016161668273416252,0.01314409739132727,-0.018065117183644563,0.0429632702071534,0.0099563448098976
2020-11-25,-0.001584418237524976,0.004786188956984239,0.0004987390148725179,0.01781338765928875,-0.015070680468092346
2020-11-26,,,,,0.010001213639976747
2020-11-27,,,,,-0.001389836350773832
2020-11-30,-0.004595548640170977,-0.000582456381777785,-0.0034794731226440723,-0.004173042648869751,
2020-12-01,0.011271187194776155,0.012818546356685445,0.02162528888324866,-0.017423928382634846,
2020-12-02,0.0017911667548251575,-0.0004646040554606712,0.008874910866330632,0.016386073058090256,0.0003585458429504751
2020-12-03,-0.000624157213091503,0.0022519019228190995,0.005955646762575206,0.007950543729169812,0.0015365849299400214
2020-12-04,0.008836275129611826,0.007033167769060933,-0.0005974556517970298,0.013584551712886084,0.009490662358873525
2020-12-07,-0.0019356376714373402,0.00447037036920972,0.01413043478260878,-0.01080847423566067,0.007331133249439903
2020-12-08,0.002787148065356293,0.005017538804668709,0.004769573640976743,-0.0034965002902289655,0.002785331809333158
2020-12-09,-0.007949201604598555,-0.019377239274069313,-0.019414381535057146,-0.0017543425226826947,0.010165752285866914
2020-12-10,-0.0012851080682624305,0.005418562676863692,-0.0005983005634688787,0.027680103446007465,-0.0037548548058806697
2020-12-11,-0.0012649972997506032,-0.002252126551407052,0.0033743066776392716,-0.004489078451314521,0.002637558535026452
2020-12-14,-0.004359258971957769,0.0050226671702324754,-0.006237795699875259,0.009018724208607942,0.0032781762806703973
2020-12-15,0.012921249154708825,0.012461337002391382,0.0126631043891412,0.013407048966049828,0.0007153791977927426
2020-12-16,0.0017727951669590514,0.005012350995449388,0.0020481467459736447,0.004199932117292304,0.008464907059269056
2020-12-17,0.005757654753379748,0.008418230939438498,0.01683612997642059,0.011292365515966019,0.004238929390550483
2020-12-18,-0.0035111185091528663,-0.0007137117109617952,-0.0007934828505226088,0.015301858032051419,0.0014445849987885229
2020-12-21,-0.0039062790518439305,-0.0010285738347199924,-0.0032293798015221586,-0.02769850993724765,-0.0314049525779333
2020-12-22,-0.002073092860288006,0.00513245363011694,-0.006639048053870722,-0.015081717540615047,0.010346283876607965
2020-12-23,0.000745811250824957,-0.002873969429620815,0.004170414668330569,0.023394267618290998,0.010010159185716239
2020-12-24,0.0035365890047962534,0.0026325132476352486,0.0027154973921696968,0.0022859645218877844,0.01089253037474136
2020-12-28,0.008722529021144565,0.0073948806151047375,-0.0014867920722226868,-0.012647742403923634,0.009015051389166695
2020-12-29,-0.00222738052560012,-0.0038141401404465647,0.0013295043435128662,0.007979863012151256,0.004281594241144937
2020-12-30,0.0013415471654707467,0.0015392945691514726,0.005576504256123549,0.008333365122477288,0.003542094606974411
2020-12-31,0.006438845522919845,0.0014203786664723772,0.000897829909134451,0.0024793166963146263,-1.4318125132972703e-05
2021-01-01,,,,,0.0026284263414808606
2021-01-04,,,,,0.00816067272711063
2021-01-05,0.007082595157549276,0.009490116019786887,0.0040070116746906415,0.048509059745994954,0.004712380865514287
2021-01-06,0.005709842747752214,-0.006097992513683037,-0.023434326778549952,0.014019642672962185,-0.0037501320469031096
2021-01-07,0.014847403800101189,0.025641300789502663,0.002619721295168187,0.003950242123644809,-0.0006291696120880319
2021-01-08,0.005491862685268911,0.010292726308001487,-0.040865359620382624,0.027739519902017173,0.014847223590326086
2021-01-11,-0.006554750898592476,-0.012539844430301206,0.008390554761477098,0.0001913920599532215,0.009583718134137165
2021-01-12,0.0004157884466327033,0.002761492284541589,-0.003566078172749676,0.018373188219572345,0.005433314024232416
2021-01-13,0.0022756417379066196,0.004323642135673156,0.005802013624058633,-0.005638023721524332,9.609083312889233e-05
2021-01-14,-0.0037534511943366766,-0.001242334431341141,-0.0018868941473574319,0.01247400962607248,0.002111247340323086
2021-01-15,-0.007190027975370938,-0.008704551600417165,-0.011612833378245369,-0.022587252032214677,-0.011092344158201595
2021-01-18,,,,,-0.010558650142566628
2021-01-19,,,,,0.016794730817062842
2021-01-20,0.013935625421946263,0.0197065068945248,0.014291951704148653,0.0049075526326343155,0.008508265623863087
2021-01-21,0.0003167233075522802,0.005473641067082813,-0.00032144419284085846,-0.002066127101495785,-0.0037112802046228577
2021-01-22,-0.0030106116552376383,0.0008979007267215788,-0.005198602880791325,-0.01618672300136037,-0.014972171647596122
2021-01-25,0.0036158389430824833,0.006861866299858299,-0.0005387350642740429,0.009565716388390433,-0.009254169343308138
2021-01-26,-0.0014888337468982327,-0.0007282686399603389,-0.00231776998220401,-0.003032022854352112,
2021-01-27,-0.025677883699462,-0.026086775791876904,-0.003241666173676494,0.004561829708899623,
2021-01-28,0.009760625975629766,0.005015639747580014,-0.0037942435402282815,-0.009649921215852508,-0.010735650281904374
2021-01-29,-0.019311475173124593,-0.019979495142946724,0.005114546106532281,-0.0026748068253782398,-0.013240422354072856
2021-02-01,0.016051767614439383,0.025453836623223758,0.008986074350221696,0.025862039356128852,0.047423511101338356
2021-02-02,0.013898223484416938,0.015622214267598356,-0.01636353860212436,0.022595688173889794,0.02567357148195737
2021-02-03,0.0010087690809532646,-0.0001645684665440017,0.0009272123645891472,0.01698320550915855,0.009701122671723184
2021-02-04,0.010853322230420792,0.012284611399153267,-0.023922415671138175,0.009696551065604853,0.0071467580293813615
2021-02-05,0.003897495164625342,0.005701919834175451,0.012170639472082634,0.011026123722783554,0.0019199973566108586
2021-02-08,0.007399348360373592,0.009478709727799739,0.011693299046814598,0.019701016299795926,0.01283480273296811
2021-02-09,-0.0011135249921484514,0.0014341624018918697,0.0017991761618010305,0.006727607062894991,-0.0004300136336804483
2021-02-10,-0.00034518493235935477,-0.00251075632577924,0.002829905399659882,0.005483202389950925,-0.00018530340410816137
2021-02-11,0.0016624551635393559,0.003810280369455299,-0.008628589984841728,-0.007498272399807271,0.004421924647502795
2021-02-12,0.0047110331133788375,0.004969438229909917,-0.001970712480853898,0.02111949702589211,-0.0006590524229219685
2021-02-15,,,,,0.00998465984153385
2021-02-16,,,,,-8.162092525865194e-05
2021-02-17,-0.0003204020092266724,-0.005838032790532077,-0.014563619328446409,0.018151543154644845,-0.006827318687430917
2021-02-18,-0.004415835627354592,-0.007169807943156803,0.001240947152121974,-0.010140643409782824,-0.005914312869584326
2021-02-19,-0.0018548966445751658,0.0006562836554027118,0.0013521264304576786,-0.021150012716708022,-0.009074717063029758
2021-02-22,-0.0077328394581538396,-0.024607095138204582,0.017441206016760136,0.037981092779372005,-0.020428174591586412
2021-02-23,0.0012563181187927874,-0.0050136229714826674,-0.001382437495160982,0.0029272480983124627,0.0021872625461001327
2021-02-24,0.01135161376597904,0.009860197347546285,-0.004429924077660741,0.025133826784161206,0.01864318245786234
2021-02-25,-0.02447880752512621,-0.03519202121238085,-0.012514600197156556,0.004903472834673739,0.007699213013950157
2021-02-26,-0.004750214169902844,0.005558162482053319,-0.02624759206101568,-0.03195338923819435,-0.03763569324758598
2021-03-01,0.023790763506800205,0.030053817590480314,-0.0033549564231309947,-0.013983749761814046,0.015995389118723446
2021-03-02,-0.008080851690870694,-0.016928612525136666,0.0061520461903292745,-0.014676771085198381,0.010672985341787733
2021-03-03,-0.01306622187199813,-0.027026402691170515,-0.010267609026584301,0.02560667413049167,0.021884698711632122
2021-03-04,-0.013417213930100202,-0.02110213486468815,-0.008800616171192654,0.04161232216961652,-0.010812930524138231
2021-03-05,0.01949596819778221,0.0154580997392475,-0.001293556320948408,0.035406461569869485,-0.009459104528952489
2021-03-08,-0.005359231030161227,-0.02407017139681733,-0.012069473064468594,-0.01573601670085989,0.0012117060677612201
2021-03-09,0.01415464230382213,0.03685099962979543,0.023182374501825143,-0.01598771509203245,0.00950777560179139
2021-03-10,0.006030313342701321,-0.00038169672335397475,0.002853995191557379,0.006717704902752919,0.005060099883821945
2021-03-11,0.010395487004435822,0.025238666489519668,0.00046458748700639596,0.024518841430783755,
2021-03-12,0.0010153984958789497,-0.005881895051674801,-0.0016254074059534052,-0.006210179545016681,
2021-03-15,0.006491921301497117,0.010499329999251517,0.005465694892935469,-0.0033531659603187602,-0.006749419963093084
2021-03-16,-0.0015696837343783798,0.0008811743787140447,0.0009831559624065012,-0.009022730438869253,-0.001275984104457617
2021-03-17,0.00287938213053085,0.003980967442432259,-0.0021954178603766916,-0.0030864902502700797,-0.012685759862868795
2021-03-18,-0.014760539319459198,-0.030242086440928184,0.0031266426323874885,-0.07120740840208939,-0.011102973071742905
2021-03-19,-0.0006027039747036333,0.0075532959004116496,0.005310217126623273,0.023666636149088482,0.012786942826028547
2021-03-22,0.007025118077311765,0.012281260257784199,-0.002066932127726906,0.002116591859179895,-0.000515437423697751
2021-03-23,-0.007630854183940605,-0.011200851824211822,-0.007479431668260372,-0.061575970146321324,0.00531673999743143
2021-03-24,-0.00546733601831495,-0.02009499330572939,0.004695365892163128,0.05921056237925115,-0.017911176994211853
2021-03-25,0.005240265846959469,0.0012181895920093666,-0.00467342246372715,-0.042824434763252484,-0.015430189146808937
2021-03-26,0.016631202604519668,0.012409828654125432,0.004173713607376284,0.041154368013920584,0.012733031929623273
2021-03-29,-0.0008680126852336212,-0.0060188523018330775,-0.011603127108290145,0.009676892582832108,
2021-03-30,-0.0031578329337678124,-0.0010919696746045648,-0.01652840063360783,-0.01640679197042183,
2021-03-31,0.0036224990395776757,0.015444572694241598,0.017756413077116395,-0.022956224726055297,-0.010400699094332388
2021-04-01,0.011825201774944727,0.017607195685596322,0.008519065917824475,0.0387086024583132,0.012024574166918489
2021-04-05,0.014438226417743616,0.016726828364677537,0.0002314420321753996,-0.04556548742549782,-0.015439860548026041
2021-04-06,-0.0009735307519511682,-0.0005260598791950732,0.008213761436147937,0.011594207800246004,0.003122067245233451
2021-04-07,0.001475232784985625,-0.0006964355744338846,-0.0008032268583261226,0.007416123599016666,0.009231436965811968
2021-04-08,0.0042206328286402695,0.010261623933502051,0.00953145143468026,-0.0028442694050624384,0.0036945688638336804
2021-04-09,0.007719934348738189,0.005125408395453057,-0.007621375677333342,-0.004697966215862381,-0.0026187118170183377
2021-04-12,-0.00019607884876882142,-0.0036107728121699267,-0.0069349480270687325,0.0064059519566785905,-0.03532558930400764
2021-04-13,0.0032944868090414303,0.010548708258122819,0.00859931022909377,0.008040193234541748,0.013556195506029933
2021-04-14,-0.004087726727828533,-0.009878449674107004,-0.006465968708899705,0.04935196420143062,
2021-04-15,0.01109419052516647,0.013055420174782562,0.01756608831554507,0.004908908172657878,
2021-04-16,0.0036088195555097347,0.0009673274813244426,0.007584277775313453,-0.005200094880527084,0.002496282165007191
2021-04-19,-0.005306560094486046,-0.009789850945085554,-0.005392638944641037,0.003960082302711498,-0.017676978554819645
2021-04-20,-0.006802319771775922,-0.009234791831184364,0.004405313981518555,-0.014831215297646083,-0.004390823034999047
2021-04-21,0.009306055472153574,0.01189228129776998,0.008265829380382561,-0.01745676131584084,
2021-04-22,-0.009210657476561801,-0.00944856589330434,-0.006190382988717769,0.0013040233585082106,
2021-04-23,0.010928696540176919,0.014357615081555863,-0.002356874956158772,0.011557855786187288,-0.004498133053794207
2021-04-26,0.001782270924804541,0.008701745037853259,0.0012936925945796762,-0.00370131227060555,0.010016518287169873
2021-04-27,-0.00021489588801437698,-0.0034345640809080313,-0.0007302549158142435,0.016637034111379068,0.011601643402658013
2021-04-28,-0.0008455399168898481,-0.002781323065609853,-0.0027546797164136327,0.014617127481985293,0.014433855260107098
2021-04-29,0.006762806734045723,0.0022432185139893424,-0.0031568721511163744,0.01800816653441273,0.0020418099664161193
2021-04-30,-0.007194706699326425,-0.008511961175354799,-0.0003393641574842565,-0.02199661987672563,-0.017710812045177438
2021-05-03,0.002748090747253684,-0.00483858197885767,0.013633590723512334,0.014312614131922974,0.00020851346320172048
2021-05-04,-0.006678337608227225,-0.018828201194453165,-0.008817975442325987,0.01860760765059477,-0.00940610742344028
2021-05-05,0.0007034637617677753,-0.0037466591942640903,0.0046734509167369875,-0.0009134599750061367,0.0083709591539336
2021-05-06,0.008165456466051824,0.0037121457122524237,0.017597882354132288,-0.014017952269492095,0.0073164109749706
2021-05-07,0.007373341616968343,0.008758291888812941,0.008591781723726655,0.0029362145587148447,0.006679247748155426
2021-05-10,-0.010435647322188157,-0.02547802225972562,0.0034401390213709693,0.0003081146779084776,0.008041422748121585
2021-05-11,-0.00867391280271812,-0.0009275327257869392,-0.0008162821179411583,0.00554529606446863,-0.006130201191218876
2021-05-12,-0.021449400664502738,-0.026718837795905892,-0.007243574388463236,0.012254948938686727,-0.0103866808073666
2021-05-13,0.012173141406923493,0.007160285482193274,0.0006583010422049895,-0.0342009999032471,
2021-05-14,0.014917956876899785,0.023237368480184983,0.0077302497729918596,0.024287105283134602,
2021-05-17,-0.0025300521932207776,-0.0037923111043243196,0.01604918143290668,0.013767689439655673,0.01671576048197254
2021-05-18,-0.008517292959364653,-0.005636435871819501,0.00021419170019920664,-0.011770013864614959,0.012393443335275034
2021-05-19,-0.002943411456817757,-0.0002931088157486217,0.007226980728051391,-0.032524008595155696,-0.005159432408138875
2021-05-20,0.010554741756143349,0.017744707478573485,0.00021260930856370486,-0.02067552652575244,-0.00825677606093067
2021-05-21,-0.0007838806801412357,-0.004783631990481263,-0.0027632037699806267,0.024657576354655486,0.01806313567497475
2021-05-24,0.009911292190138532,0.014117721428874797,0.004156257809488695,0.03884871263870715,0.001476108604989923
2021-05-25,-0.0021252837802967495,-0.00029280069151282895,0.007163703900238794,0.0003027500702874608,0.0007073438653115716
2021-05-26,0.0018768165702687245,0.005918508635931463,0.0016859595215357182,0.0021189555062068877,0.006115021504864648
2021-05-27,0.0011653145418315525,-0.00012518027096375395,-0.0028929098155140442,0.009666204478147034,0.002378821196545866
2021-05-28,0.0007688818911402162,0.0009070840642058098,0.0035870913136444305,-0.007928179377626243,0.006376433707514062
2021-05-31,,,,,0.009533088035724946
2021-06-01,,,,,-0.0005101904286871628
2021-06-02,0.0014469348384307246,0.0014450287626555092,0.0025721912934710822,0.016391030572105336,8.67158252806366e-05
2021-06-03,-0.0036287033416374515,-0.010309458387126047,-0.01916329395155958,-0.0002906330368847021,0.0073284506253876724
2021-06-04,0.008834095710505974,0.014688774858050868,0.009982357702693179,0.011771620647109238,-0.001281017305247989
2021-06-07,-0.0007967387044511831,0.004866592327830599,0.0035941061459434653,-0.005601829564242378,0.0051945814919991395
2021-06-08,0.00017502486450582388,0.0031113169361038917,-0.0023172657999340762,0.01184457106836323,-0.0007333060957773752
2021-06-09,-0.0018238673194856947,-0.0009450801550839882,0.0005806458888100163,-0.001284853152949239,-0.006654976944212576
2021-06-10,0.004652243012262192,0.007804918728772536,0.0004748216375956016,0.004717007366684234,0.0065492869160790335
2021-06-11,0.0019484346695590737,0.003501332955533787,-0.008858916163173913,0.008820639330011204,0.003914130633349666
2021-06-14,0.0018152018730952513,0.007443073498693664,-0.007288758964579145,-0.0004231618550520899,0.0007911718082738162
2021-06-15,-0.0020116937805257917,-0.0071453576292487275,-0.00509137674886051,0.017494434836540007,0.003630213545097627
2021-06-16,-0.005390124612855707,-0.0023577768295566237,0.0026933850109047697,0.0004159564358627854,-0.006408632752808119
2021-06-17,-0.00043571559205179966,0.008666146563395483,-0.046524107902705,-0.01538462351873171,-0.0048295020472909345
2021-06-18,-0.013124468779900589,-0.009248392997500465,-0.0032680012782029255,0.008445924357947998,-0.000513069646403852
2021-06-21,0.014002289962720793,0.007918572901479237,0.007857560437570577,0.02819659812494102,0.004026588209654625
2021-06-22,0.005124491902218642,0.00790504662839453,-0.003084861699863106,-0.008145615988127686,0.0016670371193598932
2021-06-23,-0.0010832833431588806,0.0012952072125995695,0.0033757172935664492,0.00027380609265548195,-0.005439749231269109
2021-06-24,0.005811249724885448,0.006865284655006576,-0.0037569099195167155,0.0030104161903514726,0.006597840798329813
2021-06-25,0.0033305973193167304,-0.0006486082548177174,0.0006191803267199258,0.010231923175643143,0.0044266891189239654
2021-06-28,0.0023149642620619026,0.009757403567579814,0.0016311746338748545,-0.01539499449921189,-0.0028782098242977616
2021-06-29,0.00027733619326086867,0.0019185747914842732,-0.009602951679020366,0.0009600835455807477,-0.0041891404314852165
2021-06-30,0.0013281596467464851,-0.0016780925737093222,0.0045361760664246464,0.006714138684990489,-0.0017112919035373597
2021-07-01,0.0052216268542757405,0.0012706667667650162,0.0029352412022176644,0.023955384605798935,-0.002639697229908089
2021-07-02,0.007500081663913916,0.008053101231080717,0.0036582619435918673,-0.0009304757636671157,0.002691338986766656
2021-07-05,,,,,0.007133188273225066
2021-07-06,,,,,-0.0010167521731027085
2021-07-07,0.003358975310182588,9.683284021178018e-05,0.0044030903071323735,-0.015946650600259793,0.0038816171589777237
2021-07-08,-0.008561024934316985,-0.007178920506270892,-0.0010543390709744083,0.010249383995051264,-0.0095562557277451
2021-07-09,0.011277947808795874,0.009762485818334499,0.00577714959235065,0.02220996795947272,-0.0024224839292732447
2021-07-12,0.0034511743312370946,0.0021303552642399914,-0.0025957976556106876,-0.006169515819942961,0.00017844744498685117
2021-07-13,-0.0035168126585656267,-0.0037730901597803346,0.002214962038830315,0.015519589062886974,0.007630985495128417
2021-07-14,0.0011649345752446916,-0.0022278903259194127,0.00834298877410422,-0.028172793974512,0.0026308921169333477
2021-07-15,-0.0032622408541723713,-0.006952588512905256,0.0021917808219178436,-0.020237874786326326,0.004431072328003882
2021-07-16,-0.007538854211077806,-0.00796868689005259,-0.007654455986878084,0.0022330220419752855,-5.0225736783704455e-05
2021-07-19,-0.015869512427409305,-0.010553630711868212,-0.0031956191890495367,-0.07505917801000395,-0.010738912280361723
2021-07-20,0.015162609437855634,0.01568474398635078,0.0012160475909599455,0.015055706527669743,-0.0076369809214345
2021-07-21,0.008241819990835397,0.009177971924420714,-0.004416473386428144,0.04271736815530014,
2021-07-22,0.0020166699583279435,0.0035982499502607013,0.0011090162875260212,0.022901856905556794,
2021-07-23,0.010145452020822843,0.010377581211183262,-0.0019940043963972975,0.002224948193114251,0.002022238326785386
2021-07-26,0.0023821998626283314,0.00025070627558165803,-0.001443055603168153,-0.002220008788571315,-0.0019929055322251976
2021-07-27,-0.0047124448070912095,-0.0121375515919806,0.00033353583400175246,-0.00361566017229209,-0.004929081202650898
2021-07-28,-0.0001862618826539153,0.006957432752077386,-5.5615987073265316e-05,0.010327953217171393,-0.002352898858342667
2021-07-29,0.004206152980007483,0.0010621237898131852,0.017502917627735037,0.016991343656641567,0.004395444954646832
2021-07-30,-0.0054060480514769305,-0.0071442835489050616,-0.010157260857305395,0.004482398659995557,-0.000976039499086867
2021-08-02,-0.001842805614891363,0.0005718536203818125,0.005296246118967618,-0.036375861028019485,0.007746000136419795
2021-08-03,0.0082034265474622,0.005464160640535676,-0.004445162881674181,-0.009823246655234374,0.015460955882416139
2021-08-04,-0.004632387901412294,0.0013034249936207942,0.0002205084722155526,-0.034155273754276405,0.007938242467802281
2021-08-05,0.006005446813494242,0.0077527559316279415,-0.0030862362005718014,0.01379302701342966,0.0022018725316477195
2021-08-06,0.001675266241764728,-0.003985221407782014,-0.025319281447276465,-0.011723803756369944,-0.003461233501561467
2021-08-09,-0.0009399082741974318,0.00164601761290184,-0.020758877030653933,-0.026361972093488895,0.0012347307242392969
2021-08-10,0.0009926793341701323,-0.00485120942451589,0.0030118454514189708,0.027226195354952187,0.0013439090538649445
2021-08-11,0.0012757437876824707,-0.0015519377793203892,0.01247334888566165,0.014057681528810484,0.00013208706805212245
2021-08-12,0.004146380281677686,0.003462216978957544,-0.0008555295489797166,-0.0023105221965252776,0.005045395484346349
2021-08-13,0.001607306655808216,0.00044819847282950853,0.015070157328406442,-0.009407930683705934,0.010064482340847336
2021-08-16,0.002620850702215849,-0.0019659192352415866,0.006523505778191829,-0.016803060854117646,0.002054024277023725
2021-08-17,-0.00706069881494753,-0.009299872399218145,-0.0011174432592676586,-0.010402802319998017,0.0031122785775283823
2021-08-18,-0.010748470745585936,-0.008888368867441265,-0.001901792326435614,-0.016969474629254244,-0.00275360231817956
2021-08-19,0.0012566922329095842,0.0010932108653904926,-0.000728563556566808,-0.027039420753422028,
2021-08-20,0.008141567655737925,0.011887815511235633,0.0005047526366359634,-0.02151042489283772,
2021-08-23,0.00852379036424833,0.01549408766183169,0.012500027370025313,0.053273422835076634,0.0027931806783987323
2021-08-24,0.0014957363013194946,0.005163034136896005,0.0012179322993997044,0.028945788292900954,0.007768362083601765
2021-08-25,0.002220118224179668,0.0014687643751494228,-0.0096765275089854,0.012140948826012021,0.0006045728309951315
2021-08-26,-0.005824918819612557,-0.006385565282822414,0.0023450313634143516,-0.013750767013069765,0.00013525983096518424
2021-08-27,0.008807632480425154,0.012290430225497584,0.013536123824124724,0.01957875601711656,0.004105261588480014
2021-08-30,0.004306570844779589,0.009014815323540093,-0.00401211806986812,0.006837376131936912,0.013519836521704187
2021-08-31,-0.0013491160395050494,-0.00043557330857424414,0.003255724849924535,-0.010258620052950529,0.011880446175423387
2021-09-01,0.0003116886257619189,0.003285854843843916,-0.001155038564510491,0.001313815151688047,-0.00326573477436376
2021-09-02,0.002842638410522902,0.0014239508624365182,-0.0024779735682819437,0.020411161986103155,0.009246783727399066
2021-09-03,-0.0003350311257153127,0.0021094165230068906,0.012255010307411052,-0.010001385478031866,0.005190230833697296
2021-09-06,,,,,0.0031287476677577253
2021-09-07,,,,,-0.0009035189246697772
2021-09-08,-0.001318566739775151,-0.005703691103410624,-0.0027800945232138163,0.013899116296197223,-0.0004953092983268625
2021-09-09,-0.004605608657393345,-0.002511320298010933,0.003624198494563746,-0.01673886884597986,0.0009075978909154347
2021-09-10,-0.007722578759925436,-0.008706557514796764,-0.004388902452256982,0.02318758211340266,
2021-09-13,0.0022764876184568905,-0.0006556291656001356,0.0012834377877679604,0.010470391777937849,
2021-09-14,-0.00574663850657553,-0.004489752273612702,0.007077547369083392,0.00014197497038659357,0.001423151293159064
2021-09-15,0.008473996979569742,0.008230648031459342,-0.0068064450910216845,0.030513788728570912,0.00802354538262362
2021-09-16,-0.0015511404489350067,0.001344827868280607,-0.021228045809964513,0.0,0.006281634763507293
2021-09-17,-0.009110872450405094,-0.009086478918501784,-0.0030169789406989667,-0.008814204438351125,-0.002515647600612625
2021-09-20,-0.01697731100841482,-0.021940308438318068,0.007080064086564697,-0.023343063452561208,-0.010705054879733056
2021-09-21,-0.0008123585165593639,0.0022087957059100383,0.008164135358379898,0.0038411813849723586,0.00949017386246398
2021-09-22,0.009519611195260236,0.010202436849988672,0.00033747479064683006,0.023667883448451832,-0.0008740239935656202
2021-09-23,0.012134715784494876,0.010431106514105393,-0.016303125255199502,0.01481378437069547,0.015746528367181822
2021-09-24,0.001461009046688222,-0.0003016188282812804,0.0010857825412808886,0.009276947842630001,0.0016972499684944076
2021-09-27,-0.0027763826213396126,-0.0051656045602379574,0.00017129008191396622,0.019870147669719174,0.00010644538279747096
2021-09-28,-0.020364110556098214,-0.028275944894625926,-0.008276255707762581,-0.0021205571794071787,-0.0059646824901542495
2021-09-29,0.0015691842194003325,-0.0023537507216799813,-0.008402863646582714,-0.006109696890411187,-0.0021015082285871234
2021-09-30,-0.011909714125195148,-0.004400386817909885,0.01979219635656726,0.002672683995033509,-0.005259376020738893
2021-10-01,0.01149147763018199,0.00817520590596521,0.0007968266443156846,0.01132878166000495,-0.004886983449795879
2021-10-04,-0.012985898136748442,-0.02136514944288126,0.005232001276240128,0.022931016817949068,0.009080467581137563
2021-10-05,0.010524514660609219,0.01251095042120598,-0.003790422756514311,0.01687706148208612,0.007407660919946268
2021-10-06,0.004102792854185466,0.004716702202846257,0.0005111161346949,-0.01900418084632438,-0.009892144870289554
2021-10-07,0.008298280656405366,0.010488919967170274,-0.0014758188126851035,0.011235990483702496,0.008180302016037588
2021-10-08,-0.0019137230947889883,-0.00508252988394553,-0.0010231507547584506,0.013409902700376897,0.005893622760496431
2021-10-11,-0.006865763848056816,-0.006402111692132784,-0.0009673797761293734,0.014744778720152008,0.0028359561343596074
2021-10-12,-0.0024167805585421087,-0.0013999719156209123,0.0020505198817413195,0.0014903471384131173,0.0025632525445875576
2021-10-13,0.00302251448379387,0.00730819243666847,0.02012158322130997,-0.0024801209047115025,0.00943759784921161
2021-10-14,0.01706310194558336,0.017279458258460334,0.0017830686628692582,0.01081545363976355,0.009734787740718787
2021-10-15,0.007460210377712606,0.004986036147378581,-0.016463638235715727,0.01192966732048073,
2021-10-18,0.00337476955709759,0.008355164604418874,-0.0014703939288884804,0.0019446240214291421,
2021-10-19,0.007393339551406308,0.007141634497185745,0.0027184963248931826,0.006307576754816191,-0.003155307734996393
2021-10-20,0.0036640298040166996,-0.0004897952438996933,0.008133309468546956,0.010969186019189614,-0.008260625212080042
2021-10-21,0.002995871849622578,0.00621759683814882,-0.0016807664065021655,-0.016334836076273618,-0.004844908296702255
2021-10-22,-0.0010725536274130976,-0.008248059464175173,0.008081275165141566,0.015272753166429842,-0.003476668084567369
2021-10-25,0.004748196569493546,0.009046252790430476,0.005845348613584989,0.0,0.000579633328010587
2021-10-26,0.0018197952535197182,0.0005910666206350168,-0.007416440143863001,0.010625589385741652,0.007889480889700096
2021-10-27,-0.005051568068462853,8.524894004491301e-06,0.0030110540540595476,-0.023508539018291197,-0.0031448386638428527
2021-10-28,0.009829281576461124,0.013932955164567495,0.0021124786828241593,0.001814588553582741,-0.0194223384240636
2021-10-29,0.001949334719149265,0.0032540872849680103,-0.010373877413260457,0.009177661618607225,-0.010393515763905459
2021-11-01,0.0018000771431341267,0.0062929295010552,0.006670791104434803,0.005743728116386793,0.014599655057507821
2021-11-02,0.0036803630854131963,0.0034419058169636862,-0.0035638847533381313,-0.0016656678710912365,-0.002270048271341696
2021-11-03,0.006461279195357994,0.010350454503191608,-0.014250586594436898,-0.036348503380355335,-0.0033400508475575075
2021-11-04,0.004181942361150437,0.008141469198615692,0.01678098258191829,-0.025352498593666506,0.004913376165984751
2021-11-05,0.003732799652949259,0.0019623378893316445,0.012991384905561842,0.031214302254529258,
2021-11-08,0.0008877879113036169,0.0006743541449454327,0.006164658119147015,0.008121123284993814,
2021-11-09,-0.003498775895770745,-0.005995379305199555,0.001531755376436017,0.02709631651939448,-0.001344921435271762
2021-11-10,-0.008225823395229703,-0.01660714526110052,0.009558662624682412,-0.03339281208597611,-0.0014991358050348014
2021-11-11,0.0005509400447352153,0.005221265241686979,0.008440174849223325,0.00307351870242889,-0.007970140510272006
2021-11-12,0.007222656026415475,0.009976877944862572,0.0024679304285022408,-0.009805067511588605,0.012820606684330382
2021-11-15,-1.0739820344718431e-05,-0.0004482926367641582,-0.0010168715087304214,0.0011139539159645828,0.0003700663573213969
2021-11-16,0.003865229864862485,0.007569817119782218,-0.006696667825722091,-0.0014836192045299956,-0.006087981951756416
2021-11-17,-0.002601625374463401,-0.003273475409930282,0.008683445228378162,-0.02971770012871533,-0.005586294529162039
2021-11-18,0.0033847802152713324,0.004530938030708143,-0.004705340063931862,0.00829506790219492,-0.007478195643460861
2021-11-19,-0.001398665559303236,0.0039847207999677,-0.005264880573540354,-0.03683082626794387,
2021-11-22,-0.0031971365563219223,-0.012622227368676908,-0.024465288050933953,0.008541413126308406,
2021-11-23,0.001657132912945114,-0.005021843179240482,-0.012456402254208743,0.0228013029315961,0.004983697932798847
2021-11-24,0.0022938506357221833,0.004443118848677985,0.0002803004744440507,-0.001401281660529441,-0.0050446817378146935
2021-11-25,,,,,0.006959452503032093
2021-11-26,,,,,-0.029071254187753914
2021-11-29,0.013200199537034996,0.01879526912792029,-0.0017921877187762059,0.026412257990629184,0.0016151341742889347
2021-11-30,-0.01896131033450521,-0.01553204635822969,-0.004881374069370614,-0.05389559410354117,-0.004148599194972014
2021-12-01,-0.011815187417889228,-0.018255005548189707,0.006032968758162394,-0.009217295369275735,0.01081664117042136
2021-12-02,0.01419443613158311,0.008343391390618793,-0.012105642024970109,0.014183320260853893,0.013674571102433752
2021-12-03,-0.008448563730297565,-0.019234407705369105,0.012027045912206047,-0.003608990432624526,-0.01177768586739425
2021-12-06,0.011730872577451423,0.009259285033501596,-0.002466519622089103,0.04874729283736201,-0.01654091957599968
2021-12-07,0.020707080374404274,0.03032939047579708,0.002922141709398751,0.03683990886007793,0.015636548581649423
2021-12-08,0.0030852853123166657,0.006379219948745574,0.00044828198017254905,0.004302533594218838,0.017060948527881648
2021-12-09,-0.007181080169894716,-0.017078626969719846,-0.004928618778003324,-0.019624076243335065,0.002696066593683266
2021-12-10,0.009549073338481762,0.007296951180025157,0.004559068992435966,0.010290325661350463,-0.00031677089480919296
2021-12-13,-0.009136167611567658,-0.01390345484936839,0.0019610039804167645,-0.005302040785911788,-0.008169055116863166
2021-12-14,-0.0074706775774360246,-0.0113954084973521,-0.008947044435012375,-0.007855204816974215,-0.002495911181322197
2021-12-15,0.016348464630746795,0.021521734156584316,-0.004401088197950709,0.0019793493991784317,-0.005974060321640162
2021-12-16,-0.008743415379980468,-0.024743722282876468,0.019098867198569014,0.021306539414643444,0.0015678167505297491
2021-12-17,-0.010287680637092622,-0.0007081485979841817,0.0037259890024026188,-0.021000230737016623,-0.01525945397337003
2021-12-20,-0.01138805785140995,-0.012441874957189958,-0.005706714326999207,-0.03711539981321654,-0.021842546279377872
2021-12-21,0.017777934551572505,0.02404050772065003,-0.003287654348783864,0.04235672354477105,0.00942870544420904
2021-12-22,0.010180197220578835,0.011785329890441787,0.0075473809853661145,0.023059608075271854,0.011007170994593363
2021-12-23,0.006223699921661829,0.008470648337796538,0.005271335177776892,0.014156112548875166,0.006909306212627531
2021-12-24,,,,,-0.004032754879180422
2021-12-27,,,,,0.004851870910828504
2021-12-28,-0.0010101548486260992,-0.005641646623189445,0.0011609771833531735,0.005425481854771652,0.008603409174043453
2021-12-29,0.0014018951394270118,-0.000982148984303155,-0.0028162656784919138,0.00763351113496924,-0.0011402602889762914
2021-12-30,-0.0029897555945093135,-0.001564113444927684,0.004596260124811957,0.0056165140920581,-0.0005606259494814747
2021-12-31,-0.0026261799136575448,-0.00613597676383737,0.007992944267207092,-0.023119870485598715,0.008724831757606522
2022-01-03,0.006374052530970564,0.012005780861697346,-0.015585694181619703,0.011567647349721266,0.015653315812207858
2022-01-04,-0.000629621957060511,-0.013268662568625578,0.00805510815880095,0.011961041151597351,0.01018687423526421
2022-01-05,-0.019392757790687165,-0.033448068827544475,0.005786399284288368,0.011170290092400004,0.0067395852346920915
2022-01-06,-0.0009637690162076495,-0.0012787651008169254,-0.019670168699956747,0.020680804648785633,-0.010005417462796928
2022-01-07,-0.004050216740091761,-0.009612181106264384,0.004583094939621946,-0.007047540461187607,0.003764183651131514
2022-01-10,-0.0014410312534549607,0.0004639618180870553,0.0007789164320941566,-0.008491738352191969,0.010700318921871732
2022-01-11,0.009159984668711818,0.014095062052256635,0.010951718166068103,0.038220602524166036,0.002913311252602302
2022-01-12,0.002817754443029452,0.0023057094374328013,0.004839179998968879,0.017483355671057854,0.008673115731830494
2022-01-13,-0.0142436152864307,-0.025123142542254673,-0.003228820804687338,-0.006292311797034489,0.0024956237305924223
2022-01-14,0.0008199802697488323,0.005871651774452147,-0.0026902516461966286,0.02070137471242295,-0.00011232356375068253
2022-01-17,,,,,0.0028675682661627455
2022-01-18,,,,,-0.010653690567923424
2022-01-19,-0.009689541868338813,-0.011486990364095284,0.016994000409909393,0.017909385155464808,-0.00964224043394124
2022-01-20,-0.01103737849414832,-0.012987228782384785,-0.00032550759647986816,-0.0006899443333189259,-0.010112406160797005
2022-01-21,-0.018914821867908604,-0.02720779129382689,-0.005861243298007746,-0.02025318878396498,-0.007875745304668613
2022-01-24,0.002771738943381896,0.0062611999653316985,0.005404466688426757,-0.0214940315265868,-0.02656790518738339
2022-01-25,-0.012171906253646725,-0.02279587751406098,0.005864173923256555,0.027487708349970053,0.007513491221694313
2022-01-26,-0.0014966358477518371,0.00020902706987113717,-0.012307718665654499,0.020443925598071955,
2022-01-27,-0.00538408875771057,-0.013981551050466057,-0.020003266416712795,-0.00847164140465062,
2022-01-28,0.024347646888076113,0.03128861783890824,-0.0045730585486152275,0.0024246516914070426,-0.0004793161771092791
2022-01-31,0.018885951732779516,0.03408061973195786,0.005658566557111833,0.015319072054016392,0.0139107178709299
2022-02-01,0.00686300355780145,0.007452318282233916,0.0036211699164345745,0.0005671630345758238,0.013667938611870323
2022-02-02,0.00942251544733641,0.004987439334134924,0.0048848453111989265,0.0006803309531120405,0.011557838585399605
2022-02-03,-0.024391082077444004,-0.03736623070394007,-0.003424887076703853,0.022773560595811926,-0.012362248664229525
2022-02-04,0.0051569298644233985,0.01579308962791215,0.00205092472272006,0.02259888103899743,-0.0024998826581151823
2022-02-07,-0.0037017126347429485,-0.0058405296292791675,0.00774421928413771,-0.010724709023431034,-0.017281112927623465
2022-02-08,0.008401207191663262,0.012755742282319904,0.003348323318940194,-0.021462977343655654,0.0030876976246183574
2022-02-09,0.014517207887505545,0.020847579004696026,0.004759533374733449,0.0033572409322819574,0.01141215233034587
2022-02-10,-0.01811572566845976,-0.021029860954935087,0.00043561409058057166,0.002453642452856286,0.008133901085124018
2022-02-11,-0.01896945434456343,-0.027809056735481952,0.0025579357295228977,0.035825559847585176,-0.01312629691281364
2022-02-14,-0.0038405967262932217,-1.6711350646736456e-05,0.014820069046166617,0.025349093974556425,-0.03061622289529342
2022-02-15,0.01576672117072042,0.025294892996708285,-0.007061128206802492,-0.035512250389282185,0.03025912638397754
2022-02-16,0.0008812077558950637,-0.0011082169806798658,0.008242672788815408,0.017269512029492784,-0.0017432697608654735
2022-02-17,-0.021173138152195015,-0.02884222075150311,0.01629708789740847,-0.020286156860866655,-0.001016014719190439
2022-02-18,-0.0071661613961429005,-0.012295170961021396,-0.001156651509923723,-0.007519642821954831,-0.0016353356196504576
2022-02-21,,,,,-0.004031556958107085
2022-02-22,,,,,-0.006651566067580439
2022-02-23,-0.018412122845487655,-0.025709284814148692,0.0015728216218942048,-0.0027070926272950713,-0.0016937094155936583
2022-02-24,0.014956856067329216,0.03344965952305512,0.00832287699480072,0.007709002130680487,-0.04778103847083648
2022-02-25,0.022372677655603468,0.01640470550170625,-0.020090366122209824,-0.01314514872099759,0.025261660109649586
2022-02-28,-0.002442603440647617,0.004146173676350395,0.006940016823146822,0.045092314094830055,0.008134034290366632
2022-03-01,-0.015473503680411893,-0.015921318808865603,0.022675908225112895,0.08033851173565365,
2022-03-02,0.018642691757321028,0.01622466062683925,-0.011060808447330706,0.06952900645381388,
2022-03-03,-0.005254666430088317,-0.015567102786323672,0.007074845362579296,-0.02649186569257822,-0.00649757722841704
2022-03-04,-0.007934042550334475,-0.016583024660655976,0.015858231718947735,0.07439400271616914,-0.015317032007332254
2022-03-07,-0.029518158313449172,-0.03624010422385804,0.014898835142818312,0.0321576868161253,-0.02352668473994779
2022-03-08,-0.00723375351819977,-0.0027597433362587243,0.02374869674545832,0.03601336153610779,0.009474776509483585
2022-03-09,0.02569824789143582,0.03594999879032046,-0.026966229305309786,-0.12126111859385258,0.020726290088294297
2022-03-10,-0.004291813651667864,-0.009474510344760545,0.006136240590387532,-0.024655017299143878,0.01526738719047449
2022-03-11,-0.012961545123475138,-0.021793698646173865,-0.007698472418572022,0.03122057435194936,0.0021421537513466316
2022-03-14,-0.007421002465963666,-0.02044485651336314,-0.012191411169710342,-0.05780663668688446,0.014482565042708062
2022-03-15,0.021408574170870942,0.02920228710808659,-0.015860922522333176,-0.06378021122779354,-0.012346456503312231
2022-03-16,0.02238376135718223,0.03768198333754036,-0.01062341323455529,-0.01451681346368161,0.018745100484606647
2022-03-17,0.01234781757145198,0.013264600759922862,0.017808506636054933,0.08354379592718453,0.018361988356508263
2022-03-18,0.011662294827948783,0.02049681043012841,-0.007153099368578886,0.016702209509034782,
2022-03-21,-0.00043466036210393355,-0.003985930702764762,0.00010363923019451882,0.07086920739842895,
2022-03-22,0.0113041136006502,0.019536881439528697,-0.0041461518528116414,-0.0032108508877336517,0.011561223252155806
2022-03-23,-0.012272698789159042,-0.013198885448984954,0.008222768060434538,0.028364335257270445,-0.0040339354552280104
2022-03-24,0.01434391292056647,0.0193383593530696,0.012852888925911188,-0.022535490824048265,-0.0013278937068936791
2022-03-25,0.005066170567449069,-0.0015882393904287362,-0.004077056466759266,0.01388646287023354,-0.004049875890900112
2022-03-28,0.007144955276586762,0.013098783178834283,-0.007368694454789493,-0.06971029266933082,0.004022619949862971
2022-03-29,0.012256547427530462,0.018442430849983316,-0.014228320941080397,-0.01623255224202047,0.005998187274997013
2022-03-30,-0.0062937001746978805,-0.012132317995023678,0.011139028015909824,0.034343840218928,0.009982465582194733
2022-03-31,-0.015652540713177343,-0.015354234978109282,0.008119964402314439,-0.06993137578249586,-0.001914477162001882
2022-04-01,0.0034102225843584133,0.0028817842175135056,-0.013082290498042104,-0.010071820388164898,0.011777965258592316
2022-04-04,0.008090938687879357,0.019005700991305163,0.005354290736375278,0.04039490552869429,0.021671841339984343
2022-04-05,-0.012551720801807331,-0.02259616428127298,-0.0033609100310237894,-0.012780787281426842,-0.005317557796472028
2022-04-06,-0.009716916613271898,-0.022201199444210284,-0.002282762341926148,-0.05619846782061888,-0.008339180323571727
2022-04-07,0.004253385628492534,0.000610526451974458,0.007643946455622386,-0.0020784014409193086,-0.00943974110495216
2022-04-08,-0.002651026482054286,-0.013405467774730062,0.004025145299448862,0.023221945072172234,0.008208759390795572
2022-04-11,-0.01687729010355421,-0.02181022821548395,0.0013363361526332884,-0.040403023960848494,-0.006151497975913078
2022-04-12,-0.003417447717741773,-0.0030114650323394,0.014320924501245447,0.06692117400917996,-0.008183810641252287
2022-04-13,0.011174577597236057,0.020343125369180592,0.0043519941765028936,0.03628232188112657,-0.0031174816283502382
2022-04-14,-0.01214413784439794,-0.0214393549626527,-0.004937737188951963,0.02589925130208348,
2022-04-18,-0.0002048682840329885,-0.0014021132712079831,0.00582307957761663,0.011781226481383023,
2022-04-19,0.016057604355527166,0.021549057864598486,-0.013793809946284541,-0.05221330351798914,-0.012519178806467801
2022-04-20,-0.0006184750715809706,-0.012231571260869711,-0.0017355918397461423,0.0018525979517276525,0.010490244596548015
2022-04-21,-0.014752948498371943,-0.020695641619913663,-0.0037840174403995785,0.01012166341145826,0.014941678252146096
2022-04-22,-0.027740054250753654,-0.025454971602217213,-0.007134741141631262,-0.016571935692562545,-0.012686452605167986
2022-04-25,0.005697936985382235,0.012894760520932191,-0.019800469348759342,-0.03458409708877341,-0.012695122564301942
2022-04-26,-0.028146308431003852,-0.039532127663313155,0.004272139022118759,0.03206815509798644,0.014560121616207233
2022-04-27,0.0020980468517017847,-0.00014495112707713087,-0.00808782343969272,0.00314650643487302,-0.009441443610115341
2022-04-28,0.02474690007293945,0.03063517815465322,0.0013766599901887666,0.03273871865503697,0.012128508890934642
2022-04-29,-0.036284507106413955,-0.04171148368488564,0.010786179779559646,-0.006359132166514958,-0.008263240381694681
2022-05-02,0.005675242812353654,0.016326369359157544,-0.0251608394698406,0.004584924217646558,-0.0019559171203674675
2022-05-03,0.004837126381486367,0.002212842306591023,0.0037561709013218536,-0.02624317347997185,
2022-05-04,0.02986242108440229,0.0319252033961146,-0.0009622189571816264,0.052729164177174326,
2022-05-05,-0.035649708609806985,-0.04991723044645091,0.003692156551513781,0.004174052386858973,0.00030284821366977077
2022-05-06,-0.0056742248424840325,-0.014047298430269972,0.003785305667793004,0.013947852180307585,-0.0162684216398562
2022-05-09,-0.03203710063235676,-0.0429332850439349,-0.012853235932965945,-0.060854518624946285,-0.006666182687180999
2022-05-10,0.0024578974498534745,0.0098440558256081,-0.009469480155561039,-0.03230181705260382,-0.003790968888092272
2022-05-11,-0.01646320750393837,-0.03181463527135442,0.006898398246537152,0.05964311167633052,-0.0044919933245182175
2022-05-12,-0.0012959645058717717,0.0005913045152083907,-0.01569832030666085,0.003973116758895001,-0.022211752141785834
2022-05-13,0.02386969542307149,0.03817092317214654,-0.008988284902719967,0.04108169907835513,-0.0016352232651188903
2022-05-16,-0.003946400929555671,-0.012046587118805574,0.0032076368680167278,0.03357769170243796,0.0038112305721171857
2022-05-17,0.020169632234863677,0.027585979950759842,0.002701226248104982,-0.015761781702840927,0.026321935902047233
2022-05-18,-0.04039526078745259,-0.04725839355913897,-0.001649348485201374,-0.02500004581709292,-0.0011685620062508173
2022-05-19,-0.005833781800992588,-0.0025967770269819113,0.013932444747874362,0.023907316672444834,-0.026532725334179386
2022-05-20,0.00014614176965843662,-0.002974920561311878,0.0004888249174075376,0.009090137071412485,0.028891038794289337
2022-05-23,0.018555039930923556,0.015909771722706134,0.0030943343562961356,-0.02596487109638701,-0.0031630222318707046
2022-05-24,-0.008120797617175213,-0.023477503945948386,0.009524826886490922,-0.004714881386747027,-0.005522754266735541
2022-05-25,0.009450764734207695,0.015117474542464926,-0.010239077589771606,0.005101623440959102,-0.006161219184365629
2022-05-26,0.019883256167224195,0.026752698354298943,0.0007040712362205159,0.0340795290894087,0.009007387318995308
2022-05-27,0.02474226295510973,0.03325876158439245,0.002002637633189197,0.008589739577440358,0.011273847198922216
2022-05-30,,,,,0.018893205092962884
2022-05-31,,,,,-0.004612433983534836
2022-06-01,-0.007482768681131846,-0.007195338452745226,0.0032560916909909476,0.0051452339470337005,-0.0037264067061659745
2022-06-02,0.018431018038486124,0.026882446624324485,0.012278938628087266,0.013968424262639223,0.006370004993115463
2022-06-03,-0.016347313992415624,-0.024695330174669516,-0.011328456217598482,0.017113031171366977,-0.002628050201467391
2022-06-06,0.003137400778913113,0.004049008555051747,-0.0035131338079882335,-0.003112667098787325,-0.0008893953501298846
2022-06-07,0.009523393173235029,0.009440084373188107,0.0045560691199906245,0.007679355798391407,-0.009245946006475991
2022-06-08,-0.010793945785935621,-0.0073067148690396655,0.002375694871801226,0.022611145343251815,-0.0036609606157923524
2022-06-09,-0.02379869397635359,-0.027472419148148797,-0.0019929712749124917,-0.004913589969061216,0.00744972774168895
2022-06-10,-0.029110303335524668,-0.03523930712446288,0.012251700439144697,-0.006913043803121521,-0.016767698414100085
2022-06-13,-0.038768430665237275,-0.04680671501819644,-0.023300427177752603,0.002154654348021312,-0.026379749115209128
2022-06-14,-0.0037736797459957394,0.001768779070838944,-0.009990199989257653,-0.01653849330152035,-0.00268160945598539
2022-06-15,0.014592504858983224,0.0250085000040583,0.003363647965777483,-0.030438095831943568,-0.0025393443813560568
2022-06-16,-0.03251195148816344,-0.040818510003493014,0.016652038489046506,0.01977277623424012,-0.021128447854290244
2022-06-17,0.002200865698254617,0.014301012162795113,-0.005027325101566449,-0.06828811148376046,-0.00436829362663993
2022-06-20,,,,,0.0037042135956451006
2022-06-21,,,,,0.018804337854487096
2022-06-22,-0.0013015723144006452,-0.0014652893000179912,-0.00021754644520344257,-0.040307266362120786,-0.014419265085317434
2022-06-23,0.009532217409177868,0.01620456472734455,-0.004677967510731795,-0.01808085275635296,0.009300447519609234
2022-06-24,0.03056329358583576,0.03342444110524623,0.0002732539002390233,0.032128188466172825,0.009166472588529428
2022-06-27,-0.0029730715337762392,-0.007156532662280779,-0.00300497178237058,0.018119279859469373,0.008458990377725017
2022-06-28,-0.020143036075892073,-0.029763398261811846,-0.001972872402410286,0.01998724511733041,0.0011464333961117568
2022-06-29,-0.0007117454091590814,-0.0003264658188628644,-0.002031600741859374,-0.017716565131415063,-0.0032239710103227903
2022-06-30,-0.008759278267998716,-0.013343253400551203,-0.0056120776736588995,-0.036618661757760074,-0.001193081241402827
2022-07-01,0.010553814029047315,0.008986463811260226,-0.003209234034982633,0.025245821813676184,-0.0017870563085186086
2022-07-04,,,,,0.005288188249805481
2022-07-05,,,,,-0.0015471713984448465
2022-07-06,0.0035731642904301975,0.003498369066551321,-0.015533774043211102,-0.009748755986966118,0.011318189707300252
2022-07-07,0.014964587965241805,0.0228395911688426,0.0018427590969622987,0.042626658171838194,0.00894949203151052
2022-07-08,-0.000830271529819071,0.001201234056863676,0.0014945667237034055,0.02005254055561867,0.005436047866567373
2022-07-11,-0.011527461422777274,-0.02257868253095774,-0.006083967949940483,-0.0066800703456525445,-0.00028356592763323363
2022-07-12,-0.009243878717321574,-0.009485002930735176,-0.003984467597334507,-0.07925833692240081,-0.0097249750439381
2022-07-13,-0.0044569025122100925,-0.0015224856620029703,0.006203589325698866,0.004799736346455807,-0.005707292501522909
2022-07-14,-0.00299863390215227,0.00032098918500000906,-0.017113195719893448,-0.005399836510715739,-0.0017536552323109689
2022-07-15,0.01920124935943668,0.01788517343520679,-0.001289760334863943,0.018897448127604077,0.0069359576863876615
2022-07-18,-0.008363571580831342,-0.008065554513161488,0.003874134585889255,0.05133725099121933,0.014287304158276504
2022-07-19,0.02762829164595959,0.031082661784792576,0.00029236347460859236,0.01578950068883911,0.003811764271124396
2022-07-20,0.005895806193263242,0.01575152660446255,-0.006137838486993119,-0.018806362133138133,0.01103388850696918
2022-07-21,0.00986137270919718,0.013612768540006925,0.007763835796542162,-0.05779389339573937,0.005108719746296009
2022-07-22,-0.00933246697634671,-0.018698779929550824,0.008170888175858204,-0.017125080975710305,0.006877295960614926
2022-07-25,0.0013151670479691902,-0.004346793139435978,-0.004804937310881607,0.02111932486220769,-0.005290199311757782
2022-07-26,-0.01154320266205866,-0.01867994358107039,-0.0008143938304607801,-0.017786904297724226,-0.00884795806776506
2022-07-27,0.026156273782937722,0.040635394784761525,0.0008150576083485461,0.024005039994878574,0.0095821774414373
2022-07-28,0.012133338697180918,0.010818266210801841,0.01814907433266244,-0.008636684647699067,0.017293731123692924
2022-07-29,0.014207760082581844,0.018754277573103773,0.007198751776515966,0.022816890887945362,0.013505953826479233
2022-08-01,-0.0028230841271976725,-0.0017521187427524954,0.014067687568417364,-0.0479619065625867,0.010595531668439406
2022-08-02,-0.006662395550704803,-0.0016347914184267065,0.0011187559739480601,0.005644890645886136,0.000311327663805816
2022-08-03,0.015638477163140152,0.02586497726792847,-0.007431372364459121,-0.03982201418928444,0.002461808358865669
2022-08-04,-0.0007773401640558397,0.004137926994010943,0.01716955617024407,-0.02338410170909877,-0.0003537116074355806
2022-08-05,-0.0016257460597355333,-0.004954984210656432,-0.008688955133131171,0.005308348947856256,0.0008917270739845495
2022-08-08,-0.0012375507238541195,-0.0010341530511025487,0.00781598949399287,0.019660711807664377,0.007334364671648164
2022-08-09,-0.004248692893594086,-0.011904840056636057,0.003933136410534832,-0.002864721574600937,
2022-08-10,0.021290637641290244,0.028883635990728074,0.0007724451283082079,0.015801108344483783,
2022-08-11,-0.0007054739583503,-0.005825812114957363,-0.0035838342476660623,0.026215555582665973,0.007085929368824795
2022-08-12,0.017322368774566943,0.0209140964349257,0.004592767293260858,-0.02384990552619215,0.0022170219505635025
2022-08-15,0.0039695418998517695,0.006197454956740289,-0.009584150049056772,-0.029101887092578438,
2022-08-16,0.0018756797165810912,-0.0019424057936537897,-0.004671611438805123,-0.03221121535456328,
2022-08-17,-0.007237794954094601,-0.012549441898795477,-0.0072637874250863765,0.0182595845758029,0.006675923198833145
2022-08-18,0.002269561170191503,0.002103839376660366,-0.0030956268087767302,0.027125177313500615,0.0006826699360520383
2022-08-19,-0.012900001139847905,-0.020062730350480673,-0.004686047305004215,0.0029833883211758394,-0.011029475746944017
2022-08-22,-0.0214000649197158,-0.02547373607288772,-0.00822508355504692,-0.005949028380558663,-0.0150773300473388
2022-08-23,-0.0022378626777133093,-2.184761752122011e-05,0.007320937187759391,0.0389005250609491,0.00496268217550444
2022-08-24,0.0029161604463010526,0.004056962479091597,0.00017036613470566841,0.012267991808045497,0.001561611079505143
2022-08-25,0.014091605518061545,0.016710674650921797,0.005620223908068489,-0.02497631743941786,-0.004686182219266755
2022-08-26,-0.03368805871951874,-0.039366165036856526,-0.012193731109991557,0.005836585982710751,0.002080255529346653
2022-08-29,-0.006666355799502699,-0.01021602718740311,-5.7205196854925866e-05,0.042445784238815065,-0.014009988924553851
2022-08-30,-0.011028155571448206,-0.01119437247919608,-0.007658400135849175,-0.05535514512246875,0.02578426378902554
2022-08-31,-0.007817025105971265,-0.005633145372805681,-0.005817023194272686,-0.022806594847344708,
2022-09-01,0.0029962320243361873,-0.0026294673402982305,-0.009790234516156127,-0.03283084691473426,
2022-09-02,-0.010736500458081055,-0.013090185070848248,0.007780919895796323,0.0030019874656297407,-0.0001910505934481499
2022-09-05,,,,,0.007203850071011875
2022-09-06,,,,,-0.0005774531254664206
2022-09-07,0.018341016392734,0.02139386370549512,0.008698712243383477,-0.056859978915542286,-0.0017671004916441913
2022-09-08,0.006610721877456038,0.005955739945304739,-0.004398713648263164,0.019526463588589893,0.009892512965589573
2022-09-09,0.015271449816332883,0.02109062115923166,0.004883167452911508,0.03890351884585552,0.0019439347917691308
2022-09-12,0.0105842727693497,0.012722642617655877,0.006942034114013174,0.011406819372350219,0.005775695663245095
2022-09-13,-0.0432366134006168,-0.051591283487904094,-0.013328709351535628,-0.005354308808830588,0.007454201929980142
2022-09-14,0.0033870120853238816,0.007401801225843663,-0.004832915284810668,0.013400593643982717,-0.0036690976717561608
2022-09-15,-0.011317739184353415,-0.014276784041799329,-0.018606241420669578,-0.03820077706346103,-0.007017960667916379
2022-09-16,-0.007182134089448455,-0.008999023383428173,0.003696387641678456,0.00011753391785918055,-0.019384853148544656
2022-09-19,0.006857100716286535,0.007566047453750002,-0.0031482321521384415,0.007284722619384176,0.0052136885924867205
2022-09-20,-0.011272103097361819,-0.00953355356396024,-0.004230708969440555,-0.014930670227109921,0.011008809885230342
2022-09-21,-0.017116493600784488,-0.017930720522194132,0.0027526633074868023,-0.017880338204883328,-0.005495005437451739
2022-09-22,-0.00842758097968943,-0.01367007630896977,0.0032225485298165157,0.006631244347404364,-0.004997577656902563
2022-09-23,-0.017232619015461026,-0.017970841690997275,-0.015168639801515726,-0.0568930425384675,-0.017155677232420508
2022-09-26,-0.010340526208282075,-0.005981798511244696,-0.013409006704060977,-0.025781036758586673,-0.017951321762256445
2022-09-27,-0.0021203598092424114,0.002460453129081941,0.0017141708803494193,0.023334649157747966,-0.0005230508522044985
2022-09-28,0.019672139926234733,0.0205124565711714,0.020657651776555097,0.046496834724572,-0.00874917846539458
2022-09-29,-0.021126437880238824,-0.02842382603896354,-0.0008383379724925533,-0.01119900367446125,-0.0024023347691036756
2022-09-30,-0.015066695771983274,-0.015077019902302924,0.002037651003122365,-0.021420724132169333,0.01642575596626905
2022-10-03,0.025883894952576147,0.022675698224330354,0.017942583732057482,0.052082016617280624,-0.012109264448790458
2022-10-04,0.030583700679551518,0.03337643340857799,0.01674500587544059,0.034556970997991154,0.02291367093271912
2022-10-05,-0.002017948757084831,-0.002484743081567209,-0.005605288166353639,0.014332010416963303,
2022-10-06,-0.010245080846639998,-0.006756885189625583,0.0,0.007862292561714224,
2022-10-07,-0.028003617786773516,-0.038011145359464704,-0.0066829379786638166,0.04737142550562323,-0.0009895331040011834
2022-10-10,-0.00749246363390188,-0.010354547069698405,-0.019949743568795086,-0.016299677743728647,-0.00425364584114718
2022-10-11,-0.006519175777754405,-0.01099488564729767,0.006447020739565934,-0.019532523131181145,-0.014932383199930399
2022-10-12,-0.0032907731480149582,-0.0008719215684585002,-0.005041518386714072,-0.0232792598385676,0.008246145339619648
2022-10-13,0.02596564246086497,0.022275949155863284,-0.00029806259314457684,0.021084038479006306,-0.006380083772817624
2022-10-14,-0.02366266361565439,-0.030778111883558834,-0.01675609754677254,-0.0392772974528901,0.010070888003887335
2022-10-17,0.026480052302171098,0.0343374456659189,0.009157605289807247,-0.0017521495714224455,0.007337586960815656
2022-10-18,0.011427569666488724,0.009048557270162183,-0.004927855271559478,-0.03089163840311937,0.010117285874136073
2022-10-19,-0.0066720972934503076,-0.008530190270310656,-0.013045112344052145,0.03296309305714962,0.0014468379208691928
2022-10-20,-0.007950909706564868,-0.00614857561259452,0.0015910523399449428,0.005026303797039278,0.0029521745492440132
2022-10-21,0.02372481982226482,0.02306957866695325,0.011913489380673603,-0.010816472073338024,0.0007032337856462956
2022-10-24,0.011881976654619875,0.00855368530117695,-0.00132830596952771,-0.0055261752361972505,0.008787356376761757
2022-10-25,0.016266654579669915,0.022506941972041616,0.00235779243795764,0.008749087819218238,-0.004196122026705051
2022-10-26,-0.007387716072364547,-0.020370339850394603,0.006755097208609673,0.03035635228022948,
2022-10-27,-0.006082610618211248,-0.01625380286469269,-0.002156707219773235,0.013309044707156659,
2022-10-28,0.024626377895927698,0.028702839582782413,-0.012487948524672277,-0.013246523135616028,0.002810605244745412
2022-10-31,-0.00745440410765752,-0.010295007199019768,-0.002492763578874624,-0.015585924036402687,0.012672230395564199
2022-11-01,-0.004101230608784645,-0.00885506457328944,0.005485463684917979,0.02126434754700801,0.007395053222392978
2022-11-02,-0.02500198485734284,-0.03361076663591045,0.00018188084924886105,0.0184451420477183,-0.003447197631545107
2022-11-03,-0.010585992315429671,-0.01727912914020502,-0.011575742779356024,-0.020333353678385402,-0.0016673473084335422
2022-11-04,0.013618724670070526,0.012792258759678266,0.02802130755273846,0.05035729311118531,0.003570168155688336
2022-11-07,0.009613981920559844,0.008521947566883847,0.0023261508236032125,-0.008854332031313694,0.004727586225111935
2022-11-08,0.005597892802462701,0.004891908610668683,0.021124665278191124,-0.03137593664552174,
2022-11-09,-0.02077788695478977,-0.024776310600627016,-0.0013403547949446537,-0.034641791746627515,
2022-11-10,0.05543448436034493,0.07350217126661285,0.02334130894538844,0.0074565929860772595,-0.007093725904609771
2022-11-11,0.009240746788147902,0.018821023663351477,0.00895254244130883,0.028796089147890003,0.017833173247033374
2022-11-14,-0.008935777048800997,-0.011225527356838128,0.004238724933036897,-0.03473467142188813,-0.0011198455015547504
2022-11-15,0.008713116550319144,0.014486177803630484,-5.6264046690235325e-05,0.012227732488398813,0.004050924260950772
2022-11-16,-0.008252046497990273,-0.01538507569246772,-0.0005628095297833813,-0.015301447987488226,0.0003396111515991951
2022-11-17,-0.0030893228355314273,-0.0034604230432442318,-0.007208046219264297,-0.04615021751664128,-0.00357149639481924
2022-11-18,0.00475858190881473,9.866427325477822e-05,-0.004878034932465969,-0.019108250493097723,-0.00197613371355454
2022-11-21,-0.003883688698329779,-0.010905181685126442,-0.008435960226954475,-0.004370610216262061,-0.008067729540576885
2022-11-22,0.013579987927526016,0.013597011913617951,0.00017248150858595324,0.015301562021099446,0.00463933015368867
2022-11-23,0.0059146891478476515,0.009925370082103813,0.0032760222379988324,-0.03718338011501676,0.0012634580983039712
2022-11-24,,,,,0.011870949889830174
2022-11-25,,,,,0.0015500019600884762
2022-11-28,-0.015444192913123267,-0.01575402410255644,-0.0078106905198831456,0.012585200574664945,0.0027008413120686026
2022-11-29,-0.0015918653377758885,-0.005947755695959067,0.004654355776977592,0.012428781862032556,0.00297912654375021
2022-11-30,0.030947872397389053,0.04408497935210032,-0.0013726975409227293,0.030051230117962957,0.007535634625419174
2022-12-01,-0.0008676332180498347,0.0012600449348185716,0.03963341991516334,0.008317791974691735,0.002886735334004964
2022-12-02,-0.001194660488065602,-0.0018245404905873341,-0.0030850461307705412,-0.015267149041281347,-0.006187396179402005
2022-12-05,-0.017894212283564803,-0.019330765633861158,-0.015638774944528255,-0.03813457018932975,0.00026482378562620035
2022-12-06,-0.014399194981406072,-0.02002241761491763,0.0006175128028886867,-0.03483686851091139,-0.0031175136590962937
2022-12-07,-0.0018623708845491027,-0.005114880452569248,0.008752230347991441,-0.03016832139756942,-0.004411902750398933
2022-12-08,0.00752178195750397,0.011265194529635147,0.0019466073414904361,-0.007637870232489408,0.002631912360927746
2022-12-09,-0.007349578247904498,-0.006982483560052377,0.005106828294129784,-0.006157325035592631,-0.006058782405979346
2022-12-12,0.014279296218109305,0.012641973617082636,-0.01016176221346976,0.030273185405575553,2.977743269738653e-05
2022-12-13,0.0072896644387934195,0.010146443972977481,0.018523656903085106,0.030340320845399837,0.0059927938646799905
2022-12-14,-0.006052724634100337,-0.007632706348839391,-0.0037250335952478952,0.025069629990048137,0.002810661073194387
2022-12-15,-0.024921675023714007,-0.03225878925859804,-0.01699010456553851,-0.015139728098167993,-0.013150934355333654
2022-12-16,-0.011137750774080746,-0.009723863171244296,0.0069358440569895485,-0.02391275364904788,-0.00792295301794177
2022-12-19,-0.009007516001852345,-0.014887788556092962,-0.0013887346227137165,0.012114706081404858,0.008289956688926514
2022-12-20,0.0010373383615349674,0.00010241561013923928,0.015408618787651651,0.011969595255509224,-0.0019081205394395617
2022-12-21,0.014867993802734736,0.01538428633212896,0.0,0.028913190741490125,-0.01012771964355863
2022-12-22,-0.01445169956861636,-0.02177999242230466,-0.01648952294475803,-0.010218457560384864,-0.003942502735851727
2022-12-23,0.005868102525282026,0.0020752181276857407,0.004957334206925124,0.026713121072262203,-0.01768316025411787
2022-12-26,,,,,0.011669632893506865
2022-12-27,,,,,0.006533654614990558
2022-12-28,-0.012020638322615351,-0.013516595627798833,-0.004004128602692836,-0.007167103024935506,-0.0005405150382313817
2022-12-29,0.01746133164481911,0.025926983731464404,0.005617331698199779,-0.007092167744260691,0.00377983170092433
2022-12-30,-0.0025407424823445934,-0.0011079667356473921,0.00010950228470707479,0.02372449711927116,-0.00471107793689185
2023-01-02,,,,,0.005089583355357918
2023-01-03,,,,,0.00192892762485819
2023-01-04,0.007538970575044379,0.006910506579939524,0.006987717125107595,-0.05316526648980113,-0.010399069487028845
2023-01-05,-0.011645528874622113,-0.014678559857027706,-0.009897807646080059,0.01139486371202536,-0.0028154392892826285
2023-01-06,0.02284078102943865,0.02562286746180975,0.015810048881845784,0.0013573839637102125,-0.007375503705446151
2023-01-09,-0.0007676325452631305,0.00627860067395658,0.004332298158949532,0.011657864301019893,0.013536251708490266
2023-01-10,0.006978233159061986,0.010058575475722531,-0.0006923254842475801,0.0065657980865276855,-0.010333504750958511
2023-01-11,0.012849424614881588,0.01759718440686031,0.001278989828970234,0.030484569113404802,-0.0010299775022909463
2023-01-12,0.0034159058663651987,0.006351242581983385,0.010591316278399932,0.01265980727525462,-0.00209547554088918
2023-01-13,0.003996858363534361,0.007095704033847516,0.012060196837409443,0.018752407604907262,0.005510095918388247
2023-01-16,,,,,-0.003438847072569362
2023-01-17,,,,,0.008854568511824201
2023-01-18,-0.015562598500411085,-0.012446977232457357,-0.0015184168684181376,-0.008730318602867326,0.006206556323560042
2023-01-19,-0.007638350296294338,-0.009559198779177658,0.008862099850059035,0.010694494693261003,-0.003165367099256078
2023-01-20,0.018918401045981525,0.02655298556861485,0.00223500530341858,0.012199622870669558,-0.004428975305189153
2023-01-23,0.01188134498366522,0.020105191184978777,0.0002074600270678406,0.0038126330992063195,0.005042276095628795
2023-01-24,-0.0007115031258156934,-0.0026521944021373756,0.0035258990533064694,-0.018255396263466284,-1.3798013043020418e-05
2023-01-25,-0.0001817250594663422,-0.00184477523053872,0.003720135931100099,0.0002496477367603944,-0.01249297962501228
2023-01-26,0.011007853469181317,0.017594224748618492,-0.00648614009280879,0.010729888883082461,
2023-01-27,0.002494840970949097,0.009494085356936521,-0.00031086817924219634,-0.016417748376528762,
2023-01-30,-0.012968740984683369,-0.019609884551499812,-0.003368922938608354,-0.022339342024089492,0.0025334426073457816
2023-01-31,0.014642470285510134,0.016740690038561823,0.0034323030329923565,0.012451876786945704,0.0007479862801675896
2023-02-01,0.010452303944590291,0.02000686360023396,0.006893002761401812,-0.031190554061179654,-0.0025959245256645946
2023-02-02,0.014699373244309921,0.032539740784891746,-0.00617665209924112,-0.0069363484267731534,-0.0003349392530399564
2023-02-03,-0.010354610691310495,-0.015889924793735077,-0.028071303020260285,-0.03281494404188812,0.013835596307890219
2023-02-06,-0.006140463017754394,-0.009952568975146847,0.0015453609995690343,0.009810617613994488,-0.005010133160870178
2023-02-07,0.01287251059802652,0.019040234872172324,0.002819924888600722,0.04088515388399072,-0.0024261514654264627
2023-02-08,-0.011080724476164705,-0.01678009171011119,0.0031302537090966975,0.017241403183536397,0.008475536424681795
2023-02-09,-0.00882979617773516,-0.010154003174058679,-0.006452610930842484,-0.005224973311217407,0.0012170079483646568
2023-02-10,0.0021952617756952897,-0.006061281272442431,-0.0021293585307425866,0.021265740635763253,-0.0020649578680046465
2023-02-13,0.011448609342766147,0.014820629942192687,-0.0058682315284075415,0.005268416489138783,-0.00479375070002519
2023-02-14,-0.0002804145319874607,0.005748533344260842,0.0010195999002213796,-0.013476439222361525,0.0089443537049958
2023-02-15,0.002773175690496066,0.009233951875017299,-0.010775155635720068,-0.005944867634922413,0.004796470794436125
2023-02-16,-0.013788741489130674,-0.01779198600938292,0.003522462379019542,-0.001272407160971989,0.0011101336008929596
2023-02-17,-0.002767405825327751,-0.005782855053017344,-0.0008640769057450814,-0.02739204464765732,-0.005081567689351307
2023-02-20,,,,,-0.005550518480140765
2023-02-21,,,,,-0.001003126492992057
2023-02-22,-0.0015735561458868341,0.0012852525659377,-0.0005427408412482793,-0.029017943902314935,-0.015280363131582653
2023-02-23,0.005329429416074394,0.007241641517952591,-0.00798259634638876,0.01947265045073787,-0.002452434977984641
2023-02-24,-0.010537551485558128,-0.016863952439089114,-0.0053098713504032835,0.01233585770931156,-0.002595429723749043
2023-02-27,0.0030730045671669703,0.006322107562301227,0.0042925809988028085,-0.008385736271063426,-0.004185411445805309
2023-02-28,-0.0030360018281855305,-0.000997684588255665,0.006466067510520812,0.01810257321693398,-0.0051027157362857345
2023-03-01,-0.004725264845680033,-0.00663954471401107,0.004736796141708632,0.008306286363396032,0.008492348770636093
2023-03-02,0.0075821940867943916,0.007337769086146251,-0.002655264088672782,0.006049700166473881,-0.007392168719804415
2023-03-03,0.0161477371607488,0.019718196108873487,0.007660948430283865,0.019447243754458388,0.015728598629827895
2023-03-06,0.0006871667698291617,-0.0011352143180701768,0.0,0.009789141268944146,0.006655523618366965
2023-03-07,-0.015326919115337678,-0.012454041742200883,-0.01865630111151373,-0.03579414971648631,
2023-03-08,0.0014147940136839399,0.003960851212893246,-0.0007692441835509545,-0.011858702593856352,
2023-03-09,-0.01845935787384867,-0.02052957762828267,0.00879797658352266,-0.012261967081940828,-0.009282249899975281
2023-03-10,-0.01447813845705137,-0.017591622044585642,0.017769527973271693,0.012678276135713817,-0.010045664635585094
2023-03-13,-0.001509761003189447,0.0044843065053172815,0.02640319736361585,-0.02451743930537087,-0.014851035931626178
2023-03-14,0.016476655480623936,0.0213883253506999,-0.002921980477922026,-0.046390388758434375,-0.006470680525861194
2023-03-15,-0.00698088356543769,0.0005162177483539754,0.010675610525630486,-0.052151985492920105,-0.004174683738684903
2023-03-16,0.017562006217166637,0.024770791940567527,-0.004297648536363496,0.01094509476540706,0.0007924286811309411
2023-03-17,-0.011019457310067593,-0.00740534542040483,0.026261050442017764,-0.02355523988725683,0.006738129621978839
2023-03-20,0.008918403718310097,0.0038717368666496554,0.00471246456960972,0.013485189611722737,-0.0065292432199922645
2023-03-21,0.012982193897784988,0.015808289114035645,-0.021030901863671736,0.024985252168185035,0.007010642946744028
2023-03-22,-0.01646322377571363,-0.016032767401691905,0.0043789604383639436,0.022645314486649415,0.0025953757489405316
2023-03-23,0.0029845287333754023,0.0100634818011891,0.0237484865654094,-0.013258144163271202,-0.004372693304643627
2023-03-24,0.005639807253104534,0.0031015804249405754,-0.006062415671090338,-0.010005674062359304,-0.007720933328590696
2023-03-27,0.0016469543057482383,-0.0046617307035543565,-0.015122491814495986,0.051256068623570794,0.0023988383407489433
2023-03-28,-0.0015738434957162095,-0.004483004809774704,0.010082890101108744,0.005356398883746616,-0.002001683861354908
2023-03-29,0.014237268879836451,0.017937753484835728,-0.003344299764853065,-0.003142018266772406,0.007609856589321451
2023-03-30,0.005715269388667954,0.007314081426607499,0.006812763357433083,0.019185987425770934,
2023-03-31,0.014436542471763847,0.017350560198826193,-0.005706230646619459,0.01748010453614013,
2023-04-03,0.0036988464765423945,-0.0026558827975756705,0.015947193709529017,0.0627725666042025,0.002206297973761151
2023-04-04,-0.005796972083329965,-0.00517825793420712,0.018896183911457642,0.003606079608682755,
2023-04-05,-0.002492370531228194,-0.010676744384193637,-0.001275623416850169,-0.001238984949267996,
2023-04-06,0.0035791630944272956,0.007593620889580155,-0.004519528041960541,0.0011164413498225834,0.002397874785437182
2023-04-10,0.0009963029974375814,-0.00029778468712937656,-0.011152771078589141,-0.011895899885700834,0.0014148632219350699
2023-04-11,-4.1352477946232646e-05,-0.004342842088717935,0.007585562831363468,0.022447967939319913,0.005574768321964241
2023-04-12,-0.004134884052006904,-0.008522362262689986,0.002922250824201278,0.02121922461469361,0.005083967961446945
2023-04-13,0.01326268999363811,0.019861089599533255,0.015013098941938807,-0.013211607565434269,0.0008757724412713497
2023-04-14,-0.0020693734728036706,-0.003517906995037845,-0.01921860509978668,0.004381608628421407,
2023-04-17,0.00330615690296554,0.0028250988184479464,-0.004365536568590178,-0.020479821628224926,
2023-04-18,0.0008552202959737354,-0.00035447192478732514,0.0063278281872820585,0.00037113421523327084,-0.0026373533282438855
2023-04-19,-8.42619976980652e-05,0.00031434078590986125,-0.006139477468697918,-0.021023954185137028,-0.002344283016240789
2023-04-20,-0.00595254815297297,-0.008033976051417424,0.005878506685984108,-0.023623075544109917,0.0003234746363958152
2023-04-21,0.0009031888869577287,0.001069723197583139,-0.014164714938217804,0.007504228544240599,-2.260708945023282e-05
2023-04-24,0.0008515791660903549,-0.0029206777855622645,0.004672217446935356,0.011429297011133155,0.006771973756565242
2023-04-25,-0.015810858882773227,-0.01977536596551721,0.0023502105496142622,-0.021457623102689505,0.0014568576938982503
2023-04-26,-0.003841187197329843,0.00467740520462101,-0.004240458967323502,-0.035941308603020916,0.0024958627615121465
2023-04-27,0.01956614972249704,0.02428565332444066,0.0015030060120240218,0.006191104516539703,0.005695152810193838
2023-04-28,0.008253202753460531,0.0069459870766872545,5.001279936833747e-05,0.027019751007838266,0.008370013603697934
2023-05-01,-0.0003861064902076494,-0.0011434488352971561,-0.003451565453618688,-0.014587068702708761,
2023-05-02,-0.011586262936400304,-0.010815866234458515,0.015610931843440756,-0.05286809154627636,
2023-05-03,-0.006998305064656485,-0.004567662174075893,0.006771092196538042,-0.04270171687984825,-0.00318502836487633
2023-05-04,-0.007218732334382416,-0.004900463198694083,0.009180142941519476,-0.0005831037378584147,0.009173717607303677
2023-05-05,0.018474751389515376,0.02248042492676028,-0.01503132902549087,0.04054840837648799,-0.010232406865540389
2023-05-08,0.0004521286642489297,0.0017579930178321934,0.004148509552146518,0.025511738402656636,0.010814123118324304
2023-05-09,-0.004579421277258522,-0.006312362133444105,0.004770840780611296,0.007517706326306994,8.480038171931881e-05
2023-05-10,0.004483965263404999,0.010418334588292,-0.0028391251450441413,-0.015601703163243719,0.0026908205008338015
2023-05-11,-0.0016966239932159066,0.0017933159522116604,-0.008148827148830806,-0.023290998744135982,-0.0009882342854272697
2023-05-12,-0.0015833068345566526,-0.0035502694228333187,-0.0003464247324300729,-0.011711609974429105,0.0009728797753729701
2023-05-15,0.0029581644391338813,0.0065503807998585906,0.001435737337184717,0.015276980023382736,0.004589120522186851
2023-05-16,-0.006377683373153031,-0.0017921374825017322,-0.014683320259471944,-0.0035156799023231544,-0.006106338807060685
2023-05-17,0.011890829058788244,0.01276187897683756,-0.004064212536847744,0.02780131532224872,-0.005728269488420423
2023-05-18,0.009445048649426635,0.015060875347562286,-0.012645460868159875,-0.01331870378025335,-0.002849053652701161
2023-05-19,-0.0014458676054706077,-0.0024383200911972658,0.011123546389769645,-0.004313909768449031,0.0040513721791914925
2023-05-22,0.0001550346964389604,0.004967639250745837,-0.0022204402847558757,0.006149473001328065,0.006097761825706316
2023-05-23,-0.011222026747550129,-0.012619530405120427,-0.0013655428072789633,0.01277963363856216,0.001834600568861644
2023-05-24,-0.007318600335353365,-0.0060579879978504,-0.005013939941282741,0.01961312033953999,-0.0034117947119577385
2023-05-25,0.008757581265902425,0.017136089638588814,-0.010638310431531406,-0.033763715771890745,0.001955111686716471
2023-05-26,0.01304908677799732,0.021861601969538347,0.0003087398628003335,0.011694226875648805,0.009726420827874671
2023-05-29,,,,,0.005367798508963517
2023-05-30,,,,,0.0018925684396833287
2023-05-31,-0.006108624209833935,-0.00630997442731529,0.0030132913248530624,-0.019723621719544338,-0.0053370195013254795
2023-06-01,0.009854453563032717,0.012809177775460867,0.01609041967162539,0.02951978622903728,-0.0025169624936233204
2023-06-02,0.014534424705965554,0.010670122196841714,-0.012979215441775382,0.023395141588396395,0.002507044360454902
2023-06-05,-0.0020035816359177394,-0.0008564338895286072,0.0023863085400321893,0.005715133458575661,0.003223787573137793
2023-06-06,0.0023538963079141606,0.003551947097114816,0.003646837356940047,-0.00568265631931153,0.00027699431442118616
2023-06-07,-0.0038120096998572883,-0.012919110141085155,-0.011657822652504368,0.01101200082313225,0.006849851638528914
2023-06-08,0.0061886426142414575,0.01019612027883765,0.01031451742241396,-0.017096344748918968,-0.0049048192636628185
2023-06-09,0.001148059539441082,0.0015575848295441563,-0.0007075833575949098,-0.015710516653087758,-0.00381819725413457
2023-06-12,0.009321148810237156,0.015293622272195995,-0.003793243063532792,-0.04346580450265847,0.0020524046550352004
2023-06-13,0.006932489951473775,0.008275223093845652,-0.00563536369046147,0.03426691490235978,0.0061635024393194016
2023-06-14,0.0008194255259321714,0.003916518215594023,0.005258883363890465,-0.016565853589914914,0.0021238341844009856
2023-06-15,0.01217813742034668,0.011473237282990212,0.0009141788488464808,0.034422238451278675,-0.0036149041015322014
2023-06-16,-0.0036716195284263176,-0.006765668991231766,0.0002537169596532607,0.01642588484281804,0.0073790483520230765
2023-06-19,,,,,-0.0037475183921172883
2023-06-20,,,,,0.003265717567498605
2023-06-21,-0.005245281583003636,-0.0120791937010305,-0.0014375554900680765,0.028794308926196832,0.0021337637466720683
2023-06-22,0.003710798414438443,0.009510313459474506,-0.01090034087925651,-0.04163789733756951,-0.004539443817404343
2023-06-23,-0.007658808766684566,-0.010130934474014253,0.003067019059010745,-0.0050352246204099504,-0.005633615236065759
2023-06-26,-0.004486838293256468,-0.011616752338173497,0.0021766549001496216,0.0030364238483653327,0.0013768299134766515
2023-06-27,0.011455854954693034,0.01648869761865246,-0.005171165450150839,-0.024073889753768674,0.00675190341711196
2023-06-28,-0.00035407668843834283,0.002661622651845219,-0.0008317380266336105,0.027474160918700807,0.00822107281232487
2023-06-29,0.004473544672805918,-3.0895350120463405e-05,-0.002236982034668711,0.004312867485440908,
2023-06-30,0.012269004495714109,0.014464356514040322,0.005996141536894539,0.011165169946782072,
2023-07-03,0.0011706778016009611,0.0020923830090737727,5.181692996392151e-05,-0.012032821085296463,0.00695709243369369
2023-07-04,,,,,0.003438946519135566
2023-07-05,,,,,0.0004899685388621844
2023-07-06,-0.007922511336500904,-0.008165110655578123,-0.0060712735821177866,0.00013932492133883478,0.00509321758125636
2023-07-07,-0.0028651005386203243,-0.0013392981121250758,0.008927626275440081,0.028690772577109502,-0.00848835445771845
2023-07-10,0.002405026057131332,0.0018125503401811294,-0.0007761966364812078,-0.011779078518719954,0.0012466303397029588
2023-07-11,0.0067422110558885695,0.005496316094583564,0.003158972338652033,0.025208987822131323,0.004313930032438185
2023-07-12,0.007411233485312474,0.01150085121968658,0.012699383560983657,0.012294509507328577,-0.002834429471475497
2023-07-13,0.008470153458069118,0.015777784559968477,0.0010705498845506867,0.015049496893048575,0.0015192303855748879
2023-07-14,-0.0010244071333035398,-0.0017590263115579985,0.00030551765506658946,-0.019118236862686544,0.007765114931427508
2023-07-17,0.0038553825145495324,0.009299474849521872,-0.004072490277221563,-0.016838990637755513,0.007511013251041421
2023-07-18,0.007117275205842377,0.007630033916212975,0.01247189946308147,0.021577861647955388,0.001917706853032497
2023-07-19,0.002357910335732072,0.0003051409203362887,0.0,-0.005280548196421209,0.004248282371482448
2023-07-20,-0.006756896218903741,-0.02052580861142228,-0.004997992816043961,0.0037159759119709257,0.007361412439498949
2023-07-21,0.0003240945218980773,-0.0021687640343482917,-0.0021817691282456364,0.019040096439262744,-0.011719737128305097
2023-07-24,0.004034153877153557,0.0018571154083166785,-0.002237376420566317,0.021668589276735872,-0.0036794322929856182
2023-07-25,0.002814673351556163,0.006095045505843499,0.0007644480875172999,0.011303015161217678,0.0004193703428323481
2023-07-26,-0.00015543889679858758,-0.0012216214148701443,0.0032591661522642923,-0.010674350162489965,0.004964339187534694
2023-07-27,-0.006424666064487883,-0.005462475464587224,-0.012385170659578004,0.016628555202999218,-0.0059863783008722304
2023-07-28,0.009877842794752345,0.018971367342880407,0.007555159382788501,0.006118185985385605,-0.0007044597937843067
2023-07-31,0.0014687129405193122,0.0020507139709664557,0.005151997276145792,0.015140248113433952,0.005484562836559181
2023-08-01,-0.002665087639215691,-0.004329380345865719,0.004212153680855035,-0.005256727251021109,-0.0010251191770254131
2023-08-02,-0.013839541336347905,-0.02173494215109273,-0.0019203803994120028,-0.023104397435840918,-0.010489749274959825
2023-08-03,-0.0025479738404268204,-0.0009826112061147585,-0.0031392157832278444,0.02591527542268568,-0.007420685416911321
2023-08-04,-0.005300074155050516,-0.0036160820687143325,0.0037078050471186508,0.015573226186887723,0.006983389270114548
2023-08-07,0.00902409277936278,0.006122559882137724,-0.0030868759988362804,-0.010625419665063918,0.004114401867602702
2023-08-08,-0.004218283044793103,-0.007866008907301492,-0.005126891160374347,0.011959918212595122,-0.0013497354646058168
2023-08-09,-0.007038730380597102,-0.011689501365355404,-0.004745164912636546,0.01784856958050285,0.003152707884763739
2023-08-10,0.00025071394456976925,0.0011638740994814878,-0.0008715016882762106,-0.0187204005034316,-0.004556268458015711
2023-08-11,-0.0010696923700230787,-0.006779785355134793,-0.0011801779461810824,0.004467553102456279,-0.005874136161590715
2023-08-14,0.005750475751703066,0.010515357285537208,-0.0013356496550631647,-0.008174062810669236,0.00032169565781225984
2023-08-15,-0.011550909428841738,-0.011406767356623049,-0.00452677408854163,-0.018422060757570802,
2023-08-16,-0.007555395210577687,-0.011475265963829862,-0.0035654725701970147,-0.019879005467560162,
2023-08-17,-0.007712913029036983,-0.011703489942506917,-0.0067935991933471,0.012723635313391046,-0.005124582584125403
2023-08-18,-0.00014870682600087726,-0.001963621846486574,0.0006788057964024485,0.010697855664647538,-0.0028452826260957353
2023-08-21,0.006879188518795987,0.015560378401998198,0.0033915992695017216,-0.006523061899038507,0.0043215209131937105
2023-08-22,-0.002777466728829614,0.0006134631095886522,0.0015600624024960652,-0.0045837802401709205,0.00014693555773015454
2023-08-23,0.011044879965972587,0.015930862238648924,0.011474545994775376,-0.018170492995627008,0.0024515199000461063
2023-08-24,-0.013457974663146133,-0.018734784615455746,-0.000513320677856477,0.00202818688486861,-0.002946964680621278
2023-08-25,0.006717966037625089,0.00940886429747212,-0.0036977819640248155,0.009867156852431336,-0.006236153774081932
2023-08-28,0.006264619755036449,0.008423400565617412,0.003556896915936081,0.003382145019084515,0.002089194238900971
2023-08-29,0.01450830719454621,0.017411719907285406,0.009400003235477516,0.013233523198265207,0.0018957584743610756
2023-08-30,0.003833182103508026,0.005418180315595267,0.004020164119999725,0.0057909508391018605,0.0002480956863764039
2023-08-31,-0.0015969365120942491,0.001117041903629934,-0.003598568467277019,0.024500797100250438,-0.004840350603388277
2023-09-01,0.0017991292600010311,-0.00022516302575414926,0.0006103826018479808,0.02295833865116359,0.009426710188917609
2023-09-04,,,,,0.004810833701642592
2023-09-05,,,,,0.0023605960187407238
2023-09-06,-0.006971599351452862,-0.010589900590306622,-0.004301968923021038,0.009805034608178831,0.0018467726478093027
2023-09-07,-0.0032112659361860363,-0.008912590971509537,-0.0008743705455039885,-0.007653623051613101,0.005915032360780392
2023-09-08,0.0014266227216406246,0.000923729163887721,0.00010293496621627263,0.007367323234873657,0.004709190366575022
2023-09-11,0.006723453106275201,0.011362063076793438,0.0023163638817644827,-0.0025140122881112115,0.008900143420050854
2023-09-12,-0.005695885604828921,-0.010366463632020317,-0.006214038562734947,0.017756849651809015,-0.0001575482868895195
2023-09-13,0.0012416323054647016,0.0029026153032538637,-0.0013435872144796912,-0.0036019778029610094,0.003841345269944396
2023-09-14,0.00842991886716793,0.008141255257291702,0.0001552645941138575,0.018526966575200587,0.001649208239910216
2023-09-15,-0.012159612938677844,-0.015633990228098638,0.0069328963189310144,0.006765671652400274,0.004439613877174287
2023-09-18,0.0007212876971294246,0.0001393427382558876,0.00369955473375283,0.007822041865432006,-0.002924316846098174
2023-09-19,-0.002151010615372817,-0.0023376544932555143,0.0001535408795247939,-0.003060848255534876,
2023-09-20,-0.0093947947580596,-0.0152842254938379,0.0068587934426802555,-0.010087699558448904,
2023-09-21,-0.01640093410321941,-0.01820083525776428,-0.013979970688479448,-0.007199839772571659,-0.007991939166498319
2023-09-22,-0.002295598477193961,-0.0009203657299904355,0.003093421362921678,0.004462808637023086,-0.003449417659114995
2023-09-25,0.0040230650909416354,0.00450435966933882,-0.004625822426467474,-0.003887576128697834,1.5288066889551644e-05
2023-09-26,-0.014734533990868215,-0.01565103968908521,-0.008674959707530405,0.007917028122843117,-0.0005007261720755274
2023-09-27,0.00022931406074522265,0.0022382218257912534,-0.015053663756131042,0.03639784199295071,0.002631619198663282
2023-09-28,0.005893173970516585,0.008281670323690316,-0.006504864704275803,-0.021029047974867265,-0.009783629666773708
2023-09-29,-0.002709582086142026,0.0013665370849522684,-0.0066538912820443,-0.01003160154977123,0.005877516917168757
2023-10-02,7.936755559079245e-05,0.006690905179622897,-0.010128087809511799,-0.02169843816320749,
2023-10-03,-0.013744071674259506,-0.018658258553729046,-0.003085725055513855,0.0046161187065763,
2023-10-04,0.008109754957160709,0.013518162893201069,-0.0036383117957506927,-0.056147057578712634,-0.004744307271330683
2023-10-05,-0.001304030159777203,-0.0012223991812109203,-0.0016350555483776175,-0.02267874180034868,0.005641584105285702
2023-10-06,0.011814893014644445,0.015999431488532334,0.0073151555773363075,0.0058316531547932815,0.0055127073660514725
2023-10-09,0.00630385429964031,0.00393857881941817,0.010351234642142604,0.04336268025354406,-0.00718194675884698
2023-10-10,0.005207990781392224,0.0058289980012835585,0.005900337773908415,-0.00474642331270303,0.00909680297624016
2023-10-11,0.00429300817103373,0.007140086063511575,0.006398975997200518,-0.028847310942416993,0.006170692128707245
2023-10-12,-0.00624643434611849,-0.006256366393108337,-0.002278412926866036,-0.006946870481498002,-0.0008757409120068171
2023-10-13,-0.005018858888767519,-0.012301941561011387,0.031067445565586826,0.05765285934345443,-0.0021698099802970328
2023-10-16,0.01059436938392988,0.011989799114342059,-0.003708447680594862,-0.01174590889064131,-0.0009772027556287366
2023-10-17,-9.824505308242415e-05,-0.002522886057275797,0.0007237255381336016,0.0,0.004041709427698992
2023-10-18,-0.013399820506516447,-0.01621503244204303,0.016841503579371198,0.019155273050613264,-0.007086812741337156
2023-10-19,-0.008482848196321058,-0.009622745399077814,0.006198217176867082,0.01188862155101833,-0.0023588102112444
2023-10-20,-0.012585283719027562,-0.01534713783548236,0.007018442016694104,-0.006937481565711834,-0.004180896084593599
2023-10-23,-0.0016855698941634634,0.002658734913320915,-0.0033092536628285263,-0.03673241843639963,-0.013350307425555652
2023-10-24,0.007265792222727274,0.009336069859430474,-0.0008552536474631944,-0.020470230947819967,
2023-10-25,-0.014339628627712542,-0.02425064995187376,0.004430818657821689,0.01970386395952839,
2023-10-26,-0.011832519778109618,-0.01759656099899698,0.0012531956335677386,-0.025529925292868128,-0.013853064912347501
2023-10-27,-0.004800280229768528,0.0037631692898962843,0.0005507037010576976,0.028001464447672042,0.010075700327460302
2023-10-30,0.012010022325859904,0.011585113500682365,0.0035526522821802686,-0.037760151068075065,0.004916740769664862
2023-10-31,0.006474957307233353,0.004828950306144497,-0.005634187722061035,-0.01567246936933797,-0.0032026069828995363
2023-11-01,0.010505999486313922,0.016358692885156012,-0.003409742095789814,-0.0071586549702701285,-0.004740624572936891
2023-11-02,0.01885855702012762,0.017817344295621318,0.0030188679245282124,0.025111842140206342,0.007588523257266999
2023-11-03,0.009393730253031363,0.013847390311102048,0.0028592682076122866,-0.023647792504152165,0.005087980838331285
2023-11-06,0.0017529924220356374,0.0030048343837911773,-0.005302108765921298,0.0038504229334039852,0.00941990339899168
2023-11-07,0.0028401189192852616,0.008956435098135707,-0.007593269521934953,-0.042687416001848,-0.000260191958478706
2023-11-08,0.0010049156221052513,0.0007734540102011245,-0.007955384429630064,-0.026366819737737024,0.0018962926582819506
2023-11-09,-0.008083839306732843,-0.00944733231172945,0.006129328685624769,0.005442665906664423,-0.002478937369815082
2023-11-10,0.015616441094852496,0.020460834618605483,-0.01629611983985224,0.01888038480998988,0.001549283945833313
2023-11-13,-0.0008358389332403515,-0.0022010345194884984,0.006450947161577014,0.014124711586734229,0.0009369804014345284
2023-11-14,0.019075017703661823,0.02372500082634854,0.0083581423629564,0.0,
2023-11-15,0.0015970120755575135,0.0006711867436635099,-0.0011187140462115552,-0.020444651551834947,
2023-11-16,0.0011904273935798848,0.0006969788535535759,0.011709005461625566,-0.049047768805272285,0.004561522280999375
2023-11-17,0.0012820490603360213,0.0008368161463585544,-0.0013083568622580533,0.04101505900117308,-0.0016897597201204206
2023-11-20,0.007390278097329839,0.011259780156814392,-0.0022169105920277765,0.022532601109836126,-0.0019157289123818977
2023-11-21,-0.0020209310950652926,-0.005918976898016903,0.01075590881816968,0.0021906980964954137,0.0045394734754240496
2023-11-22,0.00406112922094648,0.004639434748342275,-0.004396446275553245,-0.008615124056393308,0.0014380348265852216
2023-11-23,,,0.00025090324555843146,,-0.0004971574875239915
2023-11-24,,,0.004866277496746063,,-0.00036868908443588033
2023-11-27,-0.001954157460090089,-0.0006897889174645178,0.004692972747909474,-0.009001857253565504,
2023-11-28,0.0009801185306033133,0.0028607666948001764,0.013714954905138077,0.02070535718835509,
2023-11-29,-0.0009462486392383118,-0.001629318209511399,0.0034803801891849506,0.018976532898155263,0.010402389113554511
2023-11-30,0.0037840728581564065,-0.002263248582567323,-0.004396463341964529,-0.02440279361655051,0.0018187545137213768
2023-12-01,0.005873742123607695,0.005539809477836721,0.02531768618028818,-0.024881508852397816,0.0066929416105065975
2023-12-04,-0.005408509126972105,-0.00835650374571173,-0.02273053601468611,-0.013905748393959416,0.020668169003769332
2023-12-05,-0.0005688697261614362,0.0031313631845699685,-0.002888993479979507,-0.009857628856492329,0.008135565760247543
2023-12-06,-0.003906202808869552,-0.00584685317046485,0.005696594464363436,-0.04065268879718564,0.003960643244200535
2023-12-07,0.007968189065892917,0.013662559985409661,-0.0007324576308012087,-0.0005765482431663305,-0.0017455990623970186
2023-12-08,0.00409549786994079,0.004461613372241491,-0.015588362017927682,0.027257097185772183,0.003265370504707432
2023-12-11,0.003924494286698943,0.001980044970512962,-0.010325166953648601,0.0012634610929280754,0.001320935183362959
2023-12-12,0.00459935752021523,0.006991874209597793,-0.00025078999460581564,-0.03799774391571298,-0.004319607014175553
2023-12-13,0.013650676351045998,0.013799906761109648,0.0020570428239472527,0.012534624729646282,0.0009542158562574343
2023-12-14,0.0026470624846992585,0.001873196984936376,0.02383216062797655,0.030372831053337546,0.012250087289956912
2023-12-15,-7.62494933082003e-05,0.0035470745020602656,-0.004499033269278585,-0.002095578681779675,0.012932779200891975
2023-12-18,0.004528344366900416,0.00613542188136762,0.002357935326059213,0.014559721560745809,-0.0017710126840955187
2023-12-19,0.005866407818910568,0.00660257722755575,0.005684929015559836,0.013384865521790745,0.0016083748565725031
2023-12-20,-0.014684266911006771,-0.015015396760213684,-0.0021442163028014827,0.010620898057828843,-0.01412146609423337
2023-12-21,0.010301467821202559,0.012581569697390549,0.0017581177624141908,-0.004446265502925373,0.004959794076523361
2023-12-22,0.0016600585268868873,0.00194465797598542,0.008677447669488414,-0.004466123071871553,0.004438926556610712
2023-12-26,0.0042316894655107795,0.005442589922190821,0.0003382877284032748,0.027324662900232166,0.004306875934107168
2023-12-27,0.0014304577464787638,0.00163250921849456,0.0112571496175764,-0.019319823876784437,0.0099527499207277
2023-12-28,0.0003701746080437829,-0.00026756679144923634,-0.004586544937339454,-0.0315747395495003,0.005723881307796219
2023-12-29,-0.0028264750133749628,-0.005550795886222426,-0.00561552732031434,-0.0016719398467338609,-0.0021717930740454694
2024-01-01,,,,,0.00048317180721269004
2024-01-02,,,,,-0.003500136051024061
2024-01-03,-0.008016314922730805,-0.011765621673558213,-0.014758297943891718,0.03296390715206443,-0.00685186637566948
2024-01-04,-0.0034283812973570083,-0.005613279720430908,0.0035245501271674584,-0.007015055409136051,0.006564470186349425
2024-01-05,0.0018256861788026324,0.0009490160780862844,-9.753715701221743e-05,0.022440712874367774,0.002410182228605562
2024-01-08,0.014114629309846638,0.022011682116056308,-0.00795201894811337,-0.041186844818875024,-0.00911070868564301
2024-01-09,-0.0014779006799081618,0.0009391435011270044,-0.0002458814851241664,0.020771531587279624,0.0014804820050666745
2024-01-10,0.00566597189372442,0.007534164415768263,-0.0025577723422897103,-0.012043122133366335,0.0034277152411805734
2024-01-11,-0.0006710555783868699,3.6075596183460235e-05,-0.004241097469752986,0.009107382254031071,0.0013183031833516878
2024-01-12,0.0007509755941104146,0.0001716301438894341,0.01604603172933472,0.009164172353136602,0.011426492637705898
2024-01-15,,,,,0.009267074694848665
2024-01-16,,,,,-0.0029482333845447517
2024-01-17,-0.005616897183990499,-0.005937327117390034,-0.01167370295629988,0.0022098899080500445,-0.020894393512082443
2024-01-18,0.008805260963896,0.013464956148553586,0.0075255298210501476,0.02094824040248211,-0.0050852715087356115
2024-01-19,0.012313502764936146,0.016958373056834786,0.003808900541738547,-0.009044251517073332,0.00746195718645537
2024-01-22,0.0021943252026270788,0.0032212402859392864,-0.0034987914479922555,0.02424735990328819,
2024-01-23,0.002921374261968035,0.004274033267473776,0.0017802876783592492,-0.01090570113311573,
2024-01-24,0.0008119284117831249,0.0036289192508331958,-0.00483761901071833,0.009681236583545472,0.010129971071150878
2024-01-25,0.005260365527706368,0.0018460293212483325,0.0008928813631572385,0.030230448570623958,-0.004724053755400193
2024-01-26,-0.0006517852510764532,-0.0035549884554011424,-0.000247794621816122,0.008402294735658566,
2024-01-29,0.007556774896180896,0.011172802417547256,0.004015255732850775,-0.01576725193245876,
2024-01-30,-0.0006006499345398986,-0.007559466711257956,0.003011738675031461,0.013545206200338944,-0.009913698102483215
2024-01-31,-0.016105744611597972,-0.022301279588428202,0.008318928055008667,-0.025314844878290943,0.009460025419002926
2024-02-01,0.012493688211609788,0.013032824817912125,0.011081915834172174,-0.02676333315932078,-0.0013003033741542103
2024-02-02,0.01068444607751462,0.01740117285606213,-0.008401402956846882,-0.020861567622511346,0.007205988175093214
2024-02-05,-0.0031863375266721894,-0.002000806671063504,-0.0052587656496022595,0.0069175430055929965,-0.0037568550808078083
2024-02-06,0.0023104108269635937,0.0007257690071089673,0.0041606920691703575,0.007282203739850113,0.007243402101531293
2024-02-07,0.008241457963390042,0.009458623130085275,0.00014626540041362546,0.007502429001149835,5.014315737827957e-05
2024-02-08,0.0005705832608251526,0.0023526788279171207,-0.0018520869757988612,0.031952350268743546,-0.009692017110872975
2024-02-09,0.0057423415255595245,0.012470166654928727,-0.004492442566779942,0.008134283747808446,0.0029722318898448563
2024-02-12,-0.0009489536011326738,-0.0030086532446064185,-0.0027958754639684225,0.0010411482934342686,-0.0076414194307357075
2024-02-13,-0.013674255653625456,-0.01799901514048463,-0.01269062903498519,0.012350553825419386,0.005884480011507653
2024-02-14,0.009579763275017639,0.013001787624161487,-0.0014447501067629265,-0.015795599249386005,0.004451992284961959
2024-02-15,0.005821250684729495,0.0029648203145733465,0.005288617137007456,0.018136735395592574,0.0032371361888359207
2024-02-16,-0.0048034698371121065,-0.008205591408306456,0.004565959134647413,0.014866124314449669,0.005930843022260657
2024-02-19,,,,,0.0037000088082788096
2024-02-20,,,,,0.0033766555730090353
2024-02-21,0.001264199922982101,-0.003193068764124063,-0.0026963427141595275,-0.003453525735641727,-0.006392700010330099
2024-02-22,0.02112288421741404,0.029571519211352593,-0.001769698456392299,0.008984686373241901,0.0073633218581414805
2024-02-23,0.0003479475462115911,-0.002792723201286873,0.009208623440938979,-0.02696861379114235,-0.0002137959201901074
2024-02-26,-0.003786751350190576,-0.0012859000787753816,-0.005123391446286041,0.014250281052778702,-0.004080928508836235
2024-02-27,0.0017063496993998672,0.003696099190204194,0.002550370841929439,0.016628008315036746,0.003448994348646428
2024-02-28,-0.001658155060430544,-0.005460426146002173,-0.0006849099509729228,-0.0041841234888125856,-0.011135927809948543
2024-02-29,0.005229094697149161,0.009040759717745095,0.005874577905147449,-0.003565046804596128,0.0014418556686905948
2024-03-01,0.00800782894888763,0.011373441373127013,0.01995425170308507,0.02185023048550372,0.016192168700068565
2024-03-04,-0.0011932620709189656,-0.004143220330287578,0.014601373464335321,-0.01538080953055132,0.0029925402887358565
2024-03-05,-0.010193100883444606,-0.016530603760192664,0.007336619083568419,-0.007492968680433476,-0.00220029050703785
2024-03-06,0.005141103203274655,0.005768667588931464,0.007610088973013518,0.012539932289246991,0.005266971542034149
2024-03-07,0.010304127925951478,0.015085253391797115,0.0032434436837973646,-0.002527447936105487,0.0008676673462120199
2024-03-08,-0.0065285190034379825,-0.011569172022392493,0.009375600076629409,-0.011655874387282661,
2024-03-11,-0.001122238087346461,-0.004093277501581061,0.0014184844000229013,-0.0010255329940253022,
2024-03-12,0.011201787981366396,0.015379609957051343,-0.010280544181687223,-0.0047478858608122065,0.0001365188668460693
2024-03-13,-0.0019245297153407392,-0.00540219254125307,0.006786367438781138,0.027849455003883472,-0.015132725270416536
2024-03-14,-0.0028710915621273925,-0.0030436369931828855,-0.006098701637168413,0.019317622829230663,0.006771215952804832
2024-03-15,-0.006482917484461503,-0.009632641594030877,-0.0027681660899654403,-0.002707374045281208,-0.005567468627318717
2024-03-18,0.006318059504952345,0.008156194047562515,0.0012954193051699647,0.02073050698662926,0.0014688778023679294
2024-03-19,0.0056491496501236416,0.003933308886094222,-0.0021254435856713494,0.009066731007401074,-0.010802196640288697
2024-03-20,0.008904173912846591,0.01253310748131975,0.0006019580763612087,-0.021444841132737036,0.0009923428906801757
2024-03-21,0.0032365354015160275,0.0019811152137096943,0.010967122245199024,-0.007468175906861663,0.0079146856998078
2024-03-22,-0.0014021878490156903,0.0016449659920487747,-0.011305878026236948,-0.005427438547706553,0.0038524885010076115
2024-03-25,-0.0030549644525015296,-0.0026995005442512765,0.007592547381365833,0.01637107453539266,
2024-03-26,-0.002799795225030266,-0.004197298103708835,0.0003676019408305198,-0.004026775032933472,
2024-03-27,0.008630626525532925,0.005137342249128984,0.006154761521633523,-0.003308064976415892,0.005405716783151604
2024-03-28,0.0011164855071790214,-0.0012231803666122865,0.012234001411838502,0.022372461327128335,0.009187001078543977
2024-04-01,-0.0020135845401164643,0.001060481678206937,0.017903940227713466,0.006492736893301654,0.006050979178091831
2024-04-02,-0.0072390590731691296,-0.009537202134034861,0.010943223651234346,0.017202275201952055,-0.0003872860275131451
2024-04-03,0.001091122364688113,0.0022788632814920717,0.014549895022101467,0.0032883003438559655,-0.0008306302403686683
2024-04-04,-0.012334336350379616,-0.014030437387686057,-0.0028077753779697234,0.013578321767190316,0.003565912488363576
2024-04-05,0.011099194174331695,0.01242684640827707,0.015984363155187253,0.003695661597790334,-4.224679746289706e-05
2024-04-08,-0.00037463099831791524,0.0003348261776734418,0.0023876941627967163,-0.005522993173487367,0.006778164752814453
2024-04-09,0.0014454931932483817,0.0032410371150539685,0.004848958887175625,-0.01388403267389926,-0.0010390218270411866
2024-04-10,-0.009456980649108493,-0.008357288798496176,-0.005926177014361711,0.011498248139624634,0.0049044741142307835
2024-04-11,0.007444797710585593,0.016810934405752542,0.010347491840666967,-0.013803531539772207,
2024-04-12,-0.01455068829580164,-0.0162453557122334,0.0005901068458671332,0.007527723409939346,
2024-04-15,-0.01202135494776202,-0.01793315000423834,0.0037487477265747415,-0.0029185149347662476,-0.010963897188301042
2024-04-16,-0.0020565070133361507,-0.0012445393102040736,0.01040707042724498,-0.0005854472498986185,-0.005594325260972033
2024-04-17,-0.005780602724641426,-0.011464041399442126,-0.008057208277662875,-0.03127926604796116,
2024-04-18,-0.002208160119998248,-0.005220186514490188,0.004019468283694705,0.00048374548731788813,
2024-04-19,-0.00875854812743615,-0.020478174173957586,0.006588844382037218,0.004955832419659689,0.0068717686886063944
2024-04-22,0.008731248071466746,0.011078373020564358,-0.02792283748486002,-0.003488103411791066,0.008551965982977361
2024-04-23,0.011964576270872662,0.015877623641452843,-0.001832511450075125,0.00615572897553851,0.0014147135985376202
2024-04-24,0.0002130100613548791,0.0010263567185926359,-0.0015798621571310179,-0.006597925236693336,0.0015379287654238016
2024-04-25,-0.004576430353515626,-0.006427279398895758,0.00175337744931503,0.009177661618607225,0.0074969296067168845
2024-04-26,0.01020914263474304,0.02025015947888842,0.0020063825707044014,0.00335047002895017,-0.006663626980883297
2024-04-29,0.0031784486665891176,0.003464341573386376,0.004473415225983546,-0.014549806116927466,0.00996662256880243
2024-04-30,-0.01573051358686217,-0.020350255647543336,-0.023243012242031513,-0.008471462804184426,-0.00170251731563964
2024-05-01,-0.0034354388154940185,-0.003342728598578648,0.003517346823457723,-0.035762239646796146,
2024-05-02,0.009128437077573048,0.015089538105478306,-0.0006057560985504029,-0.0006329500222508333,
2024-05-03,0.012556739721478527,0.019908523092361685,-0.0004329753886894716,-0.01063959937124892,-0.007609859296553445
2024-05-06,0.01032612390701182,0.011940825728499194,0.009789418937722782,0.004736944612608207,-0.0014749338156797576
2024-05-07,0.0013434298232750663,-0.0010208682164319915,-0.0030027454300868284,-0.0012742877069052971,-0.006246985595782073
2024-05-08,-5.835618166138978e-06,-0.001824564273542717,-0.0008174435864659602,0.007782605661228903,0.0
2024-05-09,0.005090947698625836,0.0026682598912928235,0.007750936408533082,0.0034182083778075967,-0.01546911781190452
2024-05-10,0.001649398844549843,-0.00032971753262078796,0.014827137737851492,-0.01261670417673244,0.0044494691449390444
2024-05-13,-0.00024130405535727206,0.0028988736124690995,-0.013473684210526304,0.010989018488071656,0.0022149680905385605
2024-05-14,0.004837813139759728,0.007501687268846036,0.007212933138604383,-0.013903008914684878,0.005148324587705533
2024-05-15,0.011715927882596233,0.0140032960621852,0.014831137526316152,0.007818516234270767,-0.0007786004689536163
2024-05-16,-0.0020816677921287052,-0.0026322592446381687,-0.003924966690487142,0.00763075320455453,0.009157377676264788
2024-05-17,0.0011647735102702228,-0.0007395719535787659,0.013372417666631664,0.01047575623493291,0.0027785403439750667
2024-05-20,0.0009163899374069473,0.0065263471593897115,0.008728426618944019,-0.0032474958126954556,
2024-05-21,0.002501874243978186,0.002247710278890258,-0.005167150976522428,-0.0067669285072220475,
2024-05-22,-0.002706123039226127,-0.0018464196133320954,-0.013603199360417761,-0.021322260861178277,0.0030516154749500313
2024-05-23,-0.0073807894850155265,-0.003899033617177028,-0.023277175579855647,-0.009024067951477588,0.01636661960848307
2024-05-24,0.0070010425881694704,0.011039641622729413,-0.0011552076109369036,0.01105760951932444,-0.0004593757337192361
2024-05-27,,,,,-0.0010737589261899938
2024-05-28,,,,,-0.0019317094176221072
2024-05-29,-0.007367046509680453,-0.005834399316332561,-0.006492700542382823,-0.007515952152811867,-0.008015115627261094
2024-05-30,-0.005975035585443322,-0.010844781866387043,0.0007261025146629851,-0.016660351368124715,-0.009515599658179275
2024-05-31,0.00802787620486467,-0.00012311268544940024,-0.008536429567474357,-0.011808570852208544,0.0018697799732139142
2024-06-03,0.0011160825806737495,0.005596072980382338,0.019975095111743002,-0.035978655928368686,0.03254231769535276
2024-06-04,0.0015028090913065117,0.0016864588530618452,-0.009243298034458336,-0.013069269802606143,-0.05929359941641077
2024-06-05,0.011847649793331305,0.01962677894658782,0.011970733077135032,0.011194535082924562,0.033624236760035675
2024-06-06,-0.00019981663563317653,-0.0008599799663757679,0.006482804606924963,0.019981144363863335,0.008888049244237806
2024-06-07,-0.0011152197300303701,-0.002328539208430902,-0.027562802725095148,-0.0002647818881917896,0.020539931466807104
2024-06-10,0.0025808546645145203,0.0034668758435063562,0.0008602150537635467,0.029259885081295955,-0.0013289382574128705
2024-06-11,0.0027103813151374556,0.008784134188007497,-0.00017185317737433703,0.0020581896900713215,0.0002429314342191624
2024-06-12,0.008503672791998707,0.015273035793879508,0.012120669641629833,0.007702162546450841,0.002497312914139238
2024-06-13,0.0023446558536817097,0.0033575430637895476,-0.015627674564742233,0.0015286974086883287,0.0032564994745150067
2024-06-14,-0.000393860697500914,0.0012067490836344952,0.013416780697260489,-0.0021623733452137417,0.0028505279152657437
2024-06-17,0.007664386564552705,0.00950533124235986,-0.008556509650782584,0.02396437165004417,
2024-06-18,0.0025213273947457537,0.0002918145153441021,0.007685660087483948,0.015436298213678867,
2024-06-19,,,,,-0.0017786131162043084
2024-06-20,,,,,0.0021687361796223215
2024-06-21,-0.001562130321101196,-0.001818712036232295,-0.01595612023137405,-0.017524581283925866,-0.00279629951309035
2024-06-24,-0.003065171894990004,-0.01088445649264791,0.005662299008388105,0.011148195950211992,0.00156375661610908
2024-06-25,0.003933590015736899,0.012621154825899206,-0.00580099559892866,-0.009800262762226009,0.007793879853915442
2024-06-26,0.0015724312002203256,0.004939129269155407,-0.007551097171590859,0.000866011298261915,0.006218040121837909
2024-06-27,0.0009073212238914774,0.0030058438553957068,0.010115920360676212,0.010383143659421501,0.007361040898544724
2024-06-28,-0.004083652583445674,-0.007059876784354269,0.001283916748531011,-0.0024467452100440656,-0.0014099020825968367
2024-07-01,0.0026755639309195,0.008272964771473212,-0.0002992799124950096,0.02256556680440558,0.005470484349075377
2024-07-02,0.006195317856513505,0.008359330501992446,-0.002351532869999562,-0.00683616830895073,-0.0007497161563467802
2024-07-03,0.005084444409779065,0.008849250735993186,0.015428131270529555,0.01292114148496526,0.006742306607722792
2024-07-04,,,,,0.0006444070008029268
2024-07-05,,,,,0.0008928929498506211
2024-07-08,0.0010166989647510949,0.0027778094085602056,-0.014263649275698453,-0.009980781559691843,-0.00013562113637344275
2024-07-09,0.0007410719362856977,0.0013882410748919938,0.0018616045456949504,-0.011174518990454962,0.004631820986013446
2024-07-10,0.010208065293514812,0.011837687037744349,0.0049833393786811175,0.008475553138107328,-0.004450911197766749
2024-07-11,-0.008763028841120457,-0.019522190849242782,0.01773330757564362,0.006333791499701924,-0.0003494426502141934
2024-07-12,0.0055170270744306915,0.006291991565953836,-0.0004954586152440266,-0.004962522978448347,0.007657573644356042
2024-07-15,0.0028262026252154904,0.004028659854356853,0.003387429808434206,-0.003649135454374952,0.003450669707641296
2024-07-16,0.006389375498743188,0.0019904935062078355,0.01601554121140958,-0.014039817781266728,0.0010697158254551198
2024-07-17,-0.013927543241993745,-0.02768439750961882,-0.003201291161383346,0.025879102062987824,
2024-07-18,-0.007816403936922511,-0.006984485083873393,-0.0014228221224226179,-0.0003620854538246565,
2024-07-19,-0.007140265531926926,-0.008073385271033628,-0.023326741151889818,-0.03248010687416558,-0.010884676251089243
2024-07-22,0.01079203564940956,0.015830756353462316,-0.0018340820746385322,-0.004367883266165551,-0.0008825762723847497
2024-07-23,-0.001558102589770738,-0.0005675781322872497,0.005261660296975501,-0.035347201528862615,-0.0012321559717249908
2024-07-24,-0.02314909375473495,-0.036390883510082794,0.003489345812059952,0.00818603509501692,-0.002677831825905974
2024-07-25,-0.005142620237842288,-0.00926569327315152,-0.02574821063423105,0.00889293045460926,-0.0003031269840456652
2024-07-26,0.011090468702846357,0.010252765674276132,0.011684724877841557,-0.014307551541297592,0.01756732976027453
2024-07-29,0.0008133101292933098,0.000709669542889424,-0.0013439526131352464,-0.017496190246794496,5.03324972633834e-05
2024-07-30,-0.004960171878030217,-0.012825373737482826,0.011439124658644051,-0.014246065643590433,0.0008536433743000504
2024-07-31,0.0157933986591674,0.026358511706674248,0.008939708939708968,0.04255319366154864,0.00377553501085659
2024-08-01,-0.013693502993456064,-0.023026352660052707,0.022377930693643133,-0.02053659386867379,0.0023946791656728195
2024-08-02,-0.018381860868696753,-0.024310025495816623,-0.004434053443846175,-0.03656140747986625,-0.011722935491954689
2024-08-05,-0.02996879838863975,-0.03433920949487235,-0.010284292648073623,-0.007888931285946366,-0.02678645789462286
2024-08-06,0.010354085880061037,0.010294364623245844,-0.005236379151883908,0.0035644981921243435,-0.0026209626510589334
2024-08-07,-0.007734647858502863,-0.010450394739652702,0.0003289211446697582,0.02773232914376722,0.012710162480444431
2024-08-08,0.023042611519136447,0.028662349907374374,0.01270356344555057,0.012760853936399252,-0.007428747813561065
2024-08-09,0.004671676849538509,0.0051189165678968696,0.004100131252962713,0.008531222938130911,0.010386864037815746
2024-08-12,4.303397765514916e-05,0.0021085673056129295,0.012371674158818458,0.0419052755617495,-0.0008412844977941925
2024-08-13,0.016847579753558328,0.024254184750069685,0.001517591385034045,-0.021358969980247,-0.008543146999630324
2024-08-14,0.0038237284285767004,0.00029033906147879485,-0.011205078997179596,-0.017485579372921167,0.00019677699987563635
2024-08-15,0.016133247764330783,0.02337635958240125,0.005121567698492369,0.01532866008987388,
2024-08-16,0.001989779357261412,0.0021154737631077225,0.018215434225335336,-0.01931937135978523,
2024-08-19,0.009722284736913167,0.013898180004721095,0.0013791472663955417,-0.029745580351059675,0.0012835584110202358
2024-08-20,-0.0019845553982971165,-0.003346805921529139,0.003659563471229532,-0.004437297550992092,0.005135759339910173
2024-08-21,0.004239676828782013,0.005727739128175591,-0.0012154385389927524,-0.028498117021350078,0.0028887826964991703
2024-08-22,-0.008932805548120926,-0.016721959277882892,-0.01209030375981357,0.0150146229177337,0.001667357653657442
2024-08-23,0.01148337085011919,0.014667933769104025,0.011761472654881588,0.024928087132886967,0.00046955607782672715
2024-08-26,-0.0031537266931381813,-0.008503262384321975,0.0034952292240051364,0.03461173693057118,0.007551387144671073
2024-08-27,0.0015951960865450143,0.001638900990943437,-0.0009001443613326776,-0.0244122892579266,0.0002858944102370753
2024-08-28,-0.00597597320797616,-0.011196453251911764,-0.00591478479111629,-0.013372198498000198,0.0013830024432652799
2024-08-29,-3.937906806072977e-05,-0.002255613083423591,0.008865946712543371,0.018652805712012777,0.00397565940632294
2024-08-30,0.010093051774424433,0.01125739986075569,-0.012771921473360925,-0.03108945457118406,0.003337760073577778
2024-09-02,,,,,0.001695950113232314
2024-09-03,,,,,4.550829989491412e-05
2024-09-04,-0.0016025435809103872,-0.0030344938889551587,0.0011890606420927874,-0.016206986764290554,-0.0032100820170585243
2024-09-05,-0.003018017615584734,0.0025379660282958127,0.006769634859956408,-0.0007224772336431595,-0.0021270784221717465
2024-09-06,-0.01726024985928465,-0.02550436394346589,-0.007274585855684523,-0.021402795723434842,-0.011650350298901935
2024-09-09,0.0115800702824842,0.01160934059858132,0.003208370911157221,0.015368714994359323,0.003390048695012693
2024-09-10,0.004472672652839682,0.008367462259605718,0.0041063476467329,-0.0430795972043837,0.0041986500501236534
2024-09-11,0.010665025888896507,0.02171097287436141,-0.00027533140089341934,0.02372619860979097,-0.004897963449619458
2024-09-12,0.007495302358939249,0.010011215390628214,0.015025250464053563,0.02466206688931072,0.01887963282727112
2024-09-13,0.005407711405364557,0.0065055700094134306,0.011663896914117844,-0.004639693912723342,-0.0012761636040355961
2024-09-16,0.0012566297656613212,-0.00519394428970954,-0.0006894889729924802,0.020975889002258663,0.0010746751326089488
2024-09-17,0.00026455008109871336,0.0020423726828324718,-0.006324504817213139,0.015694195477093498,0.0013709866056039743
2024-09-18,-0.002896455862498093,-0.003106397636846503,0.002391681664119183,-0.003933119394501139,-0.0016129951842196455
2024-09-19,0.01697685316676334,0.025076659927780076,0.00615716131713806,0.014666383195923283,0.0015072376499098983
2024-09-20,-0.0019410273951238066,-0.003644955448014686,0.012085922257843995,-0.0004169392712893849,0.014760441377741573
2024-09-23,0.0028092730585327352,0.001445774217207818,0.0023807909244859538,-0.021551661037618852,0.005742385099666292
2024-09-24,0.0025111788443470395,0.005577417197717205,0.009236569274269524,0.016910540934567786,5.2030021699067674e-05
2024-09-25,-0.0018612489301417234,0.00042553862838246026,0.0028763358878876044,-0.026131849929932338,0.0024575565157058943
2024-09-26,0.00403867571712313,0.005977041489758417,0.003799289066706679,-0.02898556753760073,0.008148714241454025
2024-09-27,-0.0012532169669905446,-0.0038866462488355014,-0.009944638264371974,0.007536606325260875,-0.0014152231703233875
2024-09-30,0.004236552581176722,0.0038400470830193267,-0.0032608204317906564,-0.00014670190944121586,-0.014060900852023384
2024-10-01,-0.009324107094664358,-0.015328382112681838,0.011619217725451048,0.024350941861482678,-0.0005404401234794243
2024-10-02,0.00013839090212397487,0.000824090980865666,-0.0076571747694920145,0.0038664848344072134,
2024-10-03,-0.001681413492255035,-0.0003703558019848563,0.003558452325636896,0.051497870027547465,
2024-10-04,0.008970249395274354,0.012242619624335926,-0.004254965120749521,0.009089651027908596,-0.009326695880144675
2024-10-07,-0.009586022165882668,-0.011795732314343055,-0.0006747315372888085,0.03710677921682293,-0.008748875168602677
2024-10-08,0.009689347495581924,0.01445106955545672,-0.011477906097618118,-0.04627948824307726,0.00876764730346924
2024-10-09,0.007113411987488272,0.005978094784393262,-0.0035667840525418493,-0.004485548897968816,-0.0012473907279866303
2024-10-10,-0.002070122839989974,-0.0005231007327147763,0.005064755837062007,0.035636273709432675,0.0006604768849507447
2024-10-11,0.006051847587953629,0.003330516505153147,0.014018868380057281,-0.0038233476778023467,-0.0013680536120755926
2024-10-14,0.0077076668832223305,0.00870907306913593,-0.003998038701437889,-0.02289565621276679,0.006557345754428789
2024-10-15,-0.007609466332438197,-0.010112022354858197,0.004989422344032102,-0.044020044960001226,-0.0028096049048969007
2024-10-16,0.004679145956573816,0.002811279069593775,0.004628820387624799,-0.002692015251870572,-0.0034340754096676696
2024-10-17,-0.00017116047891174713,0.000355489105901885,0.0060193775788504045,0.003977820453541003,-0.008868227322834543
2024-10-18,0.00397155273894878,0.006310213953266919,0.008310249307479145,-0.020517857447453047,0.004210173941240125
2024-10-21,-0.0018227694906369774,0.0027290541004474367,0.0032600374885531913,0.01935851364142782,-0.00293518237799828
2024-10-22,-0.0004748538883844189,0.00214453854812513,0.007630854441409207,0.02168365691943719,-0.012469180337869368
2024-10-23,-0.009191323428069387,-0.016314472583482398,-0.01101534384611802,-0.018310441973630964,-0.001495564743491773
2024-10-24,0.002145772011323821,0.007596569436006506,0.0071444276022927244,-0.00819548154828098,-0.0014773427748562273
2024-10-25,-0.00029944716993013376,0.005599587049413213,0.0020736278202200253,0.022652746581935723,-0.008959220549493163
2024-10-28,0.0026514435020339455,0.002623311348128654,0.0004718669285628252,-0.06129843411404423,0.0065485676346082045
2024-10-29,0.001614127248163344,0.00783966508460976,0.009144089482737927,-0.0025229767865074804,0.0052466588480091225
2024-10-30,-0.003300233889343751,-0.005601545069538139,0.007083510294533024,0.020830256583091344,-0.005149825253829232
2024-10-31,-0.018614700871699585,-0.027557031087636963,-0.01838760322128241,0.009473859788609929,-0.005566773640794054
2024-11-01,0.004092509543626166,0.008000460240717544,-3.6408414677224776e-05,0.003320758308477556,0.004090004961616156
2024-11-04,-0.002812083478299976,-0.0032861686554399583,-0.0010912265580105274,0.02849335757378002,-0.0127137736646451
2024-11-05,0.012265644545291332,0.014256860922954528,0.0012744884066093753,0.007275732953475611,0.00908305881860727
2024-11-06,0.025295927786425976,0.029518724734147517,-0.02669378610290485,-0.00416718198729471,0.011181870759630508
2024-11-07,0.007431229727488331,0.0150652237858655,0.011022680365348814,0.009345768532968313,-0.011628025706147627
2024-11-08,0.0037568333092317108,0.0008987464377530063,-0.0040653410457155426,-0.02736323024091214,-0.002113709312467793
2024-11-11,0.0009690634297987444,0.0006211751877069904,-0.028610693283079858,-0.03324803110555652,-0.00028567088740283353
2024-11-12,-0.00289265965137242,-0.000899507284966572,-0.004354930876873997,0.0011758058491799783,-0.010680930776533315
2024-11-13,0.00023222772482434095,-0.0026284235830008607,-0.007596995149130148,0.004550756695459901,-0.013582562322921432
2024-11-14,-0.006049734794859041,-0.006399672399173273,-0.00525810850811903,0.003945588804067146,-0.0011185324376894457
2024-11-15,-0.013203489851361216,-0.022374872957156677,-0.001088190288689228,-0.02445415400005735,
2024-11-18,0.003917814394541086,0.005979159201779272,0.017314500723369042,0.0319308732651864,
2024-11-19,0.003963584828470035,0.010411990678702132,0.006272432391649874,0.0033255597941077575,0.002758581406631766
2024-11-20,2.195086225209586e-05,-0.0011233764864474471,0.007867712342027655,-0.007493826886298849,
2024-11-21,0.0053404615405816536,0.00033107931651232825,0.008749086095363845,0.01785967298513147,
2024-11-22,0.003467959094991535,0.0016460983300286003,0.013944465284642105,0.01626247381544932,0.023869464111237804
2024-11-25,0.003020480305938378,0.0026936642209673956,-0.034547582353354755,-0.03228516972672435,0.013161295867362366
2024-11-26,0.005722005647630368,0.006269322569991687,0.0010693331403952566,-0.002465996407301163,-0.0011312238174179257
2024-11-27,-0.003801238017440034,-0.005936086733931978,0.007095659851660274,-0.0007269946895994694,0.003323085437806128
2024-11-28,,,,,-0.014861029054492936
2024-11-29,,,,,0.009072001940535257
2024-12-02,0.0024484564662998753,0.009666856814682268,0.0005645464809935774,0.0014705657958984375,0.006006820004948565
2024-12-03,0.0004514491145146682,0.003966251232281781,0.0035357917411134032,0.02701914843631581,0.007460011144599932
2024-12-04,0.006051417924264779,0.01304913283496889,0.00311107955018608,-0.020017178681853598,0.00042109681465385407
2024-12-05,-0.0018697756269248078,-0.0017663625312623887,-0.010387881823236578,-0.003501573687828219,0.009847825562885104
2024-12-06,0.0024954538421815275,0.008096835652052103,0.004229042337068556,-0.01610550592043225,-0.0012384293961259507
2024-12-09,-0.006144213927296471,-0.006197457524939054,0.0098510867084729,0.017410801361211092,-0.0023827399277279726
2024-12-10,-0.002963883313944371,-0.0025054464613958327,0.012137855731237046,0.003217691713777171,-0.0003635086213900074
2024-12-11,0.008165786048233592,0.017658665535963847,0.014089188568283673,0.02478502213736955,0.0012901233029631864
2024-12-12,-0.005414022527810203,-0.006591040785879021,-0.01715821441068255,-0.003841289926648672,-0.003778196379659149
2024-12-13,-2.6466639124200775e-05,0.0011998719560866178,-0.012401216035536011,0.01813773683730524,0.008945547808588916
2024-12-16,0.0037993543260221863,0.01240394370741793,-0.002167594260514827,-0.008135808999945704,-0.004039468921733236
2024-12-17,-0.003863994965801476,-0.00321356347816526,-0.002996254681647992,-0.00890959215917042,-0.013468730047733413
2024-12-18,-0.02949284635160343,-0.03562429443583959,-0.0032682010412753426,0.0071347030099311315,-0.005635699812006956
2024-12-19,-0.0008651123249070469,-0.0010271871739683247,-0.017035371175543546,-0.009492747967746795,-0.010213311567061067
2024-12-20,0.010869123768910471,0.010314997956417882,0.014186572069549763,-0.006436912517008175,-0.01520556915080562
2024-12-23,0.007287273468533639,0.00982400160619945,-0.006389227575678391,-0.0031673081428574834,0.0070354729729729115
2024-12-24,0.01104275925539211,0.013470862885252899,0.0027775850253972667,0.01242057534495622,-0.0010861087115143775
2024-12-26,-0.00040565878647391695,-0.0005377372076803555,0.006981560365680206,-0.006847300113940302,0.0009503186263191132
2024-12-27,-0.011055736101235558,-0.014901334813076983,-0.00828968718095624,0.014076352899701217,0.002661079652128029
2024-12-30,-0.010701995701766776,-0.011927790534834837,-0.00524328629489712,0.005524070794298952,-0.007075847935867907
2024-12-31,-0.004284800394927402,-0.00903175989823235,0.008746763488626907,0.010283186067063577,-4.212721278373799e-06
2025-01-01,,,,,0.004148887118253564
2025-01-02,,,,,0.018774033191665485
2025-01-03,0.01259602672149196,0.017680325421069565,-0.005357830209113845,0.011349676770511463,-0.007602755327609123
2025-01-06,0.005538045085450305,0.01239958989876877,-0.0027498583502449936,-0.005408349524478107,-0.016192595996625703
2025-01-07,-0.01110391288210788,-0.018892582443783112,0.00679912391930837,0.009380131379920664,0.0038892874268343647
2025-01-08,0.001560360190925314,-0.000554079302387156,0.0026262475637688354,-0.01252525663536408,-0.0007993610384197103
2025-01-09,,,0.006885251892217781,0.008183285278483776,-0.006857594959147506
2025-01-10,,,0.008993589539443514,0.03584958862988996,-0.004037999702463213
2025-01-13,0.0015754440882007614,-0.003837421278994335,-0.013406962189226546,0.029384876700634166,-0.014747275302477436
2025-01-14,0.0011462798112440442,-0.002289855211858427,0.0013813003199367735,-0.016747014716252284,0.003902874499386977
2025-01-15,0.018312792279639112,0.024513246600664118,0.013234910097216668,0.032774205361643105,0.0016028803979861728
2025-01-16,-0.0021126894641922966,-0.008863685277409328,0.012178914166219634,-0.01699151167910251,0.004247650725383689
2025-01-17,0.009991058969353706,0.01509493188909139,-0.0007997205459931989,-0.010167806922405265,-0.004658651792672774
2025-01-20,,,,,0.006100485537167577
2025-01-21,,,,,-0.013711845677293555
2025-01-22,0.006137941522227575,0.012783487788161407,0.0042403419030598855,-0.0059295948328017545,0.0056764909144164655
2025-01-23,0.00531348622041139,0.0022159573527285037,-0.0021292369091931995,-0.010869560820350066,0.0021593282262408753
2025-01-24,-0.002855132319398823,-0.004955644440254314,0.005027089455244216,0.0005360615660010559,-0.004876047658393667
2025-01-27,-0.014580715690809543,-0.03069366899092285,-0.014574112570892472,-0.01995721162709041,-0.011391241935562957
2025-01-28,0.009217869449967608,0.020254534552450076,0.010626679336112943,0.008200061352136911,0.005611229817278129
2025-01-29,-0.004678895760321544,-0.0051318352135546474,0.0008310926208221492,-0.015588910787790566,0.008966649288351114
2025-01-30,0.005275414405311762,0.0025177710384303165,0.019207145004702886,0.0015147425804351577,0.003730087599762788
2025-01-31,-0.005046825754019935,-0.0027594368831531657,-0.0037194473963868546,-0.0027499596920842473,0.011135740150325812
2025-02-01,,,,,-0.0011166221250199504
2025-02-03,,,,,-0.005157091976693451
2025-02-04,0.007224881828679752,0.01351377483662497,0.0065450808626603685,-0.006287680301271359,0.016189306820631133
2025-02-05,0.003908672930614365,0.0019492474205637933,0.005980927352332355,-0.022971089945632905,-0.001809207062143936
2025-02-06,0.003644298722618622,0.005060861556485108,-0.005634306542732448,-0.005912968832370691,-0.003922602634608197
2025-02-07,-0.009464770111542897,-0.013570633401157828,0.003789114843185004,0.0055232882917048975,-0.0018387386257991967
2025-02-10,0.006712541085862833,0.009776429146874044,0.016207162731946667,0.018591544997524245,-0.007570033692307909
2025-02-11,0.00033958278885926063,-0.0035715325966498845,-0.0006133467650617508,0.0138274336866675,-0.013249684936046169
2025-02-12,-0.0027238667143857365,0.0003100125914030638,-0.0013299278300822337,-0.02659570316910187,-0.0011507892904301098
2025-02-13,0.010426292122230674,0.015047947603236134,0.005702172107181047,-0.0011209447663713679,-0.0006009745771905495
2025-02-14,-7.194380749464546e-05,0.004067500652163103,-0.015176190892213226,-0.007715009744627688,-0.004435266153706374
2025-02-17,,,,,0.0013192755977626813
2025-02-18,,,,,-0.0006184463402948426
2025-02-19,0.0023769693899173827,0.0007479686681528541,-0.004374331076212323,0.005567175147860093,-0.0005404326900405598
2025-02-20,-0.0043341850761716705,-0.0046813649111873135,0.006811756866179408,0.004429061520058397,-0.0008612081186238907
2025-02-21,-0.01706412670256352,-0.02195880763092417,-0.0009810718137299723,-0.02990213832259503,-0.005117148798882476
2025-02-24,-0.00496910650440241,-0.012143001410622967,0.0033861574445821496,0.004261298520753742,-0.010640105330068539
2025-02-25,-0.004679730915472358,-0.013508581548304033,-0.01498376858645356,-0.02503531427819128,-0.00025711604818956513
2025-02-26,0.00013602428004699796,0.0025684924475790627,0.0040427739587241,-0.004497280679258475,
2025-02-27,-0.015864553655509872,-0.02782870850894581,-0.01184064497242443,0.025211245384644476,
2025-02-28,0.01585414463498891,0.016331563687400408,-0.01636793533691816,-0.008386586363717696,-0.018644959666695105
2025-03-03,-0.0175967394669998,-0.026374620756663858,0.018465893507547904,-0.01992544935612217,-0.00024400049223838316
2025-03-04,-0.012234826602200433,-0.0035437943047462728,0.006721588136773926,-0.0016089016517856214,-0.0016569416451024388
2025-03-05,0.011159277893187936,0.014633194908524993,0.0018489016514391388,-0.02856730906256022,0.011531695069225467
2025-03-06,-0.017819007085749905,-0.026059274883519334,0.00020509147513680936,0.0007540801326924029,0.009284847776867
2025-03-07,0.00552061780274804,0.007026349676013233,-0.0042711677656303015,0.010247141333957543,0.00034601398645017767
2025-03-10,-0.0269730913054258,-0.040002833692822315,-0.005044505960630219,-0.015065664117503652,-0.004088203913091726
2025-03-11,-0.007567865323653167,-0.001844522114810565,0.007415327558857987,0.0033318374189050814,0.0016740474556060647
2025-03-12,0.004886869929446425,0.012178733439950351,0.008867180441066269,0.021584910266804203,-0.0012179087892316698
2025-03-13,-0.013890984206835322,-0.01957336017705169,0.015101126395629327,-0.016696176836919374,-0.003262089461738671
2025-03-14,0.021265869083087807,0.026069457524154904,0.003276183822470191,0.009466524786302388,
2025-03-17,0.006416130719105961,0.0030736755857529996,0.0016660557253338482,0.005954175707976184,
2025-03-18,-0.010653512117636543,-0.017100725880162315,0.011543178884471983,-0.010062152807804536,0.01446329899483545
2025-03-19,0.010798495567894584,0.014092107114519692,0.00013151221301255234,0.003886429451423812,0.0032100316461272094
2025-03-20,-0.0021848931523151816,-0.003332708361115988,0.0008549578120464751,0.01637877328975934,0.012356195589090069
2025-03-21,0.0008246534476661349,0.0052239345603362075,-0.007359270032536891,0.000292948175221186,0.0068885519512889015
2025-03-24,0.017646000146633645,0.022747295735711326,-0.0019195753210294875,0.012155855973833951,0.013188177230298859
2025-03-25,0.0015743334544251475,0.004578119137620407,0.0034155074790935824,-0.0015916742783979032,0.00043539728764163677
2025-03-26,-0.011156934922627149,-0.02040513973417113,-0.0011236004010299894,0.00942031196925952,-0.007681079328545448
2025-03-27,-0.003306980860763864,-0.005307007694424604,0.012737799834574126,0.0038764772024604266,0.004474827877002596
2025-03-28,-0.01973722070834405,-0.027018550378617556,0.008330610911466918,-0.008009118610681987,-0.0030773044101545244
2025-03-31,0.005538521570653376,-0.0013681917240805364,0.011760910036651584,0.030565206573334835,
2025-04-01,0.0037812354559083605,0.008705650385741004,0.007429214425874298,-0.003917269103824728,
2025-04-02,0.006728194715792668,0.008662527433463518,0.00642083635469648,0.007162951658568284,0.0071938424586863725
2025-04-03,-0.04839563335990149,-0.05968060766968586,-0.014054703015054293,-0.06637849947011298,-0.0035251486188494496
2025-04-04,-0.05974960534553109,-0.05817425293064171,-0.027645209398080794,-0.0740850708867078,-0.014866619775066536
2025-04-07,-0.0023314724921273955,0.0009924259002549451,-0.020359691202395447,-0.02080982223905059,-0.03243254628305536
2025-04-08,-0.015700524562941354,-0.02149227881944238,0.005582409527329801,-0.01845138250094691,0.016887318902814252
2025-04-09,0.09515387644904849,0.12163161348672213,0.029830764707529767,0.04649205367467113,-0.006065856008070525
2025-04-10,-0.03460757958472693,-0.043075119311905774,0.03185688795456065,-0.036567743946989806,
2025-04-11,0.018092095201708958,0.020573869620679863,0.021117261260818143,0.023805565381066485,
2025-04-14,0.007944712390868913,0.006398982403674314,-0.005640155420492121,0.00048778502921753564,
2025-04-15,-0.0017277808903947145,-0.0004937502016194584,0.004370285869953916,-0.0032503974030548832,
2025-04-16,-0.0224083715440897,-0.03067256456549472,0.03271201184870143,0.01858795623043985,0.004657316201027051
2025-04-17,0.0013268380955802073,-0.0012699918771302832,-0.005378914811524194,0.03537696560409609,0.017683476937954135
2025-04-21,-0.023567493023827546,-0.025515063117136583,0.02911313223394263,-0.024737143886393254,0.011483498464016417
2025-04-22,0.025117204723895226,0.027063337345606397,-0.0017225196042004454,0.01949898053004695,0.0017284255654137493
2025-04-23,0.01666113847096007,0.025007383940334194,-0.036643799574778035,-0.03172130583540156,0.006690840652122221
2025-04-24,0.020259113708281262,0.02741123349732466,0.016544730999151103,0.008350737978818135,-0.0033807460922566923
2025-04-25,0.007373133469998461,0.012635436155963742,-0.014991397553752672,0.0036629963192029713,-0.00855166336268387
2025-04-28,0.0006407067039131409,-0.0009669592300730612,0.014946656041644246,-0.015391958325249866,0.012028211882747275
2025-04-29,0.005802410694099036,0.005481327642628653,-0.004211803244400514,-0.02626915532888008,0.0003061930965739812
2025-04-30,0.00147999135976562,-0.0008579230254012193,-0.004349651900416807,-0.03657727824309254,-7.191007773188485e-05
2025-05-01,0.006299102138585644,0.015155063640452937,-0.029194704478120448,0.01769459904129933,
2025-05-02,0.01472657412963474,0.015075046601202846,0.006548351429456201,-0.01603647427452337,
2025-05-05,-0.006381597588933863,-0.00742531069797947,0.024357906703249554,-0.019900494582135275,0.004700890697612925
2025-05-06,-0.007693239651855532,-0.008662743613326751,0.03025012747883782,0.03430770257006954,-0.0033338898599493128
2025-05-07,0.00434635623313584,0.00274171462716688,-0.009027739290512815,-0.017261811730068133,0.0014274549954715887
2025-05-08,0.005799775094835535,0.010710269107760961,-0.02532501100176765,0.03168589912618658,-0.005758880297096702
2025-05-09,-0.0007114809122162891,4.346780245101378e-05,0.011494252873563315,0.018527801922528564,-0.0109501096942064
2025-05-12,0.032558782749008364,0.043472776122114976,-0.03468899521531099,0.015240909508342337,0.038183073090219954
2025-05-13,0.0072482009835321826,0.016129170333668563,0.006133844122715226,0.027764283855099103,-0.01389583907654357
2025-05-14,0.001024415597859818,0.007192007205055306,-0.018320093326394504,-0.008167059180473335,0.0036027960647213586
2025-05-15,0.004132332074135769,-0.001801356643215457,0.012012686460360689,-0.02422806899485419,0.01602143814146184
2025-05-16,0.007005272294898557,0.005168357125659773,-0.012211041124369437,0.014118837417438801,-0.0016877607536591732
2025-05-19,0.0008761131291423752,0.000227021264460614,0.014526872972340898,0.003200463160030642,-0.0029717088137536374
2025-05-20,-0.0038802294486252054,-0.00378601378528598,0.015803339309184983,-0.002073652197570386,-0.010484831354666824
2025-05-21,-0.01613513066101424,-0.01410825840612473,0.008798606066038772,-0.01582483466647533,0.00524831270888626
2025-05-22,-0.00044487103794299543,0.0028135760347527405,-0.005583220159951718,-0.006009402853966006,-0.008211272774042211
2025-05-23,-0.006708297825321674,-0.009961528296397737,0.02148711648805013,0.0053921243830648,0.009892488718005854
2025-05-26,,,,,0.005954979456279652
2025-05-27,,,,,-0.0069977248703164685
2025-05-28,-0.005571225417268844,-0.00511588539944674,-0.0016664647202583316,0.015601917760914796,-0.0029706520659956714
2025-05-29,0.004011194261904327,0.003922827339664758,0.00673774499088986,-0.014553711572739214,0.003278479228775888
2025-05-30,-8.118516130162234e-05,-0.0032384247576783265,-0.008501460457109866,-0.0024613999764006023,-0.00333823496911434
2025-06-02,0.0041020419271569075,0.006740682079448224,0.032928958631713856,0.028458620104979238,-0.0013777230725331435
2025-06-03,0.005800290454605506,0.008125278617521214,-0.00591659419655044,0.014235434790978552,-0.007043833380258491
2025-06-04,7.36874595066439e-05,0.0031717831214381764,0.006544032713440284,-0.008831436281952265,0.003165904807986175
2025-06-05,-0.005277383403094138,-0.008326666680717576,-0.007089860514771007,0.008273674946512433,0.005308696762106768
2025-06-06,0.010280683010067904,0.011995782530291654,-0.008444194001769323,0.019094254687782586,0.01018752395450262
2025-06-09,0.0009199480792858594,0.003138309011380125,0.0024800706523950833,0.010994101336975204,0.004005448710087123
2025-06-10,0.00548298940767844,0.006316598567499998,-0.003427822091492505,-0.004748009714302559,4.18584595869298e-05
2025-06-11,-0.002743888954607865,-0.005027107486322402,8.974362531821711e-05,0.048784210606031886,0.0014798446727146697
2025-06-12,0.0038224199557175265,0.002376104103309906,0.017555388350950052,-0.0016140954935971452,-0.010071084662786611
2025-06-13,-0.011296379879250695,-0.013002430170469537,0.014813116603270782,0.07260438528710988,-0.006814458847919758
2025-06-16,0.009392659896159117,0.015168930638848721,-0.010281510512619607,-0.016579976133314744,0.00921979376770854
2025-06-17,-0.008352184790166306,-0.009142640740278152,-0.0030433811300654146,0.042775530701112396,-0.0037319707924959866
2025-06-18,-0.0003092402101070313,0.0012898709908895079,0.00035228370275119936,0.00400859254994268,-0.0016637405234334324
2025-06-19,,,,,-0.0007577278241026608
2025-06-20,,,,,0.01287247095983779
2025-06-23,0.009606504133156335,0.009438817066138139,0.002746861494594688,-0.08567994318427696,-0.0055948454872697395
2025-06-24,0.01112172017970181,0.01434257113455839,-0.01799708325662741,-0.060429123639729965,0.0029012296868362597
2025-06-25,-3.2861029504172024e-06,0.0030644768158396563,0.0027595895443748297,0.008544281480436622,0.008001820520425307
2025-06-26,0.008020121275230219,0.009730837402353698,0.0014656762288347558,0.004929138999533844,0.012052010814129765
2025-06-27,0.005218970885222163,0.005233600330041721,-0.018040592097894215,0.004291826923133124,0.003475704773181043
2025-06-30,0.005164427424532603,0.004748549423642334,0.006113837729216032,-0.00625757102748925,-0.004709842354665206
2025-07-01,-0.001118531087121899,-0.00819057689575009,0.01272790708883198,0.005221875820971444,0.0009699396772837598
2025-07-02,0.004745096791088033,0.00941648588344024,0.002955371126468709,0.030557679041323782,-0.0034610085397696055
2025-07-03,0.008338955206607324,0.010197980458914957,-0.005000461074586515,-0.006671563656073909,-0.00188971251922454
2025-07-04,,,0.0010769385148881039,-0.007462686567164201,0.0021924250859925998
2025-07-07,,,-0.0011056181598311232,0.021503763987605673,1.1813410706551508e-05
2025-07-08,-0.0007158868810946961,0.000291066776000104,-0.007748039399920081,0.005888436980449052,0.0024036171315751087
2025-07-09,0.0060621034026635545,0.009446299936140878,0.0012361234215578776,0.0007316759991737865,-0.00181801902732881
2025-07-10,0.0027462050044453346,0.0009373632498645978,0.0014152216717480126,-0.02646969335032079,-0.004743646446198069
2025-07-11,-0.0032975229626984737,-0.0021875625420221256,0.011516387344152612,0.028240908247505025,-0.008100901810276007
2025-07-14,0.001407413809457303,0.0026621021232773323,-0.0014565702567628236,-0.021475436915214363,-0.002685854157148504
2025-07-15,-0.003956298214731202,0.0018154120105235982,-0.006668496273750324,-0.006867821600662349,0.004525103218794291
2025-07-16,0.003193657417327689,0.0025481168757934824,0.006713263647367462,-0.0021046211171603657,0.0006449487413033861
2025-07-17,0.00537376740890938,0.00748463516761011,-0.0041082576960875805,0.01747519900732808,-0.003990217351728331
2025-07-18,-9.048620868445933e-05,0.00047879763440294987,0.003886049027068239,-0.0029612759094698182,-0.0056965580472427835
2025-07-21,0.001399134882868358,0.0037581647571129917,0.014322678979327375,-0.002078993128332929,0.004898144302865282
2025-07-22,0.0006375316336257875,-0.0038852644341349496,0.01094999116294626,-0.014732111737029263,-0.0011876443882732346
2025-07-23,0.007811886951519131,0.006094480005107927,-0.013386721889036113,-0.01449930671722044,0.006344544590244583
2025-07-24,0.0006982236416543941,0.001805012892285518,-0.00709327082750999,0.011954004280411823,-0.006256994627491075
2025-07-25,0.00397432777929585,0.002391464926232212,-0.01123459384726544,-0.013175755463746608,-0.008981674037030651
2025-07-28,0.00017685810881817865,0.003328534179168896,-0.0076748102010902874,0.023787528165297056,-0.006284962329387578
2025-07-29,-0.002959442388724254,-0.003791142528385638,0.004229607250755274,0.03747564134777348,0.005680474234370125
2025-07-30,-0.0012494327466496813,0.0014873651262450327,-0.008483739823067049,0.011414548850999573,0.001367835124523431
2025-07-31,-0.0036948193411530106,-0.0003417328880052084,-0.0007889124393861691,-0.010571398053850434,-0.0034882717656889994
2025-08-01,-0.015992133140148468,-0.022360965552978174,0.03236976170193273,-0.02786601567495739,-0.008195943742782208
2025-08-04,0.01473710033091602,0.019537368624801488,0.007823946447907737,-0.01544632240077648,0.006407415043054421
2025-08-05,-0.004857865996303334,-0.006508598365053131,0.0024223818190187707,-0.017046269992633034,-0.0029608040671041946
2025-08-06,0.007281907295092482,0.01208942828430759,-0.000378504337091079,-0.012431018147092243,-0.003056914228121266
2025-08-07,-0.0007974800154801898,0.0034615637625137197,0.005912520942948474,-0.007303767166286335,0.0008932609229541644
2025-08-08,0.007799715348974834,0.009759603069510403,0.010886903375463053,0.0,-0.009466912735407229
2025-08-11,-0.0025041278217863283,-0.0030125446054189986,-0.02480454170225721,0.0012523170792080318,0.009101804471857822
2025-08-12,0.01134543584661274,0.013864598959296481,-0.001674141995952727,-0.012351484159403792,-0.003971941790719136
2025-08-13,0.0032300788824048965,0.0014408439210664703,0.0027361132180421244,-0.008231702677522601,0.005388453516712133
2025-08-14,0.00030309080129242716,-0.00011378838131570479,-0.007364403748689963,0.0209097769622979,0.00048543816407109475
2025-08-15,-0.0028971350972291088,-0.004039002639741107,-0.0001773035954960589,-0.018136333083433653,
2025-08-18,-0.00010076318078544588,0.00031397440837599433,-0.0013599294990375155,0.009872594576703086,
2025-08-19,-0.005858103118756786,-0.014554954552111976,-0.005713454360013359,-0.016871644997116575,0.004168564680625764
2025-08-20,-0.0024316693228262354,-0.006666206064662283,0.008872495090765042,0.013793113574950944,0.0027981813736617234
2025-08-21,-0.004004181529308926,-0.003426501203265042,-0.0020362704275490584,0.004904309093197945,0.0013252889742787488
2025-08-22,0.015186444876893468,0.018778326259453193,0.010911965128379553,0.002204020602007528,-0.008517482060098724
2025-08-25,-0.004266385548063467,-0.0021980282436453447,-0.00029252596167905764,0.017907684685488423,0.003926417350905487
2025-08-26,0.004133995191134998,0.00442814064714403,0.004535479151426491,-0.023919799054944124,-0.010241179872034878
2025-08-27,0.0023909843081744153,0.0021291552114803824,0.004544158944436383,0.014229273136425302,
2025-08-28,0.0031567194195349924,0.005327410008474587,0.0074522851139919855,0.007014761302237105,
2025-08-29,-0.00639818429357164,-0.011500001529734183,0.012031214414605307,-0.009133070461711856,-0.0030223697933294824
2025-09-01,,,,,0.008114070174605414
2025-09-02,,,,,-0.0018457290617897026
2025-09-03,0.0051000736279842585,0.010249219585447555,0.012053908305966976,-0.024698813960013055,0.0055107151470170646
2025-09-04,0.008346486409699372,0.009766565111615222,-0.007921894877767843,-0.007659866642432012,0.0007788776228048189
2025-09-05,-0.003165152978388819,-0.0003362323816525903,0.01292042539915439,-0.025362328638335097,0.00027084730671167456
2025-09-08,0.0021059789159529885,0.0045302683923460485,0.006596735333402437,0.00630352992373262,0.0012994782193525012
2025-09-09,0.0026881536531127015,0.003706231037653218,0.0013052833402931174,0.005942864705379636,0.003852930178235292
2025-09-10,0.002983469943562689,0.00030029550184296205,-5.4302095086167235e-05,0.016605414068235458,0.0042020862308871365
2025-09-11,0.008485890387959882,0.00717396195120279,-0.0022813422986828202,-0.02041776777833515,0.0012974116602184615
2025-09-12,-0.00048276131466740146,0.004447170720106586,0.0034842672983557144,0.0051306669922135395,0.004339045410009845
2025-09-15,0.004706619226962694,0.009378503971730234,0.008843342697444134,0.009730429473828073,-0.0017838966811339896
2025-09-16,-0.0012879303382402618,-0.0006617400302030285,0.0016402521259075709,0.019273260990682273,0.006777256391098607
2025-09-17,-0.0009701681605103207,-0.0032520366440261794,-0.001959691991288537,-0.00728446397647331,0.003611475529465391
2025-09-18,0.004789119185128365,0.009406024899013321,-0.010624562774012136,-0.007494197253132273,0.0036853015416349333
2025-09-19,0.004885418870829605,0.0071541882322734285,0.0074762797039249484,-0.014000305079770237,-0.0037976065391384095
2025-09-22,0.004410046474333074,0.006959332608287738,0.01870042849452691,-0.0006381766964356217,-0.004923635718664832
2025-09-23,-0.005502159197012135,-0.009456753272509166,0.010754642914192258,0.012292472306296265,-0.0013034343973540308
2025-09-24,-0.002846617843333288,-0.0033495659183030435,-0.012474737040318429,0.024917174265249642,-0.00447365300760838
2025-09-25,-0.0050090613431266195,-0.005029818809150544,0.0007961571938777112,-0.00015378530796217316,-0.006626948212322681
2025-09-26,0.005901836747171263,0.00443924185797262,0.010050091846489195,0.011388085957840577,-0.009487437927231501
2025-09-29,0.00263554421636214,0.00476248635752885,0.012129154941421527,-0.03454048106512475,-0.0008030448049409777
2025-09-30,0.0040908483833717035,0.003048068549381,0.0046690185276974105,-0.017021305249305896,-0.0009661407544825362
2025-10-01,0.003399920834961989,0.004199044555106113,0.0062738947470999396,-0.009459678734838994,0.009150390492475902
2025-10-02,0.0006183547238911569,0.003906394171239613,-0.007543271929121187,-0.021042396612934167,
2025-10-03,6.551280273581206e-05,-0.002781512623722282,0.010547763412901645,0.006613781893294535,
2025-10-06,0.0036465919796933033,0.007074475413767267,0.017242740455943206,0.013304821688282953,0.007367178791287232
2025-10-07,-0.0038114057910215715,-0.006682623688557987,0.0070668342857844735,0.0006484181620654006,0.0012222193924698033
2025-10-08,0.0058276636405680815,0.01119086636200639,0.016506867263072822,0.013283649779766593,-0.0024752925801897474
2025-10-09,-0.002755570407195318,-0.0008136826846035783,-0.024051075382324094,-0.01662671348061584,0.005416017571936882
2025-10-10,-0.02711167321141361,-0.035622771843095036,0.006997886523715691,-0.0424320739209092,0.0041120501676790155
2025-10-13,0.015598671787557583,0.02207576120615018,0.033146710552253156,0.010016980259816455,-0.0022938183927065925
2025-10-14,-0.0015643266604626893,-0.007618996801966316,0.0073554082612508065,-0.013279557795226826,-0.003244479132464395
2025-10-15,0.004026001159503689,0.006588350991361569,0.009175240478579871,-0.007325388408636391,0.007080820872521931
2025-10-16,-0.006294387099829435,-0.004743742203573875,0.024514470108056186,-0.013900830048527935,0.010336228211479837
2025-10-17,0.0052707155502571545,0.005204717443356266,-0.021209936091034498,0.0013923047742669947,0.004867983737610659
2025-10-20,0.010672270853256949,0.01369350796084623,0.034675932031636325,-0.00034759223923253035,0.005184813729964155
2025-10-21,3.2696450934288634e-05,-0.0016036657742026783,-0.0574161146704919,0.005215563885136554,0.0009847568259027106
2025-10-22,-0.005337539220865439,-0.009291304265325873,-0.01063497950254988,0.011760641798077565,
2025-10-23,0.0058273934429324825,0.008856501520000837,0.0197275046093901,0.05623933188935637,
2025-10-24,0.00790242258787388,0.011466770280299965,-0.001881583554853683,-0.004693330817777452,-0.0037174505259611745
2025-10-27,0.012290050865671143,0.018642285558837957,-0.028541703100724125,-0.0030894085643736746,0.006625291500029773
2025-10-28,0.0022879438603986557,0.008039327801639073,-0.009105120770259267,-0.018920238483593477,-0.001149638146805021
2025-10-29,-4.3578255173426506e-05,0.005497031683221021,0.004418631991192301,0.005486251171838097,0.0045381040946781415
2025-10-30,-0.00990481243951924,-0.01574933904590925,0.0037993229578294763,0.001488097772306407,-0.0067571756478100875
2025-10-31,0.0026179217059763005,0.006098954871908369,-0.004830773379692066,0.0067690250863108314,-0.006018660837397216
2025-11-03,0.0017207127269924793,0.004626341257806255,0.0043788314775428105,0.0011479123540454328,0.0016036793506921665
2025-11-04,-0.011736830084583816,-0.020393781164017133,-0.013328350772296993,-0.008026173135020742,-0.006431586779760301
2025-11-05,0.0036535556982648654,0.006474045263609396,0.00818076059683115,-0.01585209506935914,
2025-11-06,-0.011178189042419073,-0.018970822392277542,-0.0004758201783707783,-0.0028523183439194133,
2025-11-07,0.0012618418007710464,-0.0021450157379379053,0.004710611081965688,0.005384480787161472,-0.0006820322478444663
2025-11-10,0.01540101862170995,0.022718597314864253,0.027981432940693773,0.006359850512388965,0.0032185728871263475
2025-11-11,0.002075350517340535,-0.0025021768797727217,-0.001382871254852036,0.015133873794235697,0.0047156471705849246
2025-11-12,0.0006295171887717999,-0.0026350371220488222,0.023637805209899332,-0.04177587154019646,0.0070384090258497345
2025-11-13,-0.01655685496159698,-0.022903999196268954,-0.004532964024486885,0.0034193356557179477,0.00012944949620363744
2025-11-14,-0.0005017255648851471,0.0013218187022914218,-0.02391227770368931,0.023854175475168438,0.001194026471448284
2025-11-17,-0.00916226617680782,-0.008406749894371957,-0.004811672953646595,-0.0029955118109286083,0.0039906690408659795
2025-11-18,-0.008256436690967983,-0.012119951159984765,-0.0019634310958399626,0.01385414510380012,-0.003974806902018679
2025-11-19,0.0037538357962292324,0.005856628188694035,0.0040083730058095846,-0.021402749684458544,0.005503640675154298
2025-11-20,-0.015567283563270418,-0.02154647765069262,-0.005584414753465383,-0.00504709360685851,0.005354541588221684
2025-11-21,0.009823035415319481,0.008833628421609951,0.004802955665024644,-0.018261718422446616,-0.0047342428227803435
2025-11-24,0.015467217001293498,0.026890294714480234,0.0036033707983516017,0.013434356886799836,-0.004167936312968079
2025-11-25,0.009061696817220577,0.00671476095449286,0.011186568651835316,-0.015125754373562672,-0.002877529180069005
2025-11-26,0.006906711511012631,0.008212584809258683,0.006087003698671545,0.012079391781252946,0.012381783530362567
2025-11-27,,,,,0.0003911422381892571
2025-11-28,,,,,-0.0004806903583736144
2025-12-01,-0.005323329342915684,-0.0038419380446740314,0.004676937836490147,0.013151160850507493,-0.0010380212747401751
2025-12-02,0.002457235261999813,0.005918133438435724,-0.012632170503233064,-0.011463255372118786,-0.005484113396941881
2025-12-03,0.0029797912994984355,0.0017263385880927906,0.002772032755381071,0.005286517334884833,-0.0017746951904364927
2025-12-04,0.0010803218396737702,0.0021766259782449726,0.0024808033077377,0.012213696296650589,0.0018375278996383138
2025-12-05,0.001936641757662061,0.0031052881384325826,0.0,0.0068711861017412,0.005865433091659877
2025-12-08,-0.003477255626794018,-0.0013669645376993556,-0.0059627161648597715,-0.019973380931542994,-0.00862653945989178
2025-12-09,-0.0008763589340257116,0.0012991579528713881,0.004386276677645462,-0.010699746207314398,-0.004657081109092687
2025-12-10,0.00674955693920154,0.003293965958375278,-0.002714697009061351,0.0036051344973846433,-0.0031598875909956137
2025-12-11,0.002079350841514227,-0.002548855681956619,0.020900845173693616,-0.014710924115973745,0.0054565875164998
2025-12-12,-0.010663649289958,-0.01689801769130872,0.003547369507883147,-0.0027777752022684066,0.005729990019651465
2025-12-15,-0.0015965630269072495,-0.005939157423247909,0.0015942496907277448,-0.010793853529036612,-0.0007543469807149705
2025-12-16,-0.0023839179519623555,0.002344182667685546,-0.0006690326846119365,-0.027279113787143094,-0.006424068837574293
2025-12-17,-0.011592143912241393,-0.01809234933831194,0.009602312751125552,0.012122275436876606,-0.001606677033445636
2025-12-18,0.007934262269941872,0.013794326180095018,-0.0021490894976158303,0.0037540740851871313,-0.00011619552256891819
2025-12-19,0.008818059450332205,0.013094630085295655,0.0052239213397868856,0.009082783751985346,0.005843362036054733
2025-12-22,0.006436496360377575,0.005200485590942661,0.01871312682313886,0.023826305643429135,0.00793332910611566
2025-12-23,0.004550388765703239,0.0056771834180993075,0.008121961283821255,0.006378258184584151,0.00018148889399149937
2025-12-24,0.0032214822012188726,0.002184494227374767,-0.0006437158486526373,-0.0005139190381161507,-0.0013389838361685946
2025-12-26,-0.00030436354912266594,-0.0008559129165679469,0.011082080658583404,-0.027592062343726353,-0.0038175521330050532
2025-12-29,-0.00349205148036813,-0.005033251330520905,-0.045928808989342484,0.023616498289537935,-0.003847631310177624
2025-12-30,-0.0013756671519022934,-0.002354464859291694,0.009830487630362317,-0.002238310330867188,-0.00012527898855285713
2025-12-31,-0.007357666300846111,-0.0075617762593251925,-0.010304746379384833,-0.009145860000283057,0.0073538342244390265
