SP500_return_1m,NASDAQ_return_1m,GOLD_return_1m,OIL_return_1m,NIFTY_return_1m,SP500_return_3m,NASDAQ_return_3m,GOLD_return_3m,OIL_return_3m,NIFTY_return_3m,SP500_volatility,NASDAQ_volatility,GOLD_volatility,OIL_volatility,NIFTY_volatility,SP500_sharpe,NASDAQ_sharpe,GOLD_sharpe,OIL_sharpe,NIFTY_sharpe,SP500_sortino,NASDAQ_sortino,GOLD_sortino,OIL_sortino,NIFTY_sortino,SP500_mdd,NASDAQ_mdd,GOLD_mdd,OIL_mdd,NIFTY_mdd,SP500_NASDAQ_corr,SP500_GOLD_corr,SP500_OIL_corr,SP500_NIFTY_corr,NASDAQ_GOLD_corr,NASDAQ_OIL_corr,NASDAQ_NIFTY_corr,GOLD_OIL_corr,GOLD_NIFTY_corr,OIL_NIFTY_corr,month,SP500_Sentiment,Gold_Sentiment,OIL_Sentiment,NIFTY_Sentiment
-0.0086285085612977,-0.0032619549967088,0.0673740876816597,0.0819524782717919,0.0263144433235116,-0.0542193401942365,-0.0312451953712369,0.0879789834072042,0.1647066204078633,0.1624406695180442,0.0111086099091988,0.0129755866992248,0.0096020245619203,0.018151541056373,0.0148371362070294,-0.0660042907953182,-0.0283647051447264,0.1181181994178813,0.1264253050260311,0.1482979558007664,-0.0868738829311321,-0.0392108983211811,0.1659284636654135,0.205718193424372,0.2492850587815989,-0.0915351897780837,-0.1115086445852192,-0.0788607670361927,-0.0852829819272247,-0.0662656333164896,0.9353902698299112,0.0365374187156071,-0.0212922018801902,0.1353867301298605,0.0118468982858072,-0.0648094704452272,0.12339528113616,0.5805214575004499,0.1935708885518895,0.2103096958168062,2007-12,-0.185736554,-0.0118762840827305,0.0,0.0
-0.0367321106812127,-0.0651383129740793,0.066012364573466,-0.0716199148287838,-0.1630909142828825,-0.1022663715459769,-0.1442758243919456,0.0877509081094827,-0.0659242385216887,-0.1489479990896045,0.0156971683630001,0.0164071077384634,0.0113023896792188,0.0162132864736935,0.0326599978181444,-0.0880425958849706,-0.1116289069248372,0.1533043360342543,-0.0089927306943075,-0.0975308010418726,-0.1139572440644091,-0.1441245728410828,0.2297900895329963,-0.0133101518707147,-0.1264241165031225,-0.1465816412765735,-0.17921937495726,-0.030867048199368,-0.1460036688154533,-0.2336210800989254,0.9400533139355224,0.0674596972653277,0.0196620333910146,0.0636514641626189,0.0946691781861363,0.0793907895856015,0.0482122331180261,0.5650297250311628,0.031049456682285,0.0902403031509321,2008-01,-0.2044394025,0.1911969590518209,0.0,0.0
-0.0338952982053555,-0.0431049873293867,0.026478047720015,0.0599179256489117,0.0167495160860173,-0.077412205289109,-0.1083535432425638,0.1679615973839647,0.0646484813050158,-0.126681424198458,0.0132665645173192,0.0137766648669345,0.0108483046163014,0.0188203137247163,0.0245797634402113,-0.0543642043469077,-0.0900829743003027,0.1565866253298043,-0.023816039765462,-0.0569869782689689,-0.0696399059066066,-0.11431062221587,0.2456377316987985,-0.034219783743908,-0.0754348726908466,-0.1295588496716319,-0.174258157208463,-0.0444395990258074,-0.1445310770702131,-0.243170869914158,0.9445998577920138,-0.033870703407896,-0.0269737526731162,-0.0456662039928669,0.0329389109830238,0.0767959029635405,-0.0878461958489704,0.4673213324095445,-0.2051749136738398,-0.0001088616271394,2008-02,-0.3083517636666666,0.315958105465945,0.0,0.0
-0.0059596233978163,0.0033546926466543,-0.0575043357502524,-0.0025529705045678,-0.072440522181378,-0.0749284936849559,-0.102434525245415,0.0313148447659383,-0.0185054459778696,-0.2107146816363785,0.0182630870112626,0.020307898941082,0.0184769917666504,0.0273900514297366,0.0315043073610432,-0.0853551253556057,-0.1108533241721675,0.0751044988395592,0.0174804786684205,-0.1098306078941865,-0.1162856681759804,-0.148334375661113,0.09871148423895,0.0251786071672191,-0.1414354592591746,-0.1373921842109368,-0.1682796943498362,-0.08672248698303,-0.0858334185039191,-0.2613579314947698,0.95163591176772,0.1296537403165226,0.1184123794193704,-0.0135048513791578,0.16707111979428,0.1761471788086484,-0.0236479098911225,0.5506171948655246,-0.1252270264026483,0.0810121541596995,2008-03,-0.005555325,-0.0041823743478111,0.0,0.0
0.0475466976412293,0.0586634835869503,-0.0582842432903126,0.1169521267894495,0.0516730615910583,0.006008413928993,0.0164282111870495,-0.0889360464094718,0.1808551767297974,-0.0081717101671973,0.0115459914643581,0.0141632093908064,0.015507836537393,0.0168224864371055,0.0125838682620258,0.0267733881917138,0.037195403601479,-0.093936218043228,0.1379191120935531,8.874131243084973e-05,0.0419345649947917,0.0587584714474403,-0.1116933450996363,0.2160268639655218,0.0001262005157608,-0.0604694461851523,-0.0941267516584956,-0.1399521757432832,-0.0847457474752736,-0.2436901815459897,0.958020719064518,-0.0235854034890058,0.1060372806148664,-0.0296505413563951,-0.0306835389403476,0.0865951246961081,-0.0641885511469476,0.5787337704996016,-0.0965215882915817,0.0567691216747415,2008-04,-0.45724771115,0.0284145344048738,0.0,0.0
0.0038019313698494,0.0301223975097268,0.0486760231966743,0.151516951273972,-0.0588686005705657,0.0452626790868186,0.0942114358839751,-0.0692339443095865,0.2829057043935652,-0.0819363750500387,0.0091557485913448,0.0111974967617948,0.0132463330942575,0.0176385296732505,0.0120706518952552,0.0262093893458291,0.0724439839622275,-0.056687167807224,0.1953117266563132,-0.0582902455964142,0.0421613873360822,0.1211969574817575,-0.0693753681411662,0.3116109423998724,-0.0750943016397857,-0.0355382621971697,-0.0351497828420034,-0.1538078009523841,-0.0573846523071452,-0.1188874762220977,0.9598668005278992,-0.0756649900988264,0.015210164133475,-0.0091376758652687,-0.1143546817536807,-0.0453744865176195,-0.0291344934094261,0.6352637655892596,0.0347836184858814,0.1793451674579932,2008-05,-0.17081340175,-0.0207107883806412,0.0,0.0
-0.0859623848263141,-0.0910467283116939,0.0438408936653109,0.0993325612677538,-0.1703353180004139,-0.0388625764998178,-0.0087383137243605,0.0308500168418446,0.4139497859745231,-0.1788289768319964,0.0123596217051075,0.0150784200874992,0.015483528315906,0.0289525275702253,0.0189406173407338,-0.0501541818750329,-0.0033446159436486,0.0399429358132538,0.2667633123038573,-0.1345025560236175,-0.0685169421459804,-0.0048820941441459,0.0561743949852374,0.5188199630514709,-0.1757009951101906,-0.1100092952611563,-0.1083562086691847,-0.117807898683328,-0.0666259315337675,-0.2236250686647337,0.9404387782799296,-0.444694223111903,-0.3681678862962264,0.1122767782151203,-0.424837920417728,-0.4191894910277907,0.1076253236778913,0.5245201144619994,0.0731535457692308,0.2020928413796997,2008-06,0.0933066101666666,-0.0595903165638446,0.0,0.0
-0.0014864004944621,0.0151354946844892,-0.0083852558547279,-0.0891387718329641,0.0723664211433741,-0.0838510679097832,-0.0494950115311544,0.085471989206507,0.1530593010474197,-0.1626711157466792,0.0148248091017977,0.0160331994461185,0.0131292730599753,0.0251879237177854,0.029846523388863,-0.1122965786054353,-0.0557695358829209,0.0858492662020882,0.0919460914421683,-0.1191728396468081,-0.1420567915262937,-0.0757624889202648,0.1285889282723853,0.1476043938374563,-0.1627331170742815,-0.1470438137711899,-0.1387174728831082,-0.0765060722706929,-0.1583550860600786,-0.2666369363800381,0.9219779792512648,-0.4465215340571445,-0.4177701042441079,0.022610842117015,-0.3624746026896094,-0.5160023504443296,-0.0717331504772236,0.4476338731947671,-0.0896972580075037,0.0936760866769324,2008-07,-0.1668681218571428,-0.0991756681352853,0.0,0.0
0.0121904646691215,0.0180473306623845,-0.0925703406949063,-0.0694713299433924,0.0148667630330003,-0.0761950298172446,-0.0606368052658017,-0.0607304300251434,-0.0682249734031258,-0.0970684275634801,0.013112467038194,0.0134434042615592,0.0168643783273318,0.0234055713750605,0.0164454924154558,-0.0869961642611304,-0.0594454672867181,-0.0577008821731966,-0.0307323930347022,-0.058380550070956,-0.1153829686190076,-0.0813196782615928,-0.0777977282387463,-0.0454879844191446,-0.0822969153248159,-0.1231031232607887,-0.1104254479946676,-0.1960724248885836,-0.2225512574680616,-0.1411901410736087,0.9247202636200084,-0.4456565045591839,-0.4098119871004791,-0.0011066634083301,-0.3940285595813519,-0.5116021799241683,-0.0707865403668012,0.4516351055808894,-0.1890752830447606,0.0330645378146374,2008-08,0.1398567833333333,-0.3796490253598401,0.0,0.0
-0.087055193826447,-0.1095503688391569,0.0859627480832694,-0.0826724981361141,-0.0892681754831119,-0.0772995165134419,-0.0797595032322284,-0.0228283164695265,-0.2224892743451769,-0.0088423236275294,0.0351506323512331,0.0342351347262658,0.0317269321151744,0.0591654086166414,0.0238605708567135,-0.044401755100986,-0.0540222147495149,-0.0088867582350378,-0.0865492042126561,-0.0093045761131869,-0.0566920677083181,-0.0690715767975456,-0.0148621932295227,-0.1225394588519948,-0.0140004373976637,-0.1488931934074678,-0.1852343845012328,-0.2189044726569229,-0.3392529263401501,-0.148957869764358,0.9672722490093396,-0.3671010856329916,0.1019681019958242,0.2353820757335603,-0.3599709542266607,0.0240428933157785,0.1657434897993612,0.3705994480871099,-0.246222053907288,0.1781328388502907,2008-09,-0.3638700731666666,-0.0557332738586094,0.0,0.0
-0.1694245240177702,-0.1773189439261273,-0.1800503571450257,-0.3262122618259023,-0.2864810187428277,-0.2324867747015286,-0.254223275920269,-0.1919930823442608,-0.4248550964242,-0.3405147703557587,0.0509092287449895,0.0485544085995491,0.0245252232628932,0.0428991894393327,0.0457105018406665,-0.0930155927752046,-0.1103143074108885,-0.1174965851515039,-0.1797814107793896,-0.1722520704048497,-0.1280743917771439,-0.1517242836996209,-0.1698763806684941,-0.233575621587247,-0.2067569138921437,-0.3469735299345654,-0.381490640182084,-0.2108640684512053,-0.4812272536210914,-0.3815434345535298,0.9749210406128715,-0.2082807452492374,0.2676167428261811,0.4908987721730541,-0.2346542147536258,0.2372091093463806,0.4404193715558296,0.3375885014858024,-0.2377526874832427,0.2945096608156604,2008-10,-0.3866732965857142,-0.0693218521773815,0.0,0.0
-0.074849042338709,-0.1077195793849655,0.1386719114213663,-0.197315996684065,-0.0322806925243167,-0.2984861839864271,-0.3463545858778488,0.0139130586422773,-0.503873842317082,-0.3711523394317576,0.0447646802068378,0.0424551843676767,0.0246391830467642,0.0555652111976657,0.0394168681471509,-0.1130593085498887,-0.1487948799421463,0.0201559561220781,-0.1899081289297764,-0.214185087092735,-0.1547435724486338,-0.2009849564673951,0.0335021124373766,-0.249486530387034,-0.2586359657475212,-0.4191253829483203,-0.4507162025933946,-0.2201570910776303,-0.5896460495925792,-0.4453774257458321,0.9793141330463117,-0.0635674802118941,0.44681041383354,0.5504990108990439,-0.0914551474262422,0.4258027764616194,0.5197639051081127,0.3286959652550689,0.0435663296550817,0.4153178575227272,2008-11,-0.085951750425,0.1245982887016402,0.0,0.0
0.0078215766335001,0.0269998010237226,0.0825777534561105,-0.1805989670391373,0.0211526358205818,-0.2255821432970838,-0.2461182679492162,0.0107526461309199,-0.556836260486816,-0.2949083046927614,0.0309187372096824,0.0326940243918499,0.0215457755589529,0.0788504424951588,0.0228320481224725,-0.0718518713717061,-0.0828765602080899,0.0140899325908563,-0.1771326500939639,-0.1588102991639948,-0.101028734182058,-0.1165904300373748,0.0208995784411055,-0.2458438801187193,-0.1977082887161759,-0.3598252251203387,-0.4009290029310713,-0.1697090610363683,-0.7004631014788982,-0.4175786593798086,0.9781550908141516,0.1228196622150999,0.3701133076306708,0.5085582887192829,0.0826373830706923,0.3414851598925592,0.4779316353112584,0.3586511139041019,0.0823866231621691,0.2942055535368791,2008-12,-0.117743085125,0.0076132416725158,0.0,0.0
-0.0346725077171432,-0.0063135121397056,0.0306682544837852,-0.1192654217061167,-0.0455443570017958,-0.0999411020340732,-0.0894137101458776,0.2705056640739074,-0.420723163806769,-0.0568173165745061,0.0225240035751832,0.025205165688931,0.0218097286937977,0.0569445652052886,0.0281795080904506,-0.0204610871009251,-0.0082471036424146,0.15848099991726,-0.0850050769856161,-0.1622032152591976,-0.0281961502818893,-0.0113668948904483,0.271791132159074,-0.1245418584745863,-0.1978236089890628,-0.1621973700052806,-0.1656282830079969,-0.08703029142561,-0.5370119593269358,-0.3735088453463332,0.9802926653291214,0.2134575433157017,0.4056261698088069,0.4514545928385333,0.1789529364901253,0.3809724747570968,0.4140996562274199,0.4012158824225332,0.2521925473631555,0.2942092639346158,2009-01,0.16602877028,-0.1634751851467982,0.0,0.0
-0.0674448744881955,-0.0263478688352175,-0.011460743443464,0.153216382690593,-0.037766921684799,-0.0927377509477441,-0.0063725917971129,0.102990872100054,-0.1677527708892524,-0.0621644418219797,0.0212058217722061,0.0209576110860496,0.0179624556169398,0.0540961786404196,0.0184579103285006,0.0228008097425045,0.0695657817682418,0.1109491528408929,0.0073274158371585,-0.0405822921666189,0.0326652514578659,0.1025247343153302,0.1731109742868961,0.0117290380575915,-0.0565035332786039,-0.1335147701685283,-0.1089425014197007,-0.0601916435693047,-0.4644425880920005,-0.2991721461380106,0.9766515316392984,0.1746389548246599,0.2654000334182144,0.2810110530578307,0.1547923145583545,0.2237575963660385,0.2390723642235411,0.2654955691292567,0.2383549839185596,0.2736809347852811,2009-02,-0.081671813,0.1030130960385907,0.0,0.0
0.0854044619953224,0.1094103841807556,-0.0200743753734061,0.109472781716384,0.0746009135516168,-0.0228960004898381,0.0733600567089403,-0.0015968683547344,0.126866590612849,-0.0130770736644673,0.0308450793148091,0.0320863122130715,0.0240383046739482,0.0545339395332813,0.0238956657725991,0.0226721650660341,0.0763828537637848,0.0409295963188657,0.1262883103531897,0.0034450721693292,0.0347236049578914,0.122177954951873,0.0659785162155769,0.2126086658495394,0.004755162052077,-0.1993707395788196,-0.1684479377142721,-0.1128967627910473,-0.2536060790529779,-0.1893587791872348,0.9714144391730704,-0.0772324354796424,0.3742381540491293,0.3720869960587923,-0.0257858428348356,0.3136717605235158,0.2904363776930188,0.1656892521618542,0.0519105338405336,0.2512378353177312,2009-03,0.030125151375,0.0275057966892535,0.0,0.0
0.0939250791482635,0.1234536973468498,-0.0345761589237486,0.0293999011067001,0.0723857943968253,0.1072704119018705,0.2135319731384137,-0.0647988020371354,0.3170782498223248,0.1088646540368991,0.0188869589477877,0.0197114568815696,0.0132634636368838,0.038428299759834,0.0227403542701432,0.0412357397966115,0.1003972862120732,-0.0107769668156221,0.1107593555352465,0.0872792122724082,0.0628057991407789,0.1642449940498751,-0.0167697801498762,0.1872093318632753,0.1315336804721774,-0.0427897446897096,-0.0387670494562553,-0.1341584797530262,-0.1556864015590131,-0.0521897321598019,0.9702039306937804,-0.2139265036474385,0.40579489200025,0.3893393091445133,-0.1645796054385625,0.3620167560293157,0.3022911768539125,-0.0693703055528287,0.1443578262982688,0.3935395622234083,2009-04,-0.0129609348,-0.2954077280703045,0.0,0.0
0.0260929832125431,-0.0012739697568866,0.1051370927505919,0.2809425830198881,0.2175561563526287,0.2183326959334697,0.2447833587707744,0.0455078300620246,0.4629532156233427,0.4030955872441926,0.0177111447716386,0.0158253078199896,0.0071563434077113,0.0233251245794218,0.0444956389617492,0.1299561334611504,0.1524902356231148,0.0502818029472629,0.1644516017059565,0.1604817546284952,0.2146229922593974,0.2671067984884181,0.0808919950858313,0.2590091696207853,0.3690476611248652,-0.0635552055726028,-0.0563463187450141,-0.113994822917317,-0.0426507797215482,-0.0477544641510864,0.9573168249952712,-0.1369217822116937,0.5732321621135048,0.417531803351419,-0.1216033568837389,0.5342484268319918,0.3723183085344844,0.0669781873564886,-0.0455539692787481,0.27591938058983,2009-05,-0.4782334917,0.1552816228094426,0.0,0.0
0.0001958272656104,0.034215779765566,-0.0528197924517813,0.0539888698969008,-0.0354803022570495,0.122688657879471,0.1604133243993193,0.0105709031221523,0.389792009193292,0.2593636527261633,0.0128588588055614,0.0136645516470842,0.0108631859101873,0.0236655542674779,0.0191422136567778,0.1331472984242156,0.1689024983456509,0.0315053862621908,0.2073181328488331,0.1739350199238683,0.2041773956894892,0.2682496923568818,0.0424263048077703,0.3396795655517044,0.4032021499328013,-0.0635761976513845,-0.0523257738405212,-0.0636696865783922,-0.0791139237184415,-0.0902207185435793,0.9336392469474836,0.0342131824443447,0.6943941330250136,0.4020910243600443,-0.0084421457827278,0.6599749094879269,0.3996294751290419,0.055762903157222,0.0579456086043701,0.3247284167704428,2009-06,0.05997198212,-0.0910748886791142,0.0,0.0
0.071392803188272,0.0836793844189962,0.036150800705915,0.0352832468541237,0.0804805503942633,0.09956392005356,0.1193305073688457,0.0846053369396904,0.3977351097301194,0.2688697852524659,0.0132769372062324,0.0136285249248668,0.0108635378771054,0.0274095791584832,0.0220295638871893,0.1110663850679213,0.1376265569323188,0.1152559591550789,0.2288053771878943,0.1391689941941414,0.1719715358691067,0.2113783708431532,0.1648125039619349,0.3783962950684899,0.3033650458561064,-0.0805210676375947,-0.0576095659757981,-0.0687640008060691,-0.1468016687668505,-0.1463294025394707,0.9251277589870835,0.3563806479583969,0.622334047193366,0.3528972625515026,0.297914408726925,0.5150716810010919,0.3668651455191212,0.5000536124024857,0.1845715316320517,0.3573628020252955,2009-07,-0.072830467,-0.1855689287185669,0.0,0.0
0.0335601888685448,0.015446074598812,-0.0020970954958586,0.0073434436089401,0.0055322285936951,0.1075657971322365,0.1380696361841209,-0.020636604207193,0.0991900162841237,0.0479101570002593,0.0103013587207956,0.0113117277738306,0.007730694334258,0.0225920362275485,0.0177879522693034,0.108960499940151,0.1334947964028741,-0.0277744138071737,0.0520248606774743,0.0326213070616877,0.158050183653545,0.1960938742494887,-0.0366736043743204,0.0762161898962787,0.0450143926720971,-0.032585191153051,-0.0400087954761683,-0.0428451235651677,-0.0725302366564574,-0.0686632437715739,0.950664821963884,0.552142355901074,0.5960075753722427,0.3540857113075753,0.5327314870311227,0.5187484388205071,0.3764194528201213,0.5950904407863646,0.4469825658491445,0.3660016367681464,2009-08,0.0714481903333333,-0.317619026853488,0.0,0.0
0.0266427591847799,0.0465795035505043,0.0559731253755784,-0.0344307314827312,0.0705538884582319,0.1368517793711712,0.1516749001001243,0.0918528677987839,0.0069784703597151,0.1631118534506919,0.009726187106861,0.0098681943321322,0.0097876313782023,0.0253820616243757,0.0096358813682342,0.1771396717154433,0.1931326727597472,0.1266677348865867,0.0021716125713704,0.1239113017390374,0.2812048725309923,0.3090746755891981,0.2046013518471083,0.0030679750723961,0.1803661620042058,-0.0351413035704897,-0.0304125517669288,-0.0281676430654083,-0.1524043469200905,-0.029330098176272,0.9677053727245865,0.432956886063369,0.5461454187321125,0.3754120914543692,0.4032285408838025,0.500333956212214,0.3775360374966469,0.5477993811371018,0.4044458909476838,0.4031220912057556,2009-09,-0.1422460386666666,0.136383892968297,0.0,0.0
-0.0197620005268134,-0.0364253726261387,0.0314483642578129,0.0904970873022725,-0.0650939150618101,0.0401276829488859,0.0240341642327852,0.0868976347207379,0.0606827573421513,0.0064043715159884,0.0135983937102235,0.0133775101790289,0.0093312404051753,0.0192859660806134,0.0109351931173005,0.0609746012821697,0.0382548433385848,0.152841205987555,0.0530448784877105,0.0563658784455007,0.0857245778909874,0.0518748971032129,0.267726225149976,0.07747675792326,0.0831670530886906,-0.0562159838711664,-0.0602898833289374,-0.0322307163423954,-0.1050655657561346,-0.0787474673952493,0.9623893012640864,0.4497715600576095,0.5095144086913885,0.3949403472007642,0.4729426125638859,0.4702656532802416,0.4091117906038203,0.4164207676040912,0.3261950821238636,0.3535794353328111,2009-10,0.0074736599,0.0244193984703584,0.0,0.0
0.0759056548774206,0.0670910431747202,0.1482877129262516,0.0288426773771661,0.1027192320164605,0.0827422223995775,0.0761159178141885,0.2506940239627784,0.0833203857485345,0.1036756695588203,0.0088695876333021,0.0097858088632456,0.0087631387564861,0.0189739968613285,0.0138905032481929,0.1061342329478727,0.0965997308259213,0.3909666266569617,0.0435523944324618,0.2115831356399907,0.1563609266871265,0.1393803787785001,0.8887221802214552,0.0623564217006003,0.3757224607829929,-0.0501225306115274,-0.0584105798754726,-0.0101483999749478,-0.0657491203506229,-0.0490947778163055,0.9588519636276576,0.4339173910756387,0.5205653000841461,0.4353132635337024,0.4394509470576837,0.4588437897745642,0.4619691556331443,0.4756090972409095,0.3312095366209314,0.3164075243970519,2009-11,0.047039137,0.3246181149035692,0.0,0.0
0.0177705709193387,0.0580760043905701,-0.0727288342982546,0.026915137990555,0.0315487105708618,0.0733852257674683,0.0879368712259347,0.0982594894388906,0.1521473805056601,0.0634637135935753,0.006613759159211,0.007511796527992,0.0135013765376028,0.0166168356577106,0.0108048535154068,0.1153104608800776,0.131431061407023,0.1351292592154656,0.1335919215220204,0.1358731549363842,0.1678643665835892,0.1901226935238854,0.19453315303229,0.2075025254398416,0.236675186736718,-0.016183347725032,-0.0144885165287419,-0.107934961211542,-0.1242995744986152,-0.0379471615389995,0.9479385913931132,0.3782203776728964,0.4550110971189801,0.255000614486928,0.3492589272064168,0.3949392768024226,0.2888828166161999,0.4433777573536666,0.3665344706658901,0.3546631392962479,2009-12,-0.1384848052,0.0754953182681843,0.0,0.0
-0.0488631017650746,-0.0668940663162319,-0.0194688914770035,-0.0933829548379396,-0.0313930436796279,0.041518789106677,0.0535357835033538,0.0440441149958015,-0.0421281580042302,0.1017987446826118,0.0100033123078468,0.01144459539894,0.0117497109135295,0.0134875313488602,0.0079262416266079,0.0231155250460965,0.0139724974901711,0.0592445186430743,-0.0499547585542516,0.0602136113227779,0.0315794906232734,0.0190179619289822,0.0812298238189543,-0.0699368043484831,0.0964710619005339,-0.0764913291928266,-0.0862313469952262,-0.117892557383716,-0.1350188868304286,-0.0518573047961161,0.9492072709962426,0.4538485419795852,0.5776242615795061,0.3330672616876677,0.4056124355617442,0.5124758931517686,0.3529422533895232,0.5681711538041034,0.3465436575392301,0.3130820391698917,2010-01,-0.0574999461111111,-0.0703396167267452,0.0,0.0
0.0103270458444999,0.0279026235954842,0.0051030690906601,0.0520084399312326,0.0134726114186536,-0.0219638714422624,0.0148451744969877,-0.0861419725774617,-0.0205603982905013,0.0126266220907016,0.0109601323424323,0.0103904422781781,0.014450964812795,0.0218309838022402,0.0123452008820554,-0.0028503096940163,0.0478337208704598,-0.0482642370746856,0.0102141188960393,0.0366826867729737,-0.0036497841932656,0.0634946844870247,-0.0596414041805523,0.0145834278144968,0.053772324656846,-0.0912228219360614,-0.0955591043067149,-0.1429793092805155,-0.1551926454391332,-0.0781246324813303,0.9453524287860732,0.5520921709738711,0.5793261733639797,0.2998361501385723,0.4851169583078921,0.5144299501747825,0.2987594495346391,0.6354589848271233,0.4023463353247429,0.4132484720914527,2010-02,-0.5502066796666667,0.1064718272536993,0.0,0.0
0.058796425545498,0.0713500444430486,-0.0044710719678846,0.0514687206331547,0.0392815224471077,0.0174603064381189,0.0275768643164695,-0.0188715706208758,0.0028580423520887,0.0202175880715251,0.0047190027117173,0.005875373269946,0.0089614886767265,0.0133221833408985,0.0061902448829711,0.0174303901818215,0.038468369897744,-0.0328300191163632,0.0271936130411606,0.0857764114917194,0.0224281718342343,0.0500935562984829,-0.0423997004770438,0.0385866866899071,0.1270400002563303,-0.0574758594634651,-0.0459172633802429,-0.1137875113776217,-0.1009988603473102,-0.0211646162706364,0.950024299675852,0.6154969422907699,0.6774465509359212,0.2600599438763823,0.5330594649885522,0.5742033867552228,0.2348714205150978,0.684146717095922,0.3919842631487906,0.3942322860568659,2010-03,-0.07771085769,0.0039615084727605,0.0,0.0
0.0147592304820132,0.0263682386273167,0.0600017280409967,0.0285338983845924,0.0149151611932101,0.0855190662071476,0.1302813734331125,0.0606474608833174,0.1377168533626631,0.0689932496285774,0.009440133341455,0.0096213070632401,0.0077591349099819,0.015272739140718,0.0082096164198065,0.1389975493331545,0.1999903801420375,0.0947030794640216,0.122622433348236,0.0397256899277045,0.1859262137027394,0.279337275525869,0.127695337244187,0.1829874711858853,0.053511436676097,-0.0275779340426421,-0.0272552866822712,-0.0562954079012265,-0.0620681669386092,-0.0227558064525841,0.948158493348738,0.4574225117906417,0.66924402287624,0.2587491147344885,0.3673316360410795,0.5856440878206217,0.2664397633576,0.5846612938519492,0.3830683275851022,0.3918631650069432,2010-04,0.0753109138214285,0.0477681417763233,0.0,0.0
-0.0819758420731905,-0.0829476420771909,0.0272010645284526,-0.1413813127039461,-0.0363206129807687,-0.0136533207073126,0.0083904592026577,0.0839666442312605,-0.0714285987927034,0.0164722242347936,0.0202284959123542,0.0224861198442506,0.011221206414579,0.0251587127403934,0.0156348730815471,-0.0228096150602392,-0.0011420637499457,0.1418771754014955,-0.0434446947337845,0.0494967936008424,-0.0310632039181475,-0.0015893166622506,0.2184346201066802,-0.0602436504027791,0.0711595017538896,-0.1226752058121383,-0.1321147095757465,-0.053914864917165,-0.2168355020236685,-0.0972935121522442,0.9779972361059928,-0.0030501263465648,0.6687545601301171,0.3487384515798581,0.0022097542134056,0.6537385650140144,0.393195110293137,0.1633085803620463,0.1414356373110107,0.5144202229034965,2010-05,0.2752752674611111,0.2073970709720419,0.0,0.0
-0.0373583897220649,-0.0508880696903673,0.0169006779446823,0.0420225316260369,0.0444724463752685,-0.1032285973600453,-0.1066641382021914,0.1072369514837763,-0.079770702357255,0.021549222023292,0.016182369849269,0.0176728035654311,0.0092575407312946,0.019263279092077,0.011785555789245,-0.1066330525408011,-0.1014266054186866,0.1916379969813367,-0.041880218953167,0.0304948676738513,-0.1413707012090708,-0.1347073998251007,0.3066524169100457,-0.0576606715125481,0.0432353415146569,-0.1384797217437048,-0.1533372681688246,-0.0376842830389803,-0.1615825372809215,-0.0665976049907364,0.9752942811786351,-0.0824477042127653,0.6406750046400301,0.3686243109303477,-0.073221694264915,0.6263356767937849,0.4311229940760666,-0.0355071953665362,-0.0978192331035156,0.4332097573726104,2010-06,-0.0654705228666666,0.1039136921366055,0.0,0.0
0.0630807631785972,0.0678963075689096,-0.0412189663932854,0.0462182817387974,0.0103717830882366,-0.0605254936558843,-0.0705187160617393,0.0015057152341775,-0.063948484247726,0.0169761458234678,0.0128200545771107,0.014296315578313,0.0112248933458599,0.0178945093425294,0.0063663423010146,-0.0551939246500985,-0.0576320265146016,0.0188287332166988,-0.0133612161613268,0.0623811487482103,-0.0770960941173684,-0.0797710665788799,0.0260945525757421,-0.0188991517717181,0.0908915057742148,-0.1452751460156018,-0.1603417927359217,-0.0691919029580568,-0.1533673966706216,-0.0219303806300835,0.982800560837558,-0.0357669715575502,0.6459408317256999,0.3281400848530239,-0.0118213966316124,0.641482620212158,0.3733720766913216,0.0797633008180891,-0.0904102977140217,0.4125443205689688,2010-07,-0.1770651229461538,-0.3297433543205261,0.0,0.0
-0.0474491836326034,-0.0623896416025937,0.0563595670713223,-0.0890436865235794,0.0064833080062536,-0.0251920929887,-0.0496820904195419,0.0299348202582852,-0.0068908927442277,0.0621473585503056,0.011133627563058,0.0120414358119253,0.0045911227676447,0.0171724972304995,0.0068262893566623,-0.0233177686941781,-0.0471327391139629,0.0577233099735053,0.0028408273958133,0.1158577057637545,-0.0326947259731826,-0.063916192070265,0.0769473381264118,0.0040541759445429,0.1803055251511558,-0.071440663216311,-0.0856697421436949,-0.0487751945041082,-0.1322835299169292,-0.0254532511330833,0.9747934967997272,0.0393830966174969,0.6245334231390188,0.205544937486224,0.0375677171965269,0.6251601627120985,0.2436449028493009,0.0875102922019404,-0.2180019523341424,0.2044240279297562,2010-08,-0.0768725476416666,0.0944007891230285,0.0,0.0
0.1001713777248873,0.1330387395247889,0.0409152899317837,0.1195839920739196,0.0929176807515141,0.1140758373867665,0.1344784234959546,0.0542572399566356,0.0670297667473218,0.1114123993904467,0.009568213410053,0.0100476668199876,0.0061035466965773,0.0153776016986516,0.0070589996967705,0.1410798299136071,0.1489624472156928,0.1167098673202392,0.0652199742965884,0.2789904821144928,0.2323388340076243,0.2405043019915179,0.1599101866183802,0.1002444909273203,0.5437036279766696,-0.0421177686934393,-0.058504027241767,-0.011999707495977,-0.1046638288339155,-0.0129250297364025,0.9778886556248644,0.1183484231736155,0.6071710748344971,0.2506687639104304,0.1422549344395303,0.6046529874717722,0.2552749596247082,0.2349902650945139,-0.0103287710758682,0.2493341415563071,2010-09,-0.0519725166666666,0.0980544370232206,0.0,0.0
0.0368559940355412,0.0585952107367371,0.0376968381382065,0.0182568345903024,-0.0020315259004165,0.0865930885164285,0.1245974138921592,0.1410315454113002,0.038512107526925,0.0977687172981724,0.0071267840631556,0.0086002689681381,0.0110120703097019,0.0168914710526442,0.0109069363158594,0.1403115959198984,0.1767645419124889,0.2795795572541324,0.0440654805737977,0.1769375742593513,0.2308414809601836,0.2867243044740527,0.4679654826202769,0.0639737732973432,0.3172733386399023,-0.0158772502499705,-0.0176202956012345,-0.0395874205948856,-0.0449357844805671,-0.0403920192226426,0.9540705951352076,0.1578726829088618,0.6035689604320869,0.2647149080551347,0.1405086017949466,0.5472002775070508,0.1649167079503612,0.2463211402875717,0.1277976352141397,0.245296953590276,2010-10,-0.16837310135,-0.0915570567594841,0.0,0.0
0.005217277885156,-0.0002961509765655,0.0284994677360481,0.0341448682453919,-0.0260642972082151,0.146670736972027,0.199074171056963,0.1109383336008809,0.1789500228733802,0.0622691292342714,0.0094042201439194,0.0103425153664187,0.0133458038389226,0.0177522266149483,0.0138343191368241,0.2223571857631242,0.263975844225655,0.1826759758492861,0.120418731357325,0.0783062822269111,0.4147908875339001,0.4885964165204182,0.2849786220276967,0.1782872954456382,0.1205978056593719,-0.0387567897473878,-0.0427162104810942,-0.0517803925887787,-0.0839311618505582,-0.0887533446289909,0.9459460946244732,0.3203739640785756,0.5873200077215687,0.3121690162372476,0.260201569222016,0.529041724694293,0.2286849963875357,0.3821614636267177,0.3418931987260701,0.3276351300003733,2010-11,-0.323849053875,-0.152855800055876,0.0,0.0
0.0646477336116022,0.0612350470200504,0.024283583447197,0.0925232241907312,0.0466599997970398,0.1096456661511984,0.1230856368034394,0.093187801482041,0.1504543556070425,0.0173086465434635,0.0056675599357095,0.0058583012337818,0.0087989215981189,0.010696263618261,0.0094764289927971,0.219077210448196,0.218447933633232,0.1344272302577501,0.1798393860236573,0.028647917044525,0.3869569029610942,0.3659608772503599,0.1996484723694623,0.27520889140539,0.0419504900702489,-0.0087324233443121,-0.0085307794939469,-0.0317247388292246,-0.0187961552562198,-0.0864483071360391,0.9292022064372248,0.4088060974978093,0.6679089516147898,0.3552607562286647,0.3136480928325476,0.5604549350828935,0.2513575344773213,0.5032269519717043,0.333983478326012,0.3590785966264462,2010-12,0.1547934122499999,0.21852715098514,0.0,0.0
0.0212399288438389,0.0139135288984078,-0.0667136953329479,0.0106306322426201,-0.089161148533373,0.0929333173178144,0.0756819128947279,-0.0168060978360722,0.1418380641080889,-0.0715095083131305,0.0068195926353643,0.0093019425542762,0.0105880201170475,0.0188094868161445,0.0117941510573131,0.1938352303620871,0.1498550525467879,0.0015778631083794,0.129176245591982,-0.1072036170541137,0.3202081076409532,0.2234981523083577,0.0021452070380998,0.2049178870051589,-0.1367674960188782,-0.0178525266977722,-0.0285482590488307,-0.0784620993944603,-0.0660793390387596,-0.1145466398437724,0.933653633057015,0.1511189176252291,0.420746953824217,0.3946750231072566,0.0930948013650116,0.3207749979135911,0.3024510826937401,0.4661167138912048,0.2401768154695815,0.1813168269309529,2011-01,-0.3579271055,-0.1992943125466505,0.0,0.0
0.053585155129594,0.0594230740166281,0.0473254321803027,-0.030999063031271,-0.031357254110314,0.1455218130503996,0.1399398331178234,0.0011905798721716,0.0699102108049629,-0.0765554883941769,0.0053735579334484,0.0069679297420151,0.0057248688508149,0.0153074373624782,0.0149757399901873,0.3188556319369169,0.256438745814906,0.0629602325865491,0.1102495111071169,-0.0827707520929836,0.5805384034054379,0.4148965775470221,0.0857285593829003,0.1981213797866485,-0.1059415310802639,-0.0071002601687216,-0.0121280256956948,-0.0693054521129844,-0.0853672040152504,-0.1595920596750043,0.9266917587958734,-0.2053195666991978,0.0645912166868272,0.302978219861572,-0.2146723543205757,-0.0341623408582286,0.231057119355679,0.3488580070545144,0.1901111628025794,0.1223926134561114,2011-02,0.00983417445,0.2646477406746462,0.0,0.0
-0.0010473129391664,-0.0004312849448289,0.0210033169377601,0.1005465595262711,0.0910987701673713,0.0748363586438241,0.073700117075252,-0.0020157313308897,0.077767479382997,-0.0373481635618994,0.0103288995837209,0.0109470513101932,0.0087697088695864,0.0174061411910888,0.0129115054712729,0.149416443151039,0.1217347336691054,0.0209760613895837,0.0771760069493683,-0.0114166136217352,0.2180591039267778,0.174436414301068,0.0270472864583977,0.1302647206913961,-0.0159626568281174,-0.0556661438283032,-0.0650006511893822,-0.0351466837960041,-0.0783384099485449,-0.1180608767130562,0.9416088917857288,-0.0736413217342664,-0.073482798933357,0.0216388647269668,-0.0701731602138478,-0.1237957323396541,0.0259175240148787,0.5679743752338318,0.145876318085852,0.111844839366155,2011-03,-0.1827007235222222,0.1770533442948803,0.0,0.0
0.0284953806665362,0.0332497809944343,0.0813815926048244,0.0675599606634376,-0.0210154752866652,0.082472589070353,0.0941765537215377,0.1563459277728998,0.1384786599445036,0.0346739700906391,0.0056015126981648,0.0067661528592825,0.0069046800509413,0.0153754409546007,0.0087857724465437,0.1413781980124897,0.1262648748539618,0.3346575611737766,0.1980531616685702,0.0261473970732171,0.205461866771964,0.1838072565631754,0.5674983116525883,0.3468733118419153,0.0390197495751675,-0.0227623459611157,-0.0230158310082529,-0.0139133973532764,-0.0579838714641504,-0.0422254052896846,0.9507732189896116,-0.0698469546210106,0.0084699845043012,0.0403654472979408,-0.1025240284049669,-0.031205456369456,0.0863272840502865,0.4963039329269538,0.1032846997846224,0.1906862819236129,2011-04,-0.209968742475,0.2124552786259389,0.0,0.0
-0.0238411350128404,-0.0266848314616277,-0.0126606369999195,-0.1170894753932431,-0.0480737285579173,0.002923407549962,0.0052439510860593,0.0901156571346213,0.0373310825164225,0.0168179534570409,0.00646396498973,0.0084402727104204,0.009456355707796,0.0305223630606989,0.0108844627629674,0.0097761036551675,0.0136927046112018,0.1648947265198621,0.0374138351037997,-0.0177553166133763,0.0133328013436818,0.0190140328554611,0.234030725323472,0.0490869706196794,-0.0255195153020239,-0.0347093058595369,-0.0443286417525192,-0.0493993092797747,-0.149389946436199,-0.1009766415396227,0.9461250545797112,0.2109087823447584,0.3634407851301472,0.0918478840096253,0.1890920784684988,0.3446600670093428,0.1486659101178796,0.6485908156643115,0.1801801928880373,0.2697508048749533,2011-05,-0.2533671280666666,-0.0726265011026578,0.0,0.0
-0.0182574616524789,-0.0217895913070672,-0.0218764080030239,-0.0708860661696585,0.0099069925507426,-0.0143551494984019,-0.0162356210060883,0.0443333773357945,-0.1242544402881183,-0.0588463763093792,0.0104224600207284,0.0121067444103797,0.0071690190981894,0.0203196939256437,0.0099478352103087,-0.0293904306870574,-0.0205937755392948,0.1094989762660915,-0.064511747277462,-0.0039948033074007,-0.0384951971181568,-0.028206499304349,0.1511008185522619,-0.0790854255984283,-0.0058905643723548,-0.081734285855745,-0.1018024162134811,-0.038742417030562,-0.2210270150852871,-0.135069994027522,0.9350630314358784,0.2847198702568223,0.5465584455795292,0.2583581573579168,0.1883614631218539,0.4496578212256087,0.323557713727127,0.5959297347965102,-0.0233745512270115,0.2228469105983573,2011-06,-0.2393479341777777,-0.1033971561800416,0.0,0.0
-0.0201651905502128,-0.0096054651651966,0.0623702764433498,-0.0172505590935075,-0.0285311912441695,-0.0609883598597087,-0.0570384020957538,0.0259733903059737,-0.1938265850207148,-0.066071662439521,0.0100250693593705,0.012105665520627,0.0066887324745192,0.0152225882783752,0.0103021318868994,-0.0973086840335656,-0.0800254709161674,0.1038068967673811,-0.1343025681898227,-0.1242423918750221,-0.1249586522334111,-0.1053895191246159,0.1425178536894757,-0.1606565388518199,-0.1667733833434277,-0.0609883598597084,-0.0570384020957539,-0.047545346141709,-0.1984597271524684,-0.0881190530332257,0.940462537028689,0.1196314420820631,0.5325416212479172,0.2188585048113064,0.0693048011953175,0.4397313986880363,0.2968267501105265,0.4910713084475009,0.0344377166892998,0.172648158163747,2011-07,-0.3597345112,0.1964930258691311,0.0,0.0
-0.0567911079523292,-0.0641856091673679,0.1229502826066721,-0.0719958161897826,-0.0810117359515638,-0.0926844384820082,-0.0933696896489515,0.1668906880105065,-0.1526521871391658,-0.0983869156377563,0.0294795305694158,0.0319268628426472,0.0190679205807865,0.0286119795324653,0.0159143701921721,-0.051924602928667,-0.0453859536774748,0.1912463434785042,-0.0904364064971732,-0.0985823999786009,-0.0671401000694992,-0.0600496324216074,0.2790188891948453,-0.1106469699659102,-0.1377093190088321,-0.182699021526823,-0.1929673723932237,-0.0712659390404614,-0.2673510667891586,-0.1644972852641788,0.98155780984539,-0.3660047007839586,0.5295435062189421,0.282142164682631,-0.3215358166604737,0.5131375474892859,0.3358501997755349,-0.0547804555095302,-0.0650702365413037,0.4224236710579959,2011-08,-0.3756517806666666,0.1273191480106243,0.0,0.0
-0.0648076269344207,-0.0611420942910077,-0.1120082425542564,-0.1037506210346219,-0.0191964285714276,-0.1357055847620012,-0.1298425912623099,0.0593644006459317,-0.1826245163352928,-0.1243695313409889,0.0187204399429875,0.0180855045713259,0.0241526558941277,0.0271268893764636,0.0163814247189783,-0.0912016248048974,-0.0781779560795848,0.054302179218132,-0.115301466029431,-0.1066765097787496,-0.1156475772133142,-0.1013035951927496,0.071288802369056,-0.1431568461298396,-0.1420764670163468,-0.1590260640714939,-0.1569672530405068,-0.155113968256225,-0.2030048766517079,-0.1556661854457073,0.9789430774385092,-0.294745516354767,0.6034883775858465,0.357869716702464,-0.2658870910574384,0.5980856983678667,0.365983516067329,0.0324611857763801,0.1868254308728555,0.5563780885245501,2011-09,-0.2009693166666666,-0.1652003901581915,0.0,0.0
0.1077230384374419,0.1113728660436705,0.0640582110552283,0.1766414903059483,0.0143645030231587,-0.0228977103910379,-0.0235514239592948,0.0610475594071393,-0.0213600057084167,-0.0857056272236155,0.0185283002197649,0.0199290421434169,0.0149676088040666,0.0254465319510255,0.0141825705642792,-0.0014815430489882,-0.0004608828132509,0.0614565588811608,0.0060657463032844,-0.1034614679220322,-0.0019845874402833,-0.0006280689779075,0.0828096728781343,0.0084373573430281,-0.1413495960264091,-0.1816072495372362,-0.1847390383341663,-0.1448214661256567,-0.2385275019159943,-0.1703513320090907,0.9789573263593722,-0.2039993975080727,0.589578941394435,0.3179114878140542,-0.1959462475004946,0.5921442498535244,0.3139346306633605,0.1366445657397258,0.2989450462001712,0.5437408044330726,2011-10,-0.1212167765,0.1468961215519075,0.0,0.0
-0.0050587151070113,-0.0238673773069189,0.0123535839411486,0.0769395641281751,-0.084576288952726,0.0306936413469349,0.0185174739699052,-0.0434524874917698,0.135701915225755,-0.0892519736547099,0.0195950999060835,0.0205750533272126,0.0144340376857948,0.0159856914300283,0.0133359750530114,0.0389236037567204,0.0256137321274101,-0.0288218233851138,0.0972852937089736,-0.0961648912557276,0.0560486027679396,0.037177066106788,-0.0375664802211007,0.1495482852573502,-0.1316836251261966,-0.0983743747421623,-0.1084921605915357,-0.1024653580856409,-0.0625791831378992,-0.1340846439720555,0.9696774561469174,0.1646448909875563,0.5925534468532914,0.4627628951503437,0.1583771382172496,0.5978611411448594,0.4453124919716606,0.3679321599297417,0.4164494919555715,0.5291016235949211,2011-11,-0.2552943443333333,0.0101424265196736,0.0,0.0
0.0085327636666363,-0.0057970282625037,-0.1029504160251347,-0.0152451053207649,-0.0474270708213548,0.1115235073975098,0.0785584200015423,-0.0336953682814693,0.2478536065555778,-0.1154661947898677,0.0117461812835481,0.0126295262162454,0.0145481781117102,0.0183066315922051,0.0157088630556969,0.107872651930102,0.0755794754134232,-0.0293758985616421,0.1833997284902524,-0.1488570610903922,0.1690168609139317,0.1171733345824359,-0.0389905572506379,0.3046888416377958,-0.201545829456356,-0.0620501228359328,-0.0786853278666004,-0.1437388770522394,-0.0883126803977419,-0.1662088677425249,0.9734724032136868,0.4071161756101515,0.5205419537972962,0.3500394534754982,0.4029516177146388,0.5348458759168773,0.3074403755426073,0.5295349416758789,0.5136165759345903,0.4822401762537825,2011-12,-0.2905779104285714,-0.0205460636508326,0.0,0.0
0.0398883864778547,0.0732137229088396,0.0932191008680454,-0.0234290560024098,0.1143088502078326,0.0434561226335628,0.0415259654711122,-0.0072134497187485,0.0356744892685325,-0.0283139398942882,0.0055473074296064,0.0061860934364825,0.0089500278065955,0.0132505397445413,0.0124078348166381,0.0274228155061959,0.0298021136330151,-0.0175115669501547,0.0348482735382609,-0.0193950416169525,0.0400985012851513,0.0441243997305052,-0.0228043716757211,0.0500334920112039,-0.029241808565122,-0.010293669827095,-0.0329616557378379,-0.1104871388705209,-0.0651530515265839,-0.1262994826120623,0.97255683629669,0.5658135909452783,0.4835900513146584,0.282023136422813,0.5934508994243005,0.4637079565680564,0.2686654217784827,0.5502832963109021,0.4421568196572962,0.3325039834161313,2012-01,-0.1323609825363636,0.2162824048815916,0.0,0.0
0.0405894637681178,0.0543917919664849,-0.0160547955058902,0.0872257924967452,0.0357648113309616,0.0913301755626749,0.1250278943479195,-0.0350727446110616,0.0455665804006311,0.0994233780190383,0.0053474450200823,0.0069821573788709,0.0128220663850442,0.0128428818069747,0.0113784141742413,0.257859293189491,0.2756637883739672,0.0055382546903412,0.0936177126152271,0.1205291728477165,0.5579208685680299,0.5936899551112103,0.0070325292720929,0.1407299009387089,0.1930691965258232,-0.0068863026440939,-0.0090140293937103,-0.0563905448850087,-0.0850918813415894,-0.0581310849019754,0.9625867424430392,0.4677400924298837,0.4564573070039724,0.3200159674163482,0.4882508069818642,0.3995689373102266,0.3039394209087244,0.4613306974237208,0.3100530596201723,0.32803175375918,2012-02,-0.1990698401428571,0.2312834272359279,0.0,0.0
0.0313323145314423,0.0420238634716942,-0.0237440639840036,-0.0378257501008802,-0.0374998497112845,0.1160014988398467,0.1791414291722448,0.0501269692617893,0.0215915103872172,0.1108809983574479,0.0072715156376264,0.007928397511484,0.0111831568330199,0.0141195659992135,0.0129340826119524,0.3039605425522823,0.3902633899411339,0.0761749939439356,0.0256203165534175,0.1170367999033621,0.62143192214158,0.9084960779931496,0.102698748617225,0.0383862802655471,0.1794700312068035,-0.022363878081596,-0.0263133798983091,-0.0809736716126884,-0.0636785831969962,-0.095970139420435,0.9445469064669756,0.3508753506444325,0.4453661276484232,0.2334850644848086,0.3558313174527388,0.3615145305732012,0.21838993160037,0.3664023478836697,0.1560766738298166,0.2639589951596873,2012-03,-0.147513682,0.0831143078394234,0.0,0.0
-0.0074974523724964,-0.0146236248695115,-0.00353443014526,0.0179577379518403,0.0078051525689757,0.0651473226912975,0.0826344114336521,-0.0428127646009861,0.0648862629145987,0.004704928823632,0.0092488847281713,0.0113736405080754,0.010579579764362,0.0119420980386506,0.0080821818974947,0.1391575802492418,0.1484491257477205,-0.0503548096952305,0.0796873907616285,0.0404511966675914,0.2241614204570876,0.25269687969323,-0.0603825773424039,0.1157152850387409,0.0560186715369199,-0.0425992724504974,-0.0515504751468063,-0.0977615843155421,-0.0797121277907287,-0.0788836186009755,0.9496797487207894,0.3633773590813601,0.510266554858228,0.2000857775015257,0.3545582083900561,0.459556748126452,0.1681344618381341,0.4372830516251352,0.1042277051405803,0.1361216064645725,2012-04,-0.6201207596666667,0.1886692666448652,0.0,0.0
-0.0729218042717674,-0.0827122381050448,-0.0483451708450918,-0.1739741164418639,-0.0541201858277834,-0.0510428055559749,-0.0581420456979397,-0.0742250169904044,-0.1909466991277376,-0.0824846519429161,0.0074340379179039,0.00973146854885,0.0108157434067354,0.0132122627859286,0.0103442462674954,-0.0980148074146017,-0.0913099535795812,-0.1086799374850266,-0.2399498477199632,-0.1742986112292405,-0.1330491507875987,-0.1281262406611252,-0.1336980455440122,-0.2751112169776581,-0.2131336441692967,-0.0872562189585418,-0.1100952170074106,-0.1403469775199345,-0.2041038258714772,-0.1361146657870217,0.943158466477474,0.2399824927901754,0.6586908400971395,0.2636662204059398,0.1846696186463469,0.607945005860873,0.1955646238909799,0.4462399701847039,0.1903244871084662,0.2655907320813357,2012-05,-0.0548806698333333,-0.3986995793879032,0.0,0.0
0.0395549822283372,0.0380958631042716,0.0261743408761587,-0.0181439930310022,0.0720211001358077,-0.0434769031222517,-0.0616924618834506,-0.0268878293673775,-0.1743971079013871,0.0219175680342493,0.0129596928551399,0.0151259426194182,0.0161777117553885,0.0278027268493707,0.0114154318172238,-0.058498619789755,-0.0780397415387998,-0.0150036223231786,-0.1468838808769335,0.0423401452927717,-0.0801466562579492,-0.1069775000820876,-0.0209609710928977,-0.2067799752814923,0.063269938670727,-0.1092317483647482,-0.1303767704674449,-0.0652489594572116,-0.2706032274563609,-0.1140238722012938,0.9581443619325948,0.1520511067274155,0.7410334286918756,0.4535194981892488,0.1417163201047176,0.7166940722991044,0.3789648635309657,0.3970686104444761,0.2322242883849631,0.4549026361094329,2012-06,0.0036917483333333,0.0095858934425538,0.0,0.0
0.0173659920404118,0.0015094884122084,0.0121062398855906,0.0417165550717009,-0.0094527085693731,-0.019514789467498,-0.0463299849786016,-0.0116137177228694,-0.1551277930804541,0.004418043012951,0.0089286911784222,0.0103580890235113,0.0093798615465407,0.0207667899128202,0.0088587022070355,-0.0320308436873698,-0.0666215594850203,-0.0094772189246756,-0.1145021770891973,0.028680616116792,-0.0459866423326858,-0.0924288987141292,-0.0140659148658481,-0.1642925936160012,0.0427872389483888,-0.0565286027500949,-0.0808883959116871,-0.0488056263466248,-0.2102272792882876,-0.0565631983186314,0.9619422293871296,0.1604872794474038,0.6909930818523687,0.4183929809842822,0.1348768673651694,0.6784031587127557,0.3951803333785673,0.4156065697050924,0.129605237439457,0.3629510340025092,2012-07,-0.104927984,-0.0079356616492881,0.0,0.0
0.0197633695060868,0.0433539967612033,0.0460105405687287,0.0955031103255892,0.0105192818881993,0.0785097812144133,0.0847363969059893,0.086383883885202,0.1204977337043289,0.0730578920634406,0.0056849528776332,0.0064142131780065,0.007665404847749,0.0136624347176251,0.0059518723445548,0.18363639676165,0.1735244079110975,0.0750269332366096,0.1276332450751817,0.106171324708103,0.3205621069785309,0.2865431914311663,0.1130482538801447,0.2253092878688945,0.1768025072722905,-0.03273860410728,-0.0601436950644657,-0.0203121647522398,-0.1668311357954133,-0.0242547073578198,0.9604464144163636,0.4557883020010126,0.6628991145640729,0.3722008012707389,0.4640533777027117,0.6716054816063157,0.3780518230446051,0.6270080872727275,-0.0349021455428,0.2808169488166182,2012-08,0.7611086,0.1776958388777879,0.0,0.0
0.0254317650783706,0.0133883309888358,0.0461928938768501,-0.032633793397283,0.093530219559115,0.0638573307920187,0.0589187818707153,0.1075770013627683,0.1039619195350334,0.0945878137651599,0.0076956123680886,0.0089553558706701,0.0086259703383454,0.0137851868686745,0.0096616195079958,0.1748616374350823,0.1384585227171085,0.2006305646442385,0.132693245701752,0.2076310485175094,0.3630367033646921,0.2559888650810872,0.415118757067088,0.2419205004061237,0.4135679392261945,-0.0221385843684839,-0.0283452948017542,-0.0140242322805195,-0.0911110772026906,-0.0246417673472586,0.9533528991337944,0.5515942309368798,0.6282509456991112,0.15561909131697,0.5426470282492266,0.645019026240221,0.1969621398221109,0.6488133762134668,0.0853431845898727,0.2199309494189751,2012-09,0.70109569,0.1601940625377239,0.0,0.0
-0.0199421808344013,-0.0411651354684604,-0.0339901484962517,-0.0641067741143145,-0.012321338161005,0.0248442582872818,0.0137979305364444,0.0571323962357555,-0.0081846380395844,0.0914178823339495,0.0069059363798268,0.0078328870943158,0.0063705947158636,0.0183542117268946,0.0076953914717873,0.0506334765158838,0.0191240629918965,0.1101892428467222,-0.0248028601189158,0.1780154275189085,0.0801148702400181,0.028314638727513,0.2056999469751626,-0.0358809323094092,0.3228298558554049,-0.0389010682245255,-0.06352172713191,-0.0521709920626732,-0.1340403701319834,-0.0283724995773035,0.926621234215624,0.5404160575533803,0.4726013155136618,0.1305634055290514,0.5094444567517625,0.3873005558482499,0.1743762291494345,0.4390440978627192,0.0946126343077064,0.2527179503179346,2012-10,-0.247646163747482,-0.1079648641153023,0.0,0.0
-0.0100487006195663,-0.0026465618671526,-0.0171529516210457,0.0204496928290793,0.0383986936044538,-0.0051163480744973,-0.0308995271679527,-0.006702690757622,-0.0761343606273583,0.1215292211687855,0.0095385809926711,0.0105904156338015,0.0092600153747696,0.0197209137154033,0.0065947901172009,-0.0131215919181416,-0.0533303032236692,0.0080887434978757,-0.0624312417196703,0.2136189691270913,-0.0183098083610379,-0.0716206064234031,0.012467085204655,-0.0830315777569162,0.4096143162107982,-0.076854476325282,-0.1057790417291518,-0.0704716573975626,-0.1466750660553432,-0.0239217478778375,0.9502802458106518,0.4819270008904091,0.4727223065819597,0.0160155237921697,0.4605216127563097,0.4081364885096513,0.0236745758186577,0.5322914410454302,0.0138619682386042,0.126804070221736,2012-11,-0.324689650685,-0.0057872685224369,0.0,0.0
0.007068230956285,0.0030794951769044,-0.0210999912740663,0.03272968072045,0.004294327164916,-0.0229328235454349,-0.0407578384926375,-0.0705932430092892,-0.0137101541632218,0.0300085122692019,0.0073729416963203,0.0085874081466182,0.0077288783097302,0.0110756794132688,0.0051626595131605,-0.0442430195986301,-0.0695374177170435,-0.1349138802003939,0.0035267632206175,0.1835971925519396,-0.0598199204040186,-0.0951770447728313,-0.168462843177652,0.0049552746141582,0.3420299603387418,-0.0528392769692064,-0.0761404474152703,-0.0988879349681517,-0.1441716468273457,-0.0140281758925603,0.9374435056135844,0.303317586017227,0.4359599816248833,0.0153971287043698,0.3168487437239737,0.3813497483363789,0.0439754869840949,0.4357342249226739,-0.0416362648533302,0.1894765244459109,2012-12,-0.28467155,-0.1482310423047327,0.0,0.0
0.0457971947489446,0.0378050516659158,-0.0121102277599692,0.0542492462395416,0.0219555808029761,0.0426059485831233,0.0382458938533176,-0.0495423746945751,0.1110191823037543,0.0657544685922084,0.0064275921209913,0.0076481481750095,0.0084807517852881,0.0069365235690672,0.0060705163376398,0.0884432133590986,0.0711656118402492,-0.0909146757919156,0.1277024671813016,0.1529307100824128,0.1398426139205784,0.1175493538653294,-0.1162762195014873,0.1849931799480329,0.2510454832809613,-0.0158829903592232,-0.0281527701907925,-0.0985592552726151,-0.010494539996412,-0.0107793354070159,0.9375155607368324,0.1841382608722588,0.4865717783322372,0.0848956596757719,0.1906900410540063,0.4590180584115437,0.0795428983634395,0.4020438715645426,-0.0448460591693539,0.025003027111651,2013-01,-0.350093427,-0.0827790999928346,0.0,0.0
0.0036970499768467,-0.0009998749766183,-0.0468408645129911,-0.0636151758646016,-0.056622096244666,0.0570828237067073,0.0399600964992323,-0.0782519315214407,0.019493179275039,-0.0317695672281178,0.0083592125021747,0.0090969837056237,0.0088219442537501,0.0094348796812395,0.0069090780939996,0.1380162197653777,0.1091732814884233,-0.1985837650178908,0.048315209910773,-0.0546418452758899,0.2327194685215755,0.192579387740856,-0.2406577531857751,0.0711859246089283,-0.0718775124519485,-0.0291617514351438,-0.0323000620220731,-0.1056974762152278,-0.0679175798546627,-0.0639971741774402,0.923436225428294,0.0619572238960741,0.354447845779912,0.1120198641585594,0.0829526639127309,0.354564915153527,0.1491524658675,0.1843574245097046,-0.0464145693545968,0.2865780887023433,2013-02,-0.0614822025,-0.0685777182102595,0.0,0.0
0.0359877239828732,0.0339631731367509,0.0108386246976484,0.0562737657082228,-0.0090372838454506,0.0874385616885156,0.0719792862701373,-0.0481780145540451,0.0427354996086246,-0.0446224442672152,0.0047081269123939,0.0050477949279705,0.0042121711864223,0.0088032035702042,0.0085015868819734,0.1918478350516627,0.1477750160976889,-0.0831878080919741,0.1381450599289669,-0.0982882949917855,0.3296463757958634,0.2611221311419577,-0.1112101016029825,0.2086580273520972,-0.130325038878843,-0.0111499471340732,-0.015689629536796,-0.0981394706634474,-0.0874604293461283,-0.0737302864757886,0.9481325076679088,0.0858459617613901,0.4120068150096168,0.2572376380913423,0.1197728290256213,0.4025846721727861,0.2617394600069422,0.1933076664243528,-0.0192862797903821,0.345628052334651,2013-03,-0.240376146,-0.07844673880076,0.0,0.0
0.01808576777989,0.0187512300353223,-0.0768749021210137,-0.0387740835369627,0.0205227537647407,0.0586237260426816,0.0522980348833816,-0.1105781351639709,-0.0492718967407218,-0.0459619259622039,0.0089088853476253,0.0107719176788239,0.0249411993634542,0.0154603119141374,0.0103669290695609,0.1236871831570332,0.0931813464603708,-0.1056145421578819,-0.0476398644773729,-0.0902090410897098,0.1724218354484816,0.1311267849199329,-0.117425925915995,-0.0612660164835088,-0.1219713977085379,-0.0324846143232526,-0.0405434306975686,-0.1954492849786794,-0.1222932994666097,-0.1030528961517815,0.9624401519131656,0.3398595159031538,0.5314329481586793,0.2128694682114371,0.3052888567116195,0.5253222308692551,0.2163317901066913,0.4835973586581547,-0.0126300283621729,0.2956402387636105,2013-04,-0.2680107510833333,-0.2453712493845141,0.0,0.0
0.0143309577954715,0.0293353123580091,-0.0487872087779581,-0.0248500039183774,-0.002233558989828,0.0698395676331364,0.0842516425161139,-0.1123943283696053,-0.0099129308038449,0.0090412017618859,0.0069463521890548,0.0067195904136004,0.0126537388803711,0.0136739337843826,0.0116177635938802,0.1559112000685171,0.1673310024672285,-0.1065877431693447,-0.0057565787916657,-0.0471024583036709,0.2231697847732481,0.2464527937177091,-0.1203173580605133,-0.0077906387779029,-0.0640474844520084,-0.0291735839691213,-0.0216094765520626,-0.1549652887100521,-0.0782459668108193,-0.0609956276340198,0.9572586887765814,0.355004291693669,0.585720827970112,0.3024889657321476,0.3463743283325887,0.589612875193754,0.2663127714359731,0.49437412831576,-0.1025684585329225,0.3033363766387722,2013-05,-0.0860844853333333,-0.2384934311008287,0.0,0.0
-0.0149993015955808,-0.0152376402882645,-0.1212120707432788,0.0499075380772908,-0.0240145666618754,0.0171864944962827,0.0326578680421496,-0.2283465123803452,-0.0158802471015462,-0.0062093169567781,0.0108528501162545,0.0101629470536405,0.0184946320186741,0.0114212319947519,0.0126175550945196,0.0348215269601575,0.0594999841347948,-0.2037030124554203,-0.0119909114135304,-0.0167412123388079,0.0463696725647614,0.0817486281446512,-0.2206319066947058,-0.0161266242685401,-0.023867321886276,-0.0634943015091092,-0.0598712909687839,-0.2386476493962805,-0.049003582621302,-0.0967465014256301,0.9634096727952106,0.329999629015039,0.5322318667468987,0.2765291188812708,0.3207008999088542,0.5540065406723959,0.2580177494579354,0.4904187906492882,0.1301285217903812,0.2584932788136869,2013-06,-0.2282751165,-0.3135188202209332,0.0,0.0
0.0388638689893012,0.0546247115636913,0.107056448220155,0.0668525062123059,-0.0171511060837828,0.0379462424471639,0.0690210466692327,-0.0745956629023457,0.0922620861660086,-0.0428963293468711,0.0040499677784665,0.0051447458996402,0.0124174233995214,0.0122727804670621,0.0102739122185072,0.0865411656206273,0.1578782982083662,-0.0705093776872393,0.1046160789532851,-0.0427662329096364,0.1196083007439704,0.2310958851892361,-0.0887850104058851,0.1583720412154178,-0.0595886783943706,-0.0390917814564429,-0.0279822063967369,-0.2116104299639938,-0.0459972335060687,-0.0719699737759823,0.9356270913301946,0.2364534061988986,0.3937936965834442,0.3688110261662939,0.2413957221384927,0.4056622676812659,0.334617691868145,0.2251225675646353,0.2441232766577466,0.1837236865969139,2013-07,-0.5470383955555556,0.0386216540462695,0.0,0.0
-0.0312980194793434,-0.0100651612550537,0.0637762493255391,0.0249452801774043,-0.0147690674242418,-0.0087450520905019,0.0281014988451022,0.0349137058624091,0.1480376090150446,-0.0549209682232135,0.0065677153453229,0.0083151694093341,0.0105334270376537,0.0135226845451712,0.0155959285917425,-0.0145480815595229,0.0582426587383954,0.044424924581271,0.1844486912099773,-0.0889141825574706,-0.0191465502711793,0.0785536155577727,0.0593020528912617,0.3132974598676976,-0.1170118177133646,-0.0463189161891256,-0.0309860499474984,-0.0962289865395769,-0.0430356445584865,-0.1079953660116842,0.9370361457769572,0.1629897420436588,0.2006122472955602,0.438178494906586,0.1252310579290014,0.1414856941396342,0.4540616935507167,0.1749964100469852,0.3032500039529643,0.0896282951940702,2013-08,-0.249741624,0.082433800052466,0.0,0.0
0.0254792006191324,0.0439764791446746,-0.0605524079320106,-0.0572139214307316,0.0096994529146647,0.031990467863237,0.0899216165023391,0.1063501859805089,0.0309039950655665,-0.0222745660430884,0.0056310641896915,0.0050740957350353,0.0168123127134857,0.012295340027154,0.0175960592201865,0.07956252450087,0.2169587588167032,0.1376846001107129,0.0379378918933777,0.0270089867930363,0.1201754506774431,0.3348452060676514,0.2472417333101679,0.0623900466674566,0.0389742891771304,-0.037109694131683,-0.0181099705186499,-0.0897695306005758,-0.0781932406619021,-0.0913768039326842,0.8844215179771661,0.021076534997631,0.0395196155094831,0.5544298402324978,-0.0097939891250756,-0.0330464439335814,0.5531021852816399,0.0661420364267663,0.3309665342132874,0.0813055945753392,2013-09,0.0279702529999999,-0.3332896347417206,0.0,0.0
0.0445957527619449,0.0393028681675058,-0.0021862227018935,-0.0581452601501955,0.0818924777532863,0.0376844279602641,0.0740869711170573,-0.0028227920423614,-0.089881864242085,0.0762527168252802,0.0078418078985465,0.0093733755193825,0.0146063139978717,0.0106524591167618,0.0082431390839756,0.0610017752180308,0.1217500775885707,0.004977024776913,-0.1586471961737135,0.0345265466722275,0.0934153079199165,0.1813433668250216,0.0077290481833841,-0.2175991929433619,0.0495432362429633,-0.040608087745287,-0.0367209759844422,-0.1174704143552487,-0.131791934491824,-0.0554279525851578,0.929441584102206,-0.1197094294785758,0.067914700858319,0.437550999145548,-0.1548353261283507,0.0239054424790922,0.3938628503772203,0.1375060484269441,0.0859253829020279,0.0161044385052609,2013-10,0.1258307207571428,0.0256410198760967,0.0,0.0
0.0288578343100585,0.0319003294398334,-0.0648231552889154,-0.0423323751600897,-0.0322876301999569,0.1021240533385108,0.1196198537147226,-0.1233710702350374,-0.1496222381314358,0.0571156798537093,0.0057745428077157,0.0078371644204462,0.0074518477533277,0.0111796099025274,0.0102911875901279,0.2409651078218908,0.235929829573923,-0.1692438967562715,-0.2584853396727881,0.0863999205746388,0.4329911744134453,0.3942699180434922,-0.234436835220673,-0.3189721891655286,0.1295496269068166,-0.0139958392963703,-0.0240389257130784,-0.1361928649861441,-0.1649325606520635,-0.0617920829812552,0.907840434557086,-0.0203324395782692,0.312205723420655,0.3359530750003157,-0.077898792560474,0.2498911783912744,0.3075410494431818,0.0502112447497336,0.1146468958785373,-0.1179644552013446,2013-11,-0.626711534,-0.1207505883450838,0.0,0.0
0.0235627919754466,0.0287446098932924,-0.0389412698885244,0.0614753761130182,0.020708845439906,0.1000644113087585,0.1032843293387266,-0.1032050184254191,-0.0425664155039164,0.0686420815274957,0.0059952467399007,0.006016716894099,0.014009553625231,0.0088778398266337,0.0084234396041629,0.2336895238348642,0.2042241510066025,-0.1316028889174679,-0.0612099168349512,0.0370277058491604,0.4214895274812099,0.3318100741051983,-0.171151249340513,-0.0841707292735694,0.0577559157192431,-0.0182761541705313,-0.0172903465821812,-0.143208376320466,-0.1550256053352225,-0.0393206611517882,0.9189504670205468,0.0596543638344526,0.2811046676005898,0.2136255379486727,-0.0022551282905952,0.2452239409062239,0.1694500882038301,0.0964643910015144,0.2497770283471701,-0.1389956563353584,2013-12,-0.12857243575,-0.2386628349988975,0.0,0.0
-0.0382505603818474,-0.0239613872008658,0.0395899872083993,-0.015914578647308,-0.0340260152284264,0.0128189094419743,0.036125406090226,-0.0656582374036093,0.0003627869052253,-0.0458567084860498,0.0080208927138624,0.0099507830605315,0.0092931537704653,0.0126171795683352,0.0082259513220641,0.0260845857984957,0.064823188093633,-0.1257369089931989,-0.0284177832620732,-0.0216841683397465,0.0368214963027637,0.0944090567761311,-0.1596548462500988,-0.0395388146365848,-0.0319625565817489,-0.0427875392233675,-0.0460515403749589,-0.1034737741485158,-0.1142141042429953,-0.0495470026094554,0.9205258906602568,-0.1158981344248987,0.3762655000588479,0.1314757651530864,-0.1314573737374125,0.3639998284179064,0.1040940597328456,-0.0575247293552413,0.0802099213836844,-0.0078696580391378,2014-01,-0.12389531,0.0501470967165885,0.0,0.0
0.043117030178162,0.0497675955942036,0.0655592697594493,0.0523130432441671,0.0245175802097876,0.0268558178729012,0.0540658290862809,0.0646077604343897,0.0992277292577672,0.0101519900972859,0.0080172074532975,0.0092930819759024,0.0073880294296547,0.0085115675641909,0.0076652595671504,0.0643440534348595,0.1288759353166789,0.0921317792192766,0.1100601768541674,0.0610725839788297,0.0896765395294705,0.1865614281276593,0.1309779993314059,0.170104052679191,0.0905151036318382,-0.0602193252104591,-0.0588770231118713,-0.0682438545201539,-0.0450497741906138,-0.0609392765838046,0.936153482203534,-0.1287360742091484,0.3769056846932291,0.1847981083382593,-0.1313395726428744,0.3934593825864481,0.1761515709244207,-0.1386192287557128,0.0393913618324774,0.1420636359617882,2014-02,-0.3702580771428571,0.1158731222354077,0.0,0.0
0.0069321654182272,-0.0253312070796529,-0.0287573780065951,-0.0098449609405329,0.0660260118985212,0.010171686944115,-0.0013409942428035,0.0758889131769169,0.0253708184772702,0.055000456031772,0.0065820427879583,0.0085682782693781,0.0097947950569242,0.0115995469532229,0.0071886491704456,0.0326012277555286,0.0060773957050006,0.1167188245572288,0.0251861003227069,0.1217634987839186,0.0445556906326116,0.0084095010037856,0.1913072878069627,0.036051924294759,0.182580847947263,-0.0196534863005967,-0.047439570300599,-0.0693255805554291,-0.066050328117781,-0.0283258347070317,0.9426799785602208,-0.3192065080929966,0.2138286159983731,0.2368118991917767,-0.2432929350212581,0.22509604289967,0.1980052193757812,-0.1950358110561774,-0.1845241160620126,0.2501051860682038,2014-03,0.11270534175,-0.0478130801079364,0.0,0.0
0.0062007891534139,-0.0201072569995665,0.0095059614615833,-0.018113840658769,-0.0012410868802448,0.0568610770255959,0.0026024581825569,0.0447544561669535,0.0230792906893289,0.09080692173745,0.0082475805214291,0.0131596371037717,0.0077578118741853,0.0101175976401722,0.0060256729130549,0.128961602866886,0.0283678698187096,0.0523527027219783,0.0429311987144417,0.1100816350803816,0.181971067862828,0.0375891038678905,0.0778371430757936,0.0617810317851943,0.1634370503674308,-0.0397747538403662,-0.0822034609495009,-0.0720812359782899,-0.0505146351015858,-0.0199050088513019,0.9376964669806784,-0.2874887562123391,0.0578223327695412,0.2412186329696477,-0.2466224735769419,0.0458765209158858,0.1995713102206118,-0.0251143809436367,-0.2272488835346409,0.174230807124646,2014-04,-0.0879994292499999,-6.762291513273843e-06,0.0,0.0
0.0149529388987423,0.0186491738682537,-0.0186863282256305,0.0321513116372749,0.0799352342470807,0.0283258973843136,-0.027117840146464,-0.0378462647926901,0.0034776614936506,0.1498102631910465,0.0051705063394787,0.0073605498547654,0.0069756004424887,0.0076992655371212,0.010147558130067,0.0765932430582194,-0.0434428131284554,-0.0858922506866539,0.0134595129732086,0.3225302059006907,0.1059555079614813,-0.0562465597991477,-0.1181748176057964,0.0186183589868885,0.6951241868563961,-0.014018802219004,-0.0703240728447094,-0.0780348301718484,-0.0524208930231178,-0.0189613645883832,0.9222011787477492,-0.277919068967136,-0.0147513720942776,0.1073693495392581,-0.1824384426294044,-0.060921204970519,0.1708348280306908,0.0394934451874534,-0.0945839467126376,0.057296666031217,2014-05,-0.121819325,-0.2640702136508796,0.0,0.0
0.0190583317494705,0.0390230692404072,0.0611753971866797,0.0258981957532855,0.0527527703567072,0.0407097016788444,0.0371184704821743,0.0512449196450086,0.0397017454791082,0.135493812016078,0.0036385002758265,0.0040352471488608,0.0074739021291452,0.007060523170129,0.0089414527101402,0.130666061941066,0.0872420193012105,0.0925652489161475,0.0770858474105149,0.3077322146944573,0.1768414925305571,0.1155407847920563,0.1571645185463152,0.1164696213550778,0.6749388895417819,-0.0108442368139139,-0.0401824069412717,-0.0794411856358203,-0.0210996921910264,-0.0213154627648545,0.9209993553690038,-0.243046984943589,0.1125781392559716,0.0203065056994473,-0.2092489984153854,0.0452795855310374,0.1427323844084523,0.1981396561987372,-0.019023676367848,0.0464408298621998,2014-06,-0.3263077543529412,0.0396560691064223,0.0,0.0
-0.0112002534343086,-0.0010529483738039,-0.0277683849514872,-0.0635612124282229,0.008885962829104,0.0227118686065741,0.0572855505623228,0.0124294308854411,-0.008421666086079,0.1470073035382972,0.0068124017250247,0.008670553266569,0.008322261771754,0.0102465486593167,0.0084875681834051,0.0790203074593519,0.139000448477978,0.0286846946278547,-0.0389128887111591,0.2388111238233139,0.1046757928088048,0.2026136183499328,0.0447057051354101,-0.0558009077295684,0.4373901107013879,-0.0288282261826019,-0.0232313680496842,-0.0428773470063265,-0.0800619461752338,-0.0427627571288656,0.9182690287714244,-0.0963785939033865,0.1272790089680299,0.152610977416952,-0.0538322623333907,0.0469364956583149,0.2538338979025916,0.3062233125912795,0.0745356421208398,0.1378680321451945,2014-07,-0.2204598055555555,-0.1352746081466858,0.0,0.0
0.0376552955798261,0.0481718715308006,0.0035120579321892,-0.0225119601272617,0.0193828450684458,0.0455877761814382,0.087928015557114,0.0353316894708122,-0.0609361717902694,0.0826941573124402,0.0048998844189437,0.0047940096630645,0.0065129355054248,0.0113341455934636,0.0074347653543114,0.1366447357965813,0.2204621725766286,0.0766828496534543,-0.0977970520135019,0.1336118174350079,0.1900602836240389,0.3264361179759489,0.1256144258476977,-0.1311510548858903,0.2019985834890421,-0.0394420642813508,-0.0310101201269831,-0.0485545696353373,-0.1252295250832185,-0.0387618696621534,0.9330881786499412,-0.156262113204724,-0.0174081216469839,0.1128565144260502,-0.1690708339218699,-0.0285036019125586,0.1958253776228765,0.3138981244334387,-0.1072889477948761,0.0662747388392296,2014-08,-0.1694628349999999,-0.1026362791657447,0.0,0.0
-0.0149779200689051,-0.022791534500084,-0.0420985623387422,-0.0185184500664397,-0.0078354185002733,0.0106654486369182,0.0232039096438487,-0.0654271514119129,-0.1015932912124168,0.0203827771625038,0.0061124532336723,0.0078496080572866,0.0043598430829504,0.0146254533538819,0.0079780923460183,0.030227098821046,0.0589011075559677,-0.1554663378492003,-0.1413986328871685,0.0550333733338109,0.040136403436468,0.079897473052257,-0.1956437079575833,-0.1836957787992009,0.0767558464459037,-0.0225568746756478,-0.0285851483042589,-0.0799508775366751,-0.1139385583029345,-0.0320593361575619,0.9285153476525868,-0.1719095080143641,0.1031585123022508,0.1924431542496938,-0.1903913165856292,0.0367193444435441,0.2619481476384516,0.2996280882785904,-0.2109586446063266,-0.0416919828098498,2014-09,-0.0809298643333333,-0.1804767061202299,0.0,0.0
0.0232014606672033,0.0305671427312455,-0.0325485538323524,-0.1164984896879308,0.0736325672994582,0.0458279008291264,0.0555918132762907,-0.0700221635248438,-0.1523805991136549,0.0858672050516973,0.011516978037529,0.0132817050332182,0.0098492092143847,0.0141014303672032,0.0081408436062999,0.0964116019835474,0.1015324822565115,-0.1754105167004994,-0.184083487182348,0.2125077058475383,0.1417162368119253,0.1488847452121728,-0.2108035009280177,-0.2191340310042479,0.3439483697687436,-0.0740145951999572,-0.0836263377668669,-0.0938599596228809,-0.1921606699078502,-0.0291372381979589,0.9478316477606952,-0.3775782037844993,0.1270017394481977,0.2065274822213742,-0.3224886831143517,0.1018165104988785,0.2790908586574646,0.1125800536969678,-0.3070716640794533,-0.1177036411728241,2014-10,-0.2469236295454545,-0.0416616430350889,0.0,0.0
0.0271450300891631,0.0338130799653642,0.0217744005905582,-0.0850508864695138,0.0303781384783543,0.035234856161904,0.0411313767422716,-0.0530980281543193,-0.2066106307007386,0.0975796137718372,0.002470114221875,0.0038270448357501,0.0097531634174327,0.0162997722788164,0.0048030323468114,0.0773850263818314,0.0769419745899655,-0.0944093231425091,-0.2164376896978852,0.3079370225437497,0.1121286744109923,0.1113948332812996,-0.1261302703502664,-0.2532527557985846,0.540225672662387,-0.0029484269954765,-0.0056842789704522,-0.1153991672716844,-0.2287000027709846,-0.0078604453824976,0.9381511888238604,-0.3340838672664249,0.1504324157752506,0.158319597254355,-0.2686496216467278,0.0758516832001391,0.248295628830157,0.1191312269328375,-0.2312070272850642,-0.0879367524490889,2014-11,-0.10241713,-0.3152052850276232,0.0,-0.0304
-0.0041885875159963,-0.011599409696555,0.0074030578656105,-0.1947090063645173,-0.0355776560635158,0.0465741889150082,0.0530556208690438,-0.0041648290399096,-0.3490358391494155,0.0668898320989177,0.0097403859947024,0.0102553270505098,0.0141191915100965,0.0266165179457996,0.0083298702389559,0.0845741462647792,0.0857806203921606,-0.0002617560501637,-0.3351005272089641,0.1121539063569055,0.1277992925476306,0.1284358500288402,-0.0004126808580762,-0.3757508862611644,0.169294554166759,-0.0494514814987346,-0.0508803498287726,-0.0470970361347943,-0.3685032251270621,-0.0650249113978393,0.9477912166625154,-0.215070079962005,0.1358246892812288,0.3007192246365736,-0.1599618287416337,0.0663419809154789,0.3354254525470492,0.3066192748745435,-0.170567405806882,-0.0641211270960867,2014-12,-0.4205967339999999,-0.017320133280009,0.0,0.0
-0.0325403222586484,-0.0255895849126239,0.065469982934216,-0.0495265080035514,0.0545901488444413,-0.0104408892459035,-0.004326528476669,0.0967294398196345,-0.2996908642412529,0.0479670057549552,0.010980872494824,0.0115763500556865,0.0115331160964806,0.0381393936360658,0.0121391407264922,0.0369176027814562,0.0509325744605587,0.0627779300765718,-0.1956350594169209,0.1816905219542902,0.0552227988678358,0.076582614455335,0.1035154753389749,-0.2591479248253591,0.2780681256219681,-0.0471964244726902,-0.0491147794231767,-0.0369468128298814,-0.408974695375473,-0.0566063985496158,0.9450833690476164,-0.262785532057939,0.1641953364007739,0.3338882393827472,-0.250716443505174,0.1150420944147243,0.3190473926167677,0.192068154716731,-0.1574094385295033,-0.0774622916330995,2015-01,-0.6840343906875,0.0786943561056765,0.0,0.0
0.0532099296035715,0.0696378473285459,-0.0370993058544709,0.0170567468942364,-0.0027115447781135,0.0146702275193051,0.0301765854597593,0.0335368925682615,-0.2215368910662668,0.0143124715711546,0.0062277714480043,0.0057475978995111,0.0076737910270813,0.0417922364421161,0.0082954857400346,0.0471323654590304,0.0847316199507093,0.0588984289433836,-0.1107107989270156,0.0395543130500792,0.0725554589286489,0.1284130363379672,0.0969079930477327,-0.1516660249410847,0.0573000372692321,-0.0348457427015213,-0.0313686896361892,-0.0657880271758527,-0.2966422682163729,-0.0475852729828473,0.9498657205287568,-0.248259324962155,0.2284544871566455,0.2722391602348489,-0.2500412041304255,0.1461274521321389,0.2640680109993814,0.0956440292280563,-0.0445966557031615,-0.0243714079116841,2015-02,-0.1715174709475,-0.1983958965597244,0.0,0.0
-0.017396107114219,-0.0126220462162042,-0.0243278909730674,-0.0434083585263582,-0.0201357447890971,0.0012125820779202,0.0291107259203036,0.0009827862402014,-0.0752767520225465,0.0305532018787983,0.0090177452209,0.0091477969395029,0.0085439454750413,0.0278769018428428,0.0091569887215154,-0.0132875832889939,0.0406830370175905,0.0205324847922938,-0.0408581898318384,0.0459657050654189,-0.0192721334697148,0.057430526573343,0.0292914262521602,-0.0581858601655788,0.0666833237864701,-0.0364363231420796,-0.0324405961157583,-0.1037215873272698,-0.2728963153432627,-0.0553922617986635,0.9460681740282127,-0.1910754864519914,0.2180159193679703,0.2906866149655659,-0.2165748705537343,0.1131276402886107,0.2839418510019362,0.0265236244318347,-0.1405243564734477,-0.1120417535224843,2015-03,-0.1388428522999999,-0.0206016553100198,0.0,0.0
0.0085208198225357,0.0082719919752936,-0.0005916247031686,0.2527311550342712,-0.0306769699790163,0.0437062725458776,0.0648731843591394,-0.0610804657852279,0.2187921412648574,-0.0527704498875106,0.0053417214305025,0.0072823950813959,0.011893744005849,0.0294015847880902,0.0089101312812769,0.0884064526978768,0.130477238317954,-0.1028246482654348,0.1478168787189304,-0.0435438746312497,0.1341452518375821,0.1847959253533388,-0.1340491151315602,0.2314768886975253,-0.059252785924331,-0.0272505084557755,-0.029587153763983,-0.0769774773893574,-0.0866822310055298,-0.0679485142917726,0.9212249005921334,-0.0804033410080775,0.1088279746395872,0.1941741249337302,-0.0649734137607065,-0.0431199239899231,0.1556062926644742,0.2287509875993104,-0.0219782102611882,-0.1134246584324487,2015-04,-0.3956631617272727,-0.1595228572149534,0.0,0.0
0.0209891727611271,0.0375679589202115,0.0204091562927952,0.0406860571239873,0.0122060493556148,0.0117762602307711,0.0329461501047729,-0.0050042589437377,0.2471083760270507,-0.0386016445573532,0.0064880795318535,0.0075663871999448,0.0079833287889113,0.0212498459867794,0.0121209621597034,0.0231609393838705,0.0587260262847993,0.0004067646048687,0.1636729163836238,-0.0620312078618577,0.0335144396939868,0.0815530780127369,0.0005854494315528,0.2670896499999471,-0.0824857469138069,-0.0177268816971249,-0.0338643420293074,-0.0673537126475262,-0.0602330865790391,-0.0986722102611017,0.9302977608203934,0.0820624694650705,0.000618998516338,0.2278885771158398,0.0407346071253051,-0.1331061786504714,0.2090534830662865,0.3206271781366216,-0.0240358184763928,0.0755748560227934,2015-05,-0.4346200650833333,0.0203771029989565,0.0,0.0
-0.0210116719797293,-0.0164022050150909,-0.0150496250602319,-0.0137644780573604,-0.0077250523329042,0.0080533534473425,0.0289915342830087,0.0044577672659342,0.2857550984402639,-0.0264248361332923,0.0070124809782462,0.0080544769424035,0.0073777559549127,0.0173695782088552,0.009547802009545,0.0010807020697155,0.0434808817809507,0.0097190160809095,0.1668648401292254,-0.0467978681271346,0.001482718982325,0.0606907913952937,0.0149486646573288,0.2834640305593432,-0.0601465838103254,-0.0313341776309851,-0.03907289117271,-0.0351680496988345,-0.0532157755607919,-0.1072922363327814,0.9507023616224548,0.028455526625156,0.1362888527563333,0.2604334500950981,0.005415448285056,0.0525983287634401,0.2573946115225832,0.2592681726947462,0.003878716869665,-0.0187662792819785,2015-06,0.1180397131428571,-0.0626268298006974,0.0,0.0
0.0236952917538204,0.0319140788640086,-0.0732749724650417,-0.141300678089316,0.0196390762233376,0.0232207917554736,0.0531194555729885,-0.0685928044671881,-0.118664027204101,0.0241119317030409,0.0074748232277543,0.0085382405706771,0.0076512957075417,0.0163872000820377,0.0087113994435757,0.0322548367192278,0.0718312748802256,-0.1782957242365338,-0.0840803021082437,0.0440094390527069,0.0458391780443845,0.1035327385793668,-0.2236210119416506,-0.1164544085123856,0.0588238944617891,-0.0327584396524055,-0.0452209892883778,-0.110652001806185,-0.1686985272903755,-0.0607048793639273,0.9514536490684068,-0.0090628406367911,0.1058867106861554,0.3886773601609731,0.0137238259345767,0.0818147495764746,0.4085175223719915,0.1437301268284984,0.0306880008447948,-0.0379805772785097,2015-07,-0.5320924404444445,-0.3437876764966069,0.0,0.0
-0.0625808182558652,-0.0685941552076472,0.0335189974915888,0.0441426544610388,-0.0658103482886333,-0.0605318617072002,-0.0546338601222636,-0.0566264276961187,-0.1157367048327099,-0.0548221190733078,0.0168311222104333,0.018208434682067,0.0085261526332018,0.0414293803229669,0.0157887730288923,-0.0845871805935476,-0.0684112841785665,-0.1086020940031161,-0.0565228367766891,-0.022536777308879,-0.1108950264994981,-0.09008804693051,-0.1489913662428875,-0.0908557095264895,-0.0272982844525638,-0.1224792040319187,-0.1364990912897133,-0.1105700995500859,-0.325361408482179,-0.0974865236976603,0.9698571602228446,-0.1909870795698854,0.3220231355136825,0.500107168878912,-0.238436095658808,0.3062743827225594,0.4997850115245165,0.0879380716922299,-0.1354717462704055,0.2721021809797991,2015-08,0.0558692214285714,-0.0528153552052875,0.0,0.0
-0.0502650830937131,-0.0584649210224029,-0.014051696037048,-0.081342179045285,-0.0039324695186957,-0.0886043595004519,-0.0950616321926719,-0.0556706233312903,-0.176327181677132,-0.0512095463725656,0.0131791302839155,0.0142063621194115,0.0099451502962388,0.0331765822209913,0.0131074473612623,-0.1044928294163675,-0.0992414995009257,-0.1095276281880424,-0.0720310664991985,-0.0524636625926624,-0.1335137676944288,-0.1288303500778189,-0.1532752429983543,-0.1073294462074875,-0.0636021789662193,-0.137461039130247,-0.1574506479678989,-0.0902274462845906,-0.2192308404345739,-0.1244802450121617,0.965823206340116,-0.1943461049222132,0.428289324001664,0.5069129109424341,-0.2130184234562162,0.3759686720790136,0.4825542455950725,0.05789975990486,-0.1709431436243595,0.2906190631555377,2015-09,-0.26082093575,-0.1235003225943621,0.0,0.0
0.0829831178126665,0.0938473622312543,0.0233079336620354,0.0332667996212889,-0.0115798310175797,-0.0358204240462268,-0.0407491603393928,0.0427470009152877,-0.0088803435528507,-0.0802592384190628,0.0079408267420709,0.0094416218808726,0.0091986406775433,0.0252272236122002,0.0052839534332965,-0.0371702403916536,-0.0382893415576828,0.0772878070092279,0.0119797401132779,-0.1120003807309096,-0.050109519078211,-0.0525573214611636,0.1218206808174658,0.0189809381707756,-0.132677083033363,-0.1181867921426328,-0.1369786791000352,-0.0547540127228463,-0.1544659088806521,-0.0862348283790068,0.9662339215940724,-0.0599482312874274,0.4293711410411313,0.4600081902380191,-0.0574139228697054,0.3526284191194972,0.437447598017378,0.0933861967215819,-0.0849697808135397,0.3009185086148567,2015-10,-0.3831948817692308,-0.2194878171597208,0.0,0.0
-8.869591895932505e-05,0.0086236704373003,-0.0536749235114321,-0.0775254329021958,-0.0200429754867854,0.028455653495885,0.0387771433668027,-0.0452254503358412,-0.1243699583414308,-0.0351997387347997,0.007882446586387,0.0083574968373083,0.0075837784641679,0.022142629423635,0.0077537221469807,0.0370110801450718,0.0491306142951412,-0.063254035074561,0.0210503114143501,-0.1311745621521465,0.0528320951263757,0.0728645428563794,-0.0872867786112998,0.033064039335992,-0.1524600175445931,-0.0613107900850833,-0.057920758963311,-0.1019445854845152,-0.1861777449044425,-0.1192258450317444,0.9521794103195776,0.0562631217782609,0.4336388592191149,0.4345326976501488,0.0827213351422929,0.3143845549395357,0.4179747816706253,0.1292589909444277,-0.0291254104297435,0.3296200674591146,2015-11,-0.2278121045916666,-0.3366153060418108,0.0,0.0
-0.0175301850326919,-0.0198211603359629,-0.0051604426234048,-0.110684284308781,0.0013988340198809,0.0639038510699359,0.0814120448496034,-0.0366153209407811,-0.1523377481628072,-0.0300357886114406,0.0116014323105485,0.0118721013968089,0.0110158715275442,0.029361357055613,0.0078746155257277,0.1089907654434271,0.1275420910859699,-0.058049483756911,-0.0894165654021517,-0.0312280295518517,0.1752167036382646,0.2046216164405689,-0.0777057880804842,-0.1222255218152947,-0.0420170691020845,-0.049971709009248,-0.0456500310672306,-0.1034371868983246,-0.2779079150063006,-0.0951387485414969,0.9562152376934566,0.2327618462393484,0.3205984558268541,0.277667470709424,0.2309415894864011,0.2231858883183076,0.3158882190981567,0.0988618332073779,-0.0322239935886067,0.1062284202065534,2015-12,-0.2914361542857143,-0.1437447526327827,0.0,0.0
-0.0512398931217377,-0.0762148965620392,0.0544552018957562,-0.0617156031660057,-0.048377865240998,-0.0679545093112794,-0.0867168745804894,-0.0072919862691428,-0.2302585692528634,-0.0661467233801158,0.015642478589156,0.0185725282367976,0.0097334404522539,0.0503187336417949,0.0119728270909386,-0.0850055034327703,-0.0994145122387909,-0.0415401034233798,-0.0760825618347404,-0.1743363972478845,-0.1140926119671861,-0.1273417273671957,-0.0571177197167839,-0.1096992192091403,-0.2208686557387394,-0.1197042712684344,-0.1316163004206734,-0.0837278434157031,-0.4087531158819893,-0.1287011392784002,0.961616268315414,-0.0674692655977988,0.4557780568155054,0.4003137877719575,-0.081344066358986,0.3674450099103714,0.4081998718338889,-0.1417982587638735,-0.2751524649168395,0.2503527652545883,2016-01,-0.43202395,-0.0084394448860125,0.0,0.0
-0.0203095683159212,-0.0340614004636984,0.1337974969668707,0.0176941303413524,-0.076220824201185,-0.0868029540267847,-0.1253671225409758,0.1893691598698714,-0.150804408173065,-0.1196815894845332,0.0113260526420124,0.0137404784562878,0.0148227119235012,0.0509717740057675,0.0133350853394746,-0.1173441566306772,-0.1450339392586962,0.2414440737581798,-0.0176518557746432,-0.1683953858931874,-0.1538270374669666,-0.1789244016247434,0.4696611320782198,-0.0271384582410404,-0.2093578785729099,-0.1305613299306004,-0.1703812941233795,-0.0273986643200164,-0.3676079826956421,-0.1359043500266393,0.9528989048517577,-0.2040750750220963,0.5164180276256061,0.3746545439440114,-0.1686915912422105,0.4109375825339459,0.3242243617683157,-0.2594378043387674,-0.4736801346713995,0.2597391814401476,2016-02,-0.2352411222727272,0.0456556265845018,0.0,0.0
0.0659911144400597,0.0684298618849581,0.0002430721710662,0.1360000045211231,0.1222897396002478,-0.0091706412651971,-0.0466189978311618,0.1958292707528683,0.0847510947278329,-0.0134077590876314,0.0071874293584981,0.0090658584684655,0.0109737667237032,0.0308168879425526,0.0105671592325327,-0.0185906433941736,-0.0571513592071214,0.2207800937828826,0.0404038761650867,0.0149344011828022,-0.0258489310485845,-0.0749825694762648,0.4421117510826683,0.0659299683584354,0.0216838923016695,-0.074886783446045,-0.1137588667449182,-0.0409591003034096,-0.138585870843345,-0.092289513897676,0.9543511493099098,-0.2861074129204655,0.5714760431870501,0.4721648408249626,-0.2313323031662387,0.451438499018049,0.4153392532331811,-0.1779887359119795,-0.4231752565386272,0.2796026228010369,2016-03,-0.2155335513,-0.0882832389324903,0.0,0.0
0.0026993982833329,-0.0194031094346157,0.0445632816204364,0.197704694475485,0.0061547292369217,0.0471603881763194,0.0120129051352007,0.1846111101445142,0.3846670400539655,0.0431287932093171,0.0063925685074277,0.0080194737780005,0.0099884776710966,0.0291795340944269,0.0104191328589985,0.1297791870592304,0.0574501594319271,0.2309161317756538,0.163522065351573,0.0818792625826185,0.2125461409979459,0.0864281352884463,0.4515832324938885,0.2926250709605588,0.125020875638607,-0.0194110076207766,-0.0568057125441671,-0.0424528301886787,-0.1387213484719901,-0.0378800135578447,0.9355617483316868,-0.3046807211376348,0.5052650105501535,0.4762852244754313,-0.2622301600820647,0.3828316616748784,0.3889129604301475,-0.0738123130281211,-0.3854969417286478,0.260773680425777,2016-04,-0.1430335249411765,0.1975726879182014,0.0,0.0
0.0163462978586481,0.0331158574947876,-0.0584858091836025,0.0742596645923976,0.0395297078510785,0.0863406943331517,0.0823944511446677,-0.0162897926803095,0.4616296838831033,0.1738339616913895,0.0071840556585458,0.0090199188371834,0.0087943640722274,0.0178250002650365,0.0091153539056285,0.1933347825167021,0.1482510738502447,-0.020995005847267,0.241545899023352,0.2096972039132463,0.3422832058731651,0.2669862149668217,-0.0302269849558072,0.4509038795361567,0.3880996638894367,-0.0296612757695289,-0.0498970232782223,-0.0624854448094505,-0.0562676563387788,-0.03425482788023,0.9362239333056064,-0.1197728718887446,0.2812710177830262,0.4900204578294778,-0.1641757537042181,0.1809138910472063,0.4353618930143227,0.2479444638756135,-0.2144348375527843,0.1061952960972278,2016-05,-0.3736031235,-0.1954405930638313,0.0,0.0
0.0009109212401241,-0.021297255883048,0.0852815042984873,-0.0156822131770985,0.0156431784924329,0.0200181318741856,-0.0085054177694711,0.0673430522007196,0.2664683889688504,0.0622893659343799,0.0116785743176583,0.0137894887074149,0.0124181899534458,0.0254461068697095,0.0078305219483461,0.040553579552536,-0.0076134947629744,0.1011949785184634,0.1645609139863869,0.1398881544552233,0.0549288308260473,-0.0102986615111781,0.1768465548622585,0.2757528975819048,0.2268449786836725,-0.0559572235491682,-0.076429144827261,-0.0663441644238221,-0.0979894691122325,-0.0222952491990005,0.9635896235295512,-0.4742169829219551,0.4000201970362571,0.5332711849204887,-0.4864075127851369,0.3341076213944748,0.479050330951248,-0.0686003043599687,-0.3949667169109545,0.2661098221167939,2016-06,-0.159931417,0.0142574707046151,0.0,0.0
0.0427500079058547,0.0747356655900046,0.0083490432061905,-0.0951052782722122,0.0420777045478129,0.0607605000031861,0.0866795520308245,0.0303390559447693,-0.0431526521528011,0.1002165291793655,0.0043307632343681,0.0050237742902762,0.0075248891261792,0.0227326917847911,0.0060302741677187,0.0886162643659331,0.1061297918500698,0.0990084868395082,-0.0116796164116851,0.1999000271414444,0.1225955801024775,0.1470101446258127,0.1796982194534007,-0.0162338264856701,0.3485627598080795,-0.0076306037984699,-0.0225298778165552,-0.0337753496676268,-0.155768639471496,-0.0065732404772328,0.9698526019081148,-0.4832752007633813,0.4348931189276602,0.5026856551452601,-0.48489069777985,0.3762899597630494,0.4721000276082863,-0.19027609905866,-0.4226090145365163,0.2689662151308262,2016-07,-0.3515289405882353,0.1384635594187547,0.0,0.0
-0.0012192428990186,0.0098971419144957,-0.0312082843483597,0.0745192885222543,0.0111666467094899,0.0424273473797283,0.0622570216219828,0.0601900124798842,-0.0429214040878229,0.0701976577123739,0.0035618741366166,0.0044911185577395,0.006361382533904,0.0244183232061018,0.0068448025574598,0.0886205108449709,0.1085042166981059,0.1076768075483699,-0.0153948411650015,0.1625087911720727,0.1203879813677717,0.1448532712146306,0.2084357557143074,-0.0215413864527794,0.2597403850150512,-0.0096385472330728,-0.0094678135077079,-0.0424939548410501,-0.1892177896857297,-0.0216718440997395,0.9679976145343072,-0.5354715531597047,0.4633057246965864,0.4791872703248145,-0.529424473487368,0.4190249885477335,0.4701083793062766,-0.223547001345876,-0.4770490838644304,0.2318873152129677,2016-08,-0.070009628125,-0.170608522510156,0.0,0.0
-0.0012344511393163,0.0189479402529353,0.004897103293675,0.0791946500023856,-0.0211586664555084,0.0401929878666249,0.1059380498391611,-0.0183359172138746,0.0493299157724671,0.0314190304377417,0.0091463273486792,0.0096821102679026,0.0074652743614034,0.0290224021128981,0.0084547847171254,0.1045247545971432,0.2370170965470074,-0.038297838355541,0.0425333153476825,0.0723399557063709,0.1484668034160237,0.3642158143247811,-0.0548400767776774,0.0622861623625053,0.1033124324298681,-0.0293951947049851,-0.0299057735954818,-0.0432998567871721,-0.1143163361164524,-0.0415615068347036,0.9456285339488982,-0.0771960961041747,0.3710155869399746,0.469293620808812,-0.0859330022043703,0.2543234293434207,0.4626028992470165,0.051892293016875,-0.2684411528549182,0.1329646965339265,2016-09,-0.0283314534999999,-0.2288285704063517,0.0,-0.2320999999999999
-0.0194256789090344,-0.023128739322524,-0.0349962362456999,-0.047350138349954,0.018966248135291,-0.0218302324165613,0.0052323855694125,-0.0605341067028565,0.1047075146788294,0.0085439647291329,0.0041597301029405,0.0056921802928589,0.0087895920301992,0.0163598621498821,0.0068485574813413,-0.0348194395682927,0.0264363166352988,-0.129215584567651,0.0780295294418272,0.0408301120263427,-0.0451092053109789,0.0364897241692263,-0.1582816889357555,0.1178974598882611,0.0615374413360005,-0.0292217441059666,-0.0281635581966966,-0.086040607733498,-0.0918604264328951,-0.0344480003585169,0.9536175896808102,0.0365522885995011,0.3828205379904708,0.2635442556787105,0.0018342198944457,0.28477067407652,0.2868372935566135,0.1458565839277317,-0.0010602646893497,0.0183604607759622,2016-10,-0.4802809099473684,-0.0803536920187373,0.0,0.0031999999999999
0.0301421469128626,0.0224612325634421,-0.0369671349262901,0.132561129087144,-0.0244847817337693,0.0088839790510508,0.017738442168016,-0.0661186339187204,0.1643800195121347,-0.0270149939325562,0.0068271011515847,0.0087343357536615,0.0093117477297717,0.0312284056566879,0.0112044177068324,0.0182326492765604,0.0348650207543603,-0.1550115552230902,0.0783688098801012,-0.0206007045874158,0.0262866198294467,0.0516392718620085,-0.189934520922103,0.1318777242855708,-0.0277966625926157,-0.0479282128546497,-0.0549019202608929,-0.095531674781595,-0.1459302132164472,-0.0793865658346411,0.933712327821775,-0.0962837079389573,0.3379455189015865,0.1710986355552297,-0.0744047418709175,0.2366361435092253,0.0888656023895563,-0.0048323978320939,-0.0423007533554624,0.1038199506567658,2016-11,-0.1840665547,-0.2497371039283809,0.0,0.0
0.0159166032731861,0.0066045393302149,-0.0224294267999743,0.0688297007358134,-0.0047054769666842,0.0262087897039065,0.0054096929455325,-0.0915140074056919,0.1531969212367432,-0.0106602425280122,0.0051610216284177,0.0068402440426607,0.0088745615844304,0.0161981056029686,0.0082069784931857,0.0718719577895175,0.0127324748448969,-0.2124170617298725,0.1362310254733283,-0.059527412751379,0.1224853697961323,0.0193722148478537,-0.2392803722169619,0.2442024243840228,-0.0804939695184759,-0.016688819582773,-0.0284015363342848,-0.1229001714618706,-0.0392600610481171,-0.0718308083038086,0.9032300811511672,-0.2719666814961673,0.1413569257017255,0.2143767196666951,-0.2211804752405693,0.0315334635171096,0.1503954963225901,-0.091162526027111,-0.1747457839276824,0.0757422632207682,2016-12,-0.3351414304153846,-0.2876073170119702,0.0,0.0
0.0123227696178584,0.0408146658366272,0.0271861838336047,0.0070572753527111,0.0412123697214008,0.0594347637448249,0.0712211482875273,-0.0329734506229033,0.2190579101479193,0.010939072046902,0.0038058621592117,0.0045310903209988,0.0073777970930752,0.0178541096301088,0.0062854831007516,0.1416987340764886,0.1096724058228784,-0.0517614724597668,0.1002387052465003,0.0292905668782965,0.2776104777503523,0.1786937998168018,-0.067504213211534,0.1719973623897506,0.0413867015814517,-0.0118677827718053,-0.0141867635050906,-0.1068070299833386,-0.0587146116890543,-0.0377261288000012,0.8873400290366359,-0.3880342550538701,0.1676671100332175,0.1557372969802349,-0.2499471316356592,0.0295781142559335,0.1118757189429324,-0.1396699265539401,-0.1714195951484004,0.078183118614277,2017-01,0.0401291424047619,0.0112564313764634,0.0,0.0
0.0309628286696668,0.0326759864425578,0.0364894889781077,0.0102368406878532,0.0421685200797923,0.0602787820055426,0.0819230311867227,0.0407877969101433,0.0873913823583214,0.0800127531361851,0.0028217476836694,0.0035285640001678,0.0057915108608881,0.0112321291076321,0.0053703746841364,0.2383365753932883,0.2219152718831756,0.0259060602893144,0.1769851376237677,0.2167630848862642,0.4306237004032908,0.3449699671140345,0.0352193742902097,0.3170245207569561,0.3930267991544514,-0.0081884411125239,-0.0069060003166444,-0.0614308623249824,-0.035735400667927,-0.0091254008957705,0.8664069014210772,-0.1968545987266274,-0.0041902772040681,0.0223143568840671,-0.0964184542025413,-0.2428359841000527,-0.0262003756702505,-0.1093201353290722,-0.1113786052463521,0.0244246522092785,2017-02,-0.33923352625,-0.0059034912881994,0.0,0.0
-0.0003891971352687,0.0148143820615753,-0.0042311407161994,-0.0631364553487228,0.0157940469930071,0.0432609538285058,0.0907471697500059,0.0601629239852881,-0.0468665455328001,0.1022571710419655,0.0051137298408515,0.0058641517137886,0.006875682454058,0.0174748944558592,0.0048427694392087,0.1164067412005101,0.2252971317733825,0.1732558756487243,-0.044373561633099,0.3676209451371686,0.1892127738441832,0.333628196590211,0.3210552845256623,-0.0571082003994052,0.775410369639019,-0.0226923128655286,-0.0186651678669222,-0.0455702622201124,-0.1356913219645108,-0.0141483520437496,0.9093318312824592,-0.1935708969060776,0.3224533291814565,0.1243338559151154,-0.1721912801876065,0.2217069751261645,0.1406359076744104,0.0699766122734427,0.0783037982196225,0.1000256344157278,2017-03,0.0301308896956521,-0.2877643217060079,0.0,0.0398333333333333
0.0090912087488557,0.0229830174398077,0.0150724974118903,-0.0250987486435575,0.0112150867475036,0.0399306313506033,0.0720600579526582,0.0476603403064892,-0.077300745238829,0.07050119000363,0.0046311237026041,0.0051164212339575,0.0061727725305962,0.0126258119461438,0.005345219342036,0.1165617446365252,0.2012267110373473,0.1592852212591212,-0.1053435799712552,0.2309309487008225,0.2036377333972313,0.3119004667992985,0.2861829137882858,-0.1298396448790346,0.4265975880018686,-0.0279679171848106,-0.0184618984182377,-0.022915519629062,-0.1022245273820752,-0.0174471415799748,0.922844480716456,-0.2406826575513151,0.2866494474076296,0.3036576822207552,-0.2547874667664001,0.2139552667091662,0.3030922618639867,0.1444390249432273,-0.1782046798892295,0.0872862562118333,2017-04,-0.2016535492857143,0.0584337560390984,0.0,0.0
0.012796290558672,0.0261102964706163,0.0090381226788494,-0.017712961410932,0.0330101786338346,0.0216060720921484,0.0652439664929676,0.0199131146329192,-0.1028286813906248,0.061093867456978,0.0049680952805808,0.0069607145543117,0.007509539533965,0.0213386945658383,0.0059422211246426,0.0723291073433111,0.1713889607620597,0.0493924154210828,-0.09030793586562,0.1995844887726278,0.1067441342865576,0.2337159340851896,0.0767017971268882,-0.1091819009580676,0.3514065394804166,-0.0188526248683547,-0.0257104087767751,-0.0599209609581001,-0.1651640917857432,-0.0173424869760906,0.9386726943727544,-0.3294220799437447,0.1630850513249693,0.2164746283012568,-0.342428647465883,0.0734014356799136,0.1532684259206503,0.2260891545808547,0.0559678203358693,-0.0576450453837293,2017-05,-0.3196907605714286,0.0231398899598928,0.0,0.0
0.0048137752078127,-0.0093732209419638,-0.0246069566258837,-0.0471854054986897,-0.0038182492975208,0.0269235297700631,0.0398543990815316,-0.0009567505711204,-0.0875534318531001,0.0406069514504978,0.0046106204232799,0.0088928622253928,0.0064126421686824,0.0180095896470918,0.0032390271089446,0.0854622089595229,0.0897372699248995,0.0053896334265906,-0.0701511451456839,0.1539087535507144,0.1237486082418724,0.1215568236940779,0.0075609622866149,-0.0839132791563864,0.2698229255364301,-0.013890619234714,-0.0286850260802459,-0.0414864587680264,-0.2013128024316693,-0.012447875792262,0.8799196177570012,-0.2863690574652928,-0.0197468735709383,0.232516374275757,-0.1904528172666893,-0.1376431921626507,0.1480037691268179,0.2154473628330082,-0.0371108348359338,-0.156959847989297,2017-06,-0.1332550727368421,-0.2321894239950803,0.0,0.0
0.0178695774947115,0.0269675247862244,0.0187840608784497,0.1365475582611277,0.0584187625046137,0.0358570269009068,0.0439046202696735,0.0026962027258581,0.0637373966114065,0.0891826439719143,0.0036513347745185,0.0053604465050136,0.0067099778166463,0.0147868372142277,0.0045876633147675,0.1228290507382178,0.098174590105001,0.014081875073746,0.0690497900403217,0.2701484812251365,0.1691055228881843,0.1311845898731135,0.0189699659532852,0.0886900457493462,0.5036355133156055,-0.0192409571639275,-0.0431355101175688,-0.0681982962462099,-0.1336823964298567,-0.0089552491630583,0.864499108372465,-0.2368611508352798,-0.014419319690365,0.1382517865806779,-0.1027398745495482,-0.1281592330101925,0.0676006972762088,0.1392230146695556,-0.0896630139786263,-0.1016013808629311,2017-07,-0.283115584547619,0.0709606426512929,0.0,0.0
0.0005464330198539,0.0126872267026643,0.0391599372666913,-0.0586007321907533,-0.0315329515187383,0.0233282477886529,0.0302487739175181,0.0326286982655279,0.0194592486425149,0.0211298226117468,0.005851727197963,0.0083169335094215,0.0057305105579137,0.0163811438973291,0.00692540670614,0.0542525771462012,0.0492179369670344,0.0937754815859278,0.025684592139274,0.0744778544923196,0.0735108979151454,0.0672023972368706,0.134004510152261,0.0340104801137741,0.1075231294922468,-0.0223143383848951,-0.0326371285177684,-0.0313456006998872,-0.0839146748679489,-0.0469827396688695,0.8888308638188384,-0.1830640808213829,-0.0054265384902636,0.247980705012087,-0.0497240691783477,-0.08450003842007,0.1893832558574885,-0.0330511206938037,-0.162022634584098,-0.0514101760374148,2017-08,-0.3210838679545454,-0.0653505985565642,0.0,0.0
0.027058095909086,0.0199401602685691,-0.0370510188685394,0.0632067471151511,-0.0130371123077835,0.0459824373391246,0.0607345993463894,0.0194544236671392,0.1375727846958101,0.0116800852081926,0.0030040384879301,0.0051625292748404,0.0070621820710641,0.0136637232713102,0.0063419746478903,0.1353774891486965,0.1074195358411588,0.0360328165063895,0.1704885302277944,0.0413622590406572,0.1883628421171451,0.1508092143146256,0.0496126259960238,0.2592946375239668,0.0557617973497388,-0.0046168142482718,-0.0140420197323568,-0.0479197622585431,-0.0802626143818437,-0.0528490588288923,0.9193079709204176,-0.2804459022522776,0.0330915629552899,0.2117080411296813,-0.2299886853739991,-0.0295957090330286,0.1251716081247619,-0.0714634853501343,-0.2401230743273027,0.0579375158269939,2017-09,-0.201851000076923,-0.14493175549903,0.0,0.0
0.0221881350661516,0.0356698567002959,-0.0113148653921182,0.0524482871144882,0.044316064384712,0.050420270509738,0.0697230671737179,-0.0106643077819018,0.0533976515271281,-0.0017998523562602,0.0030553978698189,0.0055335119108458,0.0054579281798902,0.0138597216727671,0.0049877189426009,0.1759514599252555,0.161139294882363,-0.0366611668105386,0.085747293458915,0.0269781375228118,0.2540144410211018,0.2505752187532548,-0.0499913490204889,0.1244564760355072,0.0367458466761439,-0.0070130431567511,-0.0109034910410747,-0.0592124451499804,-0.0561087751184143,-0.0448872000852986,0.9182045060320096,-0.3440388285240703,0.1318194997627903,0.1575063178171916,-0.3080276896178263,0.137976509037231,0.1271395572269976,0.0007512195161178,-0.0833211848196221,-0.0812263140057645,2017-10,-0.24496863504,-0.161248834550446,0.0,0.0
0.0259731294322125,0.0185128088943289,0.008720256308301,0.0388829171190985,-0.0105221911366975,0.077114401278888,0.0758767536089963,-0.0396445077991186,0.1624789422787795,0.0198559635523449,0.004089676106856,0.0058865797906401,0.0077176741665764,0.0136355575949406,0.0058422636285445,0.3990522569286324,0.2671896406182622,-0.087150032478595,0.2001575599591573,0.0894825768440755,0.9348174844109124,0.5375147056148124,-0.111457909869159,0.3379184372989374,0.126314174796566,-0.0114708589216846,-0.0127264390602401,-0.0590638930163434,-0.0385352945644783,-0.0319971485589567,0.8203595494984451,-0.2011221411936248,0.1855323107973981,-0.0087164638504274,-0.1056357771191253,0.2600793893119856,0.0349620626680869,0.2523679645382947,0.1143322889072064,-0.0293297541536778,2017-11,-0.2300272663529411,-0.1074922317191958,0.0,0.0069
0.0098316305942711,0.0042799024370909,0.0259975643462639,0.0526131805363256,0.0297412515886443,0.0590483600806104,0.0593576400249464,0.0232342680781618,0.1508962485976799,0.0640600264151318,0.0035482175365316,0.0051618669603558,0.0055511730711456,0.0125610046687628,0.0062203319221486,0.2774416136890016,0.1889621436432389,0.053830281973612,0.1800685022991792,0.1464052914826913,0.5636022522785019,0.3526071994920174,0.0752020185167658,0.2892285556793068,0.2216148264483317,-0.0069157714038687,-0.0217219452276133,-0.067934954946253,-0.0507209777738719,-0.0390720297177701,0.8098935586022644,-0.1989814771580255,0.1214715823058475,-0.0089630846393278,-0.0426609901517983,0.2625584437925438,0.0419065145438563,0.2540930921610891,0.1367342568898669,0.0829773925521923,2017-12,-0.1126158595333333,0.0500199754437631,0.0,0.8548
0.0599143591654998,0.0791540734592424,0.0359135368116321,0.0809161356727767,0.0414797242442452,0.0981349962817461,0.1038364253695904,0.0721130444143933,0.1820270324209969,0.0611700620952153,0.0055740538541377,0.0064123918202225,0.0057335826421891,0.01008370316441,0.0050691246247413,0.350534008191583,0.3140038770435976,0.163984033546976,0.2703290504609481,0.1600839933155049,0.713657338819068,0.6480067813925348,0.2452237964331876,0.4832749817358315,0.2479827159514908,-0.0175574194061564,-0.0137614180548726,-0.0089686098654707,-0.0247958785119843,-0.0106881891112321,0.8444781571707187,-0.091718446225256,0.1635756217295105,0.1737978584541537,-0.0088104008824529,0.2582012100681365,0.1642098398209535,0.2732740791172891,0.0524230830359018,0.2840715017287525,2018-01,-0.1529360084705882,-0.0398889026377631,0.0,0.0
-0.0333005036309149,-0.0179832442179541,0.0004896804214953,-0.0511212873875798,-0.044980435885475,0.034692349533868,0.0642829976112351,0.0633652199148822,0.0796214571580384,0.0242151578091263,0.017612800337045,0.0181392757368163,0.0072764418909337,0.0160745702240084,0.0091974303830755,0.0837790992957023,0.0940061463053191,0.1190378069506237,0.0922665762653473,0.0305603279281877,0.1056520965669372,0.1259634458608849,0.1787389554058177,0.1319691698027946,0.0407933047497882,-0.1015953054895625,-0.0970732997927306,-0.0256083523400115,-0.1050801455560215,-0.0671140471082687,0.95818420397064,0.0956125495989115,0.2962766048718726,0.2075141697284414,0.1371738364653002,0.2998106911344161,0.2159452260746449,0.3776163569857085,0.2305744812739021,0.4057693765073447,2018-02,-0.0214099060833333,-0.1320414138073572,0.0,0.0
-0.0268844986005559,-0.0288133217286407,0.0055492579461233,0.0535367145430571,-0.0268758403660283,-0.0029276821936273,0.0292125399327976,0.0421721697677046,0.0805686874877733,-0.0320980992169345,0.0126796522152529,0.0152434767819798,0.0078771610642277,0.0162097034308906,0.0090964628684687,-0.0023758126632543,0.03086244636466,0.1719302055273866,0.1292287100145295,-0.0504393364162407,-0.0030145061794729,0.0409895765902402,0.2930844098965488,0.205270435866783,-0.0665284426429239,-0.0937745970416445,-0.0842202040180603,-0.0233313459955143,-0.0942497030394814,-0.0910940686461675,0.9748033753971244,0.0834779895378933,0.3113785598352041,0.2869675655049165,0.1089078682512802,0.2644543001117422,0.2833171557295164,0.405076179342453,0.1354608607430187,0.1750427741297829,2018-03,-0.24023020425,-0.1596734072411,0.0,0.0
0.0027187749953689,0.0003992134354717,-0.0049894900307088,0.0558977073752535,0.0516608056148284,-0.0567321553415348,-0.0458976704723697,0.0010220209188431,0.055558301079178,-0.0226362846647929,0.0108672730108819,0.0130458477565305,0.0072388356432682,0.0155273993981846,0.0056093842622282,-0.0833665358704548,-0.0561543466746445,0.0047457506424367,0.0406426073744156,-0.0140044977990562,-0.1036182439626161,-0.0726080852242915,0.0071627836610549,0.0610330274431613,-0.0191271111021703,-0.0960084657786364,-0.0946454187050802,-0.0297088454317172,-0.0650221944129645,-0.0880893529080155,0.9774482750757773,-0.062910445056996,0.3915895427402167,0.2673395703470004,-0.0133768695124774,0.3772715025593719,0.2604063378186204,0.2208021729243152,0.0396549129212729,0.1324991446617939,2018-04,-0.033556307173913,0.0539628195623725,0.0,0.0
0.0335606305626561,0.0584947516521996,-0.0087334138878797,-0.0054639424016423,0.0016887947217401,0.0085083440888185,0.028406391640307,-0.0082059808140744,0.1063487644593248,0.0251248443550031,0.0060656863055551,0.006201439211412,0.0061904433845179,0.0166428438099416,0.0065665150236456,0.0182484271719814,0.0428632247160435,-0.0151540203082529,0.1086410007627018,0.0812397728152764,0.0252801522956383,0.0595983774104802,-0.0212117697370873,0.1677978183940321,0.1271189778871679,-0.0626505027670718,-0.0659131314258335,-0.0503502018637107,-0.0603543845415617,-0.0420858661520435,0.9667256305788576,-0.1259859876846553,0.3873394407774804,0.2179047412914476,-0.0736668716081422,0.3346628265003173,0.2306138974022909,0.0809698120990478,-0.1079734105453014,-0.1338028210479113,2018-05,-0.09140415392,-0.1052796751620215,0.0,0.0
0.0048424362676084,0.0091613258623091,-0.0375355185556537,0.106056093574796,-0.0020352347109974,0.0413892081803795,0.068618403580517,-0.0507013864988293,0.1615008529436228,0.051292853599965,0.0055749784274022,0.0083501361093405,0.0055750850921681,0.018627806551293,0.0060608050454648,0.0866792199097951,0.1150972789947189,-0.1277331386070622,0.149570023857202,0.1143442574461445,0.1230241410936,0.1643546378555991,-0.1533727528529139,0.2404353074212468,0.1856779129629728,-0.031297060045354,-0.0432345004546785,-0.0768744157642667,-0.0885169971052786,-0.02464842734195,0.948157544145738,-0.1534413672367157,0.3293377565384198,0.0832612211952103,-0.1174578342540167,0.2546511154027725,0.0792430404682541,0.0350706778776463,0.0127418806646034,-0.041720959959801,2018-06,-0.2348383488636363,-0.1886220287844956,0.0,0.0163
0.0271665549519604,0.010224297476324,-0.0264907222864736,-0.057434538539572,0.0599386060703233,0.0667798310007015,0.0791134794280123,-0.0712148280800586,0.03683394688195,0.0595677578427837,0.0053479406598164,0.0084337358693887,0.0051453437255093,0.0196547081164257,0.0046212282851734,0.1602960883502204,0.1455760986574603,-0.2169285119668069,0.0465903675189788,0.1695084833767551,0.2618194116273036,0.2200732548689443,-0.2433664669817665,0.0637093879725677,0.2806236233372013,-0.0264205552408599,-0.0381027585454629,-0.0962341436811551,-0.0839293100725507,-0.0183665742847987,0.8978478181369549,0.171981606784544,0.1856381781894699,-0.0001800800186165,0.12380059061763,0.0537077682619017,-0.0211108109721883,0.1984736320528853,0.0690117837845795,-0.0296637226155342,2018-07,-0.2725612851034482,-0.2913831589287337,0.0,0.0
0.0302632112767482,0.0570596950348107,-0.0191222548643065,0.0151250855616162,0.0319945837020245,0.0633764308666964,0.0776504689245125,-0.0809488406933398,0.0582986318096729,0.0916246571998506,0.0044313579403617,0.0054824342221054,0.0067562483823556,0.013221478261455,0.0055689372564666,0.1651904167285712,0.1344620935644873,-0.214412159294864,0.0779060269151684,0.2853469859213673,0.2505072607199071,0.1898619916254856,-0.2497762178065285,0.1064621210961589,0.5181752474809862,-0.0140215272854239,-0.0283589740938073,-0.1020954356620917,-0.1227904250327314,-0.0100212012654182,0.8871110967641397,0.2648570298717317,0.1684065034770998,0.1575192073606035,0.1864376288905047,0.1087683670102314,0.0179273382476596,0.2814734452743084,0.2126379844618226,-0.0628455027289097,2018-08,-0.2534288728461538,-0.0562651379262669,0.0,0.0
0.0059584667969949,-0.0055491923180897,-0.0010060796688181,0.0483755133898768,-0.0684552870476691,0.0645574723098558,0.0619415863019214,-0.0460671138296254,0.0031085926730547,0.0189710231387141,0.0036404660225534,0.0067301111848233,0.005066719764335,0.0137192190822611,0.007666214188432,0.2489898918900904,0.1629098537283001,-0.1329082001094221,0.0303097510254783,0.0419959594825979,0.4362698910850358,0.2444170762019526,-0.1693243816177774,0.0376917543403077,0.0588295981212827,-0.0129035809472638,-0.024174992674887,-0.0834670386459388,-0.0895650385672985,-0.0730580551484687,0.8737272602593793,0.2369531414789156,0.2524944300222634,0.2385468364239211,0.1021432094149522,0.2317450077780747,0.0839892662857028,0.2962377182539779,0.1681360941699338,-0.0995177572310332,2018-09,-0.2737798730652174,-0.0701557580485112,0.0,0.0
-0.0694033560936957,-0.0920231143718408,0.01745702797157,-0.1083959377666377,-0.0226459930026016,-0.0355277766775972,-0.0455402660001419,-0.0030031131014403,-0.051126173557511,-0.060421606708807,0.0140887701413167,0.0191695852225053,0.0084141846704735,0.0167115045606306,0.0149377060279114,-0.0559746663268075,-0.0578174667024465,0.0073856926374984,-0.0315986775084803,-0.041123807693441,-0.0699520054179494,-0.073715267143229,0.0115862539744287,-0.0398393173224629,-0.0551458200600703,-0.0987801757229368,-0.128668658237369,-0.0504217372402225,-0.1452690167716864,-0.1251532652644078,0.9437290151690996,-0.129990215262404,0.2918072745914185,0.1267766257292156,-0.0646057124539541,0.2842936500167942,0.0547106073630639,-0.0544014226627276,-0.2572277775099982,0.0189435456805127,2018-10,-0.1914966913,0.0323584670567828,0.0,0.0
0.0245752861724954,0.008183461680876,0.010473319700891,-0.1550667620829464,0.0384492196397092,-0.0408524798324265,-0.0896724913654987,0.0270788169390809,-0.2102105977341324,-0.0545449901457104,0.0120556087079596,0.01664828655173,0.007000931909564,0.0239596368168646,0.0073234238887948,-0.0605224120409369,-0.0902961458038897,0.0566418582100922,-0.1873312370633001,-0.0328153118140122,-0.0794018085640187,-0.1183231552424424,0.0981583753871613,-0.2124260779644078,-0.0448572517957563,-0.0985618382399969,-0.1461526810841282,-0.0297735022881268,-0.3007460051769243,-0.094585946315595,0.9546110355892028,-0.0330247496792551,0.1772935281896095,0.1608213298424173,0.0597454307001801,0.1354635193808818,0.1053109546408402,-0.0828456496247138,-0.2201937902946318,0.0576499491599311,2018-11,-0.3171500659523809,0.0125198248982221,0.0,0.0
-0.0903922641810741,-0.0986005264071157,0.0501536695641824,-0.0779074189731353,-0.0013055549968964,-0.1327196569915383,-0.1748523599744189,0.0796768294472158,-0.3053453279844312,0.0136074556736294,0.0192921018137149,0.0228411710740039,0.0054245949017299,0.0385281136452568,0.0096774643415981,-0.1405533478008622,-0.1439863008326505,0.1681506333391548,-0.1917579482112384,-0.0089524107367537,-0.1820589868125604,-0.1876844081003989,0.3173881676854022,-0.2314238539783057,-0.0121590989918225,-0.1909597489850835,-0.229863182282941,-0.0078601607670258,-0.3763079054246543,-0.0928024457159026,0.9681284267528762,-0.0828459033637637,0.3446858106402738,0.1662677584178392,0.015607627662769,0.2660319747128233,0.1300342931597391,-0.09332565192937,-0.1932494137075593,0.1613826348300411,2018-12,-0.29204701079,0.1284420881711412,0.0,0.0
0.0941749717383324,0.1188233966963232,0.0314207494970675,0.2122560109723807,-0.002909041610226,0.0197290641594438,0.0167598977485958,0.0944944641673668,-0.0555232559264453,0.0340765190225793,0.0112233735796484,0.0146646518297757,0.0052417039581492,0.0202999946358233,0.0070276805848301,0.0506869628515556,0.0466071569344715,0.2112553695830985,-0.0318727108477786,0.1306734999217608,0.0747303129935838,0.069316551753576,0.3808496217383205,-0.042795297693299,0.2058708918671371,-0.1564555109994652,-0.1953093943725624,-0.0107577354922098,-0.3175021987850703,-0.0287673361373003,0.9742179055392424,-0.0843539594011724,0.3696007583965786,0.205912512489211,-0.0076720986678026,0.3148917229763679,0.1676034205267875,-0.01577555520981,-0.1280478451399484,0.1754619284623822,2019-01,-0.3118448822586206,0.2418685792386531,-0.2556454865261912,0.0
0.028187899596213,0.0324567907128587,-0.0215592400404528,0.054283828763241,0.0043642820637026,0.0233245899889797,0.0412397156414914,0.0597983879558847,0.1784914040953593,0.0001351062571794,0.0053490443788383,0.0062493214929968,0.0046665529702644,0.0164565751067261,0.0064479119122466,0.0715452006168974,0.09303715216243,0.182018051696632,0.0932540547688005,0.040588982335879,0.1062135101272969,0.1416528610317545,0.3044189387370398,0.1339334154645664,0.0576468814162305,-0.0165805245062344,-0.0212176950487366,-0.0227052772212789,-0.0701919821284728,-0.0344034578929793,0.9787064114725952,-0.1354043646613028,0.4507445243451521,0.2439012834630604,-0.0955196641634304,0.3936540222649062,0.2246868621432348,-0.0525067301408282,0.002258529101468,0.2555926040675575,2019-02,-0.17885034240625,0.0446453168988227,-0.1820884879540514,0.0
0.0179242562495893,0.0261253582362595,-0.0150823035433301,0.0510310749152662,0.0658818515034822,0.1451825673279136,0.1853151765928438,-0.0060367189811479,0.3432827816978825,0.0674194335863374,0.0073860717429668,0.0094830841948404,0.0072775904299098,0.0120210416538142,0.0061487767170001,0.3174492846818597,0.3079569926366892,0.0095090625934869,0.2992589543334657,0.1297889591773316,0.6972554979068968,0.6451346959883842,0.0129016051749154,0.5938236320996586,0.2050324139035308,-0.0216214611150864,-0.025694725177664,-0.0456339213875576,-0.0254977144126745,-0.0108060916903449,0.9774059630749088,-0.0767732901624505,0.5065034913943101,0.350964588064646,-0.0843173313066912,0.5041658525442141,0.3753965607324582,-0.0144754047182676,-0.1768873050291162,0.1843197379011021,2019-03,-0.1434125468875,0.0,-0.209242126904428,0.0
0.0393134983137382,0.0473612582769538,-0.0078885933270488,0.0626870717662926,0.0102711843398701,0.0877635944885371,0.1096060365530702,-0.0439184887508617,0.177547673854451,0.0815293091195703,0.0038919599320983,0.0051447370777857,0.0053998814627463,0.0138473492226954,0.00734980945297,0.2909653177618393,0.2758801770267854,-0.0833078930044702,0.2310575880277272,0.2028838239947654,0.516555312872426,0.4752004129546129,-0.10206171855093,0.3761055498310054,0.3534297591209676,-0.0060674943938465,-0.0081427568679046,-0.0550882135860526,-0.0452489242324057,-0.0150474450610877,0.9429448334770076,0.0535101916296422,0.2956991102605675,0.1985641960647869,0.0157444880629369,0.2226753120974781,0.213909990992117,0.050318855534359,-0.1734408847481635,0.0416007152579298,2019-04,-0.1618003526086956,0.0,0.1021398993829886,0.0
-0.0578868963860892,-0.0757445601058947,0.023112875072643,-0.170104228250731,0.0168916015000326,-0.0032985834551503,-0.0066805461995013,-0.0002672171809917,-0.0730751919894485,0.0950190990066175,0.0089363435023793,0.0121640023480299,0.0062086091581869,0.0207571774878424,0.011637481682306,-0.0036775646203292,-0.0063386988009038,0.0024252565802129,-0.0640745955174835,0.1802446668579954,-0.0047594672022552,-0.0081451623951494,0.0032567570663649,-0.0772066221995275,0.344765932161017,-0.0578868963860892,-0.0835119583626415,-0.0547905121573222,-0.2000205700675675,-0.0491737397119339,0.9682087681532148,-0.2855208391229987,0.4569791719329634,0.1715715436660812,-0.2720140383893521,0.4395566540087992,0.0967259222669012,-0.2511630778019697,-0.2205677898506713,0.0395796597387039,2019-05,-0.2145682356012121,0.0,-0.0230500023812055,0.0
0.0689301639982415,0.0742089370639549,0.079568003108128,0.0928972190785635,0.003617066332805,0.0466438952637893,0.0398657689017991,0.0958068149983029,-0.0361526227458751,0.0310522260729404,0.0066455947908337,0.0099207308617681,0.0093237662553734,0.0226473198444302,0.0070627909971262,0.1191457168191953,0.0803859184683712,0.2114114238629844,-0.0082624320356746,0.1055078062916084,0.1721794044884991,0.1118200946359231,0.4117307063487008,-0.0109509278209813,0.1870405416233048,-0.0604920655209958,-0.0982839141777702,-0.0123024161949775,-0.2353093914303571,-0.0245244056570372,0.9477395618563746,-0.1016408678276471,0.4328152414540711,0.1095289035981202,-0.1832668520079473,0.4122819134323564,-0.0069976367957602,0.0936627693714613,-0.0370584022384197,0.1435453375758279,2019-06,-0.1942357560869565,0.0,-0.0470487619084971,0.0
0.0149610719891883,0.02218690897242,0.0268440576458655,-0.001080219973666,-0.0569054345083428,0.0221197084916504,0.0148715809945361,0.134169719993733,-0.0939889684878082,-0.037506200097317,0.0053821801492598,0.0069966197698402,0.0065590292214247,0.0201179822442225,0.0073401960024264,0.0525419120131489,0.0152878688958736,0.2815079463715673,-0.0577599274325799,-0.0461797517896895,0.0732667769380982,0.0207783738028715,0.5823246167560644,-0.0742634636777299,-0.0696986887415296,-0.0150305113239768,-0.0185817692217064,-0.0207082114089712,-0.1755496662525211,-0.0735608116170259,0.9498078338723523,-0.0632657279446463,0.355359201304106,0.1085498348885334,-0.1320555078813625,0.3339399218854558,0.0096096402155493,0.0616945128483649,0.0249170503590508,0.0258311694861539,2019-07,-0.2710715472,0.0,-0.2415152873624773,0.0
-0.0180916272405237,-0.0259974461365349,0.0652128192918517,-0.0594059960422999,0.0064779582628928,0.0652944915855087,0.0694960170809324,0.1808395284872108,0.0268621347035427,-0.0473627738317842,0.0143320152262765,0.0163085966142614,0.0090881958487369,0.0296117732085211,0.010520258388254,0.1077095383630579,0.0960993964388443,0.3206702111589884,0.0293664493023886,-0.0907801128034078,0.1474993521528396,0.1338460719442626,0.7576079982615306,0.0402053562762987,-0.119862890430725,-0.0612255699829662,-0.0725275742998204,-0.0146748664886059,-0.1996877279138748,-0.0927742566703661,0.9668448373526376,-0.2868690191140223,0.3104690266006648,0.1312427996916643,-0.3189078535811278,0.2919350196247065,0.0983543558164537,0.0246779816662197,0.0730237074124694,0.1412507437525127,2019-08,-0.2568528805555555,0.0,-0.1764881665419255,0.0
0.0171811779310206,0.0045787405403667,-0.0351524095005427,-0.0186932632998275,0.0378519685444123,0.0137215154835483,0.0001713119131643,0.0553574860937098,-0.077985822585875,-0.0148668713854712,0.0055743568852472,0.008477604421395,0.0104139626358081,0.0404313568617555,0.0172190222216956,0.0276061214951197,0.0058531240393218,0.100741169966438,-0.027608873666639,-0.0043583972553997,0.0360961427043992,0.0077892162363225,0.1531949697585824,-0.0434734579719519,-0.0072224197487712,-0.0395226757500425,-0.0547464958057525,-0.054570144482804,-0.1403815837336944,-0.0930919845334624,0.9783109157302208,-0.4500834883051015,0.1886084162887975,0.03820353591535,-0.4466357450718483,0.1703502610933747,0.01839829338864,-0.0104379126719767,0.0419349139506534,0.0889197733559968,2019-09,-0.2642568053473684,0.0,-0.2320998020470142,0.0
0.0204317705136853,0.036630586215367,0.0311796921366129,0.0020344111517009,0.0109227946698429,0.0191855327272223,0.0143039049743012,0.0598135125786529,-0.0751109830718071,0.0559848099449737,0.0082328741489816,0.0092703605497824,0.0065233348383168,0.0138567519591192,0.0066630412251193,0.0607419892904066,0.0533689208237939,0.0857052148522354,-0.0026358795480939,0.0235697514134546,0.0803323771990398,0.0726733126383171,0.1296511967382936,-0.0047726263088204,0.0406391962923367,-0.0456894883080999,-0.0654197149283096,-0.0468941952863513,-0.1661367330593781,-0.0601379770836861,0.9786296819164672,-0.5254853055187804,0.1990567305197993,0.0398678120337292,-0.504259219954983,0.1822352585573909,0.0172560936079863,-0.0759795796151145,0.0638206953766696,0.1080835692741042,2019-10,-0.2264368852840909,0.0,0.0480524436994032,0.0
0.0382115322758378,0.0497830917176345,-0.0383750159210728,0.0725359963647029,0.021294877503676,0.0776261848469745,0.0932200178342186,-0.0432492608964277,0.0546279894661763,0.0715305469578866,0.0034616056182923,0.0047081847937455,0.0067606069886221,0.0173771232407842,0.0051909366336869,0.1990705741141482,0.1839807185673083,-0.0931058860644055,0.0271373766345549,0.1169850639658477,0.3073665051772419,0.2962572216859844,-0.1158766012906409,0.0527401129893461,0.2204666768297131,-0.005922425492665,-0.0075198635971466,-0.06334262410455,-0.122257587517581,-0.0086495990069865,0.952525513006798,-0.4081900789535218,0.0826482828232977,-0.0564230129741082,-0.4060673985755247,0.0616290910045202,-0.0625754872114783,0.0428223723518126,0.134738354804593,0.0497259017629581,2019-11,0.0238801977699999,0.0,-0.1612975715749686,0.0
0.02858981890573,0.0354429583743223,0.0367767639955876,0.1067609824149158,0.0093231524791232,0.0897127732685891,0.126807609736399,0.0280762941271464,0.1894559224456691,0.04207596305863,0.0048159041813822,0.0054408428656726,0.005128907167278,0.0113892835849485,0.0056098938568178,0.2329241537093452,0.2810346517051394,0.0729515548617611,0.200970022308431,0.1661559375524178,0.3535784031378887,0.4613208533977412,0.1036468494924362,0.3697342748654812,0.3803446740445974,-0.015211822295583,-0.0167134711325628,-0.0646148995406379,-0.0629237019397631,-0.024224092079759,0.9550600459601218,-0.3512990171524449,0.2221001340160339,-0.1100410683545522,-0.3036532679003915,0.1484440660165706,-0.1533285588695737,-0.2622889046804574,0.2177127713671479,0.1565277785822531,2019-12,0.0570577072173913,0.0,-0.1970600785687565,0.0
-0.0072911045826342,0.0084089144481771,0.0399087653488983,-0.1543517696011239,-0.0169578362589665,0.0601076865032272,0.096130920345193,0.0367790966626153,0.0038191151514879,0.0133361468441681,0.0075988154167711,0.008683007561576,0.0063413344822124,0.0173715253512963,0.0076127756310092,0.1882645090167326,0.2462244595032018,0.1137646002802243,-0.032198679534137,0.0366996945778895,0.2688498014287538,0.3814083320312315,0.1686423918757908,-0.0452874066641282,0.052147291597331,-0.0300763239523182,-0.0279895182247037,-0.0187046847568063,-0.1822860973675534,-0.0323726330565733,0.9610765748910556,-0.2899064246036581,0.1668302663677836,0.1384034786384432,-0.2948196488434667,0.1157188756713483,0.1224841535514907,-0.0981933796454091,-0.1756920941136962,0.0404424517971146,2020-01,-0.023778945125,0.0,-0.192410290086021,0.0
-0.081428306986934,-0.0639217366245609,-0.0225610758707964,-0.1318852379876062,-0.0436580474365195,-0.0620553884305019,-0.0225939658924932,0.0538289474375579,-0.1875049460280247,-0.0511106139640679,0.0160696670613727,0.0178616684913901,0.0142576412929855,0.0225803326774999,0.0129399798514452,-0.0726734596521841,0.0026169486465432,0.0735211268477188,-0.1586439954305988,-0.1034919995034336,-0.0817760057059868,0.0031119678494073,0.0926991966586193,-0.1920010729891777,-0.1289444552600051,-0.1275578294220412,-0.127399035014352,-0.0647572633623155,-0.2901304900220082,-0.074617354543464,0.9722473732793327,-0.0910092537017557,0.4159127541719998,0.257652980091747,-0.2118168485406413,0.3227968120496113,0.1926888585696084,0.3011925454789916,0.2289405723095481,0.3577617031931924,2020-02,-0.4217380302692308,0.0,-0.1619998840615153,0.0
-0.125119282408928,-0.1012294330311895,0.0123393959013997,-0.5424486079039064,-0.2329737486082129,-0.2022187661709603,-0.1516058240303688,0.0289896505019335,-0.6641025036815954,-0.2788998578216509,0.0588497139518698,0.0572827201705508,0.0265803741575441,0.1036482653206814,0.0508228756043986,-0.0818864696922353,-0.0559483366640973,0.0466333596696015,-0.2391779992950226,-0.1624597538112917,-0.1083124515153809,-0.0737174946385824,0.0697074792650524,-0.2783522277029306,-0.187511151586662,-0.3392496000265327,-0.3011567333731759,-0.117766468302105,-0.6813833981554348,-0.3717309160497567,0.9867947621047124,0.219056687981701,0.4207905841339709,0.4790645819075971,0.2200205952854403,0.4508409706664656,0.4024516695997875,0.222733904555129,-0.068940831181203,0.2184983917000149,2020-03,-0.294350958032258,0.0,-0.1631092916109732,0.9096
0.1268440381652791,0.154471979837417,0.063660430215741,-0.0800780969875618,0.0848429859251884,-0.0944223112633269,-0.0287201055236918,0.0524919212246655,-0.6346004722500382,-0.204224945535584,0.026024938862007,0.0261916718697199,0.016402843433397,0.7356952767201561,0.0233219053341658,-0.0276186968193296,0.0011768418222636,0.0576961942716387,-0.1633925990212915,-0.113720253955385,-0.0381313742636062,0.0016256707434937,0.0915810853984267,-0.165712422124251,-0.1362980208616859,-0.2704103269940811,-0.2502347606515678,-0.0575097335491938,-1.6450120152501586,-0.321969649159474,0.9832020275729376,0.2717430517211163,0.1497815501831058,0.4983113941177453,0.2740859571674977,0.1467240904110393,0.4254733592872394,0.0518375912767174,-0.0003187029887458,0.0808108219596617,2020-04,-0.4286528896113043,0.0,-0.3054160964157846,0.0
0.0452818196655591,0.0675310140209177,0.0400783766517951,0.8837580356172055,0.030860257673374,0.0304953892343997,0.1076759831058682,0.1199411664945919,-0.2071044904084978,-0.1422180366590384,0.0144422010294963,0.0142227952015403,0.0114645696912247,0.0559973909648518,0.0161855380409675,0.0314909739380982,0.0619393311303693,0.1032598616029262,-0.1312151413924789,-0.0895255829731907,0.0445180191306936,0.08738646732558,0.1764633598323542,-0.1341405079843796,-0.108463849599986,-0.1671957588032007,-0.1234804221553571,-0.0412705652730478,-0.6322052596576107,-0.2592963853957846,0.9813511901554282,0.2707396285615225,0.1580478044312712,0.4618591949465878,0.29992273777077,0.1557969420282177,0.3977207360831585,0.0548444889542403,0.0137684625444989,0.0746887208973075,2020-05,-0.147351278,0.0,-0.3171372272074222,0.0
0.0183883965139246,0.0599480716845801,0.0278586802468538,0.1065088363067157,0.0753420894338128,0.1995287196944872,0.3063167236373574,0.1371099988875399,0.9174805339607746,0.2025781999820413,0.0184993548579494,0.0168495272123758,0.0100021770389917,0.0317474175077528,0.0124773421340791,0.1539346564314915,0.2267070297012177,0.1668612726458218,-0.1038557612926073,0.1455274411283979,0.2365376954258871,0.3572884254567315,0.297370560982726,-0.1062594991137359,0.1975277589806393,-0.0712444360287852,-0.0526547636752474,-0.0419536364890935,-0.2488342857678794,-0.1699813656163767,0.9543717306875472,0.1255490900853153,0.2233149880189997,0.2444906847312719,0.1754735828382748,0.2107140760234562,0.12596979485447,0.0380219004901125,-0.2227222279502083,0.0749922944372921,2020-06,-0.0582674605999999,0.0,-0.0184511875526772,0.0
0.0386064584235876,0.0451078031626737,0.0880142522756919,0.0259695246387852,0.0748731438429859,0.1055995622674976,0.1825681568014892,0.1631455397319812,1.1385256568950948,0.1915263566269447,0.0080153811498859,0.012621465094918,0.0078554967614704,0.0167674485502734,0.0094788003334148,0.1195791108542202,0.1912226297864854,0.2506174637150699,0.3224241020056728,0.2285389521835265,0.1595817150099723,0.2585465445270035,0.396152645079557,0.746591669699722,0.365962473702663,-0.0421489983818318,-0.0375134007528004,-0.011441252755311,-0.0486177540523883,-0.0200963327714196,0.9099725644519956,-0.2134818912516594,0.3925440127932297,0.0259824428577058,-0.1538307380784453,0.3324272373711757,0.0288386961345804,-0.1025855183244816,-0.1121145746481345,0.1198271182468913,2020-07,-0.158702251917647,0.0,-0.1723963275906585,0.0
0.0700646669017175,0.0958738565553374,0.0080496873674154,0.0581077756639751,0.0283606102116609,0.1318124978993502,0.2139652240662597,0.127327059201201,0.2012108685053153,0.1886371232796149,0.005111876494051,0.0089277740516139,0.0173463403438765,0.0124382829618838,0.0094609085017451,0.1639807797511985,0.2323757844900207,0.1610648651065226,0.1444381903999231,0.1995578343203031,0.2127443394382456,0.31886765450213,0.2284396182122143,0.2038906143396695,0.305443354573102,-0.0079691321542361,-0.0292805132529629,-0.0706967882776623,-0.0229911694140653,-0.0361885220082713,0.8865782356976619,-0.0627437921231348,0.6897005464733702,0.2070369259956644,0.047690842091333,0.5985229198980354,0.0825806022914611,-0.0293412289208483,0.0588075815359651,0.3154893255578423,2020-08,-0.159865602074074,0.0,-0.2439839383587241,0.0
-0.0117991287295893,-0.0109370101151322,-0.0463870474793893,0.0211996378585819,-0.0122898085894617,0.0982628046111921,0.1327800919746657,0.0458963922190653,0.1086003687090264,0.0917725736656767,0.0147474172745116,0.0193979262304585,0.0100935820636538,0.0244446806592097,0.0119295863610672,0.1771574416531224,0.1677064423592161,0.0768299464816135,0.0899401830788028,0.0949396171392239,0.2527320127603117,0.2383511584810081,0.1042800933646992,0.1325336916874469,0.1343319877055485,-0.0702377483998542,-0.0802245771962595,-0.1022748441343216,-0.0834293381610044,-0.0722938487694705,0.9105791898382664,0.2472268581202487,0.3432707569618037,0.0513727727548512,0.259486329324058,0.2442477216865944,-0.0237624264510996,0.263917533473233,0.1948696832625848,0.1293564594889249,2020-09,0.0713048562962963,0.0,-0.1028349623084068,0.124
-0.0276657862213792,-0.0229164717332728,-0.008230005584773,-0.1101442111069709,0.0273310004339235,0.0281839593649053,0.0590493781287311,-0.0466221771448174,-0.0384758689474814,0.0434829605475013,0.0131460163232697,0.016432344904729,0.008609446072134,0.0298000161369257,0.0097682219781643,0.0434424936935669,0.0666695009709449,-0.0547264065719313,-0.0151493857798847,0.0704130719701207,0.0570107377173881,0.09013037406658,-0.0697396821684692,-0.0209785272099404,0.094430230123229,-0.074771805930645,-0.0812267448601257,-0.1014571358929836,-0.1367582801290703,-0.0274536836304704,0.9395972304333696,0.2755965291285153,0.2774580116361128,0.2300545150380029,0.3237811457603847,0.2404260459288561,0.1551447996364125,0.1977756689664248,0.2584959387157167,0.2483067173285585,2020-10,-0.0677688168571428,0.0,-0.0600048070773482,0.0
0.10489721979192,0.1077538748266988,-0.0429183531513297,0.2718426416431028,0.1005947686625701,0.0616532189837031,0.0705301939974396,-0.094825951337592,0.155749365960415,0.1167793439022644,0.0104071400424705,0.0136363541561875,0.0156145298144641,0.027731996221287,0.0091083861503774,0.0857992127729198,0.0864519771605299,-0.0973941057707948,0.0909919710633138,0.1475296071150784,0.1206545114433776,0.1233784122778897,-0.1169717423393771,0.1418898683521144,0.2068554747289712,-0.0633746575836898,-0.0773517447573406,-0.0949631974890899,-0.1121562424955077,-0.0252191260572886,0.908178574708676,0.1418133794109038,0.3103749793016227,0.3232126983251801,0.2420031439721057,0.1619274204007465,0.2132550894328747,-0.1831807704101498,0.1323411521815033,0.282719084066915,2020-11,0.0356723715384615,0.0,-0.1796359565968697,0.0
0.0371214590935704,0.0565255121278371,0.0672411036195979,0.0701367510911725,0.0665723456936164,0.1142100432559423,0.1435494736216116,0.0130304418672506,0.2111342637744229,0.2059468200353202,0.0054189616807266,0.0066448932567032,0.0087237985134921,0.0138066093938433,0.0089507457430803,0.1712756320664936,0.1711924800181072,0.0238728406645002,0.1325988012443204,0.3878017448352772,0.2634625964161097,0.2668108479889011,0.0307535438546786,0.2134334919324404,0.5909964835019581,-0.0147910081074005,-0.0193772392740693,-0.07539151518482,-0.042362486374693,-0.0314049525779333,0.8591634954867805,0.1407758042928715,0.3178386352113165,0.3441332571232997,0.2884756227430699,0.1464196013441773,0.256793833996996,-0.27296357038124,0.0321933494712092,0.2563987094762826,2020-12,0.1204954112384615,0.0,-0.1747664043849165,0.0
-0.0044279999462072,0.0138178126484853,-0.056323638858216,0.0833500825511464,-0.0058804182161953,0.1408385157337468,0.1865421864791747,-0.0360941685165552,0.4744888115778394,0.1669611331505129,0.0105858120321016,0.0130137988023345,0.012740811191332,0.0167371953288594,0.0095980768030898,0.1173360958197144,0.1489133446189885,-0.0584311443589238,0.2114732575416795,0.2216102085478923,0.1678400439942548,0.2226753174765175,-0.070354413887627,0.3675631702000763,0.323701413083736,-0.0367132699663974,-0.0414564542047289,-0.0762791388279545,-0.0369772247930915,-0.0508831674782461,0.85455638607569,0.0939541163283264,0.4091301781655497,0.3717267758023079,0.2382739096840195,0.2176916954686226,0.2381139689987778,-0.2807900804147491,0.0202969452680639,0.4127323666896183,2021-01,-0.05034214968,0.0,0.0368165089325471,-0.0256833333333333
0.026675909655401,0.0127543927305004,-0.0515586901820038,0.1667815352102186,0.0656088779192991,0.0600727379252905,0.0847859247658524,-0.0447961128880429,0.3526880314379748,0.1298655773033232,0.0092679303162845,0.0138999953082514,0.012211431212836,0.0176196642651622,0.0170610613085885,0.1398804769195639,0.1606527959019896,-0.1158340656958283,0.391023078231579,0.1556930320219883,0.2031912772841366,0.2246997973193848,-0.1385272176253367,0.7719917840597662,0.2368350188399224,-0.0308804586373792,-0.0660665821320516,-0.1085504049292526,-0.0319533892381943,-0.0512938415162663,0.8804688092397707,0.0504494813236524,0.2898077186160006,0.4014048328115547,0.0734998209851418,0.1312480462712382,0.3304497228602359,-0.0107115392053552,0.0464955460894925,0.4380767643666246,2021-02,-0.1949316133,0.0,0.1049358560280366,0.0
0.0424386325331658,0.0041327367320345,-0.0086765383944588,-0.0380487829689077,-0.0024325237665249,0.0655075792900248,0.0309917241939041,-0.1127440456524923,0.2159379600582391,0.0567657758842081,0.0104306731320894,0.0183661752906833,0.0091536742022594,0.0320933557791494,0.0118441959091135,0.1381900502916259,0.0499570520758951,-0.1577155243276734,0.1503976265203508,0.1095887127138615,0.2068222177576341,0.0704864176721645,-0.1855793746415724,0.225551995318254,0.1736107452461533,-0.0417333394835285,-0.1023911616835735,-0.1347452693892017,-0.1260402251162125,-0.0556790039327449,0.8917648777947997,0.1168500711982335,0.2078615579041854,0.3525318180886433,0.1672478453555038,0.1027071317241147,0.2980427092878864,0.0302832410398015,0.066920287775696,0.3047188854644519,2021-03,-0.0076254601470588,0.0,0.0295407068250434,0.7172000000000001
0.0524253213475587,0.0540361280800782,0.0314505197853201,0.0747126774009945,-0.0168398890734193,0.1263546548837995,0.0718913314543745,-0.0302177176642686,0.2062434495139282,0.0451156746932293,0.0068277866926521,0.0094059405563867,0.0069030222294533,0.020122052717815,0.0137736642054072,0.1764200446206292,0.0611803077263495,-0.0382595867113306,0.1322617627749159,0.026129726317416,0.2827768003138409,0.0878708497932753,-0.0517888375842861,0.1949565923595391,0.0377648832581946,-0.0120727829476111,-0.0403907918446333,-0.1087566760952992,-0.1125736907893605,-0.0879654156540875,0.901357727918476,0.1983131977342293,0.156118359255647,0.3353448199620512,0.2573998120478004,0.0441261950882761,0.307698109386489,0.0571079334548824,0.1747865977891793,0.3081624365265592,2021-04,0.072707029016129,0.0,-0.34712038282305,0.0
0.0054864886706071,-0.0153222345504722,0.0762573132045176,0.0430952781513007,0.0664033072284395,0.1031079781710619,0.0421752486459749,0.1004742863638972,0.0783739787776305,0.0458948259753015,0.0088690712233662,0.0126639966633917,0.0069958387382505,0.0187577674021249,0.0084182256547653,0.1453058978443204,0.0203522129889454,0.2029596906169486,0.0700156934803169,-0.003761120242867,0.2297821084023546,0.0287216276269567,0.3655768160178607,0.1002841131595386,-0.0048941038976552,-0.0400604958374499,-0.0783024111363693,-0.0257507788726849,-0.0636788534747476,-0.0780986649033571,0.881812607451434,0.3904565281881454,0.0939876565292468,0.1648798999138259,0.4733840029546091,0.0367449402465974,0.138547050711981,-0.0533175634189841,0.2695421949001655,0.210613143191115,2021-05,0.0270194437692307,0.0,-0.2197614891661538,0.4316
0.0227175276889559,0.0558709145554765,-0.0700262595349409,0.0849084450140573,0.0089008520324302,0.0822391160500068,0.0958735759339786,0.032369582696992,0.2162124396183871,0.0577772493615535,0.0053965311359915,0.0064693784762955,0.0118418612802205,0.0105527056399711,0.0043689317508899,0.1902151629652234,0.1775885842680853,0.0879167469779996,0.1705093342684518,0.0541362886331325,0.3020000533084473,0.2742898577012994,0.1162685754959022,0.2676149969486751,0.0720345826267485,-0.0208452602298199,-0.0362209179824813,-0.0766008937420731,-0.0153949944992117,-0.0117145038754196,0.862449942800623,0.2998697888701387,-0.0330424927668063,0.154765598315359,0.2498037400008929,-0.1419633363165073,0.1516424753768322,0.002168043721685,0.2069794187697561,0.2456502358812703,2021-06,0.0833691348749999,0.0,0.1569334656784408,0.5308999999999999
0.0248200935447522,0.0099562486934565,0.0169272502312356,0.0310895150127934,-0.0095194760925529,0.0538518692500011,0.0500440509649011,0.0178333723394976,0.1668457262003158,0.0656532465882857,0.0075688351620942,0.0077921129830613,0.0058668827555767,0.0245979297368518,0.0050818575065687,0.1171256466687102,0.0779731689786183,0.0296935944590454,0.1377608804279364,0.1186337105609131,0.1736796313562603,0.1106992539443572,0.0372239965294455,0.1910121633699638,0.1844237472613711,-0.0287685966224789,-0.0311038005445539,-0.0696894988661882,-0.1173422170239825,-0.0254555497444606,0.8533141079580248,0.2669224376439975,0.2862500879605496,0.1842542213304519,0.1284999220209713,0.1511365137902016,0.041461925420947,0.0881668478560905,0.2131366159559917,0.2553855162102252,2021-07,-0.1013420376260869,0.0,-0.1341601564948047,0.0
0.0289904162554393,0.0399763750976385,0.0030343153889884,-0.0736984066687196,0.0946773233217526,0.0784863703587539,0.1090135718833718,-0.0514147618055617,0.0361959046222144,0.0939073759966393,0.0052016006604881,0.006658752222142,0.0098467532594654,0.0227117970333034,0.0052636344762308,0.2026238206093101,0.2410090148120955,-0.082473640142947,0.0380246130046672,0.2976142339375219,0.3209355457709077,0.4191025765245368,-0.0964433627954728,0.0525003913168464,0.5629656714266128,-0.0177332778458776,-0.0247873100742211,-0.1015176930113842,-0.1718272465804083,-0.0145527665144509,0.8336037302175002,0.2265442838670056,0.4656850156689261,0.2534060262985598,0.1277466772317108,0.3455128885372691,0.1671145168773811,0.2165168623870417,0.1812517525165865,0.0632397427337487,2021-08,0.0370743193529411,0.0,-0.0225829748170716,0.0
-0.0443241001760449,-0.0537916530695948,-0.0146924019921709,0.1103922597131978,0.029191328447329,0.0077889588628818,-0.0061683827923882,0.0050264882572377,0.0605354924895191,0.115907458331816,0.0082151122723278,0.0094792399181214,0.0093486958381586,0.0144094606175859,0.0061916298383803,0.0238643319287281,-0.0115318432682446,0.0221420074980246,0.0601020940420677,0.2802104853588911,0.0321723214576466,-0.0153743374066231,0.030405042523061,0.0846588810576282,0.5415331842687177,-0.0473299770688802,-0.0602140057677813,-0.0517721970548347,-0.0885050320546086,-0.0132706747054822,0.904367854961766,0.0166464975825984,0.4575608521075158,0.4283650460251089,0.0791069375829187,0.3910489025082233,0.4099231424581681,0.0838040983903512,0.0025013777861182,0.1520124349293472,2021-09,-0.295515220074074,0.0,0.038513373169634,0.0
0.0691438364006074,0.0726583210693421,0.0153102017154598,0.11382115226535,-0.0044819058803644,0.0513761005933905,0.0555326087824545,0.0034283635233574,0.1456297897164828,0.1215829481935195,0.0068359271017932,0.008752555803009,0.0073228211774347,0.0121179713319475,0.0082658980904412,0.1160512170964882,0.1041054023164885,0.0105169041642127,0.1327651995136686,0.2657827489091568,0.1662623973171383,0.145083115016929,0.0143364508832038,0.2060477506688751,0.4516691861830161,-0.0488958309271221,-0.0727738772154319,-0.028443376187527,-0.023508539018291,-0.0435892286144654,0.911625673282444,-0.0952257863003028,0.3124546762298235,0.2431892676174583,0.0106193163523907,0.1989389429796998,0.2434900386084189,0.0499556169735947,0.0007413288002237,0.1529003183514406,2021-10,0.0906526801351351,0.0,-0.2115232388023287,-0.0035999999999999
0.0147257566611656,0.025416940982603,-0.0064420664790704,-0.0890990491505938,-0.0279743432626691,0.0368011133596937,0.0407553909130615,-0.0060517411989833,0.126582607961611,-0.0040833233897557,0.0064846383672181,0.0089959697856616,0.0099211309629861,0.0241936370016188,0.0094908591955766,0.0882123145808255,0.0883033049461903,-0.0082623670336879,0.1126140119098975,0.0709714151588803,0.1222226069964866,0.1197877909515556,-0.0113372205042791,0.1532392048477168,0.099934670401861,-0.0189613103345052,-0.022502958431283,-0.0522895582613112,-0.1010041689029845,-0.0703441918333183,0.912890716384899,-0.129812245499727,0.3493642587412204,0.2302918183865024,-0.0094865142722045,0.162188323946198,0.2097188179574768,-0.1137733568974268,-0.0268600084756252,0.2925094447325234,2021-11,0.0994389127571428,0.0,-0.10459538108032,0.5871333333333334
0.0293675624198848,-0.0069188991859682,0.0326633100795594,0.109677841198301,0.021836378277338,0.1167482982147904,0.0923117647810183,0.0417192570691176,0.1258577726913288,-0.0112004816162849,0.0106858538472835,0.0151300919616933,0.0072144082415558,0.0218198172862453,0.0106748099161087,0.192523432408379,0.1241676788095674,0.1184269767477924,0.1061345587953068,-0.0372887673067166,0.318728574534815,0.1865606137061812,0.1822949580295675,0.1511356702132283,-0.0492410701624329,-0.0305601418082098,-0.0510578516057089,-0.0581139082244425,-0.1090096455486875,-0.0905431536893843,0.9041563137063592,-0.1820844702689466,0.504023783227709,0.287563775677479,-0.1211494507481958,0.3248332560005518,0.2183756138836726,0.0051377412646366,0.0245440101905432,0.2933330224082004,2021-12,-0.0382154002275862,0.0,0.1334600278309413,0.0
-0.0348378151871446,-0.0655393253881712,-0.016154086397464,0.149963319303759,0.0089806301052111,0.0081367826238474,-0.0484179644584857,0.0094365568836727,0.162390513696778,0.0021711980923921,0.0114993925406549,0.0184374051036727,0.0102465586263824,0.0163202531147839,0.0106529713431577,0.0291618628454216,-0.0290613356968478,0.0116480863418381,0.1138438765631028,-0.0425099599466407,0.0438113786404182,-0.0403566522501926,0.0157193138406228,0.1681891816886419,-0.0550698130355447,-0.0811007042760114,-0.1435574278730427,-0.0425613803069668,-0.0419733390559641,-0.0633053142996069,0.936645438574072,-0.0762322445381136,0.4570511196093521,0.2351594559366303,-0.0659341491197481,0.3126274623884627,0.1600893415171131,0.0527360369493426,0.0537385029263575,0.281974156372505,2022-01,-0.0906089918283333,0.0,-0.076713340258912,0.0
-0.021434960310256,-0.0222842506433699,0.0546666695363087,0.070825769199142,-0.0314852337851196,-0.0277891299940516,-0.0926844430108126,0.0715219069148276,0.3664687854134429,-0.0014485760739251,0.0144537811158302,0.020641978425536,0.0081174780456492,0.0210865056625713,0.0178073456674549,-0.0384849069972288,-0.0893480230916237,0.0491077491182328,0.2515582470056985,-0.0002851815604386,-0.0538561017916033,-0.1197427781142309,0.0660934745520625,0.4236954853778654,-0.000372097554567,-0.0933579583729622,-0.1533721505422575,-0.033656983705171,-0.0538389662348171,-0.1038232368628124,0.9445228560526172,-0.1465723255038595,0.2678050755580167,0.2884098621560564,-0.0806717482550448,0.217258871512956,0.1656931782326301,0.1252473734091958,-0.2091605282540119,0.0420892372665478,2022-02,-0.329337392,0.0,-0.1267195913195609,-0.4034999999999999
0.0357732883715473,0.0341142812585717,0.0255169154763745,0.0476389208153034,0.0621276425366863,-0.0217390885629373,-0.0551950144640827,0.0641065971056888,0.2900734163822189,0.0379245566048904,0.014593916867096,0.0205364747836455,0.0136691136585492,0.0557859417432623,0.0123849581787304,-0.0250580816013673,-0.0445486605016562,0.1103328762700844,0.1251236757008119,0.0747669880602456,-0.0355004474938081,-0.0627218691489838,0.1611113665797375,0.184338189685292,0.101903506556167,-0.1051160477831234,-0.1830014205824203,-0.0656291755746585,-0.2316895451881583,-0.1151443897365196,0.9597843250473774,-0.3893691415989045,-0.2181237584499401,0.3672190867780971,-0.3088217181638387,-0.207389607076465,0.2570003720091643,0.4458391129947252,-0.2577175963590962,-0.1012824800251458,2022-03,-0.1365073337951219,0.0,-0.0732230968315174,0.03205
-0.0879567118043422,-0.1326168062051612,-0.0192386624971203,0.0439769018327891,-0.0035184878685656,-0.0755788898284071,-0.1230150308809403,0.0607703858844621,0.1711737459478008,0.025066885115665,0.0154329524105531,0.0205997985971001,0.0086146122217865,0.0325634573235012,0.0116457053964923,-0.030119402721009,-0.0398223303980875,0.0959665327793983,0.0903880920277416,0.0076607131334881,-0.0407175215447493,-0.0553055068924177,0.1419048804332289,0.1319278157859391,0.0104896624341149,-0.107882785935652,-0.1562966020331568,-0.0756619654293615,-0.2377526011178503,-0.0443858008472349,0.960472287999148,-0.3888531551812695,-0.1581887159970345,0.2963566928352925,-0.3213122933173046,-0.1539863518404742,0.222277140977868,0.5451340092436231,-0.2415953828163029,-0.0446115214264029,2022-04,0.009011793915909,0.0,-0.016155688061325,-0.1021
0.0063674983541508,-0.0164990442708856,-0.0315948652437451,0.0991498425002668,-0.0075242743482759,-0.0493147390958208,-0.1178258549519865,-0.0259903738689998,0.2021520918026897,0.0504269383756674,0.0201513042585612,0.0275249201927326,0.0094068285084848,0.0305951442383728,0.014056893366549,-0.0396688183673192,-0.0754216132055599,-0.0331904427397741,0.0911798627842646,0.0306495421512242,-0.0524878215754237,-0.1000651635329424,-0.0450884149724332,0.1334952334014463,0.0439775424495676,-0.1577878148339182,-0.2294987793001851,-0.1150590182734452,-0.1935327033357035,-0.0895523835550932,0.9667997518121586,-0.304781845156631,-0.010972048926747,0.2715143022483647,-0.3270175914394182,-0.037803927409158,0.2097286272492168,0.5167331129336006,-0.1451753728197873,-0.0368895563283016,2022-05,-0.4219304743225807,0.0,-0.0542652271524594,0.3116571428571428
-0.1058073695933582,-0.1094747248301589,-0.0182508333146828,-0.0867866851086013,-0.0484969892678257,-0.1792646482771716,-0.240317644283486,-0.0675598575052308,0.0479004501898483,-0.0589790206085283,0.0177937502613662,0.0230746564788053,0.0088676631860974,0.0255844360707072,0.0106825848817784,-0.1787896438355781,-0.181453579833717,-0.1106288025217681,0.0107877513448072,-0.0569488577667501,-0.2153474011344706,-0.220474462798251,-0.1364673440810743,0.0148377647018094,-0.0807344792687477,-0.2033159443356779,-0.2687965726432635,-0.0934739530749694,-0.1545095319179462,-0.1177418616938689,0.9707582720572012,-0.070378312776569,0.1572277484232591,0.3438421728542654,-0.1243316512829382,0.1016430857009988,0.3004186914368423,0.3160958478637708,0.0743602073159025,0.1791450639894987,2022-06,-0.1478530144413793,0.0,-0.1690499806397799,-0.3349333333333333
0.0893906569274292,0.1042018771933037,-0.0037743401930238,0.016178349378759,0.0873243453050491,-0.0196721629893864,-0.0329041544108861,-0.0528574479164409,0.0199974232358384,0.0268078312326887,0.0124389203182133,0.0171473069307754,0.0082597858156576,0.0320234199585622,0.0077562149239152,-0.0427871117377291,-0.0457598838144148,-0.0802096137584139,0.0585769842294567,0.0429924741770782,-0.0561495774313538,-0.059858751801023,-0.101701034035005,0.080975428486838,0.0629828752319624,-0.1835849340743948,-0.2499486056472912,-0.1208951394285351,-0.163192238850986,-0.0912888393638445,0.975912852792521,0.0139667936739611,0.1981752232567658,0.4408271784961339,-0.0412211817960391,0.1413002110919851,0.4007633778135057,0.1679773833699105,0.1712541540107255,0.2014096355399131,2022-07,-0.2440793109459459,0.0,-0.2419470681480187,0.0
-0.0424401282729977,-0.0463646668952792,-0.0208180116478159,-0.0919691689537955,0.0270841797955723,-0.0672168970147456,-0.0622716089087529,-0.0423172140288455,-0.1573586493184613,0.0626134744572879,0.0121979650238765,0.0157253205707757,0.0077158038080341,0.0276040598452212,0.0093769266871353,-0.0407923178745397,-0.0163634001102569,-0.0770297917503174,-0.0786194967501934,0.1269757365791326,-0.0553404226085056,-0.0226495963936061,-0.1054423960342691,-0.0979594189892081,0.1912451650105355,-0.0813435332679294,-0.0999272267314661,-0.0590658368716642,-0.2353856717618998,-0.0358421523891068,0.9753526583612996,0.2267819434640957,0.0543650444291596,0.4468485863624727,0.2181900000701824,-0.0026706780483673,0.4372277487847756,0.0857773609859582,0.1255795454892228,0.0993769676225536,2022-08,-0.3271196556758621,0.0,-0.1275557039200135,0.0825
-0.089667809820269,-0.0983265422480194,-0.0259133433485326,-0.1124416440027236,-0.0255632596793948,-0.0503808058482238,-0.0505325065970891,-0.0497918869960001,-0.1810310255986882,0.0882252589764709,0.0153874855401172,0.0181455449580227,0.0095761044674683,0.028307953645016,0.0095584455842671,-0.0638092704723113,-0.0519009078098247,-0.1037307625577657,-0.1151492531893888,0.1504652889885394,-0.0856706059809591,-0.0709965835203795,-0.1389660565125704,-0.143368441500779,0.234881679768808,-0.1637174466170211,-0.1884282702985465,-0.095208054835701,-0.2760280436390403,-0.0692832127054143,0.972806788185452,0.3881143124085272,0.2195772433300146,0.2381375179635664,0.3635371347234454,0.1925060276023117,0.2480734440752524,0.2184045323996071,0.1556786962301427,0.1455360663508354,2022-09,-0.0793328005609756,0.0,-0.1958577047272395,0.41622
0.0798634138370097,0.0390076675283621,-0.0187201248972035,0.0885646132182897,0.0454251546820907,-0.0586856805490308,-0.1065908996441059,-0.0640472976465091,-0.1226927385316144,0.0462913523519654,0.0176050002480865,0.0209795493509282,0.0101281770799297,0.0255010947408714,0.0094686872097586,-0.0517652856959784,-0.0865004309931031,-0.1390300757585814,-0.0355350111534799,0.1437593917906829,-0.0723108859236064,-0.115792109991464,-0.1818853239860717,-0.0485772383646141,0.2249727255333333,-0.1657209328760701,-0.2079378838228563,-0.0947649500993395,-0.2020195067303863,-0.0654509047147884,0.9755207420174586,0.5082605864523282,0.1524102632934599,0.1635022211106629,0.4845227283073343,0.0950443333469342,0.1884930383794034,0.384202893063065,0.1208821776506766,-0.0831490529891783,2022-10,-0.1600305508078125,0.0,-0.1640454172580079,-0.2616666666666666
0.0540512364389758,0.0491510057222537,0.0590835252264816,-0.048850900099877,0.044051703976127,0.0361686528337297,-0.0171074585626003,0.0123267168362799,-0.0810333927537791,0.0635761807722326,0.0180456083639795,0.024287972158864,0.0105554798965762,0.026885000569629,0.0061432391978862,0.0238128049297927,-0.0156863176138537,0.0029001830503804,-0.0818980179960379,0.1313104143288441,0.0375315985001639,-0.0240440285661574,0.0044523248653881,-0.1088046088874783,0.2093144039824382,-0.1324013933442301,-0.2062840796372221,-0.0965928839217188,-0.1966700890817079,-0.0135636020552653,0.979021083191013,0.5510270864222355,0.2979005585218168,0.0979161780865562,0.5233306927496939,0.262701544396283,0.1222715272999274,0.4276426334209777,0.058176753698679,0.0104762862141461,2022-11,-0.2091116077142857,0.0,-0.1142020233468536,0.4302499999999999
-0.0551451690602293,-0.0745821065452825,0.0350903719364776,-0.0032244167416364,-0.034813767827347,0.0754634054026031,0.008775779490171,0.0757252762843498,0.0320487320561289,0.0534794554343063,0.0115432348715598,0.0144122721329428,0.0130725925414479,0.0227704916076992,0.007113295917047,0.043486520451545,-0.017737422459049,0.1120015996987782,0.01122471955541,0.119067471622436,0.0725783403982947,-0.0279596338142599,0.1989445704612775,0.0164736083431087,0.1922329039981895,-0.0689950082493382,-0.1019293252558237,-0.0206518494504929,-0.2166932995247357,-0.0534590946843851,0.979457025449042,0.4493906705693082,0.3117866798969058,0.1587420786568182,0.4528711241757848,0.2713787742930661,0.1787977618657153,0.2995816060489938,0.1316158864280348,0.115710197379069,2022-12,-0.2882922703,0.0,0.0015496239520427,0.0332999999999999
0.0681864561890834,0.1136918984289845,0.0516337397073576,0.0211261011549879,-0.008539294677074,0.0638340266535271,0.0812869318107507,0.1528505005548315,-0.031888520745902,-0.0009007538701014,0.0108905717721859,0.0137706818521253,0.0064603581225296,0.0192082276145513,0.0067647109448862,0.0989785393536903,0.0785394343371381,0.2151470479086801,0.00439500024009,0.0302598400546919,0.1707608632470109,0.1342092520139561,0.430534617420153,0.0059764612281292,0.043962710491835,-0.0591082243210029,-0.0830201088650641,-0.0129370143349142,-0.161528457143792,-0.0507269518272418,0.9784334382618368,0.3718485697410991,0.320381910948403,0.0899403173830428,0.3709299575311537,0.295765736549481,0.134271025979953,0.2491323118942201,0.0749482219166736,0.1612838717972934,2023-01,-0.1726956743703703,0.0,-0.1105265887977367,-0.6236666666666667
-0.0061954236124186,0.0142445292078821,-0.0441173031938684,-0.0207671305027468,-0.0202807225594183,0.0030282093087914,0.0453112555880841,0.0405126878439487,-0.0033039174165564,-0.0624632977638474,0.0088683597323516,0.0146485243799247,0.0082148412440245,0.0208551400726473,0.0063299520819033,0.0575391239474267,0.089153424138432,0.0467934914793157,0.0139290859329577,-0.1317403927037022,0.0882098154357727,0.1436791966744642,0.0723888954038002,0.0189558891272704,-0.1703403537575328,-0.0307501028253682,-0.0420798798474473,-0.0607917787649765,-0.158296354007111,-0.0651619278582722,0.9650730599653892,0.2900640369887175,0.3364904475498659,-0.0049020746528536,0.2920242769710975,0.2867017675050305,0.0620812135606899,0.1812534530059014,-0.0388891340587176,0.123802452027871,2023-02,-0.15566853298,0.0,-0.1252511444812019,-0.0172333333333333
0.0350516125771098,0.0668995188855561,0.0720313890920032,-0.0179105104238017,-0.0152896521502338,0.0987782794874381,0.2051226624862687,0.0776472203391889,-0.0179888397675022,-0.0434984861908581,0.0113486909069002,0.0129572666904315,0.012863911302256,0.0246694969436076,0.0080442102600409,0.1609040137493933,0.2383375190349204,0.1370306627542698,0.0234669536497527,-0.088378596741927,0.2586516870061279,0.4239841334033132,0.2162420043913647,0.0315571990299949,-0.1211129804617627,-0.0586505535904102,-0.0636048888331133,-0.0600164706637266,-0.1803758205562232,-0.0778448577720419,0.95141693985941,-0.0196634306055104,0.1911588265147167,0.000952940517799,0.0392185786360099,0.0797245348900237,0.0386732530642214,-0.0798687765333966,-0.2010381229731118,0.1549965761950497,2023-03,-0.1525853287354166,0.0,-0.1570376891325763,0.0
0.0146423416624819,0.0003820942729335,0.0152869352899629,0.0146689657355789,0.0382569691502097,0.0437007134919718,0.0825104633107487,0.040401332089619,-0.0241986301526661,0.0016477278255915,0.0075166219411272,0.0101029744897686,0.0099572377674993,0.0227954576921411,0.0032183172734021,0.0827332948645743,0.1131448320121086,0.0643601773289239,-0.0253214892934036,0.0149748227927883,0.1261789556744447,0.1852655894455374,0.0976254304035001,-0.0354099258855821,0.0214180923181089,-0.0237986084195714,-0.034589519526439,-0.031528267060117,-0.1076146871797129,-0.0531651034433294,0.9367369384669872,-0.1013030952638195,0.2291177069956393,0.0416176803561591,-0.0364722161038,0.0344733288137222,0.0129181218455882,0.0142818964794291,-0.2602166272165856,0.2086165733476739,2023-04,-0.2145828456235714,0.0,-0.0827805170456305,0.0
0.0024657031609631,0.0545724211112963,-0.0244816091668556,-0.0721973984465665,0.0213112988004113,0.0527966911195669,0.1255527116951746,0.0617732036492437,-0.0754486723790474,0.0441706776644277,0.0082731950142201,0.0104146853188662,0.0082786230316432,0.0238171374465627,0.0056145804425131,0.0933768056458661,0.173067303352203,0.0948276495570637,-0.0413303440135777,0.0076411257033381,0.1474340499930027,0.3104714423915563,0.151770446188988,-0.0561580235134017,0.0107460825689732,-0.0259648709845713,-0.021279841610451,-0.0544826592694868,-0.1765554191745573,-0.0233573251660527,0.9425681537266932,-0.2735388272723173,0.2882866799674771,0.1334279352730669,-0.2413526900359203,0.0979835816790971,0.1229009260535605,-0.113452447750971,-0.0301406016286478,0.273818217829073,2023-05,-0.2347364679436619,0.0,-0.0653419827918211,0.05715
0.0697930502111525,0.0676526620726742,-0.0057135281192214,0.0562864424680245,0.0236155046575663,0.088133741119218,0.1263472592055541,-0.015227778462599,-0.0055987330103146,0.0854250668737504,0.0067285299766346,0.0097357103845044,0.0071299776356826,0.0238747933904403,0.0045411622826193,0.2476906051652887,0.2569355470961177,-0.0297162956552776,0.0303810666251225,0.2954514578417931,0.4754215054387677,0.4925722071965996,-0.0417415417297848,0.0436328094798176,0.5213202484476904,-0.0172679253801043,-0.0308572686677103,-0.0623830170245385,-0.1565954805266534,-0.0101474855736169,0.931147954820716,-0.1825691172068087,0.2633263514981375,-0.012325907907966,-0.1842251728148315,0.0563415522168004,-0.0220096130457522,0.0553334391952956,0.0435461201985744,0.2243411896836807,2023-06,0.1060662489841269,0.0,-0.0588509299211267,0.3998
0.0331725448991795,0.0423724856408251,0.0225738831537947,0.1257238782508474,0.0294308460818621,0.1080061025846481,0.1736249568982213,-0.0081598417181519,0.1032378919775736,0.0761979723236043,0.0051445895258068,0.008830354227548,0.0063142516864025,0.0151372191875459,0.0053980948494558,0.2828886241545948,0.3247303182331559,-0.0208349825624055,0.0797462228170288,0.2537566379131175,0.5586848204958386,0.6291844146305554,-0.0292432127282088,0.1126975473732583,0.4162234137080394,-0.0107649130836239,-0.022650057010278,-0.062439016302391,-0.1071232960163635,-0.0166723610795431,0.9157895710113372,-0.0950835719939535,0.2590411948136681,-0.0099240509156207,-0.0645438019593003,0.0702721521816232,-0.0477457276890746,0.0124856665882913,0.1089038227796325,-0.0168034061021087,2023-07,-0.0061112546710144,0.0,0.0234281668994337,0.0
-0.0177163900708536,-0.0216819588186072,-0.0023344204952728,0.0223715664228307,-0.0268362956774066,0.0856992222661752,0.0887620858739386,0.0143578999502136,0.2156886064661194,0.0254628599145394,0.0077567190672641,0.0109208065479547,0.0046543613427795,0.0147519259855764,0.0044854932870867,0.179989560671585,0.1309690637286828,0.0490115817880971,0.1620699125612758,0.0662616070177512,0.2977649781835566,0.1995112708438938,0.0759170396570972,0.2503216073683559,0.0946019426746881,-0.0477777103889144,-0.0743305339214546,-0.0472424017051136,-0.0652843843200755,-0.0378128415434374,0.9318093663169156,0.3121244361007401,0.0852347345505134,0.2314484502640541,0.3684674325138515,-0.0171057758099248,0.1929331704665321,0.096764592888274,-0.0419752243892974,-0.0491061712709568,2023-08,-0.1356806265357142,0.0,-0.0939653912403931,0.2205
-0.0447127229787123,-0.0573860097756756,-0.0437165656606018,0.0713390920188203,0.0318552496907376,-0.0305090750981473,-0.0387488266284739,-0.0244122960067781,0.2330128225312933,0.0337174755082225,0.0070619339878956,0.0090720240308156,0.006172685995451,0.013715442919601,0.0050757025650603,-0.0290013408447845,-0.0357827443098755,-0.0551333725893392,0.2573525314363717,0.1504275437997396,-0.0387413017105735,-0.0479788612843894,-0.0759830100857522,0.4560263690616894,0.22123472293286,-0.0648144116834585,-0.0894476617600265,-0.0513446196195062,-0.0308496944943833,-0.0287425820531693,0.9436378481603224,0.4706331255523573,0.1153647151516367,0.2305409436706531,0.4433468181133084,0.0905695257163808,0.1929528582665305,0.0268973340589314,0.162928868931774,-0.0443719552838149,2023-09,-0.0668164433566265,0.0,0.0257973014682409,-0.8512
-0.0219796887379822,-0.0278441001067917,0.0686994667592424,-0.1076110163447514,-0.0148450834660699,-0.0822618924404944,-0.1035008959413398,0.0195938662337433,-0.0225604335209793,-0.0107428224246299,0.0088836623197713,0.0119452352810186,0.0087065737273528,0.0273865215769817,0.0070608061464594,-0.1622598512937723,-0.1496527240467162,0.0378776202334103,-0.0041367728484188,-0.0163741424708931,-0.2004200971837597,-0.1826078154999237,0.0653789954330734,-0.0059062080075258,-0.0219178739459118,-0.0989871630862733,-0.1213335686431557,-0.0687814185537315,-0.1351409438606691,-0.0420076830046474,0.9535160264023216,0.0994944105318231,-0.1668617527647734,0.3032397964805647,0.0247457711215148,-0.2106991009037358,0.3302213794224573,0.2869046256115583,0.1576129980082621,0.0685225944836542,2023-10,-0.1111572960066037,0.0,0.0277964245527982,0.2080999999999999
0.0885295541543818,0.1081579883196393,0.0219625561276757,-0.0430921580562024,0.0378010228373209,0.0170026690400475,0.0154802445269464,0.0444248805953706,-0.0851471060932334,0.0549634210325582,0.0071655045014098,0.0091920828263081,0.0072876114041646,0.0238885927058482,0.0041475162979297,0.0415322681893848,0.038221467137222,0.0932145239063508,-0.030483105295304,0.1392020102599997,0.0603065261165433,0.0536656800397228,0.1566707457694702,-0.0420040902474659,0.2074692632855811,-0.0593194887088135,-0.0686416694580487,-0.0338552180098753,-0.2218189444022517,-0.0353068352761908,0.9554480465882582,-0.0899102577163112,-0.1290220506715119,0.2949904996525367,-0.1839719466187966,-0.1829058949285783,0.2844836461082883,0.2624363447824987,0.0775058775253133,0.0678103072746687,2023-11,-0.0403280510521739,0.0,-0.0064257953571787,0.4985
0.0442292311563599,0.055188932682274,0.0165350442303497,-0.0567403582219727,0.07938399947304,0.1116906303693914,0.1367574919265952,0.1102299319079107,-0.1945185054715349,0.1035565667114373,0.0060768282910227,0.0072365914485197,0.011299435943759,0.0209659066010313,0.0073051707909458,0.2174299660512637,0.2134530601757279,0.2062993443678091,-0.1390594783733005,0.2109094268233266,0.3554778680218506,0.3321854843842773,0.3801225861055039,-0.1788808481140586,0.3502412356605505,-0.0146842669110066,-0.0150153967602135,-0.046178878429836,-0.2524884225232656,-0.0142846154651387,0.9510560043174114,-0.0848125290784454,-0.0645750476535368,0.2400486944272808,-0.1629709894496718,-0.124915110556599,0.2261745032715434,0.25456371817725,0.023205656700676,0.0311921046565188,2023-12,0.1009234882380952,0.0,-0.1013586039497563,0.8523999999999999
0.0255055122908318,0.0289109306722652,-0.0016436817328442,0.0818889271966289,-0.0002322248073785,0.1656658417807188,0.2031220600475158,0.0371531957536563,-0.0234734785466633,0.1199256837513864,0.0070667836233998,0.0102973229546244,0.0071373461671385,0.0198676655225639,0.0083764474251624,0.355670033257174,0.3311518186444241,0.0681219846951557,-0.0442139647093285,0.2062630985585355,0.6666388707517357,0.6026105266925612,0.1049501166858263,-0.0583995446480223,0.3207583151644224,-0.0166967206316909,-0.0296921605190189,-0.0360509174538244,-0.1771858610421474,-0.0287453638862091,0.9498481229951448,0.0381827750165808,-8.457483644396397e-05,0.1764581133839809,0.0010721625421722,-0.0035183061790658,0.1616313840180056,-0.0308632175148683,0.1529914392968043,-0.0160745251701239,2024-01,0.0171436539449275,0.0,-0.0198513061993501,0.0
0.0580747200187288,0.0710270074802086,-0.0046449460360894,0.0451026948636203,0.0118339833351881,0.1330528918304474,0.1628091239589884,0.010150194778028,0.0665295595274482,0.0919037856905056,0.0076284568847627,0.0107212377205505,0.0059801136680063,0.0159251522080866,0.0056980630653719,0.3177798105303312,0.274586258810836,0.0660583083674342,0.0608948839922591,0.2247680362059313,0.5613724396675431,0.4935927745152266,0.1029011953554073,0.0857396766843311,0.3525571009903076,-0.0146102330206124,-0.0209535155897888,-0.0330780874746896,-0.0998280503123016,-0.021755775287675,0.9560492771873416,0.173674654705029,-0.1163102300226486,0.0705543683272364,0.1170593746579836,-0.1113172577357827,0.073464859038729,-0.0605651447035221,0.2039748525044931,-0.1473372271343654,2024-02,0.0216674071304687,0.0,-0.0143555284232197,0.3509333333333333
0.0310187799153434,0.0178685974363843,0.0791842872625179,0.0627395335891742,0.0272499447699063,0.118718740348743,0.1216824356579504,0.0724059383560131,0.2016236849853427,0.0391650275455461,0.0062154191948753,0.0088271547335926,0.0080262406122252,0.0143350402531451,0.0076356236552738,0.2828615687745228,0.201718001300089,0.1792261499816656,0.1511203069965949,0.1170361571534696,0.5155127871431421,0.35361028470898,0.3037575920418648,0.2344888113971087,0.1632140907076157,-0.0113741999136942,-0.0206053341569087,-0.0132048547906602,-0.0340242473433765,-0.0232027658916961,0.9657821154373036,0.0933043610013031,-0.1420535389702891,0.1980027439016456,-0.0088898309501519,-0.1380339186186091,0.2161791800650427,-0.0661579954126604,0.4008229504780456,-0.0575311046798321,2024-03,0.0567803079426829,0.0,0.0684307516650788,0.898
-0.0416150717378986,-0.0440575971465783,0.0385586740170906,-0.0149091967183958,0.0300590825149804,0.0454972370841186,0.0421347181925153,0.1155901645218402,0.0941127238926613,0.0706500063467134,0.0083909098997589,0.0122364444436551,0.0111634754910587,0.0111816861734783,0.0056910464158947,0.0599059258469354,0.0213986501710536,0.2247540130468413,0.0951928890338138,0.1211209785594849,0.0887233545274622,0.031413831141797,0.3429480871239403,0.1413421613630465,0.1705500551592192,-0.0546442684349439,-0.0705616954088454,-0.04594421420209,-0.0573006920618126,-0.0164968868422739,0.9617799319870056,0.0966184236880571,-0.0524989843834287,0.1459912334621269,0.0413586091201001,-0.0261077526089995,0.1670316987239032,0.0510962040955091,0.1626740515604193,-0.1079559568962148,2024-04,0.0052136388157894,0.0,-0.0408418319339669,0.1117481481481481
0.0477605053960255,0.0625735829951086,-0.0007322565500877,-0.0851328986798144,-0.0079677759910424,0.0353056289805455,0.0339093353758226,0.1199754920389193,-0.0422302601029732,0.0496972076687887,0.0060130319023399,0.0078038296101998,0.0099818927748395,0.012281571384924,0.0071467357855106,0.0808278013947223,0.0582422819349541,0.1880739356791728,-0.0473683598839013,0.1276547780122899,0.1207766736414736,0.0871485396139819,0.2774810377835009,-0.0641538522033536,0.1884830251579611,-0.0449075445206353,-0.0508884936174373,-0.0562995329891072,-0.1375554167300456,-0.032147467252292,0.9440923994144244,0.1935783789354075,0.0312776130242897,0.0604905182148069,0.1282469358429402,0.0338362864594186,0.1067505080997493,0.2135613781285217,-0.0380320178138302,0.0786049722315401,2024-05,0.0,0.0,-0.0574240464790675,0.2690333333333333
0.037289924939341,0.0680195249128088,-0.0022065670648087,0.0513651756691893,0.0615083403562999,0.0416028486529467,0.0848505985469481,0.0355082113356917,-0.0524811404760101,0.0847042109490905,0.0040171071542949,0.0075555873830228,0.0124024180425391,0.0157542721193234,0.0190766782766416,0.1232167185632162,0.1455297767161122,0.0825613558293409,-0.0354867995718849,0.135609124925015,0.1856055844604011,0.2293726658342351,0.1131680121240993,-0.0464901238057177,0.1861674847852723,-0.0073898544678004,-0.0126833728368489,-0.0690071301596716,-0.1794510004233543,-0.0592935994164106,0.9290449300388164,0.2249236042563986,0.0765679314570761,0.0428045673723944,0.1892558127388529,0.0427749239416857,0.1078852675360832,0.1563061589014887,0.0738635561022529,-0.0064743918112138,2024-06,0.0,0.0,0.012023763101735,-0.2428
0.005840726959708,-0.0164052287938519,0.0249016601777629,-0.0362454962937135,0.0313012901659008,0.0931793015487185,0.1162318703360765,0.0218913109845071,-0.0730036610119043,0.086012318311764,0.0092630028852566,0.0146694081446113,0.0114842637397208,0.0185810324344621,0.0054576051681094,0.1968834116130879,0.168040286876476,0.0120595842183744,-0.0902686372595897,0.1355702567642541,0.2951239636514993,0.2445076552351738,0.0159420253998503,-0.1202620854842184,0.1883524534509088,-0.0472861326992481,-0.0804415273788072,-0.0639675286660542,-0.1312002377125971,-0.015916793425124,0.942192600246034,0.326598026060301,0.1662823985645602,0.1177115062634525,0.2300697732754697,0.1285925735914876,0.1507844224288087,0.1193984354747393,0.1277413669702531,0.0683292863396496,2024-07,0.0,0.0,-0.0085275428956029,0.439575
0.022834706936631,0.0064899228078734,0.041664989761488,-0.0559620126480874,-0.004965728326627,0.0671730083070336,0.0573160739075306,0.0652484371395965,-0.0434460296166684,0.0892987647242999,0.0122623442249774,0.0162820753835451,0.0097156976110263,0.0235974879170005,0.008554217181651,0.1199403961356837,0.0595059369456263,0.0860380143086561,-0.0499855731506721,0.0977835540770851,0.1705599774622603,0.0816339152886597,0.1233716069282277,-0.0697810334759558,0.1309310725110878,-0.0848514435020743,-0.1314731907660793,-0.0329056092181669,-0.1350409194612661,-0.0407162314618912,0.9632464142192146,0.1807547240489387,0.1055021614945736,0.2051052579144766,0.157520299187132,0.0948791264297631,0.2135819697673263,0.1647157903235219,0.2022120771205878,0.1438003491047283,2024-08,0.0,0.0,-0.031101683053271,0.73224
0.0422414096872725,0.0614408648672306,0.054062585154083,-0.0308501319579448,0.0227829881181336,0.0722671394144436,0.0508033437104578,0.1253216191047435,-0.1182472316699569,0.0495595778024251,0.0071726840063736,0.01073007922335,0.0066419295800551,0.0200180735164655,0.0073149738934229,0.1120724697022191,0.0550655350238114,0.2070736700481543,-0.0896337639789186,0.109052370085271,0.1598467458996862,0.0758508299682389,0.3236876045895751,-0.1203040458467386,0.1568323793538709,-0.0250413856403078,-0.0747720816361912,-0.0131730310165232,-0.173273971509914,-0.022437676177035,0.971114029230108,0.2470209996942544,0.147132880840803,0.3276959677572054,0.2127367771217927,0.1364382922283422,0.2769525839502568,0.1869501200493487,0.3542607375621285,0.2047763620279037,2024-09,0.0,0.0,-0.0706643768451141,-0.74975
-0.0098967433031504,-0.0051689841622138,0.0338046739059989,0.0159894967956994,-0.0418941532309434,0.0554903558063852,0.0628073557033188,0.1350969509369044,-0.0704566900090203,-0.0249317269222058,0.0069362367493432,0.0100732514260362,0.0080525050796361,0.0278746846526093,0.0058935873808928,0.1243372400604865,0.114621877040771,0.2160746649696211,-0.0226951536716433,-0.0433150939583972,0.1793454407444014,0.1647398137051862,0.3438253492828878,-0.0307188396081025,-0.0567160675473698,-0.0271489663840442,-0.0330042142055547,-0.0255667760735106,-0.1287269948631635,-0.0576595352077252,0.9686263261685708,0.3267461772426591,-0.0125708513148061,0.3223134176544574,0.3697596703555226,0.0050014282349784,0.2578486384523771,0.2566989148710344,0.2553229898589692,-0.0510231314470302,2024-10,0.0,0.0,0.0019506322919513,0.4215399999999999
0.0514052404319402,0.053347447094175,-0.0397919996149589,-0.0077967210348214,0.0075088080270708,0.0849730496962501,0.1122867596725074,0.0463336909804803,-0.0230309241047651,-0.0127075001130219,0.0078068417620674,0.0105641718509025,0.0141727100681417,0.0185418306602674,0.010860952550467,0.2036181757841563,0.1831743074701078,0.069885980874674,-0.0142456702578956,-0.0039075195275767,0.3312980738796219,0.2797413333351011,0.0895816439114389,-0.0189115783356313,-0.0057625127143464,-0.0259144985981001,-0.0320559783381476,-0.0823693041809254,-0.1311900807188751,-0.0829164459760577,0.9494870254822458,-0.0076078514218779,-0.0370189810458525,0.3326380614116961,0.0589058251824877,0.0139202685072147,0.2509213121018759,0.3538844391109711,0.0389106427973194,-0.2037832420227876,2024-11,0.0,0.0,0.056573748018918,-0.1339454545454545
-0.0249901370484829,0.0048193527792452,-0.0060218291305984,0.0547059003044576,-0.020152369183212,0.0149850261733928,0.0529529236646195,-0.0133101554612382,0.063215383646922,-0.0541530039354712,0.0089859674111932,0.0122729694225168,0.0095496814436251,0.0130489257324442,0.0068815850342113,0.0335742762221991,0.0806078091939359,-0.0147551964024854,0.0571308482745093,-0.1182102776279349,0.0457666418590394,0.1109093183282637,-0.018436474403409,0.080127319546382,-0.1565768559327402,-0.0366469697879547,-0.0427830991326191,-0.074794820024977,-0.1196327706589367,-0.0710289638904345,0.9536457773549613,0.0467515977586168,-0.150857099648749,0.2735931027206985,0.0913617997945491,-0.0936495677146451,0.2466727591129414,0.3495766680143854,-0.1027548132221686,-0.2477345988541149,2024-12,0.0,0.0,-0.0414273717196275,0.3656466666666667
0.036330178086837,0.0282031583628885,0.0497554025028139,0.0178024483320271,-0.0057687265748991,0.0623736522581748,0.0882747969087571,0.0019136313107901,0.0651126059797406,-0.0184897978300134,0.0083959249963023,0.0143293114258112,0.0086670892294951,0.0170223917053556,0.0088116839673083,0.0878930880339984,0.1025369076457883,0.0054187892070935,0.0333611245198401,-0.0498640433696574,0.125129264782986,0.1464294792304707,0.0069306359238118,0.0466013279815486,-0.068502672666174,-0.0275964665238631,-0.0388654981997581,-0.0707059079945687,-0.0700663493295411,-0.0782916199117288,0.9470777221230988,0.1468391594413194,0.0399429075259585,0.1971228526838296,0.18888647365881,0.0861735477801823,0.1810377185748479,0.3484320924887377,0.0206261175720996,-0.1638406961402166,2025-01,0.0,0.0,-0.0275544848557172,-0.0880235294117647
-0.0091070746611188,-0.0287907244077949,-0.0193392287208495,-0.0612043992621651,-0.0587554985163933,0.0012300639252877,0.0034130524232538,0.0232547469322674,0.0077804115171482,-0.0830441643962877,0.0086335611909813,0.0127087863117909,0.0092141898245724,0.0158794067224821,0.0069395662871233,0.048254933844156,0.0367393302259815,0.0466602809997256,0.0055597573687766,-0.176270466120526,0.0649457470976414,0.0496574443226728,0.0622654918857072,0.0082670816479668,-0.2183653795338722,-0.045991729143393,-0.0753794990651293,-0.0487383451191821,-0.1412490013856706,-0.1066342095174548,0.9451249402321454,0.2276474589530744,0.090904896221374,0.0442270937629565,0.2479587848329459,0.0901367827706079,0.1090996481182764,0.3149431519274511,0.1708887000639458,-0.0162842300765621,2025-02,0.0,0.0,-0.0584784864545098,0.1117666666666666
-0.0575446976813749,-0.0821333525116093,0.0962963134379946,0.0246559800463341,0.0577676189438642,-0.032199961823232,-0.0834179577389522,0.1285865622064701,-0.0209325415392889,-0.0101254925781648,0.0129896058193123,0.0178836826996649,0.0069810104786919,0.0142004874823595,0.0066767668344197,-0.0432980032244258,-0.0912555790544815,0.2325006838767032,0.0188441300981952,-0.0259906707541465,-0.0572960784336698,-0.1150889052017296,0.3827104063335071,0.0277852970390581,-0.0367652473093327,-0.1013370267178843,-0.137461436584605,-0.0317402319589968,-0.1736618315269805,-0.1083320850096972,0.9576053881751356,0.0375612175444737,0.2555401785249417,0.0544739831440563,0.0706630069565454,0.2327068444852869,0.1036788090812782,0.1117586703368812,0.2745560715741402,-0.0652482503165057,2025-03,0.0,0.0,-0.0602983897992155,0.0455823529411764
-0.007624943346289,0.0085003944797232,0.0628602682716719,-0.1856463856919182,0.0085917962088415,-0.0732484317998338,-0.1009818014320341,0.1426755350957647,-0.2166386269206432,0.0041721017510747,0.0310947907073864,0.0377783649552456,0.0196921214458381,0.0307805168908892,0.0126397259101498,-0.0477526978005278,-0.046599313531582,0.1994202718253505,-0.1762014680225893,0.0347555074003821,-0.0695664160871362,-0.0693734457646916,0.3268398304422655,-0.2067231495570111,0.0484662263757444,-0.1890220618428388,-0.2387455204113423,-0.0608299717282034,-0.2543808798898611,-0.0743221909947852,0.9829597695124126,0.1463108784742064,0.6049670182601824,0.0416720861137571,0.123792523373786,0.5525192453210346,0.0456982681945003,0.3468789465508254,0.3366493271638156,0.0760598349408119,2025-04,0.0,0.0,0.0071651121702777,-0.0357212121212121
0.040241467857321,0.0692142337879349,0.0105366117793501,0.0552989213648951,0.016593625130461,-0.0270942631728694,-0.0102616619295269,0.1774871570447818,-0.1194244930420966,0.084558747025816,0.0099369429869172,0.0127293938274548,0.0181670189895413,0.0181711721879386,0.0115232884472806,0.0005176595781748,0.0158134670534234,0.1553821410416867,-0.0848424603196213,0.0694563732572414,0.0007783385206907,0.0246912670993313,0.2368023083419148,-0.1066806939144361,0.1088364572523907,-0.0878900701005029,-0.1179976238703632,-0.0695121870382444,-0.2328504108047048,-0.0194265540919862,0.9841928907608608,-0.0263977895597457,0.5858020920300908,0.1042505369439034,-0.0715210417603346,0.5646868954240167,0.0752904864773251,0.180238719237787,0.0731470858770573,0.0433488570088922,2025-05,0.0,0.0,0.0271147160455879,0.023088
0.0518985672081073,0.0711271972181473,0.0123701360114361,0.0740660823413721,0.0309628247560564,0.0858850791960597,0.1549996450330568,0.0873454728593012,-0.0769621186212423,0.0570750412685532,0.0063242816787778,0.0078005549685601,0.0121074832589324,0.0351409154981604,0.0065773673889553,0.0631786634686725,0.0861521248609659,0.1197958732206719,-0.0157665598964489,0.1164665449781648,0.0979549523838418,0.1429629558647756,0.1837350579001979,-0.020851345916211,0.188389521233986,-0.0245940489857052,-0.0226820584895562,-0.0415456561612033,-0.140931502943879,-0.0207324852056934,0.987645953324118,-0.0105089019858923,0.3742463886488711,0.1368137691490529,-0.0594326177093958,0.3603383392074545,0.1002421888133177,0.2245810154448224,-0.0246060644722075,0.0411244473157616,2025-06,0.0,0.0,-0.0413600367891816,0.1102316666666666
0.0297628642967495,0.0465326470956304,-0.0043837108002682,0.0637383118872085,-0.0293412110315324,0.1267958842301235,0.1985566317349232,0.0185523883837506,0.2057056547603521,0.0173185854409509,0.0036604848565978,0.0046439404682836,0.0078262713172316,0.0173986453184471,0.0044123404811272,0.2992107779085366,0.3427042881735832,0.0236211258772847,0.1098295878822237,0.0288724075316601,0.5979057130425959,0.7726782113694408,0.0343021715710786,0.1632720380291814,0.0519540561378799,-0.0078844594810933,-0.0081905768957499,-0.0437029944925326,-0.1303883171396636,-0.0373238094323912,0.9366539932757376,-0.4918905211478359,-0.258524726865835,0.3335908341011424,-0.5604444738193609,-0.1509921005090035,0.2927244390991919,0.0857784250443927,-0.2417344135638166,-0.1200333154220596,2025-07,0.0,0.0,-0.0436931131335422,0.0272065116279069
0.0190664442950367,0.0157700254856958,0.0676849719996681,-0.0758013259900501,-0.0151108334616747,0.1038589699311731,0.1386472999431656,0.0761540607191308,0.0559203130186047,-0.0144084824550172,0.0075023982355158,0.0104741815873791,0.0105226260455836,0.0142320642732597,0.0059185441902444,0.2797298164224646,0.2675787469520888,0.1203138043127758,0.0486130585579,-0.0382943872487003,0.496447613802971,0.4413397742475798,0.2020401719552956,0.0701169297992498,-0.0543393126449257,-0.023750503295482,-0.0282239261794952,-0.0379801494577234,-0.1678900544483998,-0.049711752223774,0.9433882909716595,-0.2003827758958812,-0.3364422134737724,-0.0047444897338907,-0.2197630241354091,-0.2399838090682885,0.0111704404477268,0.1064015868543036,-0.2618283926498422,0.0301046722247826,2025-08,0.0,0.0,0.0070145599373424,0.1479292817679557
0.0425404440176915,0.0648685550690311,0.078225044212344,-0.0490928127121373,0.0075429293153417,0.0940385855828238,0.1319941349381972,0.1461581277670869,-0.0651578786811445,-0.0367976993442107,0.0041285033330997,0.0054814899996054,0.0082494828604184,0.0164612504788165,0.0044928541340124,0.2871335959818796,0.2855510907047334,0.2246502460615905,-0.0629378867542075,-0.1355753017332181,0.5209714305070489,0.4723128746605807,0.3874105424810369,-0.0876682538124863,-0.1706393649739347,-0.013300434757236,-0.0177402078409948,-0.0125634338947214,-0.1941863696891644,-0.0425612365333047,0.9232911373816056,-0.1134416187840541,-0.1054502742381319,0.003360792562594,-0.1342776824850116,-0.038757451879138,0.02754093776628,-0.1886947932381806,-0.2846022306143751,0.0666289500017269,2025-09,0.0,0.0,0.0706018842834358,0.1622903914590747
0.022686871904924,0.0469969423177625,0.0318341553192529,-0.0222863462153727,0.0417910924660316,0.0865209240159208,0.1324963452321541,0.1878523046036628,-0.1407586847888722,0.0337881740424725,0.0085871283573547,0.0122176081221064,0.0209383017545863,0.0182320925328924,0.005208053080518,0.2382105512515406,0.2526575588397028,0.16513827924415,-0.1142319266018599,0.0669204130928432,0.3726144311115364,0.3898124792350548,0.2297101223879064,-0.1518215639723619,0.097514195440187,-0.029792535494218,-0.0364074688950722,-0.0863191753720935,-0.1989164573212841,-0.0289259054638317,0.9592119474214008,0.1209843624719377,0.1512314805379999,-0.038343323614945,0.1323515336653651,0.1395013903732541,-0.0004473285018581,0.0384652453499755,-0.1296015348333566,0.0120142782142758,2025-10,0.0,0.0,0.0465252081017571,0.1066781007751938
-0.004033556218158,-0.0215077902854819,0.0422119843144006,-0.038209216691508,0.0222062329865426,0.0618918784390869,0.0909347820240744,0.1595123467316181,-0.105808739129361,0.0729580048161395,0.0099125683307198,0.014362943993571,0.011866596784259,0.0161754986417217,0.0048087598758647,0.1201743995289528,0.1204316128272542,0.1876307929329954,-0.1008052027333348,0.1674269428793015,0.1663707653552429,0.1685672074723962,0.2706782669514401,-0.1317983153532374,0.2708989859526818,-0.051100854041684,-0.078486642372784,-0.0915033975500358,-0.1255957687935164,-0.0181818620603118,0.964927591490884,0.2081975689835173,0.1658553993910015,-0.0825179234897254,0.2044265945888863,0.1659898463168349,-0.0280268828697462,-0.0551195991374733,-0.0085260987305722,-0.0575572646210907,2025-11,0.0,0.0,-0.0314704755696507,0.1319044285714285
-0.0005241344225129,-0.0052940538732296,0.0202590418789918,-0.0192997623029843,-0.0027992883076873,0.0180279436090629,0.0190547080672436,0.097176291974798,-0.0777926659871163,0.0619443151128928,0.0055582269657174,0.0077314739587579,0.0132085446721698,0.014452252287976,0.0047172096623873,0.0394409804618888,0.0317863565848598,0.100426275107143,-0.071610290934401,0.1353911849306469,0.0530566597777298,0.0431482302347874,0.1362932824846935,-0.0960783568750923,0.225385850524157,-0.0297871522742119,-0.0589271846542392,-0.052900672868072,-0.1575715224819242,-0.0174534109570277,0.963876319578241,0.2240890175312561,0.2447923914431551,0.032182713145739,0.191218717847753,0.2274531702863829,0.0419827859202169,-0.0440155012439322,0.153736628027846,-0.0254571535010419,2025-12,0.0,0.0,-0.026639824645202,0.0914785969084423
