Date,SP500_return_1m,NASDAQ_return_1m,GOLD_return_1m,OIL_return_1m,NIFTY_return_1m,SP500_return_3m,NASDAQ_return_3m,GOLD_return_3m,OIL_return_3m,NIFTY_return_3m,SP500_volatility,NASDAQ_volatility,GOLD_volatility,OIL_volatility,NIFTY_volatility,SP500_sharpe,NASDAQ_sharpe,GOLD_sharpe,OIL_sharpe,NIFTY_sharpe,SP500_sortino,NASDAQ_sortino,GOLD_sortino,OIL_sortino,NIFTY_sortino,SP500_mdd,NASDAQ_mdd,GOLD_mdd,OIL_mdd,NIFTY_mdd,SP500_NASDAQ_corr,SP500_GOLD_corr,SP500_OIL_corr,SP500_NIFTY_corr,NASDAQ_GOLD_corr,NASDAQ_OIL_corr,NASDAQ_NIFTY_corr,GOLD_OIL_corr,GOLD_NIFTY_corr,OIL_NIFTY_corr
2007-12-31,-0.00862850856129771,-0.0032619549967088934,0.06737408768165976,0.08195247827179197,0.026314443323511627,-0.054219340194236576,-0.031245195371236933,0.08797898340720423,0.16470662040786332,0.16244066951804426,0.011108609909198866,0.012975586699224832,0.009602024561920343,0.018151541056373094,0.01483713620702942,-0.06600429079531826,-0.028364705144726464,0.1181181994178813,0.1264253050260311,0.1482979558007664,-0.08687388293113213,-0.03921089832118114,0.16592846366541353,0.20571819342437203,0.24928505878159896,-0.09153518977808373,-0.11150864458521925,-0.07886076703619271,-0.08528298192722472,-0.0662656333164896,0.9353902698299112,0.03653741871560712,-0.02129220188019028,0.13538673012986052,0.011846898285807254,-0.06480947044522721,0.12339528113616001,0.5805214575004499,0.19357088855188956,0.2103096958168062
2008-01-31,-0.03673211068121274,-0.06513831297407935,0.06601236457346604,-0.07161991482878383,-0.16309091428288258,-0.10226637154597695,-0.14427582439194564,0.08775090810948272,-0.06592423852168872,-0.14894799908960454,0.015697168363000186,0.016407107738463423,0.011302389679218884,0.01621328647369355,0.032659997818144416,-0.08804259588497061,-0.11162890692483726,0.15330433603425433,-0.008992730694307522,-0.09753080104187264,-0.1139572440644091,-0.14412457284108285,0.22979008953299637,-0.013310151870714782,-0.12642411650312252,-0.14658164127657358,-0.17921937495726004,-0.03086704819936803,-0.14600366881545335,-0.23362108009892546,0.9400533139355225,0.06745969726532774,0.019662033391014685,0.06365146416261891,0.09466917818613634,0.07939078958560157,0.048212233118026165,0.5650297250311628,0.031049456682285006,0.09024030315093214
2008-02-29,-0.03389529820535553,-0.043104987329386724,0.026478047720015052,0.05991792564891174,0.01674951608601738,-0.07741220528910908,-0.10835354324256385,0.16796159738396477,0.06464848130501588,-0.12668142419845807,0.01326656451731927,0.013776664866934506,0.010848304616301464,0.018820313724716396,0.02457976344021139,-0.05436420434690773,-0.09008297430030275,0.15658662532980439,-0.023816039765462097,-0.05698697826896898,-0.0696399059066066,-0.11431062221587003,0.24563773169879854,-0.03421978374390803,-0.07543487269084662,-0.1295588496716319,-0.17425815720846305,-0.04443959902580741,-0.14453107707021318,-0.24317086991415804,0.9445998577920138,-0.03387070340789607,-0.02697375267311621,-0.045666203992866944,0.03293891098302389,0.07679590296354057,-0.08784619584897045,0.4673213324095445,-0.20517491367383983,-0.00010886162713940252
2008-03-31,-0.005959623397816305,0.0033546926466543336,-0.05750433575025249,-0.0025529705045678197,-0.07244052218137809,-0.07492849368495591,-0.10243452524541508,0.03131484476593838,-0.018505445977869628,-0.21071468163637852,0.018263087011262613,0.020307898941082043,0.018476991766650443,0.027390051429736686,0.03150430736104327,-0.08535512535560578,-0.11085332417216753,0.07510449883955922,0.01748047866842052,-0.10983060789418651,-0.11628566817598049,-0.14833437566111304,0.09871148423895003,0.02517860716721917,-0.1414354592591746,-0.1373921842109368,-0.16827969434983625,-0.08672248698303009,-0.08583341850391912,-0.2613579314947698,0.95163591176772,0.1296537403165226,0.1184123794193704,-0.01350485137915788,0.16707111979428002,0.1761471788086484,-0.023647909891122518,0.5506171948655246,-0.1252270264026483,0.08101215415969953
2008-04-30,0.04754669764122932,0.05866348358695039,-0.058284243290312676,0.11695212678944955,0.051673061591058334,0.006008413928993095,0.016428211187049513,-0.08893604640947184,0.18085517672979745,-0.00817171016719731,0.01154599146435817,0.014163209390806477,0.015507836537393028,0.016822486437105526,0.01258386826202582,0.02677338819171383,0.03719540360147902,-0.09393621804322808,0.13791911209355312,8.874131243084973e-05,0.04193456499479178,0.058758471447440376,-0.11169334509963638,0.21602686396552181,0.00012620051576080744,-0.060469446185152376,-0.0941267516584956,-0.13995217574328322,-0.08474574747527364,-0.24369018154598976,0.958020719064518,-0.023585403489005882,0.10603728061486649,-0.029650541356395128,-0.030683538940347612,0.0865951246961081,-0.06418855114694769,0.5787337704996016,-0.0965215882915817,0.056769121674741546
2008-05-31,0.0038019313698494095,0.030122397509726895,0.0486760231966743,0.15151695127397202,-0.058868600570565754,0.04526267908681869,0.09421143588397518,-0.06923394430958651,0.2829057043935652,-0.0819363750500387,0.00915574859134481,0.011197496761794877,0.013246333094257531,0.017638529673250598,0.012070651895255285,0.02620938934582913,0.07244398396222755,-0.05668716780722401,0.19531172665631324,-0.05829024559641423,0.0421613873360822,0.1211969574817575,-0.0693753681411662,0.3116109423998724,-0.07509430163978578,-0.03553826219716971,-0.03514978284200343,-0.1538078009523841,-0.05738465230714529,-0.11888747622209772,0.9598668005278992,-0.07566499009882645,0.015210164133475094,-0.009137675865268756,-0.11435468175368073,-0.04537448651761952,-0.029134493409426192,0.6352637655892596,0.03478361848588145,0.1793451674579932
2008-06-30,-0.08596238482631413,-0.09104672831169391,0.043840893665310965,0.0993325612677538,-0.1703353180004139,-0.038862576499817836,-0.008738313724360514,0.03085001684184463,0.41394978597452314,-0.1788289768319964,0.012359621705107552,0.015078420087499237,0.015483528315906003,0.02895252757022538,0.018940617340733813,-0.050154181875032934,-0.0033446159436486813,0.039942935813253866,0.2667633123038573,-0.1345025560236175,-0.06851694214598042,-0.004882094144145982,0.05617439498523745,0.5188199630514709,-0.1757009951101906,-0.11000929526115633,-0.10835620866918472,-0.11780789868332808,-0.0666259315337675,-0.22362506866473375,0.9404387782799295,-0.444694223111903,-0.36816788629622643,0.11227677821512039,-0.424837920417728,-0.41918949102779074,0.1076253236778913,0.5245201144619994,0.07315354576923089,0.2020928413796997
2008-07-31,-0.0014864004944621367,0.01513549468448927,-0.008385255854727935,-0.08913877183296415,0.0723664211433741,-0.08385106790978325,-0.04949501153115443,0.085471989206507,0.15305930104741972,-0.16267111574667925,0.01482480910179776,0.016033199446118574,0.013129273059975344,0.025187923717785415,0.029846523388863018,-0.11229657860543538,-0.05576953588292094,0.08584926620208823,0.09194609144216832,-0.11917283964680815,-0.14205679152629375,-0.07576248892026481,0.12858892827238536,0.1476043938374563,-0.1627331170742815,-0.1470438137711899,-0.1387174728831082,-0.07650607227069295,-0.15835508606007864,-0.26663693638003816,0.9219779792512649,-0.4465215340571445,-0.41777010424410793,0.022610842117015008,-0.36247460268960946,-0.5160023504443296,-0.07173315047722362,0.4476338731947671,-0.08969725800750378,0.0936760866769324
2008-08-31,0.012190464669121548,0.01804733066238451,-0.09257034069490633,-0.06947132994339245,0.014866763033000385,-0.07619502981724469,-0.06063680526580173,-0.060730430025143445,-0.06822497340312583,-0.09706842756348011,0.01311246703819402,0.013443404261559268,0.016864378327331887,0.023405571375060576,0.016445492415455825,-0.08699616426113041,-0.0594454672867181,-0.057700882173196695,-0.03073239303470227,-0.058380550070956085,-0.11538296861900765,-0.0813196782615928,-0.07779772823874634,-0.04548798441914463,-0.08229691532481592,-0.12310312326078876,-0.11042544799466769,-0.19607242488858367,-0.2225512574680616,-0.14119014107360872,0.9247202636200083,-0.44565650455918393,-0.40981198710047917,-0.0011066634083301843,-0.3940285595813519,-0.5116021799241683,-0.0707865403668012,0.4516351055808894,-0.1890752830447606,0.03306453781463745
2008-09-30,-0.087055193826447,-0.10955036883915692,0.08596274808326942,-0.0826724981361141,-0.08926817548311194,-0.07729951651344191,-0.07975950323222847,-0.022828316469526544,-0.22248927434517696,-0.008842323627529458,0.035150632351233176,0.03423513472626589,0.0317269321151744,0.05916540861664143,0.02386057085671353,-0.044401755100986,-0.054022214749514984,-0.008886758235037824,-0.08654920421265619,-0.009304576113186958,-0.05669206770831814,-0.06907157679754565,-0.014862193229522754,-0.12253945885199485,-0.014000437397663762,-0.14889319340746787,-0.18523438450123286,-0.21890447265692292,-0.33925292634015014,-0.148957869764358,0.9672722490093395,-0.3671010856329916,0.10196810199582426,0.23538207573356038,-0.35997095422666076,0.02404289331577851,0.1657434897993612,0.3705994480871099,-0.24622205390728807,0.17813283885029077
2008-10-31,-0.1694245240177702,-0.17731894392612735,-0.1800503571450257,-0.32621226182590235,-0.2864810187428277,-0.23248677470152868,-0.25422327592026905,-0.19199308234426082,-0.42485509642420005,-0.3405147703557587,0.050909228744989515,0.04855440859954915,0.024525223262893293,0.04289918943933271,0.045710501840666586,-0.09301559277520463,-0.11031430741088855,-0.11749658515150394,-0.17978141077938967,-0.17225207040484974,-0.12807439177714397,-0.15172428369962093,-0.16987638066849414,-0.23357562158724707,-0.20675691389214376,-0.34697352993456543,-0.381490640182084,-0.2108640684512053,-0.4812272536210914,-0.3815434345535298,0.9749210406128715,-0.20828074524923745,0.2676167428261811,0.49089877217305417,-0.2346542147536258,0.23720910934638068,0.44041937155582966,0.33758850148580244,-0.2377526874832427,0.2945096608156604
2008-11-30,-0.07484904233870904,-0.10771957938496557,0.13867191142136637,-0.19731599668406508,-0.032280692524316756,-0.2984861839864271,-0.34635458587784884,0.01391305864227732,-0.503873842317082,-0.3711523394317576,0.044764680206837854,0.04245518436767676,0.024639183046764268,0.05556521119766573,0.039416868147150994,-0.11305930854988872,-0.14879487994214638,0.02015595612207813,-0.18990812892977643,-0.21418508709273507,-0.1547435724486338,-0.20098495646739514,0.033502112437376635,-0.24948653038703408,-0.2586359657475212,-0.41912538294832036,-0.4507162025933946,-0.22015709107763037,-0.5896460495925792,-0.44537742574583217,0.9793141330463117,-0.06356748021189412,0.44681041383354003,0.5504990108990439,-0.09145514742624224,0.42580277646161946,0.5197639051081127,0.3286959652550689,0.0435663296550817,0.4153178575227272
2008-12-31,0.007821576633500138,0.02699980102372268,0.08257775345611051,-0.18059896703913736,0.0211526358205818,-0.22558214329708381,-0.2461182679492162,0.010752646130919974,-0.556836260486816,-0.2949083046927614,0.030918737209682485,0.03269402439184996,0.02154577555895291,0.07885044249515885,0.022832048122472505,-0.07185187137170619,-0.08287656020808998,0.01408993259085637,-0.17713265009396398,-0.15881029916399486,-0.10102873418205809,-0.1165904300373748,0.020899578441105543,-0.24584388011871933,-0.19770828871617596,-0.35982522512033877,-0.40092900293107137,-0.1697090610363683,-0.7004631014788982,-0.41757865937980865,0.9781550908141516,0.12281966221509996,0.3701133076306708,0.5085582887192829,0.08263738307069238,0.34148515989255923,0.4779316353112584,0.3586511139041019,0.08238662316216912,0.29420555353687916
2009-01-31,-0.03467250771714325,-0.006313512139705657,0.030668254483785296,-0.11926542170611676,-0.04554435700179582,-0.09994110203407325,-0.08941371014587762,0.2705056640739074,-0.420723163806769,-0.05681731657450617,0.022524003575183294,0.025205165688931032,0.021809728693797718,0.056944565205288615,0.028179508090450636,-0.02046108710092519,-0.008247103642414676,0.15848099991726003,-0.08500507698561614,-0.16220321525919762,-0.0281961502818893,-0.011366894890448351,0.271791132159074,-0.12454185847458635,-0.19782360898906282,-0.16219737000528067,-0.16562828300799692,-0.08703029142561003,-0.5370119593269358,-0.3735088453463332,0.9802926653291214,0.21345754331570171,0.40562616980880695,0.45145459283853334,0.1789529364901253,0.38097247475709684,0.4140996562274199,0.40121588242253325,0.2521925473631555,0.29420926393461583
2009-02-28,-0.06744487448819558,-0.02634786883521756,-0.011460743443464039,0.153216382690593,-0.037766921684799004,-0.09273775094774417,-0.006372591797112914,0.10299087210005409,-0.16775277088925244,-0.06216444182197978,0.021205821772206118,0.020957611086049682,0.017962455616939828,0.05409617864041965,0.018457910328500696,0.022800809742504525,0.0695657817682418,0.11094915284089299,0.007327415837158555,-0.04058229216661896,0.03266525145786593,0.1025247343153302,0.17311097428689617,0.011729038057591581,-0.056503533278603975,-0.1335147701685283,-0.10894250141970074,-0.06019164356930473,-0.46444258809200056,-0.2991721461380106,0.9766515316392985,0.17463895482465994,0.2654000334182144,0.28101105305783075,0.15479231455835457,0.22375759636603856,0.23907236422354117,0.26549556912925676,0.23835498391855967,0.2736809347852811
2009-03-31,0.08540446199532248,0.10941038418075566,-0.020074375373406173,0.10947278171638408,0.0746009135516168,-0.022896000489838197,0.0733600567089403,-0.001596868354734493,0.126866590612849,-0.013077073664467309,0.030845079314809187,0.032086312213071545,0.024038304673948227,0.05453393953328132,0.02389566577259918,0.02267216506603415,0.07638285376378483,0.04092959631886577,0.12628831035318974,0.0034450721693292962,0.03472360495789144,0.12217795495187309,0.06597851621557692,0.2126086658495394,0.0047551620520770695,-0.19937073957881968,-0.16844793771427213,-0.11289676279104732,-0.25360607905297794,-0.18935877918723487,0.9714144391730704,-0.0772324354796424,0.37423815404912936,0.37208699605879236,-0.025785842834835697,0.31367176052351586,0.2904363776930188,0.16568925216185423,0.05191053384053361,0.25123783531773125
2009-04-30,0.09392507914826353,0.12345369734684986,-0.03457615892374866,0.0293999011067001,0.07238579439682535,0.10727041190187059,0.21353197313841377,-0.0647988020371354,0.3170782498223248,0.10886465403689916,0.01888695894778778,0.019711456881569635,0.013263463636883835,0.03842829975983403,0.022740354270143214,0.041235739796611506,0.10039728621207329,-0.010776966815622162,0.11075935553524655,0.08727921227240822,0.06280579914077891,0.1642449940498751,-0.016769780149876238,0.18720933186327537,0.13153368047217748,-0.04278974468970964,-0.03876704945625531,-0.1341584797530262,-0.15568640155901314,-0.05218973215980194,0.9702039306937805,-0.21392650364743854,0.40579489200025004,0.38933930914451337,-0.1645796054385625,0.3620167560293157,0.30229117685391255,-0.06937030555282875,0.1443578262982688,0.39353956222340836
2009-05-31,0.026092983212543164,-0.0012739697568866504,0.10513709275059191,0.28094258301988817,0.2175561563526287,0.2183326959334697,0.2447833587707744,0.045507830062024635,0.4629532156233427,0.4030955872441926,0.01771114477163868,0.015825307819989698,0.007156343407711306,0.02332512457942184,0.04449563896174928,0.12995613346115045,0.1524902356231148,0.050281802947262914,0.16445160170595652,0.16048175462849526,0.2146229922593974,0.2671067984884181,0.08089199508583135,0.25900916962078535,0.3690476611248652,-0.06355520557260286,-0.05634631874501417,-0.113994822917317,-0.04265077972154829,-0.04775446415108642,0.9573168249952713,-0.13692178221169377,0.5732321621135048,0.417531803351419,-0.12160335688373898,0.5342484268319918,0.37231830853448444,0.0669781873564886,-0.04555396927874819,0.27591938058983
2009-06-30,0.0001958272656104043,0.034215779765566,-0.05281979245178137,0.05398886989690088,-0.03548030225704957,0.12268865787947103,0.16041332439931932,0.010570903122152364,0.38979200919329204,0.25936365272616335,0.012858858805561488,0.013664551647084204,0.010863185910187353,0.023665554267477993,0.019142213656777814,0.13314729842421566,0.16890249834565094,0.03150538626219089,0.20731813284883316,0.17393501992386834,0.2041773956894892,0.26824969235688184,0.04242630480777039,0.3396795655517044,0.40320214993280135,-0.06357619765138456,-0.052325773840521284,-0.06366968657839223,-0.0791139237184415,-0.09022071854357938,0.9336392469474835,0.03421318244434471,0.6943941330250136,0.4020910243600443,-0.008442145782727832,0.6599749094879269,0.3996294751290419,0.055762903157222064,0.05794560860437012,0.3247284167704428
2009-07-31,0.07139280318827201,0.08367938441899625,0.03615080070591503,0.03528324685412376,0.08048055039426338,0.09956392005356007,0.11933050736884576,0.08460533693969041,0.3977351097301194,0.26886978525246596,0.013276937206232487,0.013628524924866846,0.010863537877105419,0.02740957915848326,0.022029563887189355,0.11106638506792131,0.13762655693231882,0.11525595915507891,0.22880537718789434,0.1391689941941414,0.1719715358691067,0.21137837084315328,0.16481250396193498,0.3783962950684899,0.30336504585610646,-0.0805210676375947,-0.05760956597579814,-0.06876400080606915,-0.14680166876685052,-0.1463294025394707,0.9251277589870837,0.35638064795839697,0.622334047193366,0.3528972625515026,0.29791440872692504,0.5150716810010919,0.36686514551912125,0.5000536124024857,0.1845715316320517,0.3573628020252955
2009-08-31,0.03356018886854484,0.015446074598812087,-0.0020970954958586807,0.007343443608940126,0.0055322285936951765,0.10756579713223657,0.13806963618412094,-0.020636604207193043,0.09919001628412372,0.04791015700025936,0.010301358720795652,0.01131172777383064,0.007730694334258001,0.022592036227548584,0.01778795226930344,0.10896049994015108,0.13349479640287415,-0.027774413807173742,0.05202486067747439,0.03262130706168778,0.158050183653545,0.19609387424948876,-0.03667360437432048,0.07621618989627876,0.04501439267209715,-0.03258519115305103,-0.04000879547616831,-0.042845123565167786,-0.07253023665645741,-0.06866324377157396,0.9506648219638839,0.552142355901074,0.5960075753722427,0.3540857113075753,0.5327314870311227,0.5187484388205071,0.37641945282012135,0.5950904407863646,0.44698256584914453,0.3660016367681464
2009-09-30,0.026642759184779985,0.04657950355050433,0.055973125375578414,-0.034430731482731236,0.07055388845823196,0.1368517793711712,0.1516749001001243,0.09185286779878399,0.006978470359715105,0.1631118534506919,0.009726187106861005,0.009868194332132296,0.009787631378202315,0.0253820616243757,0.00963588136823423,0.17713967171544334,0.19313267275974727,0.12666773488658672,0.002171612571370465,0.12391130173903744,0.28120487253099236,0.3090746755891981,0.2046013518471083,0.003067975072396193,0.1803661620042058,-0.035141303570489724,-0.030412551766928808,-0.02816764306540831,-0.15240434692009053,-0.02933009817627208,0.9677053727245865,0.432956886063369,0.5461454187321125,0.3754120914543692,0.40322854088380256,0.500333956212214,0.3775360374966469,0.5477993811371018,0.40444589094768385,0.40312209120575565
2009-10-31,-0.019762000526813428,-0.03642537262613876,0.031448364257812944,0.09049708730227257,-0.06509391506181017,0.04012768294888591,0.02403416423278526,0.08689763472073797,0.06068275734215134,0.006404371515988494,0.013598393710223557,0.013377510179028934,0.009331240405175372,0.0192859660806134,0.010935193117300568,0.06097460128216973,0.03825484333858484,0.152841205987555,0.053044878487710535,0.05636587844550074,0.08572457789098747,0.05187489710321296,0.267726225149976,0.07747675792326007,0.08316705308869067,-0.05621598387116644,-0.06028988332893748,-0.03223071634239549,-0.10506556575613468,-0.0787474673952493,0.9623893012640864,0.4497715600576095,0.5095144086913885,0.39494034720076426,0.4729426125638859,0.47026565328024167,0.4091117906038203,0.4164207676040912,0.3261950821238636,0.35357943533281116
2009-11-30,0.07590565487742063,0.06709104317472026,0.14828771292625165,0.02884267737716617,0.1027192320164605,0.08274222239957751,0.07611591781418858,0.2506940239627784,0.08332038574853451,0.10367566955882035,0.008869587633302135,0.009785808863245619,0.008763138756486134,0.01897399686132851,0.01389050324819293,0.10613423294787279,0.09659973082592133,0.3909666266569617,0.04355239443246186,0.21158313563999076,0.1563609266871265,0.13938037877850012,0.8887221802214552,0.06235642170060033,0.3757224607829929,-0.050122530611527494,-0.0584105798754726,-0.010148399974947875,-0.06574912035062297,-0.04909477781630556,0.9588519636276577,0.4339173910756387,0.5205653000841461,0.4353132635337024,0.4394509470576837,0.45884378977456425,0.4619691556331443,0.4756090972409095,0.33120953662093144,0.31640752439705194
2009-12-31,0.017770570919338757,0.058076004390570146,-0.07272883429825461,0.026915137990555005,0.03154871057086184,0.07338522576746831,0.08793687122593474,0.09825948943889062,0.15214738050566012,0.06346371359357539,0.00661375915921101,0.007511796527992044,0.01350137653760288,0.01661683565771068,0.010804853515406889,0.11531046088007764,0.13143106140702307,0.1351292592154656,0.13359192152202043,0.13587315493638427,0.16786436658358928,0.19012269352388547,0.19453315303229002,0.20750252543984168,0.23667518673671803,-0.01618334772503205,-0.014488516528741946,-0.107934961211542,-0.12429957449861528,-0.037947161538999574,0.9479385913931131,0.37822037767289646,0.45501109711898013,0.25500061448692807,0.3492589272064168,0.39493927680242263,0.28888281661619997,0.4433777573536666,0.3665344706658901,0.3546631392962479
2010-01-31,-0.04886310176507469,-0.06689406631623196,-0.01946889147700359,-0.09338295483793968,-0.03139304367962792,0.041518789106677056,0.05353578350335386,0.04404411499580152,-0.0421281580042302,0.10179874468261185,0.010003312307846813,0.011444595398940082,0.011749710913529521,0.01348753134886029,0.00792624162660796,0.02311552504609657,0.01397249749017113,0.05924451864307438,-0.049954758554251626,0.06021361132277794,0.03157949062327345,0.01901796192898228,0.08122982381895436,-0.06993680434848311,0.09647106190053395,-0.07649132919282664,-0.08623134699522628,-0.11789255738371607,-0.13501888683042862,-0.051857304796116166,0.9492072709962426,0.45384854197958524,0.5776242615795061,0.3330672616876677,0.40561243556174426,0.5124758931517686,0.35294225338952323,0.5681711538041034,0.34654365753923017,0.31308203916989175
2010-02-28,0.010327045844499949,0.027902623595484233,0.005103069090660162,0.05200843993123261,0.013472611418653635,-0.021963871442262417,0.014845174496987745,-0.0861419725774617,-0.02056039829050138,0.012626622090701645,0.010960132342432337,0.010390442278178166,0.014450964812795026,0.021830983802240227,0.012345200882055408,-0.0028503096940163276,0.04783372087045983,-0.04826423707468569,0.010214118896039319,0.03668268677297379,-0.0036497841932656393,0.06349468448702474,-0.05964140418055239,0.014583427814496838,0.053772324656846025,-0.09122282193606146,-0.09555910430671499,-0.1429793092805155,-0.15519264543913325,-0.07812463248133039,0.9453524287860733,0.5520921709738711,0.5793261733639797,0.29983615013857234,0.48511695830789214,0.5144299501747825,0.2987594495346391,0.6354589848271233,0.40234633532474295,0.41324847209145277
2010-03-31,0.05879642554549802,0.0713500444430486,-0.0044710719678846544,0.051468720633154774,0.0392815224471077,0.01746030643811891,0.02757686431646955,-0.018871570620875855,0.002858042352088752,0.020217588071525183,0.004719002711717372,0.005875373269946038,0.0089614886767265,0.013322183340898526,0.00619024488297112,0.017430390181821513,0.038468369897744076,-0.03283001911636324,0.027193613041160657,0.0857764114917194,0.02242817183423437,0.050093556298482986,-0.04239970047704386,0.038586686689907126,0.1270400002563303,-0.05747585946346512,-0.045917263380242934,-0.11378751137762178,-0.1009988603473102,-0.021164616270636483,0.9500242996758521,0.6154969422907699,0.6774465509359212,0.26005994387638237,0.5330594649885522,0.5742033867552228,0.2348714205150978,0.684146717095922,0.39198426314879065,0.3942322860568659
2010-04-30,0.01475923048201322,0.026368238627316742,0.06000172804099679,0.028533898384592415,0.014915161193210125,0.08551906620714766,0.13028137343311252,0.060647460883317406,0.13771685336266315,0.06899324962857745,0.009440133341455043,0.009621307063240138,0.007759134909981999,0.01527273914071808,0.00820961641980657,0.13899754933315456,0.1999903801420375,0.09470307946402165,0.12262243334823605,0.03972568992770456,0.18592621370273946,0.279337275525869,0.12769533724418708,0.18298747118588532,0.053511436676097056,-0.027577934042642194,-0.027255286682271285,-0.05629540790122656,-0.06206816693860928,-0.022755806452584126,0.9481584933487381,0.45742251179064175,0.66924402287624,0.25874911473448853,0.36733163604107955,0.5856440878206217,0.2664397633576,0.5846612938519492,0.3830683275851022,0.39186316500694324
2010-05-31,-0.08197584207319053,-0.08294764207719096,0.027201064528452612,-0.14138131270394616,-0.03632061298076872,-0.013653320707312622,0.008390459202657796,0.08396664423126055,-0.07142859879270347,0.016472224234793664,0.020228495912354233,0.022486119844250644,0.011221206414579058,0.025158712740393416,0.01563487308154718,-0.02280961506023926,-0.001142063749945772,0.14187717540149553,-0.04344469473378453,0.04949679360084243,-0.03106320391814755,-0.0015893166622506457,0.2184346201066802,-0.060243650402779125,0.07115950175388963,-0.12267520581213831,-0.13211470957574656,-0.05391486491716502,-0.21683550202366852,-0.09729351215224424,0.9779972361059928,-0.003050126346564822,0.6687545601301171,0.3487384515798581,0.002209754213405615,0.6537385650140144,0.393195110293137,0.16330858036204635,0.14143563731101075,0.5144202229034965
2010-06-30,-0.037358389722064955,-0.0508880696903673,0.016900677944682307,0.042022531626036974,0.04447244637526859,-0.1032285973600453,-0.10666413820219145,0.10723695148377632,-0.07977070235725503,0.021549222023292014,0.016182369849269046,0.01767280356543111,0.009257540731294606,0.019263279092077097,0.011785555789245006,-0.10663305254080117,-0.10142660541868662,0.19163799698133677,-0.041880218953167,0.030494867673851386,-0.1413707012090708,-0.1347073998251007,0.3066524169100457,-0.05766067151254817,0.043235341514656966,-0.13847972174370482,-0.15333726816882465,-0.037684283038980304,-0.16158253728092153,-0.06659760499073641,0.9752942811786353,-0.08244770421276537,0.6406750046400301,0.3686243109303477,-0.07322169426491507,0.6263356767937849,0.43112299407606663,-0.03550719536653622,-0.09781923310351565,0.43320975737261047
2010-07-31,0.06308076317859723,0.06789630756890963,-0.04121896639328548,0.046218281738797495,0.010371783088236608,-0.06052549365588433,-0.07051871606173932,0.0015057152341775293,-0.06394848424772603,0.016976145823467848,0.012820054577110732,0.014296315578313096,0.011224893345859946,0.017894509342529414,0.006366342301014697,-0.05519392465009858,-0.05763202651460161,0.018828733216698874,-0.013361216161326883,0.062381148748210394,-0.07709609411736844,-0.07977106657887995,0.026094552575742173,-0.018899151771718147,0.09089150577421483,-0.14527514601560187,-0.16034179273592175,-0.06919190295805688,-0.1533673966706216,-0.021930380630083568,0.9828005608375581,-0.03576697155755024,0.6459408317256999,0.32814008485302393,-0.011821396631612465,0.641482620212158,0.37337207669132166,0.07976330081808918,-0.09041029771402176,0.41254432056896884
2010-08-31,-0.04744918363260342,-0.06238964160259375,0.05635956707132239,-0.08904368652357941,0.00648330800625363,-0.025192092988700066,-0.04968209041954197,0.0299348202582852,-0.006890892744227717,0.06214735855030562,0.01113362756305808,0.012041435811925388,0.00459112276764473,0.017172497230499507,0.006826289356662369,-0.023317768694178134,-0.0471327391139629,0.057723309973505346,0.0028408273958133766,0.1158577057637545,-0.032694725973182605,-0.06391619207026504,0.07694733812641188,0.0040541759445429084,0.1803055251511558,-0.07144066321631104,-0.08566974214369494,-0.04877519450410828,-0.13228352991692927,-0.025453251133083388,0.9747934967997273,0.03938309661749694,0.6245334231390188,0.20554493748622402,0.03756771719652696,0.6251601627120985,0.2436449028493009,0.08751029220194045,-0.21800195233414246,0.2044240279297562
2010-09-30,0.10017137772488738,0.13303873952478895,0.04091528993178373,0.11958399207391968,0.09291768075151419,0.11407583738676652,0.13447842349595462,0.05425723995663567,0.06702976674732186,0.11141239939044678,0.009568213410053076,0.010047666819987632,0.006103546696577377,0.015377601698651683,0.0070589996967705595,0.14107982991360712,0.14896244721569282,0.11670986732023923,0.06521997429658843,0.2789904821144928,0.2323388340076243,0.2405043019915179,0.1599101866183802,0.10024449092732031,0.5437036279766696,-0.042117768693439306,-0.058504027241767065,-0.011999707495977008,-0.10466382883391556,-0.012925029736402527,0.9778886556248645,0.11834842317361557,0.6071710748344971,0.2506687639104304,0.14225493443953038,0.6046529874717722,0.25527495962470825,0.2349902650945139,-0.010328771075868206,0.2493341415563071
2010-10-31,0.036855994035541295,0.058595210736737124,0.03769683813820657,0.018256834590302473,-0.002031525900416553,0.08659308851642855,0.12459741389215928,0.14103154541130025,0.03851210752692502,0.09776871729817249,0.007126784063155631,0.008600268968138198,0.011012070309701989,0.016891471052644276,0.010906936315859402,0.14031159591989847,0.17676454191248892,0.27957955725413247,0.04406548057379771,0.17693757425935136,0.23084148096018361,0.2867243044740527,0.46796548262027693,0.06397377329734324,0.31727333863990237,-0.015877250249970554,-0.01762029560123457,-0.039587420594885625,-0.04493578448056712,-0.04039201922264268,0.9540705951352075,0.15787268290886186,0.6035689604320869,0.26471490805513476,0.14050860179494667,0.5472002775070508,0.1649167079503612,0.2463211402875717,0.1277976352141397,0.24529695359027606
2010-11-30,0.005217277885156024,-0.0002961509765655457,0.028499467736048167,0.03414486824539198,-0.026064297208215126,0.14667073697202704,0.199074171056963,0.1109383336008809,0.17895002287338024,0.062269129234271414,0.00940422014391942,0.010342515366418776,0.013345803838922638,0.017752226614948345,0.013834319136824114,0.22235718576312424,0.263975844225655,0.18267597584928616,0.12041873135732505,0.07830628222691113,0.4147908875339001,0.4885964165204182,0.28497862202769675,0.1782872954456382,0.12059780565937195,-0.03875678974738783,-0.0427162104810942,-0.051780392588778756,-0.08393116185055827,-0.08875334462899098,0.9459460946244731,0.3203739640785756,0.5873200077215687,0.3121690162372476,0.260201569222016,0.529041724694293,0.22868499638753578,0.3821614636267177,0.34189319872607016,0.32763513000037336
2010-12-31,0.06464773361160225,0.06123504702005045,0.024283583447197055,0.09252322419073122,0.04665999979703983,0.10964566615119842,0.12308563680343942,0.09318780148204109,0.15045435560704257,0.017308646543463535,0.005667559935709561,0.005858301233781845,0.008798921598118997,0.010696263618261053,0.009476428992797166,0.21907721044819609,0.21844793363323203,0.13442723025775016,0.17983938602365737,0.028647917044525,0.38695690296109425,0.3659608772503599,0.1996484723694623,0.27520889140539,0.041950490070248904,-0.008732423344312124,-0.008530779493946983,-0.031724738829224663,-0.018796155256219804,-0.08644830713603913,0.9292022064372248,0.4088060974978093,0.6679089516147898,0.3552607562286647,0.31364809283254763,0.5604549350828935,0.2513575344773213,0.5032269519717043,0.333983478326012,0.3590785966264462
2011-01-31,0.021239928843838962,0.013913528898407801,-0.06671369533294791,0.010630632242620175,-0.08916114853337309,0.0929333173178144,0.07568191289472792,-0.01680609783607223,0.14183806410808897,-0.07150950831313052,0.006819592635364332,0.009301942554276217,0.010588020117047575,0.018809486816144583,0.01179415105731314,0.1938352303620871,0.14985505254678794,0.0015778631083794435,0.12917624559198204,-0.10720361705411373,0.32020810764095325,0.2234981523083577,0.0021452070380998983,0.20491788700515898,-0.13676749601887822,-0.017852526697772264,-0.028548259048830738,-0.07846209939446036,-0.06607933903875962,-0.11454663984377245,0.933653633057015,0.1511189176252291,0.42074695382421706,0.3946750231072566,0.09309480136501164,0.3207749979135911,0.3024510826937401,0.46611671389120485,0.24017681546958158,0.18131682693095294
2011-02-28,0.05358515512959405,0.05942307401662816,0.04732543218030272,-0.03099906303127109,-0.03135725411031409,0.14552181305039968,0.13993983311782343,0.0011905798721716376,0.06991021080496296,-0.07655548839417692,0.0053735579334484185,0.006967929742015121,0.005724868850814945,0.01530743736247829,0.014975739990187312,0.31885563193691696,0.25643874581490606,0.06296023258654915,0.11024951110711698,-0.0827707520929836,0.5805384034054379,0.4148965775470221,0.08572855938290035,0.19812137978664854,-0.1059415310802639,-0.007100260168721673,-0.012128025695694822,-0.06930545211298444,-0.08536720401525044,-0.15959205967500434,0.9266917587958734,-0.20531956669919785,0.0645912166868272,0.30297821986157203,-0.21467235432057571,-0.03416234085822868,0.23105711935567907,0.3488580070545144,0.1901111628025794,0.12239261345611148
2011-03-31,-0.0010473129391664893,-0.00043128494482891355,0.02100331693776014,0.10054655952627112,0.09109877016737133,0.0748363586438241,0.07370011707525204,-0.002015731330889725,0.077767479382997,-0.037348163561899406,0.01032889958372092,0.010947051310193212,0.00876970886958646,0.017406141191088836,0.012911505471272927,0.14941644315103908,0.12173473366910542,0.020976061389583793,0.0771760069493683,-0.011416613621735246,0.21805910392677788,0.17443641430106807,0.02704728645839771,0.13026472069139614,-0.015962656828117445,-0.05566614382830326,-0.06500065118938225,-0.03514668379600416,-0.07833840994854491,-0.1180608767130562,0.9416088917857288,-0.07364132173426641,-0.07348279893335706,0.02163886472696687,-0.07017316021384785,-0.12379573233965413,0.025917524014878766,0.5679743752338318,0.145876318085852,0.11184483936615508
2011-04-30,0.02849538066653623,0.03324978099443432,0.08138159260482447,0.06755996066343761,-0.021015475286665253,0.08247258907035304,0.09417655372153777,0.1563459277728998,0.1384786599445036,0.034673970090639106,0.0056015126981648145,0.006766152859282583,0.00690468005094134,0.015375440954600793,0.00878577244654371,0.14137819801248977,0.12626487485396187,0.33465756117377665,0.1980531616685702,0.0261473970732171,0.20546186677196404,0.18380725656317548,0.5674983116525883,0.3468733118419153,0.03901974957516756,-0.022762345961115704,-0.023015831008252996,-0.013913397353276458,-0.057983871464150405,-0.04222540528968466,0.9507732189896116,-0.06984695462101063,0.008469984504301267,0.04036544729794085,-0.10252402840496695,-0.03120545636945601,0.08632728405028653,0.4963039329269538,0.1032846997846224,0.1906862819236129
2011-05-31,-0.023841135012840464,-0.0266848314616277,-0.012660636999919594,-0.1170894753932431,-0.04807372855791736,0.0029234075499620094,0.005243951086059351,0.09011565713462133,0.03733108251642259,0.016817953457040957,0.006463964989730096,0.008440272710420416,0.009456355707796038,0.030522363060698908,0.010884462762967409,0.009776103655167517,0.013692704611201863,0.16489472651986214,0.03741383510379977,-0.017755316613376395,0.013332801343681812,0.019014032855461178,0.234030725323472,0.04908697061967944,-0.02551951530202396,-0.03470930585953691,-0.04432864175251927,-0.04939930927977476,-0.14938994643619907,-0.10097664153962271,0.9461250545797112,0.2109087823447584,0.3634407851301472,0.09184788400962539,0.18909207846849888,0.3446600670093428,0.1486659101178796,0.6485908156643115,0.18018019288803733,0.26975080487495334
2011-06-30,-0.01825746165247899,-0.021789591307067258,-0.02187640800302393,-0.07088606616965853,0.009906992550742677,-0.014355149498401998,-0.01623562100608833,0.044333377335794566,-0.12425444028811838,-0.05884637630937928,0.010422460020728457,0.012106744410379781,0.0071690190981894,0.020319693925643777,0.009947835210308769,-0.02939043068705742,-0.020593775539294847,0.10949897626609154,-0.06451174727746203,-0.003994803307400747,-0.038495197118156854,-0.028206499304349087,0.15110081855226193,-0.07908542559842835,-0.005890564372354898,-0.08173428585574505,-0.10180241621348118,-0.038742417030562026,-0.2210270150852871,-0.13506999402752207,0.9350630314358783,0.2847198702568223,0.5465584455795292,0.2583581573579168,0.18836146312185395,0.44965782122560877,0.32355771372712705,0.5959297347965102,-0.02337455122701154,0.22284691059835732
2011-07-31,-0.02016519055021282,-0.00960546516519667,0.062370276443349804,-0.01725055909350759,-0.028531191244169585,-0.06098835985970874,-0.05703840209575384,0.025973390305973787,-0.19382658502071481,-0.066071662439521,0.010025069359370501,0.01210566552062705,0.0066887324745192375,0.015222588278375268,0.010302131886899457,-0.09730868403356567,-0.08002547091616749,0.10380689676738114,-0.13430256818982272,-0.12424239187502213,-0.12495865223341113,-0.10538951912461597,0.14251785368947578,-0.1606565388518199,-0.16677338334342773,-0.06098835985970841,-0.05703840209575395,-0.04754534614170902,-0.1984597271524684,-0.08811905303322576,0.940462537028689,0.11963144208206315,0.5325416212479172,0.2188585048113064,0.06930480119531757,0.43973139868803635,0.2968267501105265,0.4910713084475009,0.03443771668929989,0.172648158163747
2011-08-31,-0.05679110795232922,-0.06418560916736793,0.12295028260667218,-0.07199581618978268,-0.08101173595156386,-0.09268443848200825,-0.09336968964895154,0.16689068801050655,-0.15265218713916584,-0.09838691563775637,0.029479530569415897,0.03192686284264721,0.01906792058078654,0.028611979532465342,0.01591437019217214,-0.05192460292866704,-0.04538595367747487,0.19124634347850428,-0.0904364064971732,-0.09858239997860092,-0.0671401000694992,-0.06004963242160748,0.2790188891948453,-0.11064696996591024,-0.13770931900883215,-0.18269902152682305,-0.1929673723932237,-0.07126593904046141,-0.26735106678915865,-0.16449728526417884,0.9815578098453901,-0.3660047007839586,0.5295435062189421,0.282142164682631,-0.3215358166604737,0.5131375474892859,0.33585019977553493,-0.05478045550953021,-0.06507023654130373,0.4224236710579959
2011-09-30,-0.06480762693442077,-0.0611420942910077,-0.11200824255425645,-0.10375062103462196,-0.01919642857142767,-0.13570558476200123,-0.1298425912623099,0.059364400645931736,-0.18262451633529286,-0.12436953134098894,0.0187204399429875,0.018085504571325982,0.02415265589412774,0.02712688937646367,0.016381424718978334,-0.09120162480489749,-0.07817795607958489,0.054302179218132074,-0.11530146602943106,-0.10667650977874962,-0.1156475772133142,-0.1013035951927496,0.07128880236905606,-0.14315684612983967,-0.14207646701634682,-0.1590260640714939,-0.15696725304050685,-0.15511396825622503,-0.20300487665170797,-0.15566618544570732,0.9789430774385093,-0.294745516354767,0.6034883775858465,0.357869716702464,-0.2658870910574384,0.5980856983678667,0.365983516067329,0.03246118577638016,0.18682543087285558,0.5563780885245501
2011-10-31,0.10772303843744191,0.11137286604367058,0.06405821105522835,0.17664149030594833,0.014364503023158726,-0.02289771039103794,-0.02355142395929488,0.06104755940713935,-0.021360005708416785,-0.08570562722361552,0.018528300219764995,0.019929042143416967,0.01496760880406664,0.02544653195102553,0.014182570564279288,-0.0014815430489882914,-0.0004608828132509984,0.06145655888116081,0.006065746303284451,-0.10346146792203224,-0.0019845874402833765,-0.0006280689779075069,0.08280967287813437,0.008437357343028183,-0.14134959602640917,-0.18160724953723628,-0.18473903833416638,-0.14482146612565672,-0.23852750191599437,-0.1703513320090907,0.9789573263593722,-0.20399939750807278,0.589578941394435,0.31791148781405426,-0.19594624750049466,0.5921442498535244,0.3139346306633605,0.13664456573972583,0.29894504620017126,0.5437408044330726
2011-11-30,-0.005058715107011391,-0.023867377306918902,0.012353583941148605,0.07693956412817515,-0.08457628895272606,0.030693641346934974,0.018517473969905218,-0.04345248749176989,0.13570191522575503,-0.08925197365470994,0.019595099906083536,0.020575053327212666,0.014434037685794822,0.01598569143002831,0.013335975053011444,0.03892360375672044,0.025613732127410124,-0.028821823385113847,0.09728529370897367,-0.09616489125572769,0.05604860276793967,0.037177066106788094,-0.03756648022110076,0.14954828525735026,-0.13168362512619664,-0.09837437474216237,-0.10849216059153577,-0.10246535808564095,-0.06257918313789923,-0.13408464397205555,0.9696774561469174,0.1646448909875563,0.5925534468532914,0.46276289515034374,0.15837713821724966,0.5978611411448594,0.4453124919716606,0.36793215992974176,0.41644949195557157,0.5291016235949211
2011-12-31,0.008532763666636356,-0.005797028262503723,-0.10295041602513477,-0.015245105320764951,-0.04742707082135489,0.11152350739750982,0.07855842000154234,-0.03369536828146935,0.24785360655557787,-0.11546619478986775,0.011746181283548148,0.012629526216245444,0.014548178111710268,0.018306631592205174,0.015708863055696954,0.107872651930102,0.07557947541342325,-0.029375898561642102,0.1833997284902524,-0.14885706109039223,0.1690168609139317,0.11717333458243592,-0.038990557250637936,0.3046888416377958,-0.20154582945635607,-0.06205012283593281,-0.07868532786660043,-0.14373887705223942,-0.08831268039774198,-0.16620886774252497,0.9734724032136867,0.4071161756101515,0.5205419537972962,0.3500394534754982,0.4029516177146388,0.5348458759168773,0.30744037554260734,0.5295349416758789,0.5136165759345903,0.4822401762537825
2012-01-31,0.039888386477854754,0.07321372290883965,0.09321910086804541,-0.023429056002409854,0.11430885020783266,0.0434561226335628,0.0415259654711122,-0.007213449718748599,0.03567448926853256,-0.02831393989428821,0.005547307429606419,0.006186093436482538,0.00895002780659557,0.013250539744541394,0.012407834816638189,0.0274228155061959,0.029802113633015173,-0.017511566950154742,0.03484827353826095,-0.019395041616952588,0.04009850128515136,0.04412439973050526,-0.022804371675721132,0.05003349201120399,-0.029241808565122044,-0.010293669827095009,-0.032961655737837936,-0.11048713887052097,-0.0651530515265839,-0.12629948261206236,0.9725568362966901,0.5658135909452783,0.4835900513146584,0.28202313642281307,0.5934508994243005,0.46370795656805647,0.26866542177848274,0.5502832963109021,0.44215681965729625,0.33250398341613135
2012-02-29,0.040589463768117895,0.054391791966484915,-0.016054795505890285,0.08722579249674522,0.035764811330961654,0.09133017556267498,0.1250278943479195,-0.03507274461106169,0.04556658040063111,0.09942337801903833,0.005347445020082303,0.006982157378870921,0.012822066385044288,0.01284288180697471,0.011378414174241331,0.257859293189491,0.2756637883739672,0.005538254690341216,0.09361771261522718,0.12052917284771655,0.5579208685680299,0.5936899551112103,0.007032529272092957,0.1407299009387089,0.19306919652582322,-0.006886302644093956,-0.009014029393710321,-0.05639054488500872,-0.0850918813415894,-0.058131084901975494,0.9625867424430392,0.46774009242988374,0.45645730700397247,0.3200159674163482,0.4882508069818642,0.3995689373102266,0.30393942090872444,0.46133069742372085,0.3100530596201723,0.32803175375918
2012-03-31,0.03133231453144236,0.04202386347169429,-0.02374406398400364,-0.037825750100880295,-0.037499849711284505,0.11600149883984678,0.17914142917224485,0.05012696926178939,0.021591510387217294,0.11088099835744791,0.007271515637626404,0.007928397511484083,0.011183156833019934,0.014119565999213516,0.01293408261195245,0.30396054255228233,0.3902633899411339,0.07617499394393566,0.025620316553417503,0.11703679990336215,0.62143192214158,0.9084960779931495,0.10269874861722503,0.03838628026554717,0.17947003120680355,-0.02236387808159601,-0.026313379898309175,-0.08097367161268842,-0.06367858319699626,-0.09597013942043509,0.9445469064669755,0.35087535064443254,0.4453661276484232,0.23348506448480866,0.3558313174527388,0.3615145305732012,0.21838993160037004,0.3664023478836697,0.1560766738298166,0.26395899515968735
2012-04-30,-0.007497452372496438,-0.01462362486951152,-0.0035344301452600035,0.017957737951840302,0.007805152568975737,0.06514732269129753,0.08263441143365213,-0.04281276460098615,0.06488626291459876,0.0047049288236320486,0.009248884728171399,0.011373640508075405,0.010579579764362058,0.011942098038650626,0.008082181897494713,0.13915758024924185,0.14844912574772057,-0.050354809695230596,0.07968739076162859,0.04045119666759149,0.22416142045708762,0.25269687969323,-0.06038257734240391,0.11571528503874098,0.05601867153691998,-0.04259927245049744,-0.05155047514680633,-0.09776158431554216,-0.07971212779072878,-0.07888361860097559,0.9496797487207894,0.3633773590813601,0.510266554858228,0.20008577750152576,0.3545582083900561,0.45955674812645203,0.16813446183813416,0.4372830516251352,0.10422770514058036,0.13612160646457255
2012-05-31,-0.07292180427176742,-0.0827122381050448,-0.04834517084509182,-0.1739741164418639,-0.05412018582778344,-0.05104280555597496,-0.05814204569793979,-0.0742250169904044,-0.19094669912773765,-0.0824846519429161,0.007434037917903919,0.009731468548850042,0.010815743406735499,0.0132122627859286,0.01034424626749546,-0.0980148074146017,-0.09130995357958124,-0.10867993748502665,-0.23994984771996328,-0.17429861122924054,-0.13304915078759874,-0.12812624066112527,-0.1336980455440122,-0.27511121697765817,-0.21313364416929673,-0.08725621895854185,-0.11009521700741065,-0.14034697751993452,-0.20410382587147724,-0.1361146657870217,0.9431584664774739,0.2399824927901754,0.6586908400971395,0.2636662204059398,0.18466961864634698,0.607945005860873,0.19556462389097992,0.44623997018470396,0.19032448710846628,0.2655907320813357
2012-06-30,0.0395549822283372,0.0380958631042716,0.026174340876158775,-0.018143993031002226,0.07202110013580776,-0.04347690312225172,-0.06169246188345068,-0.026887829367377547,-0.17439710790138718,0.02191756803424938,0.012959692855139938,0.015125942619418206,0.016177711755388586,0.027802726849370702,0.011415431817223888,-0.058498619789755034,-0.07803974153879982,-0.015003622323178634,-0.14688388087693355,0.04234014529277179,-0.08014665625794923,-0.10697750008208765,-0.02096097109289779,-0.20677997528149233,0.06326993867072707,-0.10923174836474825,-0.1303767704674449,-0.06524895945721165,-0.2706032274563609,-0.11402387220129384,0.9581443619325948,0.15205110672741556,0.7410334286918756,0.45351949818924886,0.1417163201047176,0.7166940722991044,0.3789648635309657,0.3970686104444761,0.23222428838496317,0.4549026361094329
2012-07-31,0.017365992040411893,0.0015094884122084373,0.012106239885590675,0.04171655507170091,-0.009452708569373192,-0.019514789467498073,-0.046329984978601635,-0.011613717722869454,-0.1551277930804541,0.004418043012951012,0.008928691178422292,0.01035808902351138,0.009379861546540724,0.020766789912820202,0.008858702207035586,-0.03203084368736989,-0.06662155948502033,-0.009477218924675613,-0.11450217708919733,0.028680616116792,-0.04598664233268585,-0.09242889871412921,-0.014065914865848196,-0.1642925936160012,0.04278723894838889,-0.05652860275009497,-0.08088839591168717,-0.048805626346624886,-0.21022727928828766,-0.056563198318631436,0.9619422293871297,0.1604872794474038,0.6909930818523687,0.4183929809842822,0.13487686736516943,0.6784031587127557,0.3951803333785673,0.4156065697050924,0.12960523743945707,0.3629510340025092
2012-08-31,0.019763369506086814,0.04335399676120333,0.046010540568728775,0.09550311032558922,0.010519281888199394,0.07850978121441332,0.08473639690598933,0.08638388388520202,0.12049773370432892,0.0730578920634406,0.0056849528776332725,0.006414213178006502,0.007665404847749019,0.013662434717625134,0.005951872344554869,0.18363639676165,0.17352440791109758,0.07502693323660965,0.12763324507518176,0.10617132470810305,0.3205621069785309,0.2865431914311663,0.11304825388014471,0.2253092878688945,0.17680250727229058,-0.03273860410728002,-0.06014369506446571,-0.020312164752239847,-0.1668311357954133,-0.02425470735781987,0.9604464144163636,0.4557883020010126,0.6628991145640729,0.3722008012707389,0.46405337770271177,0.6716054816063157,0.3780518230446051,0.6270080872727275,-0.03490214554280009,0.28081694881661823
2012-09-30,0.02543176507837064,0.01338833098883585,0.046192893876850105,-0.032633793397283006,0.093530219559115,0.06385733079201872,0.05891878187071531,0.10757700136276838,0.10396191953503342,0.0945878137651599,0.0076956123680886465,0.008955355870670112,0.008625970338345487,0.013785186868674588,0.009661619507995836,0.1748616374350823,0.1384585227171085,0.2006305646442385,0.132693245701752,0.2076310485175094,0.3630367033646921,0.2559888650810872,0.415118757067088,0.24192050040612376,0.4135679392261945,-0.022138584368483927,-0.028345294801754295,-0.014024232280519522,-0.09111107720269063,-0.024641767347258647,0.9533528991337944,0.5515942309368798,0.6282509456991112,0.15561909131697008,0.5426470282492266,0.645019026240221,0.19696213982211094,0.6488133762134668,0.08534318458987272,0.2199309494189751
2012-10-31,-0.019942180834401357,-0.041165135468460456,-0.033990148496251704,-0.06410677411431454,-0.012321338161005002,0.024844258287281873,0.013797930536444403,0.0571323962357555,-0.008184638039584469,0.09141788233394954,0.006905936379826846,0.007832887094315847,0.0063705947158636915,0.018354211726894665,0.007695391471787354,0.05063347651588384,0.01912406299189655,0.11018924284672225,-0.02480286011891585,0.17801542751890853,0.08011487024001818,0.028314638727513042,0.20569994697516264,-0.035880932309409294,0.3228298558554049,-0.03890106822452555,-0.06352172713191007,-0.05217099206267328,-0.13404037013198344,-0.02837249957730359,0.9266212342156241,0.5404160575533803,0.4726013155136618,0.13056340552905144,0.5094444567517625,0.3873005558482499,0.1743762291494345,0.4390440978627192,0.09461263430770644,0.25271795031793465
2012-11-30,-0.010048700619566309,-0.002646561867152619,-0.017152951621045798,0.02044969282907938,0.038398693604453804,-0.0051163480744973455,-0.030899527167952745,-0.006702690757622087,-0.07613436062735834,0.1215292211687855,0.009538580992671191,0.010590415633801522,0.009260015374769621,0.019720913715403375,0.006594790117200989,-0.013121591918141618,-0.053330303223669266,0.008088743497875731,-0.06243124171967031,0.2136189691270913,-0.01830980836103791,-0.07162060642340312,0.012467085204655011,-0.08303157775691622,0.4096143162107982,-0.07685447632528208,-0.10577904172915187,-0.07047165739756267,-0.1466750660553432,-0.023921747877837518,0.9502802458106518,0.4819270008904091,0.4727223065819597,0.016015523792169712,0.46052161275630976,0.40813648850965134,0.023674575818657735,0.5322914410454302,0.013861968238604236,0.126804070221736
2012-12-31,0.00706823095628506,0.003079495176904423,-0.021099991274066365,0.032729680720450016,0.0042943271649160675,-0.02293282354543491,-0.04075783849263759,-0.07059324300928926,-0.013710154163221855,0.03000851226920198,0.007372941696320398,0.008587408146618212,0.007728878309730219,0.011075679413268829,0.005162659513160502,-0.0442430195986301,-0.06953741771704351,-0.13491388020039394,0.003526763220617578,0.18359719255193965,-0.05981992040401866,-0.09517704477283133,-0.16846284317765206,0.004955274614158214,0.34202996033874183,-0.05283927696920643,-0.07614044741527037,-0.09888793496815174,-0.14417164682734573,-0.014028175892560335,0.9374435056135845,0.303317586017227,0.43595998162488336,0.015397128704369831,0.31684874372397376,0.38134974833637897,0.043975486984094925,0.43573422492267394,-0.04163626485333029,0.18947652444591098
2013-01-31,0.045797194748944614,0.037805051665915856,-0.012110227759969283,0.05424924623954164,0.021955580802976105,0.04260594858312339,0.03824589385331767,-0.04954237469457512,0.1110191823037543,0.06575446859220846,0.0064275921209913725,0.007648148175009563,0.008480751785288128,0.006936523569067213,0.00607051633763988,0.08844321335909863,0.07116561184024928,-0.09091467579191566,0.12770246718130165,0.15293071008241282,0.13984261392057842,0.11754935386532948,-0.11627621950148734,0.18499317994803297,0.2510454832809613,-0.015882990359223248,-0.028152770190792542,-0.09855925527261511,-0.010494539996412033,-0.010779335407015922,0.9375155607368324,0.18413826087225885,0.4865717783322372,0.08489565967577199,0.1906900410540063,0.45901805841154375,0.07954289836343954,0.40204387156454263,-0.0448460591693539,0.02500302711165109
2013-02-28,0.0036970499768467224,-0.0009998749766183535,-0.04684086451299119,-0.06361517586460164,-0.056622096244666076,0.057082823706707364,0.03996009649923238,-0.07825193152144072,0.01949317927503902,-0.031769567228117856,0.008359212502174739,0.009096983705623776,0.008821944253750186,0.009434879681239508,0.006909078093999657,0.13801621976537776,0.10917328148842337,-0.19858376501789088,0.048315209910773094,-0.054641845275889944,0.23271946852157555,0.192579387740856,-0.24065775318577512,0.07118592460892835,-0.07187751245194855,-0.02916175143514388,-0.03230006202207314,-0.10569747621522785,-0.06791757985466274,-0.06399717417744022,0.923436225428294,0.06195722389607419,0.35444784577991206,0.11201986415855947,0.0829526639127309,0.354564915153527,0.14915246586750008,0.1843574245097046,-0.046414569354596806,0.28657808870234336
2013-03-31,0.0359877239828732,0.0339631731367509,0.010838624697648402,0.056273765708222845,-0.009037283845450661,0.0874385616885156,0.07197928627013739,-0.048178014554045134,0.04273549960862466,-0.04462244426721529,0.004708126912393948,0.005047794927970558,0.0042121711864223366,0.008803203570204298,0.00850158688197345,0.19184783505166272,0.1477750160976889,-0.0831878080919741,0.13814505992896695,-0.09828829499178551,0.3296463757958634,0.2611221311419577,-0.11121010160298256,0.20865802735209726,-0.13032503887884309,-0.011149947134073246,-0.01568962953679609,-0.09813947066344741,-0.0874604293461283,-0.07373028647578861,0.9481325076679087,0.08584596176139017,0.41200681500961683,0.25723763809134237,0.11977282902562138,0.40258467217278615,0.2617394600069422,0.19330766642435282,-0.01928627979038217,0.34562805233465105
2013-04-30,0.018085767779890016,0.018751230035322308,-0.07687490212101378,-0.03877408353696277,0.020522753764740775,0.05862372604268162,0.052298034883381694,-0.11057813516397097,-0.049271896740721854,-0.04596192596220394,0.00890888534762534,0.010771917678823994,0.02494119936345427,0.015460311914137412,0.01036692906956095,0.12368718315703324,0.09318134646037089,-0.1056145421578819,-0.04763986447737295,-0.09020904108970985,0.17242183544848166,0.1311267849199329,-0.11742592591599506,-0.06126601648350888,-0.1219713977085379,-0.03248461432325267,-0.040543430697568605,-0.19544928497867942,-0.12229329946660972,-0.10305289615178159,0.9624401519131655,0.33985951590315383,0.5314329481586793,0.21286946821143718,0.30528885671161954,0.5253222308692551,0.21633179010669137,0.48359735865815473,-0.012630028362172903,0.29564023876361056
2013-05-31,0.014330957795471555,0.029335312358009125,-0.04878720877795817,-0.02485000391837744,-0.0022335589898280217,0.06983956763313648,0.08425164251611394,-0.11239432836960539,-0.009912930803844922,0.009041201761885942,0.006946352189054839,0.006719590413600453,0.012653738880371156,0.01367393378438267,0.01161776359388023,0.1559112000685171,0.1673310024672285,-0.10658774316934475,-0.005756578791665757,-0.047102458303670915,0.22316978477324817,0.24645279371770912,-0.12031735806051333,-0.007790638777902993,-0.06404748445200843,-0.029173583969121397,-0.02160947655206269,-0.1549652887100521,-0.0782459668108193,-0.06099562763401989,0.9572586887765814,0.355004291693669,0.585720827970112,0.3024889657321476,0.34637432833258874,0.589612875193754,0.2663127714359731,0.49437412831576005,-0.10256845853292253,0.3033363766387722
2013-06-30,-0.014999301595580827,-0.015237640288264576,-0.12121207074327889,0.04990753807729087,-0.024014566661875403,0.017186494496282734,0.03265786804214965,-0.2283465123803452,-0.01588024710154623,-0.006209316956778177,0.010852850116254505,0.010162947053640535,0.018494632018674125,0.011421231994751993,0.01261755509451963,0.03482152696015759,0.05949998413479484,-0.20370301245542038,-0.011990911413530462,-0.016741212338807956,0.0463696725647614,0.08174862814465124,-0.22063190669470584,-0.01612662426854012,-0.023867321886276098,-0.06349430150910929,-0.05987129096878396,-0.23864764939628058,-0.049003582621302,-0.09674650142563013,0.9634096727952106,0.329999629015039,0.5322318667468987,0.2765291188812708,0.32070089990885425,0.5540065406723959,0.25801774945793543,0.4904187906492882,0.1301285217903812,0.25849327881368694
2013-07-31,0.038863868989301276,0.05462471156369131,0.10705644822015503,0.06685250621230598,-0.017151106083782897,0.037946242447163936,0.0690210466692327,-0.07459566290234576,0.09226208616600862,-0.042896329346871154,0.004049967778466506,0.005144745899640286,0.012417423399521418,0.012272780467062169,0.010273912218507228,0.0865411656206273,0.15787829820836627,-0.07050937768723933,0.10461607895328516,-0.042766232909636416,0.11960830074397044,0.23109588518923618,-0.08878501040588511,0.15837204121541787,-0.05958867839437065,-0.03909178145644299,-0.027982206396736986,-0.21161042996399382,-0.04599723350606877,-0.07196997377598235,0.9356270913301946,0.23645340619889865,0.39379369658344426,0.3688110261662939,0.24139572213849272,0.40566226768126595,0.334617691868145,0.22512256756463536,0.2441232766577466,0.1837236865969139
2013-08-31,-0.03129801947934341,-0.010065161255053745,0.06377624932553916,0.024945280177404383,-0.014769067424241888,-0.008745052090501915,0.02810149884510227,0.03491370586240916,0.1480376090150446,-0.05492096822321357,0.006567715345322945,0.008315169409334145,0.010533427037653744,0.013522684545171278,0.015595928591742593,-0.01454808155952298,0.05824265873839541,0.04442492458127108,0.18444869120997737,-0.08891418255747065,-0.01914655027117939,0.07855361555777278,0.05930205289126177,0.31329745986769764,-0.11701181771336461,-0.04631891618912565,-0.03098604994749843,-0.0962289865395769,-0.04303564455848652,-0.10799536601168425,0.9370361457769572,0.16298974204365885,0.20061224729556024,0.438178494906586,0.12523105792900147,0.14148569413963427,0.4540616935507167,0.1749964100469852,0.3032500039529643,0.0896282951940702
2013-09-30,0.025479200619132447,0.04397647914467462,-0.060552407932010666,-0.05721392143073167,0.009699452914664786,0.031990467863237004,0.0899216165023391,0.10635018598050894,0.030903995065566514,-0.022274566043088417,0.005631064189691592,0.005074095735035375,0.016812312713485773,0.012295340027154093,0.01759605922018659,0.07956252450087008,0.21695875881670323,0.1376846001107129,0.0379378918933777,0.027008986793036323,0.1201754506774431,0.3348452060676514,0.2472417333101679,0.06239004666745667,0.038974289177130444,-0.03710969413168308,-0.01810997051864993,-0.0897695306005758,-0.07819324066190214,-0.09137680393268421,0.8844215179771661,0.021076534997631083,0.039519615509483144,0.5544298402324978,-0.009793989125075692,-0.03304644393358148,0.5531021852816399,0.06614203642676635,0.3309665342132874,0.08130559457533922
2013-10-31,0.04459575276194494,0.03930286816750583,-0.002186222701893503,-0.0581452601501955,0.08189247775328634,0.037684427960264166,0.07408697111705731,-0.002822792042361466,-0.089881864242085,0.07625271682528023,0.007841807898546509,0.009373375519382525,0.014606313997871746,0.010652459116761865,0.008243139083975637,0.06100177521803086,0.12175007758857072,0.004977024776913078,-0.1586471961737135,0.034526546672227515,0.09341530791991658,0.18134336682502167,0.007729048183384143,-0.21759919294336197,0.04954323624296338,-0.040608087745287014,-0.03672097598444224,-0.11747041435524874,-0.13179193449182403,-0.05542795258515787,0.9294415841022061,-0.11970942947857584,0.06791470085831901,0.43755099914554807,-0.15483532612835077,0.02390544247909222,0.3938628503772203,0.13750604842694414,0.08592538290202799,0.01610443850526094
2013-11-30,0.028857834310058506,0.03190032943983345,-0.06482315528891547,-0.0423323751600897,-0.03228763019995695,0.10212405333851082,0.11961985371472261,-0.12337107023503746,-0.14962223813143583,0.057115679853709356,0.0057745428077157985,0.007837164420446291,0.007451847753327754,0.01117960990252741,0.010291187590127948,0.2409651078218908,0.23592982957392306,-0.16924389675627155,-0.25848533967278814,0.08639992057463884,0.43299117441344537,0.3942699180434922,-0.23443683522067307,-0.31897218916552866,0.12954962690681665,-0.013995839296370383,-0.02403892571307842,-0.13619286498614414,-0.16493256065206352,-0.06179208298125527,0.907840434557086,-0.020332439578269204,0.312205723420655,0.3359530750003157,-0.07789879256047408,0.24989117839127445,0.3075410494431818,0.050211244749733666,0.1146468958785373,-0.11796445520134467
2013-12-31,0.02356279197544664,0.028744609893292417,-0.03894126988852442,0.06147537611301823,0.020708845439906032,0.10006441130875854,0.10328432933872667,-0.10320501842541918,-0.04256641550391649,0.06864208152749574,0.005995246739900722,0.006016716894099006,0.014009553625231048,0.008877839826633727,0.0084234396041629,0.23368952383486422,0.20422415100660257,-0.13160288891746794,-0.06120991683495129,0.03702770584916049,0.4214895274812099,0.33181007410519836,-0.171151249340513,-0.08417072927356947,0.057755915719243114,-0.0182761541705313,-0.017290346582181204,-0.143208376320466,-0.15502560533522258,-0.03932066115178823,0.9189504670205468,0.05965436383445266,0.28110466760058983,0.21362553794867278,-0.0022551282905952995,0.24522394090622396,0.16945008820383017,0.09646439100151448,0.2497770283471701,-0.13899565633535843
2014-01-31,-0.03825056038184749,-0.023961387200865825,0.039589987208399346,-0.015914578647308053,-0.03402601522842641,0.012818909441974391,0.036125406090226075,-0.06565823740360932,0.00036278690522539847,-0.045856708486049835,0.00802089271386246,0.009950783060531501,0.009293153770465308,0.012617179568335243,0.008225951322064117,0.026084585798495707,0.064823188093633,-0.1257369089931989,-0.028417783262073275,-0.021684168339746582,0.03682149630276375,0.09440905677613116,-0.15965484625009888,-0.039538814636584804,-0.03196255658174896,-0.04278753922336753,-0.046051540374958955,-0.10347377414851588,-0.11421410424299538,-0.04954700260945544,0.9205258906602569,-0.11589813442489875,0.37626550005884796,0.13147576515308648,-0.13145737373741254,0.36399982841790646,0.1040940597328456,-0.05752472935524139,0.08020992138368445,-0.007869658039137814
2014-02-28,0.04311703017816204,0.04976759559420363,0.06555926975944937,0.05231304324416719,0.02451758020978767,0.026855817872901255,0.05406582908628099,0.06460776043438976,0.09922772925776724,0.010151990097285957,0.008017207453297544,0.009293081975902421,0.007388029429654752,0.008511567564190985,0.007665259567150464,0.06434405343485952,0.12887593531667896,0.09213177921927664,0.11006017685416743,0.06107258397882974,0.08967653952947059,0.18656142812765936,0.1309779993314059,0.17010405267919104,0.09051510363183823,-0.06021932521045914,-0.058877023111871374,-0.06824385452015391,-0.045049774190613845,-0.0609392765838046,0.936153482203534,-0.12873607420914843,0.37690568469322916,0.1847981083382593,-0.13133957264287446,0.3934593825864481,0.17615157092442071,-0.13861922875571286,0.039391361832477434,0.14206363596178825
2014-03-31,0.006932165418227276,-0.025331207079652973,-0.02875737800659517,-0.009844960940532999,0.0660260118985212,0.010171686944115077,-0.0013409942428035393,0.07588891317691693,0.025370818477270296,0.05500045603177206,0.006582042787958386,0.008568278269378143,0.009794795056924273,0.011599546953222937,0.007188649170445687,0.03260122775552869,0.006077395705000638,0.11671882455722882,0.02518610032270696,0.12176349878391862,0.04455569063261163,0.008409501003785607,0.1913072878069627,0.036051924294759036,0.182580847947263,-0.019653486300596712,-0.04743957030059909,-0.06932558055542914,-0.066050328117781,-0.02832583470703176,0.9426799785602209,-0.3192065080929966,0.2138286159983731,0.2368118991917767,-0.24329293502125815,0.22509604289967006,0.19800521937578128,-0.19503581105617743,-0.18452411606201263,0.2501051860682038
2014-04-30,0.0062007891534139326,-0.020107256999566503,0.009505961461583334,-0.018113840658769087,-0.0012410868802448238,0.05686107702559595,0.0026024581825569992,0.044754456166953505,0.023079290689328902,0.09080692173745009,0.008247580521429182,0.013159637103771753,0.007757811874185382,0.010117597640172296,0.006025672913054917,0.12896160286688602,0.02836786981870963,0.052352702721978346,0.042931198714441746,0.11008163508038168,0.181971067862828,0.037589103867890564,0.07783714307579363,0.061781031785194375,0.1634370503674308,-0.03977475384036622,-0.08220346094950093,-0.07208123597828997,-0.050514635101585825,-0.019905008851301975,0.9376964669806784,-0.28748875621233916,0.05782233276954122,0.2412186329696477,-0.24662247357694195,0.04587652091588587,0.19957131022061184,-0.025114380943636782,-0.22724888353464096,0.17423080712464606
2014-05-31,0.014952938898742385,0.01864917386825371,-0.018686328225630544,0.032151311637274915,0.07993523424708071,0.02832589738431368,-0.027117840146464012,-0.037846264792690154,0.0034776614936506967,0.1498102631910465,0.0051705063394787846,0.007360549854765405,0.006975600442488729,0.007699265537121229,0.010147558130067026,0.07659324305821946,-0.04344281312845548,-0.08589225068665392,0.013459512973208656,0.3225302059006907,0.10595550796148138,-0.056246559799147756,-0.1181748176057964,0.018618358986888524,0.6951241868563961,-0.01401880221900409,-0.07032407284470943,-0.07803483017184842,-0.05242089302311781,-0.018961364588383267,0.9222011787477491,-0.27791906896713603,-0.014751372094277628,0.1073693495392581,-0.1824384426294044,-0.060921204970519095,0.17083482803069086,0.03949344518745345,-0.09458394671263769,0.05729666603121702
2014-06-30,0.01905833174947058,0.039023069240407215,0.06117539718667975,0.025898195753285558,0.052752770356707224,0.04070970167884447,0.037118470482174315,0.05124491964500866,0.03970174547910821,0.13549381201607802,0.0036385002758265207,0.004035247148860841,0.007473902129145259,0.007060523170129063,0.008941452710140206,0.13066606194106606,0.08724201930121059,0.09256524891614755,0.07708584741051495,0.3077322146944573,0.1768414925305571,0.11554078479205632,0.15716451854631525,0.11646962135507789,0.6749388895417819,-0.010844236813913999,-0.04018240694127173,-0.07944118563582037,-0.021099692191026476,-0.02131546276485452,0.9209993553690038,-0.243046984943589,0.11257813925597167,0.020306505699447336,-0.2092489984153854,0.04527958553103749,0.1427323844084523,0.19813965619873722,-0.019023676367848043,0.046440829862199884
2014-07-31,-0.011200253434308638,-0.0010529483738039858,-0.027768384951487257,-0.06356121242822299,0.008885962829104033,0.022711868606574148,0.05728555056232287,0.012429430885441128,-0.008421666086079083,0.14700730353829727,0.006812401725024762,0.008670553266569092,0.008322261771754061,0.010246548659316726,0.008487568183405172,0.07902030745935196,0.13900044847797804,0.02868469462785477,-0.038912888711159145,0.2388111238233139,0.10467579280880483,0.20261361834993283,0.04470570513541014,-0.055800907729568486,0.43739011070138795,-0.028828226182601946,-0.023231368049684287,-0.042877347006326505,-0.08006194617523388,-0.04276275712886568,0.9182690287714244,-0.09637859390338653,0.12727900896802996,0.15261097741695204,-0.05383226233339074,0.04693649565831495,0.2538338979025916,0.30622331259127955,0.07453564212083981,0.1378680321451945
2014-08-31,0.037655295579826165,0.0481718715308006,0.0035120579321892276,-0.022511960127261754,0.019382845068445897,0.04558777618143828,0.08792801555711405,0.03533168947081222,-0.060936171790269444,0.08269415731244023,0.004899884418943734,0.004794009663064569,0.006512935505424875,0.011334145593463626,0.007434765354311411,0.13664473579658135,0.22046217257662865,0.07668284965345439,-0.09779705201350199,0.1336118174350079,0.19006028362403893,0.3264361179759489,0.1256144258476977,-0.1311510548858903,0.2019985834890421,-0.039442064281350886,-0.03101012012698312,-0.04855456963533733,-0.1252295250832185,-0.03876186966215345,0.9330881786499413,-0.156262113204724,-0.01740812164698399,0.11285651442605028,-0.1690708339218699,-0.028503601912558626,0.19582537762287658,0.31389812443343873,-0.1072889477948761,0.06627473883922967
2014-09-30,-0.014977920068905193,-0.022791534500084087,-0.04209856233874221,-0.018518450066439707,-0.007835418500273361,0.010665448636918207,0.023203909643848775,-0.06542715141191291,-0.10159329121241689,0.020382777162503807,0.006112453233672337,0.007849608057286687,0.004359843082950425,0.014625453353881957,0.007978092346018331,0.030227098821046,0.058901107555967724,-0.15546633784920036,-0.1413986328871685,0.055033373333810934,0.040136403436468016,0.07989747305225703,-0.1956437079575833,-0.18369577879920096,0.07675584644590372,-0.02255687467564782,-0.028585148304258956,-0.07995087753667518,-0.11393855830293453,-0.03205933615756196,0.9285153476525868,-0.17190950801436414,0.10315851230225084,0.1924431542496938,-0.19039131658562924,0.03671934444354415,0.2619481476384516,0.2996280882785904,-0.21095864460632663,-0.04169198280984985
2014-10-31,0.0232014606672033,0.0305671427312455,-0.032548553832352445,-0.11649848968793086,0.07363256729945822,0.04582790082912647,0.0555918132762907,-0.0700221635248438,-0.15238059911365498,0.08586720505169732,0.011516978037529052,0.013281705033218273,0.00984920921438479,0.014101430367203202,0.00814084360629997,0.09641160198354744,0.10153248225651151,-0.17541051670049942,-0.18408348718234802,0.2125077058475383,0.14171623681192538,0.1488847452121728,-0.21080350092801772,-0.21913403100424794,0.3439483697687436,-0.07401459519995723,-0.0836263377668669,-0.09385995962288096,-0.1921606699078502,-0.029137238197958992,0.9478316477606951,-0.37757820378449936,0.12700173944819776,0.20652748222137424,-0.3224886831143517,0.10181651049887853,0.27909085865746464,0.11258005369696789,-0.3070716640794533,-0.11770364117282414
2014-11-30,0.027145030089163136,0.0338130799653642,0.02177440059055824,-0.08505088646951386,0.030378138478354355,0.03523485616190403,0.04113137674227163,-0.0530980281543193,-0.2066106307007386,0.09757961377183721,0.0024701142218750884,0.0038270448357501496,0.00975316341743276,0.016299772278816415,0.004803032346811448,0.0773850263818314,0.07694197458996556,-0.09440932314250917,-0.2164376896978852,0.3079370225437497,0.11212867441099238,0.11139483328129966,-0.12613027035026644,-0.25325275579858464,0.540225672662387,-0.002948426995476594,-0.005684278970452206,-0.11539916727168442,-0.22870000277098468,-0.007860445382497638,0.9381511888238604,-0.33408386726642497,0.1504324157752506,0.15831959725435504,-0.2686496216467278,0.07585168320013917,0.24829562883015707,0.11913122693283758,-0.23120702728506426,-0.0879367524490889
2014-12-31,-0.004188587515996378,-0.01159940969655504,0.007403057865610574,-0.19470900636451738,-0.03557765606351582,0.0465741889150082,0.05305562086904381,-0.004164829039909668,-0.3490358391494155,0.06688983209891775,0.009740385994702488,0.010255327050509801,0.014119191510096517,0.026616517945799605,0.008329870238955919,0.08457414626477927,0.08578062039216068,-0.00026175605016378586,-0.33510052720896416,0.11215390635690557,0.12779929254763062,0.12843585002884025,-0.0004126808580762344,-0.3757508862611644,0.169294554166759,-0.049451481498734684,-0.05088034982877265,-0.04709703613479432,-0.36850322512706213,-0.06502491139783939,0.9477912166625154,-0.21507007996200506,0.13582468928122884,0.30071922463657363,-0.1599618287416337,0.06634198091547891,0.3354254525470492,0.30661927487454355,-0.17056740580688207,-0.06412112709608672
2015-01-31,-0.032540322258648446,-0.025589584912623975,0.06546998293421602,-0.049526508003551406,0.054590148844441355,-0.010440889245903584,-0.004326528476669034,0.09672943981963456,-0.2996908642412529,0.04796700575495527,0.01098087249482401,0.01157635005568657,0.01153311609648067,0.03813939363606588,0.01213914072649222,0.03691760278145624,0.05093257446055873,0.06277793007657184,-0.19563505941692091,0.18169052195429025,0.055222798867835876,0.07658261445533503,0.10351547533897491,-0.25914792482535914,0.2780681256219681,-0.047196424472690235,-0.04911477942317677,-0.03694681282988144,-0.40897469537547304,-0.0566063985496158,0.9450833690476165,-0.26278553205793903,0.16419533640077394,0.33388823938274725,-0.250716443505174,0.11504209441472435,0.31904739261676773,0.19206815471673108,-0.15740943852950337,-0.07746229163309952
2015-02-28,0.053209929603571515,0.06963784732854594,-0.037099305854470965,0.01705674689423642,-0.0027115447781135282,0.014670227519305135,0.03017658545975932,0.033536892568261534,-0.22153689106626684,0.014312471571154672,0.006227771448004339,0.005747597899511139,0.007673791027081353,0.0417922364421161,0.008295485740034636,0.04713236545903042,0.08473161995070931,0.058898428943383666,-0.1107107989270156,0.039554313050079254,0.07255545892864898,0.12841303633796722,0.0969079930477327,-0.15166602494108472,0.05730003726923217,-0.0348457427015213,-0.03136868963618922,-0.06578802717585275,-0.29664226821637296,-0.047585272982847315,0.9498657205287568,-0.248259324962155,0.2284544871566455,0.2722391602348489,-0.2500412041304255,0.14612745213213893,0.2640680109993814,0.0956440292280563,-0.04459665570316154,-0.024371407911684174
2015-03-31,-0.017396107114219017,-0.012622046216204219,-0.024327890973067423,-0.04340835852635827,-0.020135744789097187,0.001212582077920299,0.029110725920303615,0.0009827862402014276,-0.07527675202254658,0.030553201878798397,0.009017745220900004,0.00914779693950298,0.008543945475041325,0.027876901842842878,0.009156988721515463,-0.013287583288993968,0.04068303701759051,0.020532484792293894,-0.04085818983183845,0.04596570506541892,-0.019272133469714816,0.057430526573343015,0.029291426252160226,-0.05818586016557884,0.06668332378647011,-0.036436323142079674,-0.032440596115758336,-0.10372158732726988,-0.27289631534326275,-0.05539226179866352,0.9460681740282127,-0.19107548645199146,0.21801591936797035,0.29068661496556597,-0.21657487055373434,0.1131276402886107,0.28394185100193625,0.026523624431834786,-0.14052435647344771,-0.11204175352248437
2015-04-30,0.008520819822535719,0.008271991975293602,-0.0005916247031686472,0.25273115503427124,-0.030676969979016366,0.04370627254587767,0.06487318435913947,-0.061080465785227966,0.21879214126485746,-0.05277044988751067,0.005341721430502516,0.007282395081395937,0.011893744005849,0.02940158478809025,0.008910131281276934,0.08840645269787686,0.13047723831795405,-0.10282464826543489,0.14781687871893043,-0.043543874631249785,0.13414525183758216,0.18479592535333883,-0.1340491151315602,0.23147688869752536,-0.059252785924331065,-0.02725050845577559,-0.02958715376398302,-0.07697747738935745,-0.08668223100552985,-0.06794851429177262,0.9212249005921334,-0.08040334100807756,0.10882797463958728,0.19417412493373026,-0.06497341376070657,-0.043119923989923176,0.1556062926644742,0.22875098759931045,-0.021978210261188277,-0.11342465843244876
2015-05-31,0.020989172761127106,0.037567958920211586,0.020409156292795272,0.04068605712398732,0.012206049355614867,0.011776260230771163,0.032946150104772975,-0.005004258943737794,0.2471083760270507,-0.038601644557353265,0.0064880795318535715,0.007566387199944871,0.00798332878891138,0.02124984598677941,0.012120962159703493,0.0231609393838705,0.05872602628479933,0.00040676460486879556,0.16367291638362383,-0.06203120786185771,0.033514439693986806,0.08155307801273698,0.000585449431552887,0.2670896499999471,-0.0824857469138069,-0.017726881697124997,-0.03386434202930744,-0.06735371264752621,-0.06023308657903914,-0.09867221026110173,0.9302977608203934,0.08206246946507055,0.000618998516338089,0.22788857711583987,0.04073460712530513,-0.13310617865047145,0.20905348306628654,0.32062717813662167,-0.02403581847639288,0.07557485602279349
2015-06-30,-0.021011671979729307,-0.01640220501509093,-0.015049625060231997,-0.013764478057360474,-0.007725052332904214,0.008053353447342593,0.028991534283008713,0.004457767265934276,0.2857550984402639,-0.026424836133292384,0.007012480978246204,0.00805447694240357,0.0073777559549127935,0.017369578208855214,0.009547802009545001,0.0010807020697155636,0.04348088178095071,0.009719016080909536,0.16686484012922545,-0.04679786812713469,0.0014827189823250109,0.060690791395293736,0.01494866465732886,0.2834640305593432,-0.06014658381032549,-0.031334177630985116,-0.03907289117271007,-0.03516804969883458,-0.053215775560791934,-0.1072922363327814,0.9507023616224549,0.028455526625156092,0.13628885275633332,0.26043345009509816,0.005415448285056001,0.05259832876344013,0.25739461152258325,0.2592681726947462,0.003878716869665007,-0.018766279281978538
2015-07-31,0.023695291753820458,0.031914078864008655,-0.07327497246504178,-0.141300678089316,0.019639076223337604,0.023220791755473646,0.05311945557298858,-0.06859280446718818,-0.11866402720410107,0.024111931703040934,0.0074748232277543104,0.00853824057067716,0.007651295707541792,0.016387200082037773,0.008711399443575792,0.032254836719227895,0.07183127488022564,-0.17829572423653384,-0.08408030210824376,0.04400943905270692,0.04583917804438458,0.10353273857936685,-0.22362101194165068,-0.1164544085123856,0.058823894461789185,-0.03275843965240555,-0.04522098928837781,-0.11065200180618506,-0.1686985272903755,-0.06070487936392732,0.9514536490684069,-0.009062840636791173,0.10588671068615547,0.38867736016097315,0.013723825934576758,0.08181474957647464,0.4085175223719915,0.1437301268284984,0.03068800084479487,-0.0379805772785097
2015-08-31,-0.06258081825586526,-0.06859415520764722,0.03351899749158882,0.04414265446103882,-0.0658103482886333,-0.06053186170720026,-0.05463386012226368,-0.0566264276961187,-0.11573670483270992,-0.05482211907330781,0.016831122210433314,0.01820843468206704,0.008526152633201807,0.04142938032296693,0.01578877302889237,-0.08458718059354768,-0.06841128417856654,-0.10860209400311611,-0.05652283677668918,-0.022536777308879045,-0.1108950264994981,-0.09008804693051001,-0.14899136624288753,-0.09085570952648958,-0.027298284452563857,-0.1224792040319187,-0.13649909128971338,-0.1105700995500859,-0.325361408482179,-0.09748652369766031,0.9698571602228446,-0.19098707956988545,0.32202313551368256,0.500107168878912,-0.23843609565880808,0.3062743827225594,0.4997850115245165,0.08793807169222992,-0.13547174627040556,0.27210218097979916
2015-09-30,-0.05026508309371314,-0.05846492102240297,-0.014051696037048034,-0.08134217904528507,-0.003932469518695747,-0.08860435950045198,-0.09506163219267194,-0.05567062333129036,-0.17632718167713202,-0.051209546372565695,0.01317913028391553,0.014206362119411568,0.009945150296238823,0.03317658222099131,0.013107447361262355,-0.10449282941636752,-0.0992414995009257,-0.10952762818804247,-0.0720310664991985,-0.05246366259266241,-0.1335137676944288,-0.12883035007781896,-0.15327524299835435,-0.1073294462074875,-0.06360217896621936,-0.137461039130247,-0.15745064796789898,-0.09022744628459067,-0.21923084043457397,-0.1244802450121617,0.9658232063401159,-0.19434610492221324,0.428289324001664,0.5069129109424341,-0.21301842345621627,0.3759686720790136,0.48255424559507254,0.05789975990486003,-0.1709431436243595,0.2906190631555377
2015-10-31,0.08298311781266654,0.09384736223125434,0.02330793366203543,0.03326679962128898,-0.011579831017579756,-0.03582042404622687,-0.0407491603393928,0.042747000915287714,-0.008880343552850722,-0.0802592384190628,0.007940826742070946,0.009441621880872667,0.009198640677543344,0.02522722361220028,0.005283953433296559,-0.03717024039165366,-0.03828934155768286,0.07728780700922794,0.011979740113277999,-0.1120003807309096,-0.05010951907821101,-0.05255732146116369,0.12182068081746587,0.01898093817077568,-0.13267708303336304,-0.11818679214263283,-0.13697867910003525,-0.0547540127228463,-0.15446590888065215,-0.08623482837900687,0.9662339215940724,-0.05994823128742748,0.42937114104113133,0.4600081902380191,-0.05741392286970547,0.3526284191194972,0.43744759801737804,0.09338619672158197,-0.08496978081353977,0.3009185086148567
2015-11-30,-8.869591895932505e-05,0.00862367043730039,-0.053674923511432104,-0.07752543290219582,-0.020042975486785464,0.02845565349588508,0.03877714336680271,-0.045225450335841244,-0.12436995834143083,-0.03519973873479976,0.007882446586387065,0.008357496837308333,0.007583778464167936,0.022142629423635055,0.0077537221469807195,0.037011080145071866,0.04913061429514128,-0.06325403507456102,0.0210503114143501,-0.13117456215214654,0.0528320951263757,0.07286454285637943,-0.08728677861129983,0.033064039335992,-0.1524600175445931,-0.06131079008508333,-0.05792075896331106,-0.10194458548451524,-0.1861777449044425,-0.11922584503174449,0.9521794103195775,0.05626312177826099,0.43363885921911494,0.4345326976501488,0.08272133514229292,0.3143845549395357,0.4179747816706253,0.12925899094442778,-0.029125410429743544,0.32962006745911465
2015-12-31,-0.01753018503269199,-0.01982116033596293,-0.005160442623404871,-0.11068428430878108,0.0013988340198809457,0.0639038510699359,0.0814120448496034,-0.036615320940781126,-0.1523377481628072,-0.030035788611440628,0.011601432310548557,0.01187210139680897,0.011015871527544215,0.029361357055613005,0.007874615525727794,0.10899076544342712,0.1275420910859699,-0.05804948375691107,-0.08941656540215176,-0.031228029551851794,0.1752167036382646,0.2046216164405689,-0.07770578808048428,-0.12222552181529475,-0.04201706910208457,-0.04997170900924808,-0.045650031067230645,-0.1034371868983246,-0.27790791500630063,-0.09513874854149695,0.9562152376934566,0.23276184623934848,0.32059845582685415,0.27766747070942405,0.23094158948640114,0.22318588831830766,0.3158882190981567,0.09886183320737799,-0.032223993588606795,0.10622842020655343
2016-01-31,-0.05123989312173771,-0.07621489656203928,0.054455201895756256,-0.06171560316600577,-0.048377865240998075,-0.06795450931127944,-0.08671687458048949,-0.007291986269142847,-0.23025856925286348,-0.06614672338011585,0.01564247858915602,0.018572528236797663,0.009733440452253965,0.05031873364179497,0.011972827090938606,-0.08500550343277033,-0.09941451223879098,-0.041540103423379875,-0.07608256183474046,-0.17433639724788452,-0.11409261196718616,-0.12734172736719576,-0.05711771971678396,-0.10969921920914032,-0.22086865573873943,-0.11970427126843441,-0.1316163004206734,-0.08372784341570316,-0.40875311588198937,-0.1287011392784002,0.9616162683154139,-0.06746926559779882,0.45577805681550543,0.4003137877719575,-0.081344066358986,0.36744500991037143,0.40819987183388895,-0.14179825876387353,-0.2751524649168395,0.2503527652545883
2016-02-29,-0.020309568315921234,-0.03406140046369843,0.1337974969668707,0.017694130341352476,-0.07622082420118503,-0.08680295402678473,-0.12536712254097582,0.18936915986987146,-0.15080440817306506,-0.11968158948453322,0.011326052642012406,0.013740478456287843,0.014822711923501276,0.050971774005767544,0.013335085339474615,-0.11734415663067727,-0.1450339392586962,0.2414440737581798,-0.017651855774643208,-0.1683953858931874,-0.1538270374669666,-0.17892440162474343,0.46966113207821986,-0.027138458241040442,-0.2093578785729099,-0.13056132993060043,-0.17038129412337955,-0.027398664320016475,-0.3676079826956421,-0.13590435002663936,0.9528989048517577,-0.20407507502209632,0.5164180276256061,0.37465454394401143,-0.1686915912422105,0.41093758253394597,0.32422436176831576,-0.2594378043387674,-0.4736801346713995,0.2597391814401476
2016-03-31,0.06599111444005978,0.06842986188495814,0.00024307217106622758,0.13600000452112315,0.1222897396002478,-0.009170641265197177,-0.04661899783116186,0.19582927075286838,0.08475109472783293,-0.013407759087631477,0.007187429358498141,0.009065858468465532,0.01097376672370328,0.030816887942552627,0.010567159232532711,-0.01859064339417366,-0.05715135920712147,0.22078009378288266,0.04040387616508677,0.01493440118280228,-0.025848931048584576,-0.07498256947626489,0.4421117510826683,0.06592996835843545,0.02168389230166953,-0.07488678344604505,-0.1137588667449182,-0.04095910030340966,-0.13858587084334506,-0.09228951389767603,0.9543511493099098,-0.2861074129204655,0.5714760431870501,0.47216484082496263,-0.2313323031662387,0.451438499018049,0.41533925323318116,-0.17798873591197953,-0.4231752565386272,0.2796026228010369
2016-04-30,0.0026993982833329877,-0.019403109434615762,0.044563281620436435,0.197704694475485,0.00615472923692173,0.0471603881763194,0.012012905135200702,0.18461111014451426,0.38466704005396557,0.04312879320931717,0.006392568507427775,0.008019473778000517,0.00998847767109663,0.02917953409442695,0.01041913285899855,0.12977918705923044,0.05745015943192718,0.23091613177565382,0.16352206535157301,0.08187926258261859,0.21254614099794591,0.08642813528844638,0.4515832324938885,0.29262507096055884,0.125020875638607,-0.019411007620776632,-0.05680571254416711,-0.042452830188678736,-0.13872134847199014,-0.03788001355784476,0.9355617483316869,-0.30468072113763484,0.5052650105501535,0.4762852244754313,-0.2622301600820647,0.3828316616748784,0.38891296043014756,-0.0738123130281211,-0.3854969417286478,0.260773680425777
2016-05-31,0.016346297858648162,0.033115857494787626,-0.05848580918360258,0.07425966459239763,0.039529707851078566,0.08634069433315172,0.0823944511446677,-0.0162897926803095,0.4616296838831033,0.17383396169138954,0.007184055658545874,0.009019918837183474,0.008794364072227459,0.017825000265036542,0.009115353905628539,0.1933347825167021,0.14825107385024475,-0.020995005847267025,0.241545899023352,0.20969720391324634,0.3422832058731651,0.26698621496682173,-0.030226984955807265,0.4509038795361567,0.38809966388943673,-0.029661275769528928,-0.04989702327822232,-0.06248544480945051,-0.05626765633877884,-0.03425482788023004,0.9362239333056064,-0.11977287188874465,0.28127101778302627,0.4900204578294778,-0.16417575370421814,0.18091389104720637,0.4353618930143227,0.24794446387561356,-0.21443483755278434,0.10619529609722785
2016-06-30,0.0009109212401241518,-0.021297255883048094,0.08528150429848735,-0.015682213177098503,0.015643178492432908,0.020018131874185663,-0.008505417769471113,0.06734305220071968,0.2664683889688504,0.06228936593437995,0.011678574317658385,0.013789488707414943,0.012418189953445857,0.025446106869709533,0.007830521948346169,0.04055357955253606,-0.007613494762974493,0.10119497851846344,0.16456091398638695,0.13988815445522337,0.05492883082604732,-0.01029866151117814,0.1768465548622585,0.27575289758190485,0.22684497868367257,-0.05595722354916821,-0.07642914482726104,-0.06634416442382218,-0.0979894691122325,-0.0222952491990005,0.9635896235295511,-0.4742169829219551,0.4000201970362571,0.5332711849204887,-0.48640751278513694,0.3341076213944748,0.47905033095124805,-0.06860030435996876,-0.39496671691095453,0.26610982211679396
2016-07-31,0.0427500079058547,0.07473566559000466,0.008349043206190565,-0.09510527827221227,0.0420777045478129,0.06076050000318611,0.08667955203082456,0.030339055944769378,-0.043152652152801174,0.10021652917936552,0.004330763234368195,0.005023774290276282,0.007524889126179248,0.022732691784791165,0.006030274167718765,0.08861626436593316,0.10612979185006989,0.09900848683950822,-0.011679616411685108,0.19990002714144442,0.12259558010247756,0.14701014462581274,0.17969821945340073,-0.016233826485670157,0.34856275980807955,-0.007630603798469915,-0.022529877816555244,-0.03377534966762685,-0.155768639471496,-0.0065732404772328445,0.9698526019081147,-0.4832752007633813,0.4348931189276602,0.5026856551452601,-0.48489069777985,0.37628995976304946,0.47210002760828634,-0.19027609905866,-0.4226090145365163,0.26896621513082625
2016-08-31,-0.0012192428990186466,0.009897141914495755,-0.03120828434835976,0.07451928852225431,0.011166646709489969,0.04242734737972831,0.06225702162198288,0.0601900124798842,-0.04292140408782297,0.07019765771237396,0.0035618741366166226,0.00449111855773957,0.0063613825339040335,0.024418323206101895,0.0068448025574598505,0.08862051084497091,0.1085042166981059,0.10767680754836995,-0.015394841165001512,0.16250879117207276,0.12038798136777179,0.14485327121463062,0.2084357557143074,-0.021541386452779466,0.2597403850150512,-0.009638547233072892,-0.009467813507707978,-0.04249395484105012,-0.18921778968572978,-0.021671844099739546,0.9679976145343071,-0.5354715531597047,0.4633057246965864,0.4791872703248145,-0.529424473487368,0.41902498854773357,0.47010837930627664,-0.223547001345876,-0.4770490838644304,0.2318873152129677
2016-09-30,-0.001234451139316306,0.018947940252935336,0.004897103293675098,0.07919465000238568,-0.021158666455508457,0.04019298786662495,0.10593804983916111,-0.01833591721387462,0.04932991577246715,0.031419030437741746,0.00914632734867921,0.009682110267902605,0.0074652743614034315,0.02902240211289812,0.008454784717125475,0.10452475459714328,0.23701709654700745,-0.03829783835554108,0.04253331534768251,0.07233995570637097,0.14846680341602378,0.3642158143247811,-0.05484007677767745,0.0622861623625053,0.10331243242986819,-0.029395194704985195,-0.029905773595481855,-0.043299856787172186,-0.11431633611645242,-0.04156150683470361,0.9456285339488982,-0.07719609610417477,0.37101558693997466,0.469293620808812,-0.08593300220437036,0.2543234293434207,0.46260289924701653,0.05189229301687506,-0.2684411528549182,0.1329646965339265
2016-10-31,-0.01942567890903446,-0.023128739322524017,-0.03499623624569992,-0.04735013834995405,0.01896624813529102,-0.021830232416561346,0.005232385569412523,-0.06053410670285653,0.10470751467882944,0.008543964729132991,0.004159730102940525,0.00569218029285894,0.008789592030199283,0.01635986214988211,0.006848557481341321,-0.03481943956829272,0.026436316635298857,-0.12921558456765103,0.07802952944182728,0.04083011202634275,-0.045109205310978936,0.03648972416922636,-0.15828168893575556,0.11789745988826111,0.06153744133600053,-0.029221744105966674,-0.028163558196696692,-0.08604060773349809,-0.09186042643289516,-0.03444800035851692,0.9536175896808102,0.036552288599501166,0.38282053799047083,0.2635442556787105,0.0018342198944457987,0.28477067407652007,0.2868372935566135,0.14585658392773174,-0.0010602646893497839,0.018360460775962272
2016-11-30,0.030142146912862655,0.022461232563442124,-0.03696713492629011,0.13256112908714401,-0.024484781733769334,0.008883979051050872,0.01773844216801601,-0.06611863391872042,0.16438001951213477,-0.02701499393255624,0.006827101151584768,0.008734335753661542,0.009311747729771724,0.031228405656687958,0.011204417706832477,0.018232649276560445,0.03486502075436035,-0.15501155522309024,0.07836880988010121,-0.020600704587415825,0.026286619829446762,0.05163927186200858,-0.18993452092210308,0.1318777242855708,-0.027796662592615762,-0.047928212854649765,-0.05490192026089291,-0.09553167478159508,-0.14593021321644728,-0.0793865658346411,0.933712327821775,-0.09628370793895731,0.33794551890158653,0.17109863555522972,-0.07440474187091757,0.2366361435092253,0.0888656023895563,-0.004832397832093942,-0.04230075335546245,0.10381995065676584
2016-12-31,0.015916603273186114,0.006604539330214987,-0.022429426799974395,0.0688297007358134,-0.004705476966684219,0.0262087897039065,0.005409692945532507,-0.09151400740569193,0.15319692123674322,-0.010660242528012231,0.005161021628417711,0.006840244042660728,0.008874561584430422,0.016198105602968655,0.00820697849318576,0.07187195778951758,0.012732474844896926,-0.21241706172987254,0.13623102547332833,-0.059527412751379044,0.12248536979613238,0.01937221484785374,-0.23928037221696194,0.24420242438402284,-0.08049396951847598,-0.016688819582773018,-0.028401536334284883,-0.1229001714618706,-0.03926006104811719,-0.07183080830380861,0.9032300811511671,-0.2719666814961673,0.14135692570172553,0.21437671966669516,-0.22118047524056936,0.03153346351710964,0.15039549632259014,-0.09116252602711107,-0.17474578392768242,0.07574226322076827
2017-01-31,0.012322769617858498,0.040814665836627295,0.027186183833604716,0.007057275352711168,0.041212369721400854,0.059434763744824926,0.07122114828752735,-0.032973450622903355,0.2190579101479193,0.010939072046902032,0.0038058621592117568,0.004531090320998843,0.007377797093075245,0.01785410963010883,0.006285483100751629,0.14169873407648867,0.10967240582287842,-0.05176147245976688,0.1002387052465003,0.029290566878296585,0.2776104777503523,0.17869379981680186,-0.06750421321153406,0.17199736238975066,0.04138670158145177,-0.011867782771805335,-0.014186763505090627,-0.10680702998333869,-0.05871461168905434,-0.03772612880000126,0.8873400290366359,-0.3880342550538701,0.16766711003321755,0.1557372969802349,-0.24994713163565924,0.029578114255933513,0.11187571894293245,-0.13966992655394017,-0.17141959514840044,0.07818311861427708
2017-02-28,0.03096282866966682,0.03267598644255787,0.036489488978107776,0.010236840687853244,0.042168520079792327,0.0602787820055426,0.08192303118672273,0.04078779691014334,0.08739138235832145,0.08001275313618517,0.002821747683669497,0.0035285640001678814,0.005791510860888136,0.011232129107632155,0.0053703746841364435,0.23833657539328834,0.22191527188317564,0.02590606028931444,0.17698513762376777,0.21676308488626428,0.43062370040329084,0.3449699671140345,0.03521937429020975,0.3170245207569561,0.39302679915445143,-0.008188441112523925,-0.006906000316644456,-0.061430862324982405,-0.03573540066792702,-0.009125400895770519,0.8664069014210772,-0.19685459872662744,-0.004190277204068184,0.022314356884067105,-0.09641845420254139,-0.24283598410005275,-0.026200375670250593,-0.10932013532907223,-0.1113786052463521,0.02442465220927856
2017-03-31,-0.00038919713526874844,0.01481438206157537,-0.004231140716199455,-0.06313645534872281,0.015794046993007127,0.04326095382850581,0.09074716975000596,0.06016292398528811,-0.04686654553280012,0.10225717104196552,0.005113729840851595,0.005864151713788695,0.006875682454058035,0.01747489445585928,0.00484276943920878,0.11640674120051017,0.22529713177338256,0.17325587564872433,-0.044373561633099,0.36762094513716864,0.18921277384418325,0.33362819659021103,0.3210552845256623,-0.05710820039940525,0.775410369639019,-0.02269231286552864,-0.018665167866922294,-0.0455702622201124,-0.13569132196451084,-0.014148352043749646,0.9093318312824592,-0.19357089690607765,0.3224533291814565,0.12433385591511548,-0.17219128018760654,0.22170697512616452,0.14063590767441042,0.0699766122734427,0.07830379821962256,0.10002563441572783
2017-04-30,0.009091208748855717,0.022983017439807796,0.015072497411890318,-0.025098748643557545,0.0112150867475036,0.039930631350603374,0.07206005795265824,0.047660340306489246,-0.07730074523882902,0.07050119000363009,0.004631123702604116,0.005116421233957557,0.006172772530596239,0.012625811946143844,0.00534521934203606,0.1165617446365252,0.20122671103734732,0.1592852212591212,-0.1053435799712552,0.23093094870082254,0.20363773339723137,0.3119004667992985,0.2861829137882858,-0.1298396448790346,0.4265975880018686,-0.02796791718481062,-0.018461898418237754,-0.02291551962906202,-0.10222452738207521,-0.017447141579974845,0.9228444807164559,-0.24068265755131513,0.2866494474076296,0.3036576822207552,-0.2547874667664001,0.2139552667091662,0.3030922618639867,0.1444390249432273,-0.17820467988922956,0.08728625621183331
2017-05-31,0.012796290558672041,0.026110296470616357,0.009038122678849403,-0.017712961410932038,0.0330101786338346,0.021606072092148487,0.0652439664929676,0.019913114632919227,-0.10282868139062484,0.06109386745697809,0.004968095280580866,0.006960714554311733,0.007509539533965007,0.021338694565838364,0.005942221124642681,0.07232910734331116,0.17138896076205976,0.0493924154210828,-0.09030793586562007,0.19958448877262783,0.10674413428655762,0.23371593408518962,0.07670179712688827,-0.10918190095806767,0.35140653948041667,-0.018852624868354706,-0.025710408776775107,-0.05992096095810018,-0.1651640917857432,-0.017342486976090643,0.9386726943727544,-0.3294220799437447,0.16308505132496937,0.21647462830125686,-0.342428647465883,0.07340143567991364,0.1532684259206503,0.22608915458085477,0.05596782033586935,-0.05764504538372932
2017-06-30,0.004813775207812787,-0.0093732209419638,-0.024606956625883747,-0.04718540549868977,-0.003818249297520837,0.02692352977006318,0.039854399081531655,-0.0009567505711204349,-0.08755343185310016,0.040606951450497863,0.0046106204232799234,0.008892862225392891,0.00641264216868243,0.018009589647091855,0.003239027108944617,0.08546220895952295,0.08973726992489951,0.005389633426590666,-0.0701511451456839,0.1539087535507144,0.12374860824187249,0.12155682369407791,0.007560962286614975,-0.08391327915638648,0.26982292553643017,-0.013890619234714019,-0.028685026080245923,-0.04148645876802648,-0.20131280243166938,-0.012447875792262031,0.8799196177570012,-0.28636905746529284,-0.019746873570938347,0.232516374275757,-0.1904528172666893,-0.1376431921626507,0.1480037691268179,0.21544736283300822,-0.037110834835933894,-0.15695984798929705
2017-07-31,0.01786957749471152,0.02696752478622444,0.01878406087844975,0.13654755826112774,0.05841876250461375,0.03585702690090686,0.04390462026967357,0.0026962027258581323,0.06373739661140654,0.08918264397191433,0.0036513347745185734,0.005360446505013603,0.006709977816646339,0.014786837214227792,0.004587663314767546,0.12282905073821786,0.09817459010500106,0.014081875073746017,0.0690497900403217,0.2701484812251365,0.16910552288818434,0.13118458987311354,0.018969965953285248,0.0886900457493462,0.5036355133156055,-0.019240957163927597,-0.04313551011756889,-0.06819829624620999,-0.1336823964298567,-0.008955249163058343,0.864499108372465,-0.23686115083527984,-0.01441931969036509,0.13825178658067797,-0.10273987454954821,-0.1281592330101925,0.06760069727620889,0.13922301466955567,-0.08966301397862633,-0.10160138086293115
2017-08-31,0.0005464330198539091,0.012687226702664312,0.039159937266691314,-0.058600732190753346,-0.03153295151873836,0.023328247788652945,0.030248773917518124,0.032628698265527944,0.019459248642514915,0.021129822611746896,0.005851727197963009,0.008316933509421583,0.0057305105579137944,0.016381143897329153,0.006925406706140098,0.0542525771462012,0.04921793696703441,0.09377548158592781,0.025684592139274005,0.07447785449231967,0.0735108979151454,0.06720239723687066,0.134004510152261,0.03401048011377418,0.10752312949224685,-0.02231433838489516,-0.032637128517768454,-0.03134560069988723,-0.0839146748679489,-0.046982739668869566,0.8888308638188384,-0.18306408082138298,-0.005426538490263678,0.24798070501208708,-0.04972406917834778,-0.08450003842007009,0.1893832558574885,-0.03305112069380375,-0.16202263458409805,-0.05141017603741486
2017-09-30,0.027058095909086033,0.01994016026856915,-0.037051018868539454,0.06320674711515117,-0.013037112307783594,0.04598243733912466,0.06073459934638947,0.01945442366713923,0.13757278469581014,0.011680085208192637,0.0030040384879301643,0.005162529274840474,0.007062182071064166,0.013663723271310213,0.006341974647890355,0.13537748914869652,0.10741953584115882,0.036032816506389564,0.17048853022779448,0.04136225904065727,0.18836284211714516,0.15080921431462568,0.04961262599602381,0.2592946375239668,0.05576179734973882,-0.004616814248271872,-0.014042019732356859,-0.04791976225854311,-0.08026261438184379,-0.05284905882889235,0.9193079709204177,-0.28044590225227767,0.03309156295528992,0.21170804112968136,-0.22998868537399916,-0.029595709033028605,0.12517160812476197,-0.07146348535013435,-0.2401230743273027,0.05793751582699392
2017-10-31,0.022188135066151693,0.03566985670029599,-0.011314865392118234,0.052448287114488235,0.04431606438471203,0.050420270509738074,0.0697230671737179,-0.01066430778190186,0.053397651527128165,-0.0017998523562602342,0.0030553978698189925,0.005533511910845852,0.0054579281798902745,0.013859721672767155,0.004987718942600995,0.1759514599252555,0.16113929488236303,-0.036661166810538624,0.08574729345891503,0.02697813752281184,0.2540144410211018,0.25057521875325484,-0.049991349020488976,0.12445647603550723,0.036745846676143945,-0.007013043156751109,-0.010903491041074798,-0.059212445149980475,-0.05610877511841439,-0.04488720008529867,0.9182045060320096,-0.3440388285240703,0.13181949976279034,0.1575063178171916,-0.3080276896178263,0.137976509037231,0.12713955722699768,0.0007512195161178799,-0.08332118481962218,-0.08122631400576459
2017-11-30,0.025973129432212527,0.018512808894328936,0.008720256308301089,0.038882917119098526,-0.0105221911366975,0.07711440127888802,0.07587675360899637,-0.039644507799118656,0.16247894227877957,0.01985596355234498,0.004089676106856027,0.00588657979064012,0.007717674166576487,0.013635557594940659,0.005842263628544594,0.39905225692863244,0.2671896406182622,-0.087150032478595,0.20015755995915738,0.0894825768440755,0.9348174844109123,0.5375147056148124,-0.11145790986915903,0.33791843729893745,0.126314174796566,-0.011470858921684646,-0.01272643906024018,-0.059063893016343405,-0.03853529456447835,-0.031997148558956745,0.8203595494984451,-0.20112214119362481,0.18553231079739815,-0.00871646385042749,-0.10563577711912535,0.26007938931198565,0.03496206266808691,0.25236796453829474,0.11433228890720641,-0.02932975415367785
2017-12-31,0.009831630594271168,0.004279902437090977,0.02599756434626399,0.05261318053632569,0.02974125158864438,0.05904836008061043,0.05935764002494648,0.023234268078161868,0.15089624859767992,0.06406002641513187,0.003548217536531669,0.005161866960355881,0.005551173071145655,0.012561004668762813,0.006220331922148614,0.2774416136890016,0.18896214364323893,0.05383028197361201,0.18006850229917928,0.1464052914826913,0.5636022522785019,0.3526071994920174,0.0752020185167658,0.28922855567930683,0.2216148264483317,-0.006915771403868787,-0.021721945227613393,-0.06793495494625301,-0.05072097777387197,-0.03907202971777013,0.8098935586022644,-0.19898147715802555,0.12147158230584755,-0.00896308463932787,-0.042660990151798306,0.26255844379254384,0.04190651454385634,0.25409309216108916,0.13673425688986698,0.08297739255219236
2018-01-31,0.05991435916549981,0.07915407345924241,0.03591353681163212,0.08091613567277678,0.041479724244245286,0.09813499628174616,0.10383642536959048,0.07211304441439337,0.18202703242099694,0.06117006209521536,0.005574053854137738,0.006412391820222579,0.005733582642189141,0.010083703164410054,0.005069124624741388,0.35053400819158304,0.31400387704359767,0.16398403354697608,0.2703290504609481,0.16008399331550494,0.713657338819068,0.6480067813925348,0.2452237964331876,0.48327498173583155,0.24798271595149085,-0.017557419406156405,-0.013761418054872632,-0.008968609865470767,-0.024795878511984393,-0.01068818911123215,0.8444781571707187,-0.09171844622525605,0.16357562172951054,0.17379785845415371,-0.008810400882452938,0.2582012100681365,0.16420983982095352,0.2732740791172891,0.05242308303590184,0.28407150172875256
2018-02-28,-0.03330050363091497,-0.017983244217954164,0.000489680421495331,-0.05112128738757982,-0.04498043588547507,0.03469234953386802,0.06428299761123513,0.0633652199148822,0.07962145715803848,0.02421515780912631,0.017612800337045084,0.018139275736816382,0.007276441890933705,0.016074570224008405,0.009197430383075515,0.08377909929570236,0.09400614630531917,0.11903780695062373,0.09226657626534739,0.030560327928187782,0.10565209656693722,0.12596344586088498,0.1787389554058177,0.13196916980279463,0.04079330474978828,-0.10159530548956253,-0.0970732997927306,-0.025608352340011575,-0.10508014555602152,-0.06711404710826874,0.95818420397064,0.09561254959891152,0.29627660487187263,0.2075141697284414,0.1371738364653002,0.2998106911344161,0.2159452260746449,0.3776163569857085,0.23057448127390218,0.40576937650734474
2018-03-31,-0.026884498600555973,-0.028813321728640706,0.005549257946123376,0.053536714543057196,-0.026875840366028303,-0.002927682193627379,0.0292125399327976,0.04217216976770466,0.08056868748777335,-0.03209809921693452,0.012679652215252949,0.015243476781979855,0.007877161064227764,0.016209703430890614,0.009096462868468729,-0.0023758126632543713,0.03086244636466003,0.17193020552738664,0.1292287100145295,-0.050439336416240745,-0.003014506179472907,0.04098957659024025,0.2930844098965488,0.205270435866783,-0.06652844264292397,-0.09377459704164459,-0.0842202040180603,-0.02333134599551434,-0.09424970303948144,-0.09109406864616754,0.9748033753971245,0.08347798953789333,0.3113785598352041,0.2869675655049165,0.10890786825128022,0.2644543001117422,0.2833171557295164,0.405076179342453,0.13546086074301872,0.17504277412978295
2018-04-30,0.002718774995368989,0.0003992134354717791,-0.00498949003070881,0.05589770737525357,0.05166080561482844,-0.05673215534153486,-0.0458976704723697,0.0010220209188431806,0.05555830107917803,-0.02263628466479295,0.01086727301088199,0.013045847756530511,0.007238835643268246,0.015527399398184675,0.005609384262228221,-0.08336653587045485,-0.05615434667464456,0.004745750642436732,0.04064260737441566,-0.014004497799056291,-0.10361824396261614,-0.07260808522429153,0.007162783661054952,0.061033027443161324,-0.019127111102170354,-0.09600846577863642,-0.09464541870508025,-0.029708845431717257,-0.06502219441296453,-0.08808935290801556,0.9774482750757773,-0.062910445056996,0.39158954274021673,0.26733957034700045,-0.013376869512477437,0.3772715025593719,0.2604063378186204,0.22080217292431525,0.03965491292127294,0.13249914466179394
2018-05-31,0.033560630562656124,0.05849475165219964,-0.008733413887879737,-0.005463942401642385,0.0016887947217401056,0.008508344088818509,0.028406391640307005,-0.00820598081407442,0.10634876445932484,0.025124844355003173,0.006065686305555178,0.006201439211412033,0.0061904433845179924,0.016642843809941694,0.006566515023645662,0.018248427171981413,0.0428632247160435,-0.015154020308252905,0.10864100076270185,0.08123977281527649,0.025280152295638337,0.0595983774104802,-0.021211769737087306,0.16779781839403213,0.12711897788716792,-0.06265050276707185,-0.06591313142583355,-0.05035020186371075,-0.06035438454156172,-0.04208586615204357,0.9667256305788577,-0.12598598768465535,0.38733944077748045,0.21790474129144766,-0.07366687160814223,0.3346628265003173,0.23061389740229093,0.0809698120990478,-0.10797341054530145,-0.13380282104791133
2018-06-30,0.0048424362676084964,0.009161325862309111,-0.037535518555653735,0.10605609357479606,-0.0020352347109974245,0.0413892081803795,0.06861840358051707,-0.05070138649882938,0.16150085294362282,0.05129285359996505,0.0055749784274022746,0.0083501361093405,0.005575085092168125,0.018627806551293064,0.006060805045464893,0.08667921990979516,0.11509727899471893,-0.12773313860706229,0.14957002385720206,0.11434425744614453,0.12302414109360003,0.16435463785559912,-0.15337275285291396,0.2404353074212468,0.18567791296297287,-0.03129706004535404,-0.04323450045467858,-0.07687441576426679,-0.0885169971052786,-0.024648427341950052,0.948157544145738,-0.1534413672367157,0.32933775653841985,0.08326122119521034,-0.1174578342540167,0.2546511154027725,0.07924304046825412,0.03507067787764632,0.012741880664603402,-0.04172095995980103
2018-07-31,0.02716655495196041,0.010224297476324029,-0.026490722286473645,-0.05743453853957203,0.05993860607032331,0.0667798310007015,0.07911347942801239,-0.07121482808005863,0.036833946881950075,0.059567757842783786,0.005347940659816494,0.008433735869388736,0.005145343725509305,0.01965470811642573,0.004621228285173406,0.1602960883502204,0.14557609865746032,-0.2169285119668069,0.046590367518978826,0.16950848337675511,0.2618194116273036,0.22007325486894438,-0.24336646698176653,0.06370938797256771,0.2806236233372013,-0.026420555240859955,-0.03810275854546297,-0.09623414368115513,-0.08392931007255078,-0.01836657428479871,0.8978478181369549,0.17198160678454408,0.18563817818946995,-0.00018008001861658147,0.12380059061763002,0.053707768261901795,-0.021110810972188303,0.19847363205288532,0.06901178378457959,-0.029663722615534287
2018-08-31,0.030263211276748248,0.05705969503481079,-0.01912225486430652,0.015125085561616292,0.03199458370202457,0.06337643086669642,0.07765046892451255,-0.08094884069333985,0.058298631809672985,0.09162465719985069,0.004431357940361734,0.0054824342221054465,0.00675624838235565,0.013221478261455036,0.005568937256466646,0.1651904167285712,0.1344620935644873,-0.214412159294864,0.0779060269151684,0.28534698592136737,0.25050726071990714,0.1898619916254856,-0.2497762178065285,0.1064621210961589,0.5181752474809862,-0.01402152728542394,-0.028358974093807388,-0.10209543566209178,-0.12279042503273141,-0.010021201265418278,0.8871110967641397,0.26485702987173176,0.16840650347709984,0.15751920736060354,0.1864376288905047,0.10876836701023143,0.017927338247659633,0.28147344527430845,0.21263798446182267,-0.0628455027289097
2018-09-30,0.005958466796994966,-0.005549192318089702,-0.0010060796688181606,0.04837551338987689,-0.06845528704766912,0.06455747230985587,0.06194158630192148,-0.04606711382962547,0.003108592673054744,0.018971023138714127,0.0036404660225534684,0.006730111184823337,0.0050667197643350734,0.013719219082261164,0.007666214188432022,0.24898989189009046,0.16290985372830014,-0.13290820010942214,0.030309751025478376,0.04199595948259792,0.43626989108503583,0.2444170762019526,-0.16932438161777744,0.03769175434030776,0.058829598121282745,-0.012903580947263849,-0.024174992674887097,-0.08346703864593885,-0.08956503856729858,-0.07305805514846875,0.8737272602593793,0.23695314147891566,0.2524944300222634,0.2385468364239211,0.10214320941495221,0.23174500777807472,0.08398926628570286,0.29623771825397793,0.16813609416993386,-0.09951775723103326
2018-10-31,-0.06940335609369574,-0.09202311437184085,0.017457027971570005,-0.1083959377666377,-0.022645993002601617,-0.03552777667759721,-0.04554026600014194,-0.0030031131014403023,-0.051126173557511034,-0.06042160670880703,0.01408877014131677,0.019169585222505357,0.008414184670473546,0.016711504560630638,0.014937706027911465,-0.05597466632680757,-0.05781746670244651,0.007385692637498416,-0.031598677508480395,-0.04112380769344102,-0.06995200541794944,-0.07371526714322901,0.011586253974428763,-0.039839317322462965,-0.05514582006007033,-0.09878017572293685,-0.12866865823736906,-0.050421737240222586,-0.14526901677168647,-0.12515326526440784,0.9437290151690996,-0.129990215262404,0.29180727459141853,0.12677662572921566,-0.06460571245395415,0.28429365001679424,0.05471060736306391,-0.05440142266272764,-0.2572277775099982,0.018943545680512795
2018-11-30,0.024575286172495492,0.008183461680876025,0.010473319700891048,-0.15506676208294645,0.038449219639709264,-0.04085247983242657,-0.08967249136549871,0.027078816939080985,-0.21021059773413242,-0.05454499014571046,0.012055608707959695,0.016648286551730066,0.007000931909564012,0.023959636816864655,0.0073234238887948675,-0.06052241204093695,-0.0902961458038897,0.056641858210092225,-0.18733123706330013,-0.032815311814012225,-0.07940180856401877,-0.11832315524244241,0.09815837538716132,-0.21242607796440782,-0.044857251795756316,-0.09856183823999698,-0.14615268108412827,-0.029773502288126807,-0.3007460051769243,-0.09458594631559503,0.9546110355892028,-0.033024749679255144,0.17729352818960958,0.16082132984241737,0.05974543070018017,0.13546351938088189,0.10531095464084021,-0.08284564962471383,-0.2201937902946318,0.05764994915993112
2018-12-31,-0.09039226418107416,-0.0986005264071157,0.050153669564182435,-0.07790741897313536,-0.0013055549968964408,-0.13271965699153832,-0.17485235997441895,0.07967682944721588,-0.30534532798443126,0.01360745567362942,0.019292101813714917,0.02284117107400397,0.005424594901729983,0.038528113645256844,0.009677464341598172,-0.14055334780086223,-0.1439863008326505,0.16815063333915484,-0.19175794821123843,-0.008952410736753765,-0.18205898681256047,-0.18768440810039894,0.31738816768540223,-0.23142385397830578,-0.012159098991822551,-0.1909597489850835,-0.229863182282941,-0.007860160767025892,-0.3763079054246543,-0.09280244571590268,0.9681284267528762,-0.08284590336376377,0.34468581064027387,0.16626775841783925,0.015607627662769057,0.2660319747128233,0.13003429315973916,-0.09332565192937005,-0.19324941370755935,0.16138263483004117
2019-01-31,0.09417497173833245,0.11882339669632325,0.031420749497067524,0.21225601097238078,-0.002909041610226093,0.019729064159443865,0.016759897748595876,0.09449446416736684,-0.05552325592644536,0.034076519022579355,0.011223373579648498,0.014664651829775752,0.005241703958149282,0.020299994635823382,0.007027680584830119,0.050686962851555606,0.04660715693447159,0.2112553695830985,-0.03187271084777862,0.1306734999217608,0.07473031299358385,0.06931655175357604,0.38084962173832054,-0.04279529769329903,0.20587089186713714,-0.1564555109994652,-0.19530939437256245,-0.010757735492209819,-0.31750219878507036,-0.028767336137300314,0.9742179055392424,-0.0843539594011724,0.3696007583965786,0.20591251248921108,-0.007672098667802692,0.3148917229763679,0.16760342052678756,-0.015775555209810097,-0.1280478451399484,0.17546192846238226
2019-02-28,0.02818789959621304,0.032456790712858785,-0.021559240040452843,0.054283828763241004,0.004364282063702651,0.023324589988979794,0.041239715641491426,0.05979838795588477,0.17849140409535935,0.00013510625717949587,0.005349044378838328,0.006249321492996866,0.004666552970264428,0.01645657510672618,0.006447911912246605,0.07154520061689748,0.09303715216243004,0.18201805169663204,0.09325405476880051,0.040588982335879056,0.10621351012729699,0.14165286103175453,0.30441893873703985,0.1339334154645664,0.05764688141623051,-0.016580524506234484,-0.021217695048736607,-0.022705277221278908,-0.07019198212847289,-0.03440345789297938,0.9787064114725952,-0.13540436466130282,0.45074452434515216,0.24390128346306048,-0.09551966416343044,0.39365402226490626,0.2246868621432348,-0.052506730140828246,0.0022585291014680666,0.2555926040675575
2019-03-31,0.017924256249589376,0.0261253582362595,-0.015082303543330178,0.05103107491526626,0.06588185150348225,0.14518256732791368,0.1853151765928438,-0.006036718981147993,0.3432827816978825,0.0674194335863374,0.007386071742966864,0.009483084194840464,0.007277590429909885,0.012021041653814258,0.0061487767170001735,0.3174492846818597,0.30795699263668924,0.009509062593486934,0.2992589543334657,0.12978895917733166,0.6972554979068968,0.6451346959883842,0.0129016051749154,0.5938236320996586,0.20503241390353083,-0.02162146111508645,-0.025694725177664024,-0.04563392138755762,-0.025497714412674566,-0.010806091690344966,0.9774059630749089,-0.07677329016245052,0.5065034913943101,0.35096458806464603,-0.08431733130669124,0.5041658525442141,0.3753965607324582,-0.01447540471826761,-0.1768873050291162,0.18431973790110218
2019-04-30,0.039313498313738204,0.04736125827695381,-0.007888593327048832,0.06268707176629262,0.010271184339870176,0.0877635944885371,0.10960603655307022,-0.043918488750861795,0.17754767385445103,0.08152930911957035,0.003891959932098395,0.005144737077785713,0.005399881462746379,0.013847349222695433,0.0073498094529700205,0.29096531776183937,0.27588017702678547,-0.08330789300447022,0.23105758802772725,0.20288382399476543,0.516555312872426,0.47520041295461296,-0.10206171855093006,0.37610554983100547,0.3534297591209676,-0.006067494393846573,-0.008142756867904666,-0.05508821358605265,-0.045248924232405785,-0.015047445061087794,0.9429448334770076,0.0535101916296422,0.2956991102605675,0.19856419606478692,0.015744488062936914,0.22267531209747815,0.21390999099211705,0.050318855534359073,-0.17344088474816352,0.04160071525792984
2019-05-31,-0.05788689638608924,-0.0757445601058947,0.023112875072643035,-0.17010422825073102,0.01689160150003266,-0.003298583455150328,-0.006680546199501314,-0.0002672171809917634,-0.07307519198944856,0.09501909900661754,0.008936343502379337,0.012164002348029949,0.006208609158186994,0.02075717748784246,0.011637481682306026,-0.0036775646203292783,-0.0063386988009038105,0.0024252565802129348,-0.06407459551748353,0.18024466685799545,-0.0047594672022552706,-0.00814516239514945,0.003256757066364986,-0.07720662219952752,0.34476593216101703,-0.05788689638608924,-0.08351195836264158,-0.054790512157322224,-0.20002057006756757,-0.04917373971193395,0.9682087681532149,-0.2855208391229987,0.4569791719329634,0.17157154366608127,-0.2720140383893521,0.43955665400879923,0.09672592226690122,-0.2511630778019697,-0.22056778985067133,0.03957965973870392
2019-06-30,0.06893016399824159,0.07420893706395493,0.07956800310812806,0.09289721907856352,0.003617066332805008,0.046643895263789314,0.03986576890179916,0.0958068149983029,-0.03615262274587516,0.031052226072940448,0.006645594790833746,0.009920730861768179,0.00932376625537341,0.022647319844430254,0.007062790997126269,0.11914571681919535,0.08038591846837126,0.2114114238629844,-0.008262432035674687,0.10550780629160847,0.17217940448849917,0.11182009463592318,0.4117307063487008,-0.010950927820981369,0.18704054162330488,-0.06049206552099584,-0.09828391417777027,-0.012302416194977517,-0.23530939143035712,-0.024524405657037285,0.9477395618563746,-0.10164086782764711,0.4328152414540711,0.10952890359812023,-0.18326685200794732,0.4122819134323564,-0.006997636795760264,0.0936627693714613,-0.03705840223841971,0.1435453375758279
2019-07-31,0.01496107198918839,0.02218690897242004,0.026844057645865504,-0.00108021997366603,-0.056905434508342845,0.02211970849165046,0.014871580994536115,0.13416971999373306,-0.09398896848780824,-0.03750620009731709,0.005382180149259875,0.006996619769840275,0.006559029221424783,0.020117982244222513,0.007340196002426415,0.05254191201314891,0.015287868895873658,0.28150794637156734,-0.05775992743257999,-0.0461797517896895,0.07326677693809827,0.020778373802871578,0.5823246167560644,-0.07426346367772992,-0.06969868874152962,-0.015030511323976814,-0.0185817692217064,-0.020708211408971278,-0.1755496662525211,-0.07356081161702599,0.9498078338723523,-0.06326572794464634,0.355359201304106,0.10854983488853347,-0.13205550788136258,0.3339399218854558,0.009609640215549357,0.061694512848364975,0.024917050359050848,0.025831169486153934
2019-08-31,-0.01809162724052371,-0.025997446136534985,0.06521281929185174,-0.0594059960422999,0.00647795826289288,0.06529449158550871,0.06949601708093245,0.18083952848721085,0.026862134703542706,-0.04736277383178422,0.014332015226276544,0.016308596614261452,0.009088195848736984,0.029611773208521125,0.010520258388254067,0.1077095383630579,0.09609939643884433,0.3206702111589884,0.029366449302388613,-0.09078011280340788,0.14749935215283969,0.13384607194426262,0.7576079982615306,0.04020535627629879,-0.11986289043072501,-0.061225569982966244,-0.07252757429982049,-0.014674866488605942,-0.1996877279138748,-0.0927742566703661,0.9668448373526376,-0.28686901911402235,0.31046902660066483,0.1312427996916643,-0.3189078535811278,0.2919350196247065,0.09835435581645373,0.02467798166621976,0.0730237074124694,0.14125074375251276
2019-09-30,0.017181177931020697,0.004578740540366777,-0.03515240950054277,-0.018693263299827567,0.03785196854441231,0.013721515483548385,0.00017131191316432925,0.05535748609370983,-0.07798582258587505,-0.01486687138547127,0.005574356885247245,0.008477604421395047,0.010413962635808117,0.04043135686175551,0.017219022221695676,0.027606121495119772,0.005853124039321847,0.10074116996643806,-0.027608873666639073,-0.004358397255399755,0.03609614270439926,0.007789216236322517,0.15319496975858246,-0.04347345797195198,-0.007222419748771207,-0.039522675750042535,-0.054746495805752526,-0.05457014448280406,-0.14038158373369447,-0.09309198453346246,0.9783109157302207,-0.4500834883051015,0.1886084162887975,0.038203535915350015,-0.44663574507184833,0.17035026109337476,0.01839829338864,-0.010437912671976766,0.04193491395065347,0.08891977335599684
2019-10-31,0.020431770513685388,0.03663058621536708,0.03117969213661298,0.002034411151700999,0.010922794669842917,0.019185532727222343,0.01430390497430123,0.05981351257865297,-0.07511098307180719,0.05598480994497379,0.00823287414898163,0.009270360549782483,0.006523334838316889,0.013856751959119253,0.00666304122511939,0.060741989290406674,0.05336892082379395,0.08570521485223542,-0.002635879548093976,0.02356975141345469,0.08033237719903986,0.07267331263831713,0.12965119673829362,-0.004772626308820451,0.040639196292336734,-0.045689488308099935,-0.06541971492830967,-0.0468941952863513,-0.16613673305937815,-0.06013797708368618,0.9786296819164673,-0.5254853055187804,0.19905673051979939,0.03986781203372927,-0.504259219954983,0.18223525855739095,0.017256093607986394,-0.07597957961511459,0.06382069537666969,0.1080835692741042
2019-11-30,0.038211532275837845,0.04978309171763451,-0.03837501592107284,0.07253599636470298,0.02129487750367609,0.07762618484697459,0.09322001783421863,-0.04324926089642778,0.05462798946617631,0.07153054695788663,0.0034616056182923184,0.0047081847937455595,0.006760606988622131,0.017377123240784227,0.005190936633686976,0.19907057411414825,0.1839807185673083,-0.09310588606440555,0.027137376634554986,0.1169850639658477,0.30736650517724196,0.29625722168598445,-0.1158766012906409,0.05274011298934612,0.22046667682971316,-0.005922425492665084,-0.0075198635971466254,-0.06334262410455005,-0.12225758751758109,-0.008649599006986586,0.952525513006798,-0.4081900789535218,0.08264828282329774,-0.05642301297410822,-0.40606739857552476,0.061629091004520284,-0.06257548721147832,0.0428223723518126,0.134738354804593,0.04972590176295817
2019-12-31,0.02858981890573009,0.03544295837432232,0.0367767639955876,0.10676098241491583,0.009323152479123298,0.08971277326858917,0.12680760973639904,0.028076294127146406,0.1894559224456691,0.04207596305863004,0.0048159041813822575,0.005440842865672614,0.005128907167278078,0.01138928358494856,0.00560989385681787,0.23292415370934522,0.2810346517051394,0.0729515548617611,0.20097002230843103,0.1661559375524178,0.3535784031378887,0.4613208533977412,0.10364684949243627,0.3697342748654812,0.3803446740445974,-0.015211822295583044,-0.01671347113256283,-0.06461489954063793,-0.06292370193976315,-0.024224092079759063,0.9550600459601218,-0.3512990171524449,0.22210013401603396,-0.11004106835455221,-0.3036532679003915,0.14844406601657067,-0.15332855886957375,-0.2622889046804574,0.21771277136714798,0.1565277785822531
2020-01-31,-0.007291104582634267,0.008408914448177152,0.03990876534889831,-0.15435176960112396,-0.01695783625896652,0.06010768650322729,0.096130920345193,0.03677909666261536,0.0038191151514879174,0.013336146844168173,0.0075988154167711455,0.008683007561576096,0.006341334482212435,0.017371525351296352,0.007612775631009288,0.18826450901673264,0.2462244595032018,0.11376460028022438,-0.03219867953413709,0.03669969457788956,0.2688498014287538,0.3814083320312315,0.1686423918757908,-0.04528740666412826,0.052147291597331044,-0.030076323952318296,-0.027989518224703747,-0.01870468475680631,-0.1822860973675534,-0.03237263305657334,0.9610765748910557,-0.2899064246036581,0.16683026636778367,0.1384034786384432,-0.29481964884346673,0.1157188756713483,0.1224841535514907,-0.09819337964540915,-0.17569209411369624,0.04044245179711464
2020-02-29,-0.08142830698693404,-0.06392173662456091,-0.022561075870796476,-0.1318852379876062,-0.043658047436519576,-0.062055388430501957,-0.022593965892493295,0.05382894743755795,-0.1875049460280247,-0.05111061396406791,0.016069667061372726,0.01786166849139017,0.01425764129298557,0.022580332677499905,0.012939979851445259,-0.07267345965218412,0.0026169486465432014,0.07352112684771887,-0.15864399543059887,-0.1034919995034336,-0.0817760057059868,0.0031119678494073307,0.09269919665861938,-0.19200107298917776,-0.1289444552600051,-0.1275578294220412,-0.127399035014352,-0.06475726336231558,-0.2901304900220082,-0.07461735454346408,0.9722473732793329,-0.09100925370175579,0.41591275417199985,0.25765298009174703,-0.21181684854064134,0.3227968120496113,0.1926888585696084,0.3011925454789916,0.2289405723095481,0.3577617031931924
2020-03-31,-0.125119282408928,-0.10122943303118959,0.012339395901399763,-0.5424486079039064,-0.23297374860821296,-0.20221876617096035,-0.15160582403036882,0.028989650501933584,-0.6641025036815954,-0.27889985782165094,0.05884971395186985,0.057282720170550895,0.026580374157544166,0.10364826532068147,0.05082287560439864,-0.08188646969223533,-0.05594833666409737,0.046633359669601505,-0.23917799929502265,-0.16245975381129174,-0.10831245151538099,-0.07371749463858243,0.06970747926505241,-0.2783522277029306,-0.187511151586662,-0.3392496000265327,-0.30115673337317594,-0.11776646830210502,-0.6813833981554348,-0.3717309160497567,0.9867947621047125,0.219056687981701,0.4207905841339709,0.47906458190759715,0.22002059528544032,0.45084097066646567,0.4024516695997875,0.222733904555129,-0.06894083118120302,0.21849839170001495
2020-04-30,0.12684403816527912,0.154471979837417,0.06366043021574108,-0.08007809698756185,0.08484298592518846,-0.0944223112633269,-0.028720105523691863,0.052491921224665505,-0.6346004722500382,-0.204224945535584,0.02602493886200709,0.026191671869719917,0.016402843433397075,0.7356952767201561,0.023321905334165807,-0.027618696819329686,0.0011768418222636344,0.0576961942716387,-0.16339259902129152,-0.11372025395538506,-0.03813137426360628,0.001625670743493766,0.09158108539842676,-0.16571242212425105,-0.13629802086168596,-0.2704103269940811,-0.2502347606515678,-0.057509733549193864,-1.6450120152501586,-0.321969649159474,0.9832020275729377,0.27174305172111635,0.14978155018310582,0.49831139411774533,0.27408595716749773,0.14672409041103932,0.4254733592872394,0.051837591276717415,-0.0003187029887458231,0.08081082195966173
2020-05-31,0.04528181966555911,0.06753101402091777,0.040078376651795145,0.8837580356172055,0.03086025767337408,0.03049538923439976,0.10767598310586823,0.11994116649459197,-0.20710449040849788,-0.14221803665903843,0.014442201029496393,0.014222795201540336,0.011464569691224757,0.055997390964851845,0.016185538040967513,0.03149097393809825,0.0619393311303693,0.1032598616029262,-0.13121514139247892,-0.08952558297319074,0.044518019130693615,0.08738646732558006,0.1764633598323542,-0.13414050798437965,-0.10846384959998609,-0.1671957588032007,-0.12348042215535715,-0.04127056527304784,-0.6322052596576107,-0.2592963853957846,0.9813511901554282,0.27073962856152256,0.1580478044312712,0.46185919494658784,0.29992273777077,0.15579694202821776,0.3977207360831585,0.05484448895424031,0.013768462544498901,0.07468872089730753
2020-06-30,0.018388396513924654,0.05994807168458016,0.027858680246853895,0.1065088363067157,0.07534208943381282,0.19952871969448727,0.3063167236373574,0.13710999888753994,0.9174805339607746,0.2025781999820413,0.018499354857949478,0.016849527212375804,0.010002177038991703,0.03174741750775289,0.012477342134079118,0.15393465643149157,0.2267070297012177,0.16686127264582182,-0.10385576129260737,0.14552744112839797,0.23653769542588715,0.35728842545673156,0.297370560982726,-0.10625949911373596,0.19752775898063935,-0.07124443602878527,-0.05265476367524746,-0.04195363648909356,-0.24883428576787947,-0.16998136561637678,0.9543717306875472,0.1255490900853153,0.22331498801899974,0.24449068473127197,0.17547358283827486,0.21071407602345626,0.12596979485447007,0.038021900490112566,-0.22272222795020838,0.07499229443729216
2020-07-31,0.038606458423587675,0.04510780316267371,0.08801425227569193,0.025969524638785213,0.07487314384298593,0.10559956226749767,0.1825681568014892,0.1631455397319812,1.1385256568950948,0.19152635662694473,0.008015381149885925,0.012621465094918013,0.007855496761470402,0.01676744855027348,0.009478800333414826,0.11957911085422027,0.19122262978648544,0.25061746371506993,0.3224241020056728,0.22853895218352657,0.15958171500997237,0.2585465445270035,0.396152645079557,0.746591669699722,0.36596247370266305,-0.04214899838183184,-0.03751340075280041,-0.011441252755311049,-0.04861775405238833,-0.020096332771419645,0.9099725644519957,-0.21348189125165948,0.39254401279322976,0.025982442857705894,-0.15383073807844536,0.3324272373711757,0.028838696134580493,-0.10258551832448161,-0.11211457464813457,0.1198271182468913
2020-08-31,0.07006466690171753,0.09587385655533742,0.008049687367415403,0.05810777566397518,0.02836061021166092,0.13181249789935023,0.21396522406625973,0.12732705920120102,0.20121086850531533,0.1886371232796149,0.005111876494051017,0.008927774051613917,0.01734634034387655,0.012438282961883868,0.009460908501745172,0.16398077975119854,0.23237578449002072,0.16106486510652265,0.14443819039992314,0.1995578343203031,0.2127443394382456,0.31886765450213,0.22843961821221437,0.20389061433966954,0.305443354573102,-0.007969132154236114,-0.029280513252962992,-0.07069678827766235,-0.022991169414065316,-0.036188522008271384,0.8865782356976619,-0.06274379212313486,0.6897005464733702,0.20703692599566448,0.04769084209133304,0.5985229198980354,0.08258060229146115,-0.029341228920848374,0.05880758153596517,0.3154893255578423
2020-09-30,-0.011799128729589325,-0.010937010115132262,-0.046387047479389376,0.02119963785858192,-0.012289808589461715,0.09826280461119219,0.13278009197466578,0.045896392219065385,0.10860036870902645,0.0917725736656767,0.014747417274511697,0.019397926230458547,0.01009358206365382,0.024444680659209794,0.0119295863610672,0.17715744165312242,0.16770644235921614,0.07682994648161356,0.08994018307880283,0.09493961713922397,0.25273201276031176,0.23835115848100816,0.10428009336469929,0.13253369168744691,0.13433198770554852,-0.0702377483998542,-0.08022457719625953,-0.10227484413432164,-0.0834293381610044,-0.07229384876947054,0.9105791898382664,0.24722685812024872,0.3432707569618037,0.051372772754851255,0.259486329324058,0.2442477216865944,-0.0237624264510996,0.263917533473233,0.1948696832625848,0.12935645948892494
2020-10-31,-0.027665786221379274,-0.022916471733272825,-0.008230005584773048,-0.11014421110697092,0.027331000433923558,0.028183959364905364,0.05904937812873112,-0.04662217714481742,-0.03847586894748145,0.04348296054750134,0.01314601632326977,0.016432344904729,0.008609446072134007,0.029800016136925782,0.009768221978164397,0.0434424936935669,0.06666950097094496,-0.05472640657193132,-0.015149385779884731,0.07041307197012076,0.057010737717388155,0.09013037406658002,-0.06973968216846921,-0.020978527209940485,0.09443023012322908,-0.07477180593064503,-0.08122674486012571,-0.10145713589298366,-0.13675828012907032,-0.027453683630470405,0.9395972304333697,0.27559652912851534,0.27745801163611283,0.23005451503800295,0.3237811457603847,0.24042604592885614,0.15514479963641253,0.19777566896642487,0.25849593871571674,0.24830671732855858
2020-11-30,0.10489721979192002,0.10775387482669885,-0.04291835315132975,0.2718426416431028,0.10059476866257011,0.06165321898370313,0.07053019399743965,-0.09482595133759208,0.155749365960415,0.11677934390226441,0.010407140042470567,0.013636354156187585,0.015614529814464127,0.027731996221287067,0.00910838615037742,0.08579921277291987,0.08645197716052991,-0.0973941057707948,0.0909919710633138,0.14752960711507845,0.12065451144337763,0.12337841227788977,-0.11697174233937713,0.14188986835211448,0.20685547472897123,-0.06337465758368988,-0.07735174475734063,-0.09496319748908999,-0.11215624249550771,-0.0252191260572886,0.908178574708676,0.14181337941090386,0.3103749793016227,0.3232126983251801,0.24200314397210576,0.16192742040074656,0.21325508943287477,-0.1831807704101498,0.13234115218150336,0.282719084066915
2020-12-31,0.03712145909357045,0.056525512127837185,0.0672411036195979,0.07013675109117257,0.06657234569361647,0.1142100432559423,0.14354947362161163,0.013030441867250664,0.2111342637744229,0.20594682003532028,0.0054189616807266815,0.006644893256703283,0.008723798513492156,0.013806609393843346,0.008950745743080387,0.17127563206649363,0.17119248001810725,0.023872840664500215,0.1325988012443204,0.38780174483527724,0.2634625964161097,0.2668108479889011,0.030753543854678607,0.2134334919324404,0.5909964835019581,-0.014791008107400527,-0.019377239274069313,-0.07539151518482001,-0.04236248637469309,-0.0314049525779333,0.8591634954867805,0.14077580429287154,0.31783863521131656,0.3441332571232997,0.2884756227430699,0.1464196013441773,0.256793833996996,-0.27296357038124003,0.03219334947120929,0.2563987094762826
2021-01-31,-0.0044279999462072395,0.013817812648485361,-0.05632363885821601,0.0833500825511464,-0.005880418216195338,0.14083851573374684,0.18654218647917475,-0.036094168516555225,0.4744888115778394,0.16696113315051297,0.01058581203210163,0.01301379880233458,0.012740811191332033,0.01673719532885945,0.009598076803089843,0.11733609581971445,0.1489133446189885,-0.05843114435892382,0.21147325754167953,0.22161020854789235,0.16784004399425487,0.22267531747651753,-0.07035441388762703,0.3675631702000763,0.323701413083736,-0.036713269966397455,-0.04145645420472899,-0.07627913882795456,-0.03697722479309151,-0.05088316747824617,0.85455638607569,0.09395411632832647,0.4091301781655497,0.37172677580230795,0.2382739096840195,0.21769169546862266,0.2381139689987778,-0.2807900804147491,0.020296945268063957,0.4127323666896183
2021-02-28,0.02667590965540101,0.012754392730500497,-0.051558690182003875,0.16678153521021866,0.06560887791929915,0.060072737925290554,0.08478592476585245,-0.04479611288804297,0.3526880314379748,0.12986557730332327,0.009267930316284523,0.013899995308251424,0.012211431212836058,0.017619664265162295,0.017061061308588525,0.13988047691956396,0.16065279590198966,-0.11583406569582833,0.39102307823157906,0.15569303202198836,0.20319127728413663,0.22469979731938486,-0.13852721762533673,0.7719917840597662,0.23683501883992245,-0.030880458637379204,-0.06606658213205163,-0.10855040492925261,-0.03195338923819435,-0.05129384151626637,0.8804688092397707,0.05044948132365247,0.2898077186160006,0.4014048328115547,0.07349982098514188,0.13124804627123823,0.3304497228602359,-0.01071153920535523,0.04649554608949251,0.4380767643666246
2021-03-31,0.04243863253316582,0.004132736732034514,-0.00867653839445881,-0.03804878296890779,-0.002432523766524919,0.06550757929002482,0.03099172419390417,-0.1127440456524923,0.21593796005823918,0.05676577588420817,0.010430673132089495,0.018366175290683396,0.009153674202259415,0.032093355779149436,0.01184419590911357,0.13819005029162595,0.049957052075895146,-0.15771552432767344,0.15039762652035082,0.1095887127138615,0.2068222177576341,0.07048641767216458,-0.18557937464157245,0.22555199531825407,0.17361074524615336,-0.04173333948352853,-0.10239116168357354,-0.13474526938920173,-0.1260402251162125,-0.05567900393274494,0.8917648777947997,0.11685007119823353,0.20786155790418548,0.35253181808864337,0.16724784535550383,0.1027071317241147,0.2980427092878864,0.03028324103980158,0.06692028777569602,0.30471888546445197
2021-04-30,0.05242532134755873,0.054036128080078294,0.0314505197853201,0.07471267740099452,-0.01683988907341938,0.1263546548837995,0.07189133145437454,-0.030217717664268617,0.20624344951392826,0.0451156746932293,0.0068277866926521324,0.009405940556386765,0.006903022229453307,0.02012205271781507,0.013773664205407215,0.1764200446206292,0.06118030772634951,-0.03825958671133069,0.13226176277491594,0.02612972631741603,0.2827768003138409,0.08787084979327534,-0.051788837584286124,0.1949565923595391,0.03776488325819464,-0.01207278294761116,-0.040390791844633345,-0.10875667609529927,-0.11257369078936053,-0.08796541565408755,0.9013577279184761,0.19831319773422934,0.15611835925564702,0.3353448199620512,0.2573998120478004,0.044126195088276164,0.30769810938648906,0.057107933454882465,0.17478659778917935,0.3081624365265592
2021-05-31,0.0054864886706071925,-0.015322234550472213,0.07625731320451767,0.043095278151300764,0.06640330722843957,0.10310797817106199,0.042175248645974994,0.10047428636389721,0.07837397877763053,0.04589482597530159,0.008869071223366252,0.012663996663391745,0.006995838738250535,0.018757767402124963,0.008418225654765321,0.14530589784432046,0.020352212988945496,0.20295969061694868,0.07001569348031698,-0.0037611202428670617,0.22978210840235466,0.028721627626956715,0.36557681601786074,0.1002841131595386,-0.004894103897655236,-0.04006049583744997,-0.07830241113636938,-0.025750778872684954,-0.06367885347474767,-0.07809866490335715,0.881812607451434,0.3904565281881454,0.09398765652924684,0.1648798999138259,0.4733840029546091,0.036744940246597475,0.13854705071198106,-0.05331756341898411,0.2695421949001655,0.21061314319111502
2021-06-30,0.022717527688955963,0.05587091455547655,-0.0700262595349409,0.08490844501405737,0.008900852032430295,0.08223911605000689,0.0958735759339786,0.03236958269699208,0.2162124396183871,0.057777249361553595,0.005396531135991552,0.00646937847629558,0.011841861280220554,0.010552705639971148,0.004368931750889978,0.19021516296522345,0.17758858426808538,0.08791674697799966,0.1705093342684518,0.05413628863313252,0.3020000533084473,0.2742898577012994,0.1162685754959022,0.26761499694867513,0.07203458262674853,-0.020845260229819917,-0.03622091798248139,-0.07660089374207313,-0.015394994499211778,-0.011714503875419613,0.862449942800623,0.29986978887013876,-0.03304249276680635,0.154765598315359,0.24980374000089298,-0.14196333631650737,0.1516424753768322,0.0021680437216850695,0.20697941876975615,0.24565023588127036
2021-07-31,0.02482009354475223,0.00995624869345657,0.016927250231235647,0.031089515012793445,-0.009519476092552992,0.05385186925000118,0.050044050964901166,0.017833372339497666,0.1668457262003158,0.06565324658828575,0.007568835162094262,0.007792112983061323,0.005866882755576754,0.024597929736851862,0.005081857506568778,0.11712564666871021,0.07797316897861833,0.029693594459045423,0.13776088042793647,0.11863371056091315,0.17367963135626033,0.11069925394435724,0.037223996529445545,0.19101216336996382,0.1844237472613711,-0.028768596622478992,-0.031103800544553972,-0.06968949886618825,-0.11734221702398251,-0.025455549744460626,0.8533141079580248,0.2669224376439975,0.2862500879605496,0.18425422133045197,0.12849992202097132,0.1511365137902016,0.041461925420947045,0.08816684785609057,0.21313661595599173,0.25538551621022526
2021-08-31,0.0289904162554393,0.03997637509763852,0.003034315388988462,-0.07369840666871963,0.0946773233217526,0.07848637035875394,0.1090135718833718,-0.051414761805561704,0.03619590462221445,0.09390737599663934,0.005201600660488121,0.006658752222142034,0.00984675325946544,0.022711797033303418,0.005263634476230813,0.20262382060931017,0.24100901481209552,-0.08247364014294706,0.0380246130046672,0.29761423393752195,0.3209355457709077,0.4191025765245368,-0.09644336279547282,0.05250039131684648,0.5629656714266128,-0.017733277845877637,-0.02478731007422119,-0.10151769301138425,-0.17182724658040838,-0.014552766514450921,0.8336037302175002,0.22654428386700567,0.4656850156689261,0.2534060262985598,0.12774667723171085,0.3455128885372691,0.1671145168773811,0.2165168623870417,0.18125175251658654,0.06323974273374876
2021-09-30,-0.044324100176044934,-0.05379165306959488,-0.014692401992170923,0.11039225971319788,0.02919132844732908,0.0077889588628818895,-0.006168382792388294,0.005026488257237727,0.06053549248951917,0.11590745833181604,0.008215112272327815,0.00947923991812146,0.009348695838158692,0.014409460617585993,0.006191629838380375,0.02386433192872819,-0.011531843268244626,0.022142007498024616,0.06010209404206776,0.28021048535889115,0.032172321457646647,-0.015374337406623178,0.030405042523061004,0.0846588810576282,0.5415331842687177,-0.0473299770688802,-0.06021400576778135,-0.05177219705483471,-0.08850503205460869,-0.013270674705482266,0.904367854961766,0.016646497582598466,0.4575608521075158,0.4283650460251089,0.0791069375829187,0.3910489025082233,0.4099231424581681,0.08380409839035123,0.0025013777861182898,0.15201243492934724
2021-10-31,0.0691438364006074,0.07265832106934211,0.015310201715459826,0.11382115226535006,-0.004481905880364456,0.051376100593390595,0.055532608782454584,0.003428363523357403,0.14562978971648288,0.12158294819351956,0.0068359271017932235,0.008752555803009094,0.0073228211774347,0.012117971331947575,0.008265898090441223,0.11605121709648823,0.10410540231648852,0.01051690416421276,0.13276519951366864,0.2657827489091568,0.16626239731713838,0.14508311501692908,0.014336450883203834,0.20604775066887512,0.4516691861830161,-0.04889583092712213,-0.07277387721543194,-0.028443376187527014,-0.023508539018291086,-0.04358922861446546,0.9116256732824439,-0.0952257863003028,0.31245467622982354,0.2431892676174583,0.010619316352390712,0.19893894297969988,0.24349003860841892,0.049955616973594796,0.0007413288002237106,0.15290031835144066
2021-11-30,0.014725756661165601,0.025416940982603053,-0.0064420664790704185,-0.08909904915059386,-0.02797434326266912,0.036801113359693716,0.04075539091306157,-0.006051741198983329,0.12658260796161103,-0.0040833233897557,0.006484638367218151,0.008995969785661606,0.009921130962986127,0.02419363700161887,0.009490859195576618,0.08821231458082553,0.08830330494619036,-0.008262367033687991,0.11261401190989756,0.0709714151588803,0.12222260699648661,0.11978779095155564,-0.011337220504279133,0.1532392048477168,0.09993467040186108,-0.01896131033450521,-0.022502958431283027,-0.05228955826131121,-0.10100416890298458,-0.0703441918333183,0.912890716384899,-0.12981224549972703,0.3493642587412204,0.23029181838650248,-0.00948651427220459,0.16218832394619803,0.20971881795747682,-0.11377335689742685,-0.026860008475625266,0.29250944473252344
2021-12-31,0.029367562419884807,-0.006918899185968219,0.03266331007955947,0.10967784119830104,0.021836378277338087,0.11674829821479049,0.09231176478101832,0.04171925706911761,0.1258577726913288,-0.011200481616284952,0.010685853847283518,0.01513009196169335,0.007214408241555857,0.021819817286245383,0.010674809916108712,0.19252343240837905,0.12416767880956747,0.11842697674779241,0.10613455879530687,-0.03728876730671668,0.318728574534815,0.1865606137061812,0.1822949580295675,0.15113567021322835,-0.04924107016243291,-0.030560141808209873,-0.05105785160570897,-0.05811390822444251,-0.10900964554868753,-0.09054315368938437,0.9041563137063591,-0.18208447026894664,0.504023783227709,0.28756377567747904,-0.12114945074819582,0.3248332560005518,0.21837561388367263,0.00513774126463661,0.024544010190543256,0.29333302240820047
2022-01-31,-0.03483781518714468,-0.0655393253881712,-0.016154086397464074,0.14996331930375906,0.008980630105211107,0.008136782623847427,-0.048417964458485785,0.009436556883672731,0.16239051369677804,0.0021711980923921903,0.011499392540654981,0.01843740510367275,0.010246558626382424,0.016320253114783922,0.010652971343157706,0.02916186284542168,-0.02906133569684788,0.011648086341838103,0.11384387656310282,-0.042509959946640766,0.043811378640418286,-0.04035665225019267,0.015719313840622855,0.16818918168864194,-0.05506981303554475,-0.08110070427601146,-0.1435574278730427,-0.04256138030696688,-0.04197333905596412,-0.06330531429960695,0.936645438574072,-0.07623224453811361,0.45705111960935213,0.23515945593663037,-0.0659341491197481,0.3126274623884627,0.16008934151711315,0.05273603694934264,0.053738502926357505,0.281974156372505
2022-02-28,-0.021434960310256046,-0.02228425064336992,0.05466666953630872,0.07082576919914207,-0.03148523378511969,-0.027789129994051698,-0.09268444301081269,0.07152190691482763,0.36646878541344297,-0.001448576073925123,0.014453781115830226,0.020641978425536067,0.008117478045649246,0.021086505662571337,0.0178073456674549,-0.03848490699722886,-0.08934802309162371,0.049107749118232895,0.2515582470056985,-0.0002851815604386061,-0.05385610179160336,-0.11974277811423095,0.0660934745520625,0.42369548537786544,-0.00037209755456707336,-0.09335795837296224,-0.1533721505422575,-0.033656983705171006,-0.0538389662348171,-0.10382323686281247,0.9445228560526173,-0.14657232550385957,0.26780507555801675,0.28840986215605646,-0.08067174825504486,0.21725887151295606,0.16569317823263013,0.12524737340919584,-0.20916052825401196,0.04208923726654783
2022-03-31,0.03577328837154736,0.034114281258571744,0.02551691547637458,0.04763892081530341,0.062127642536686345,-0.02173908856293738,-0.0551950144640827,0.06410659710568889,0.29007341638221895,0.03792455660489047,0.014593916867096072,0.020536474783645554,0.013669113658549255,0.05578594174326238,0.012384958178730464,-0.02505808160136732,-0.044548660501656234,0.11033287627008447,0.12512367570081198,0.07476698806024566,-0.035500447493808145,-0.06272186914898384,0.16111136657973754,0.18433818968529206,0.10190350655616705,-0.10511604778312345,-0.1830014205824203,-0.06562917557465853,-0.23168954518815832,-0.11514438973651964,0.9597843250473774,-0.3893691415989045,-0.2181237584499401,0.3672190867780971,-0.3088217181638387,-0.207389607076465,0.25700037200916437,0.4458391129947252,-0.2577175963590962,-0.10128248002514585
2022-04-30,-0.08795671180434228,-0.13261680620516125,-0.019238662497120362,0.04397690183278913,-0.0035184878685656784,-0.0755788898284071,-0.12301503088094035,0.06077038588446215,0.17117374594780088,0.025066885115665016,0.015432952410553182,0.020599798597100195,0.00861461222178656,0.032563457323501216,0.01164570539649231,-0.030119402721009082,-0.039822330398087545,0.09596653277939833,0.09038809202774165,0.007660713133488179,-0.04071752154474936,-0.05530550689241773,0.1419048804332289,0.13192781578593912,0.010489662434114987,-0.10788278593565204,-0.15629660203315687,-0.07566196542936154,-0.23775260111785035,-0.04438580084723498,0.960472287999148,-0.3888531551812695,-0.15818871599703452,0.29635669283529253,-0.3213122933173046,-0.1539863518404742,0.22227714097786805,0.5451340092436231,-0.24159538281630297,-0.04461152142640292
2022-05-31,0.006367498354150847,-0.016499044270885665,-0.03159486524374511,0.09914984250026682,-0.007524274348275961,-0.04931473909582085,-0.1178258549519865,-0.025990373868999828,0.20215209180268978,0.050426938375667474,0.020151304258561282,0.02752492019273266,0.009406828508484863,0.030595144238372826,0.014056893366549007,-0.03966881836731923,-0.07542161320555994,-0.03319044273977416,0.09117986278426465,0.03064954215122429,-0.052487821575423706,-0.10006516353294242,-0.045088414972433294,0.1334952334014463,0.04397754244956762,-0.15778781483391824,-0.22949877930018514,-0.11505901827344522,-0.1935327033357035,-0.0895523835550932,0.9667997518121586,-0.30478184515663104,-0.01097204892674708,0.27151430224836476,-0.3270175914394182,-0.037803927409158014,0.2097286272492168,0.5167331129336006,-0.14517537281978732,-0.0368895563283016
2022-06-30,-0.10580736959335824,-0.10947472483015896,-0.0182508333146828,-0.08678668510860132,-0.04849698926782575,-0.1792646482771716,-0.240317644283486,-0.06755985750523086,0.04790045018984834,-0.05897902060852833,0.017793750261366252,0.023074656478805383,0.008867663186097417,0.02558443607070724,0.01068258488177849,-0.17878964383557816,-0.18145357983371702,-0.11062880252176815,0.01078775134480722,-0.05694885776675017,-0.21534740113447068,-0.220474462798251,-0.1364673440810743,0.014837764701809421,-0.08073447926874777,-0.2033159443356779,-0.2687965726432635,-0.09347395307496942,-0.15450953191794625,-0.11774186169386891,0.9707582720572012,-0.07037831277656906,0.15722774842325912,0.3438421728542654,-0.12433165128293826,0.10164308570099888,0.3004186914368423,0.3160958478637708,0.07436020731590251,0.17914506398949873
2022-07-31,0.0893906569274292,0.10420187719330376,-0.0037743401930238063,0.01617834937875906,0.08732434530504918,-0.019672162989386455,-0.03290415441088612,-0.05285744791644098,0.01999742323583842,0.026807831232688706,0.01243892031821333,0.01714730693077544,0.008259785815657625,0.03202341995856222,0.007756214923915279,-0.042787111737729124,-0.0457598838144148,-0.08020961375841393,0.05857698422945679,0.04299247417707821,-0.056149577431353855,-0.05985875180102308,-0.10170103403500506,0.08097542848683803,0.06298287523196244,-0.1835849340743948,-0.24994860564729127,-0.12089513942853514,-0.163192238850986,-0.09128883936384458,0.975912852792521,0.01396679367396119,0.19817522325676584,0.44082717849613395,-0.041221181796039105,0.14130021109198512,0.40076337781350574,0.16797738336991053,0.17125415401072552,0.20140963553991315
2022-08-31,-0.0424401282729977,-0.046364666895279294,-0.020818011647815937,-0.09196916895379559,0.027084179795572316,-0.06721689701474565,-0.06227160890875294,-0.042317214028845584,-0.15735864931846133,0.06261347445728793,0.012197965023876592,0.015725320570775744,0.0077158038080341355,0.02760405984522128,0.0093769266871353,-0.040792317874539706,-0.016363400110256988,-0.07702979175031748,-0.07861949675019347,0.12697573657913266,-0.055340422608505656,-0.02264959639360613,-0.10544239603426918,-0.09795941898920817,0.1912451650105355,-0.08134353326792942,-0.09992722673146615,-0.059065836871664223,-0.23538567176189984,-0.03584215238910682,0.9753526583612996,0.22678194346409572,0.054365044429159654,0.4468485863624727,0.21819000007018247,-0.0026706780483673627,0.4372277487847756,0.08577736098595827,0.12557954548922284,0.09937696762255367
2022-09-30,-0.089667809820269,-0.0983265422480194,-0.02591334334853268,-0.1124416440027236,-0.02556325967939488,-0.0503808058482238,-0.05053250659708919,-0.04979188699600012,-0.18103102559868822,0.08822525897647093,0.015387485540117244,0.018145544958022702,0.009576104467468377,0.028307953645016037,0.009558445584267196,-0.06380927047231134,-0.05190090780982473,-0.10373076255776578,-0.11514925318938884,0.15046528898853942,-0.08567060598095919,-0.07099658352037952,-0.13896605651257044,-0.143368441500779,0.234881679768808,-0.16371744661702115,-0.18842827029854659,-0.09520805483570105,-0.2760280436390403,-0.06928321270541438,0.9728067881854519,0.3881143124085272,0.2195772433300146,0.23813751796356641,0.36353713472344545,0.19250602760231178,0.2480734440752524,0.21840453239960717,0.15567869623014272,0.1455360663508354
2022-10-31,0.07986341383700979,0.039007667528362155,-0.01872012489720354,0.08856461321828979,0.04542515468209074,-0.058685680549030894,-0.10659089964410595,-0.06404729764650918,-0.12269273853161444,0.046291352351965465,0.017605000248086526,0.020979549350928287,0.010128177079929763,0.025501094740871453,0.009468687209758669,-0.05176528569597847,-0.08650043099310314,-0.1390300757585814,-0.03553501115347996,0.14375939179068298,-0.07231088592360649,-0.11579210999146401,-0.18188532398607177,-0.04857723836461417,0.22497272553333333,-0.16572093287607015,-0.20793788382285638,-0.0947649500993395,-0.20201950673038638,-0.06545090471478843,0.9755207420174586,0.5082605864523282,0.1524102632934599,0.16350222111066295,0.4845227283073343,0.0950443333469342,0.18849303837940343,0.384202893063065,0.12088217765067667,-0.08314905298917834
2022-11-30,0.0540512364389758,0.04915100572225373,0.05908352522648164,-0.048850900099877026,0.04405170397612701,0.03616865283372972,-0.01710745856260032,0.01232671683627995,-0.08103339275377919,0.0635761807722326,0.018045608363979546,0.024287972158864062,0.010555479896576247,0.02688500056962903,0.00614323919788622,0.023812804929792746,-0.01568631761385374,0.002900183050380479,-0.08189801799603792,0.13131041432884416,0.037531598500163944,-0.024044028566157477,0.004452324865388126,-0.10880460888747835,0.20931440398243822,-0.13240139334423018,-0.20628407963722217,-0.09659288392171883,-0.1966700890817079,-0.0135636020552653,0.979021083191013,0.5510270864222355,0.29790055852181685,0.09791617808655623,0.5233306927496939,0.262701544396283,0.12227152729992746,0.42764263342097775,0.05817675369867905,0.010476286214146186
2022-12-31,-0.05514516906022937,-0.07458210654528252,0.03509037193647768,-0.0032244167416364267,-0.03481376782734702,0.0754634054026031,0.008775779490171054,0.07572527628434989,0.032048732056128904,0.05347945543430632,0.011543234871559881,0.014412272132942832,0.013072592541447974,0.022770491607699214,0.007113295917047061,0.043486520451545024,-0.017737422459049027,0.11200159969877822,0.011224719555410078,0.119067471622436,0.07257834039829479,-0.027959633814259935,0.1989445704612775,0.016473608343108726,0.19223290399818954,-0.06899500824933824,-0.10192932525582377,-0.02065184945049292,-0.2166932995247357,-0.053459094684385144,0.9794570254490419,0.44939067056930826,0.31178667989690584,0.1587420786568182,0.4528711241757848,0.27137877429306617,0.1787977618657153,0.29958160604899386,0.13161588642803487,0.11571019737906908
2023-01-31,0.06818645618908348,0.11369189842898453,0.05163373970735763,0.02112610115498792,-0.008539294677074039,0.06383402665352711,0.08128693181075075,0.15285050055483151,-0.031888520745902094,-0.0009007538701014672,0.010890571772185933,0.013770681852125368,0.006460358122529662,0.0192082276145513,0.0067647109448862345,0.0989785393536903,0.07853943433713817,0.2151470479086801,0.0043950002400900395,0.030259840054691976,0.1707608632470109,0.13420925201395614,0.43053461742015303,0.00597646122812926,0.04396271049183507,-0.05910822432100293,-0.08302010886506417,-0.012937014334914232,-0.16152845714379205,-0.05072695182724185,0.9784334382618369,0.37184856974109914,0.32038191094840307,0.08994031738304283,0.37092995753115376,0.295765736549481,0.13427102597995308,0.2491323118942201,0.07494822191667362,0.16128387179729345
2023-02-28,-0.006195423612418649,0.014244529207882106,-0.04411730319386842,-0.02076713050274681,-0.020280722559418374,0.003028209308791441,0.04531125558808413,0.04051268784394879,-0.0033039174165564456,-0.0624632977638474,0.008868359732351679,0.014648524379924765,0.008214841244024594,0.020855140072647358,0.00632995208190333,0.057539123947426746,0.08915342413843208,0.046793491479315705,0.01392908593295777,-0.13174039270370222,0.08820981543577278,0.14367919667446424,0.07238889540380027,0.01895588912727044,-0.17034035375753281,-0.030750102825368275,-0.04207987984744732,-0.060791778764976545,-0.15829635400711106,-0.06516192785827224,0.9650730599653891,0.2900640369887175,0.3364904475498659,-0.004902074652853674,0.2920242769710975,0.28670176750503057,0.06208121356068993,0.18125345300590145,-0.03888913405871767,0.123802452027871
2023-03-31,0.03505161257710987,0.06689951888555612,0.07203138909200324,-0.017910510423801762,-0.015289652150233812,0.09877827948743811,0.20512266248626876,0.07764722033918892,-0.017988839767502207,-0.043498486190858165,0.011348690906900256,0.012957266690431589,0.012863911302256021,0.024669496943607625,0.008044210260040974,0.16090401374939334,0.23833751903492043,0.13703066275426984,0.02346695364975273,-0.08837859674192705,0.25865168700612795,0.42398413340331326,0.2162420043913647,0.031557199029994966,-0.1211129804617627,-0.05865055359041027,-0.06360488883311333,-0.06001647066372662,-0.18037582055622325,-0.07784485777204198,0.9514169398594101,-0.01966343060551045,0.19115882651471675,0.0009529405177990751,0.03921857863600991,0.07972453489002372,0.03867325306422144,-0.07986877653339669,-0.2010381229731118,0.15499657619504972
2023-04-30,0.014642341662481906,0.00038209427293356413,0.015286935289962944,0.014668965735578965,0.03825696915020971,0.0437007134919718,0.08251046331074874,0.040401332089619046,-0.0241986301526661,0.0016477278255915273,0.007516621941127252,0.010102974489768613,0.009957237767499303,0.022795457692141124,0.0032183172734021686,0.08273329486457434,0.11314483201210863,0.06436017732892396,-0.025321489293403665,0.014974822792788351,0.12617895567444473,0.18526558944553748,0.09762543040350019,-0.03540992588558218,0.02141809231810896,-0.023798608419571488,-0.03458951952643907,-0.03152826706011702,-0.1076146871797129,-0.053165103443329476,0.9367369384669872,-0.1013030952638195,0.22911770699563938,0.04161768035615914,-0.03647221610380007,0.03447332881372224,0.012918121845588264,0.014281896479429103,-0.26021662721658567,0.20861657334767392
2023-05-31,0.002465703160963173,0.05457242111129634,-0.0244816091668556,-0.07219739844656659,0.021311298800411382,0.052796691119566974,0.12555271169517468,0.06177320364924377,-0.0754486723790474,0.04417067766442773,0.008273195014220122,0.010414685318866261,0.00827862303164324,0.023817137446562796,0.005614580442513116,0.09337680564586613,0.17306730335220302,0.09482764955706376,-0.04133034401357771,0.007641125703338175,0.14743404999300275,0.31047144239155633,0.15177044618898805,-0.056158023513401704,0.010746082568973284,-0.025964870984571342,-0.021279841610451045,-0.05448265926948681,-0.1765554191745573,-0.02335732516605271,0.9425681537266931,-0.2735388272723173,0.28828667996747714,0.1334279352730669,-0.24135269003592036,0.09798358167909711,0.12290092605356051,-0.11345244775097107,-0.03014060162864788,0.273818217829073
2023-06-30,0.06979305021115256,0.06765266207267429,-0.005713528119221434,0.0562864424680245,0.023615504657566344,0.08813374111921801,0.12634725920555412,-0.01522777846259904,-0.00559873301031466,0.0854250668737504,0.0067285299766346165,0.00973571038450446,0.007129977635682692,0.023874793390440328,0.004541162282619384,0.24769060516528876,0.2569355470961177,-0.02971629565527768,0.03038106662512257,0.2954514578417931,0.47542150543876777,0.49257220719659967,-0.04174154172978486,0.04363280947981762,0.5213202484476904,-0.017267925380104354,-0.030857268667710325,-0.06238301702453852,-0.1565954805266534,-0.010147485573616999,0.931147954820716,-0.18256911720680874,0.2633263514981375,-0.012325907907966092,-0.18422517281483158,0.056341552216800435,-0.022009613045752233,0.055333439195295646,0.04354612019857442,0.22434118968368078
2023-07-31,0.033172544899179535,0.042372485640825186,0.022573883153794716,0.1257238782508474,0.029430846081862194,0.10800610258464816,0.17362495689822133,-0.008159841718151983,0.1032378919775736,0.07619797232360437,0.005144589525806862,0.008830354227548055,0.006314251686402508,0.015137219187545906,0.005398094849455853,0.28288862415459487,0.32473031823315596,-0.02083498256240556,0.0797462228170288,0.2537566379131175,0.5586848204958386,0.6291844146305554,-0.029243212728208803,0.11269754737325836,0.41622341370803945,-0.010764913083623928,-0.022650057010278002,-0.062439016302391015,-0.1071232960163635,-0.016672361079543174,0.9157895710113372,-0.09508357199395354,0.2590411948136681,-0.009924050915620798,-0.0645438019593003,0.07027215218162326,-0.047745727689074605,0.012485666588291354,0.10890382277963256,-0.016803406102108766
2023-08-31,-0.017716390070853683,-0.02168195881860724,-0.002334420495272882,0.02237156642283078,-0.02683629567740664,0.08569922226617521,0.08876208587393863,0.014357899950213637,0.21568860646611943,0.02546285991453945,0.007756719067264145,0.010920806547954744,0.004654361342779578,0.014751925985576468,0.004485493287086773,0.17998956067158506,0.13096906372868283,0.049011581788097114,0.1620699125612758,0.06626160701775126,0.2977649781835566,0.19951127084389386,0.07591703965709723,0.2503216073683559,0.09460194267468813,-0.04777771038891443,-0.07433053392145461,-0.047242401705113624,-0.06528438432007555,-0.03781284154343745,0.9318093663169155,0.3121244361007401,0.08523473455051343,0.23144845026405414,0.3684674325138515,-0.017105775809924867,0.1929331704665321,0.09676459288827403,-0.04197522438929749,-0.04910617127095684
2023-09-30,-0.044712722978712316,-0.05738600977567565,-0.04371656566060189,0.07133909201882038,0.03185524969073761,-0.030509075098147376,-0.0387488266284739,-0.02441229600677819,0.2330128225312933,0.03371747550822257,0.007061933987895619,0.009072024030815697,0.00617268599545109,0.013715442919601003,0.005075702565060382,-0.02900134084478457,-0.03578274430987555,-0.05513337258933921,0.2573525314363717,0.1504275437997396,-0.038741301710573536,-0.04797886128438943,-0.07598301008575223,0.4560263690616894,0.22123472293286003,-0.06481441168345858,-0.0894476617600265,-0.051344619619506204,-0.03084969449438335,-0.028742582053169374,0.9436378481603224,0.47063312555235737,0.11536471515163677,0.23054094367065311,0.4433468181133084,0.09056952571638086,0.1929528582665305,0.026897334058931483,0.16292886893177408,-0.04437195528381492
2023-10-31,-0.021979688737982284,-0.027844100106791725,0.06869946675924243,-0.10761101634475145,-0.014845083466069942,-0.08226189244049442,-0.10350089594133982,0.019593866233743373,-0.02256043352097936,-0.010742822424629983,0.008883662319771356,0.011945235281018636,0.008706573727352817,0.027386521576981737,0.007060806146459482,-0.16225985129377232,-0.14965272404671628,0.03787762023341034,-0.0041367728484188755,-0.016374142470893163,-0.20042009718375978,-0.18260781549992372,0.06537899543307345,-0.0059062080075258806,-0.021917873945911857,-0.09898716308627331,-0.1213335686431557,-0.06878141855373154,-0.1351409438606691,-0.04200768300464741,0.9535160264023216,0.09949441053182313,-0.16686175276477347,0.3032397964805647,0.024745771121514826,-0.21069910090373586,0.33022137942245733,0.2869046256115583,0.15761299800826217,0.0685225944836542
2023-11-30,0.0885295541543818,0.1081579883196393,0.021962556127675725,-0.04309215805620248,0.0378010228373209,0.017002669040047547,0.015480244526946407,0.04442488059537064,-0.0851471060932334,0.054963421032558246,0.007165504501409837,0.009192082826308118,0.007287611404164638,0.023888592705848265,0.004147516297929708,0.04153226818938485,0.038221467137222034,0.0932145239063508,-0.030483105295304073,0.13920201025999976,0.06030652611654339,0.05366568003972282,0.15667074576947024,-0.04200409024746598,0.20746926328558113,-0.05931948870881354,-0.06864166945804873,-0.03385521800987534,-0.2218189444022517,-0.03530683527619083,0.9554480465882582,-0.08991025771631124,-0.12902205067151193,0.29499049965253676,-0.1839719466187966,-0.1829058949285783,0.28448364610828836,0.2624363447824987,0.07750587752531339,0.06781030727466879
2023-12-31,0.044229231156359905,0.055188932682274094,0.016535044230349794,-0.056740358221972764,0.07938399947304009,0.11169063036939142,0.13675749192659525,0.11022993190791075,-0.19451850547153493,0.10355656671143731,0.00607682829102273,0.007236591448519799,0.011299435943759097,0.020965906601031304,0.007305170790945823,0.2174299660512637,0.21345306017572793,0.2062993443678091,-0.1390594783733005,0.21090942682332664,0.35547786802185066,0.33218548438427736,0.3801225861055039,-0.1788808481140586,0.35024123566055054,-0.01468426691100666,-0.015015396760213573,-0.046178878429836034,-0.25248842252326564,-0.014284615465138706,0.9510560043174114,-0.08481252907844546,-0.06457504765353686,0.24004869442728083,-0.16297098944967184,-0.12491511055659904,0.22617450327154345,0.25456371817725004,0.023205656700676047,0.03119210465651885
2024-01-31,0.025505512290831867,0.028910930672265245,-0.0016436817328442377,0.08188892719662899,-0.00023222480737850049,0.16566584178071886,0.20312206004751587,0.03715319575365639,-0.023473478546663373,0.11992568375138646,0.007066783623399847,0.010297322954624454,0.007137346167138502,0.019867665522563926,0.008376447425162432,0.35567003325717406,0.33115181864442417,0.06812198469515575,-0.04421396470932855,0.20626309855853553,0.6666388707517357,0.6026105266925612,0.1049501166858263,-0.05839954464802231,0.3207583151644224,-0.01669672063169092,-0.029692160519018906,-0.036050917453824494,-0.1771858610421474,-0.028745363886209185,0.9498481229951447,0.03818277501658087,-8.457483644396397e-05,0.17645811338398093,0.0010721625421722153,-0.0035183061790658027,0.16163138401800564,-0.03086321751486832,0.1529914392968043,-0.016074525170123952
2024-02-29,0.05807472001872882,0.07102700748020863,-0.004644946036089448,0.045102694863620396,0.011833983335188147,0.13305289183044744,0.1628091239589884,0.010150194778028032,0.06652955952744821,0.09190378569050561,0.0076284568847627314,0.010721237720550518,0.0059801136680063885,0.015925152208086678,0.005698063065371979,0.3177798105303312,0.27458625881083604,0.06605830836743425,0.060894883992259195,0.2247680362059313,0.5613724396675431,0.4935927745152266,0.10290119535540736,0.08573967668433118,0.3525571009903076,-0.014610233020612484,-0.020953515589788863,-0.033078087474689655,-0.09982805031230169,-0.021755775287675028,0.9560492771873416,0.17367465470502902,-0.11631023002264869,0.07055436832723648,0.11705937465798363,-0.1113172577357827,0.073464859038729,-0.060565144703522165,0.20397485250449315,-0.14733722713436545
2024-03-31,0.03101877991534341,0.01786859743638436,0.07918428726251792,0.06273953358917428,0.027249944769906387,0.11871874034874308,0.12168243565795045,0.07240593835601317,0.20162368498534278,0.03916502754554618,0.0062154191948753336,0.008827154733592663,0.008026240612225224,0.014335040253145115,0.007635623655273881,0.2828615687745228,0.20171800130008904,0.17922614998166567,0.1511203069965949,0.11703615715346968,0.5155127871431421,0.35361028470898004,0.3037575920418648,0.2344888113971087,0.16321409070761572,-0.01137419991369426,-0.020605334156908794,-0.013204854790660248,-0.0340242473433765,-0.02320276589169612,0.9657821154373037,0.0933043610013031,-0.1420535389702891,0.19800274390164568,-0.008889830950151901,-0.13803391861860914,0.21617918006504278,-0.06615799541266042,0.4008229504780456,-0.057531104679832155
2024-04-30,-0.04161507173789869,-0.04405759714657831,0.03855867401709068,-0.014909196718395856,0.030059082514980462,0.04549723708411868,0.04213471819251535,0.11559016452184023,0.09411272389266134,0.07065000634671348,0.008390909899758912,0.012236444443655172,0.011163475491058719,0.011181686173478343,0.005691046415894708,0.05990592584693543,0.021398650171053635,0.22475401304684137,0.09519288903381383,0.12112097855948491,0.0887233545274622,0.03141383114179701,0.34294808712394037,0.1413421613630465,0.17055005515921928,-0.054644268434943966,-0.07056169540884549,-0.04594421420209005,-0.05730069206181265,-0.016496886842273906,0.9617799319870057,0.09661842368805715,-0.05249898438342873,0.14599123346212695,0.041358609120100184,-0.026107752608999515,0.16703169872390325,0.05109620409550916,0.1626740515604193,-0.10795595689621482
2024-05-31,0.0477605053960255,0.06257358299510862,-0.0007322565500877953,-0.08513289867981444,-0.00796777599104248,0.03530562898054557,0.033909335375822636,0.11997549203891933,-0.04223026010297326,0.04969720766878871,0.006013031902339946,0.007803829610199844,0.009981892774839563,0.01228157138492401,0.007146735785510648,0.08082780139472238,0.05824228193495414,0.18807393567917283,-0.047368359883901326,0.12765477801228992,0.12077667364147365,0.08714853961398196,0.2774810377835009,-0.06415385220335362,0.1884830251579611,-0.04490754452063539,-0.0508884936174373,-0.05629953298910728,-0.13755541673004568,-0.032147467252292006,0.9440923994144245,0.19357837893540758,0.031277613024289774,0.06049051821480699,0.1282469358429402,0.03383628645941869,0.10675050809974937,0.2135613781285217,-0.03803201781383024,0.07860497223154013
2024-06-30,0.037289924939341024,0.06801952491280883,-0.0022065670648087066,0.0513651756691893,0.06150834035629993,0.04160284865294672,0.0848505985469481,0.03550821133569171,-0.05248114047601016,0.08470421094909053,0.0040171071542949915,0.007555587383022804,0.012402418042539113,0.015754272119323492,0.019076678276641622,0.12321671856321628,0.1455297767161122,0.08256135582934095,-0.03548679957188491,0.13560912492501503,0.1856055844604011,0.2293726658342351,0.11316801212409937,-0.04649012380571777,0.18616748478527237,-0.007389854467800494,-0.01268337283684895,-0.06900713015967164,-0.17945100042335438,-0.05929359941641066,0.9290449300388163,0.22492360425639862,0.0765679314570761,0.04280456737239448,0.18925581273885292,0.04277492394168575,0.10788526753608325,0.15630615890148872,0.0738635561022529,-0.006474391811213833
2024-07-31,0.0058407269597080536,-0.016405228793851978,0.024901660177762963,-0.03624549629371354,0.031301290165900886,0.09317930154871856,0.11623187033607651,0.02189131098450714,-0.07300366101190436,0.08601231831176404,0.009263002885256647,0.014669408144611349,0.011484263739720843,0.018581032434462182,0.005457605168109467,0.19688341161308798,0.16804028687647604,0.012059584218374487,-0.0902686372595897,0.1355702567642541,0.2951239636514993,0.2445076552351738,0.015942025399850325,-0.1202620854842184,0.18835245345090887,-0.047286132699248196,-0.08044152737880728,-0.06396752866605426,-0.13120023771259715,-0.015916793425124087,0.9421926002460339,0.326598026060301,0.16628239856456023,0.11771150626345259,0.23006977327546974,0.12859257359148768,0.15078442242880877,0.11939843547473938,0.12774136697025315,0.06832928633964967
2024-08-31,0.022834706936631033,0.006489922807873416,0.041664989761488025,-0.05596201264808742,-0.004965728326627006,0.06717300830703365,0.057316073907530685,0.0652484371395965,-0.043446029616668436,0.08929876472429998,0.012262344224977486,0.0162820753835451,0.009715697611026385,0.023597487917000583,0.00855421718165102,0.11994039613568377,0.05950593694562635,0.08603801430865614,-0.049985573150672105,0.09778355407708511,0.1705599774622603,0.08163391528865971,0.12337160692822778,-0.06978103347595582,0.13093107251108785,-0.0848514435020743,-0.13147319076607933,-0.03290560921816699,-0.13504091946126617,-0.040716231461891295,0.9632464142192146,0.18075472404893872,0.10550216149457366,0.20510525791447665,0.15752029918713206,0.09487912642976314,0.21358196976732638,0.16471579032352196,0.20221207712058784,0.14380034910472836
2024-09-30,0.042241409687272524,0.06144086486723066,0.05406258515408302,-0.030850131957944837,0.022782988118133618,0.07226713941444363,0.050803343710457805,0.1253216191047435,-0.11824723166995699,0.04955957780242515,0.007172684006373619,0.010730079223350054,0.006641929580055154,0.02001807351646557,0.007314973893422984,0.11207246970221912,0.05506553502381148,0.20707367004815433,-0.08963376397891866,0.10905237008527102,0.15984674589968625,0.0758508299682389,0.32368760458957513,-0.12030404584673864,0.15683237935387093,-0.02504138564030789,-0.0747720816361912,-0.013173031016523229,-0.17327397150991408,-0.02243767617703507,0.971114029230108,0.24702099969425442,0.147132880840803,0.3276959677572054,0.21273677712179273,0.13643829222834225,0.2769525839502568,0.18695012004934872,0.3542607375621285,0.2047763620279037
2024-10-31,-0.00989674330315049,-0.0051689841622138966,0.03380467390599895,0.015989496795699498,-0.041894153230943476,0.05549035580638528,0.06280735570331886,0.13509695093690444,-0.07045669000902033,-0.0249317269222058,0.006936236749343211,0.010073251426036213,0.00805250507963612,0.027874684652609318,0.005893587380892818,0.12433724006048658,0.11462187704077101,0.2160746649696211,-0.02269515367164339,-0.043315093958397215,0.17934544074440142,0.1647398137051862,0.3438253492828878,-0.03071883960810259,-0.05671606754736986,-0.027148966384044293,-0.03300421420555477,-0.025566776073510655,-0.12872699486316352,-0.057659535207725265,0.9686263261685709,0.3267461772426591,-0.012570851314806175,0.3223134176544574,0.3697596703555226,0.005001428234978478,0.2578486384523771,0.25669891487103447,0.2553229898589692,-0.05102313144703023
2024-11-30,0.05140524043194028,0.05334744709417505,-0.03979199961495894,-0.00779672103482143,0.007508808027070879,0.08497304969625019,0.11228675967250745,0.046333690980480347,-0.02303092410476515,-0.012707500113021908,0.007806841762067496,0.010564171850902545,0.014172710068141772,0.018541830660267492,0.01086095255046709,0.20361817578415636,0.1831743074701078,0.069885980874674,-0.014245670257895634,-0.003907519527576787,0.3312980738796219,0.27974133333510115,0.08958164391143895,-0.01891157833563135,-0.005762512714346492,-0.025914498598100133,-0.03205597833814766,-0.08236930418092547,-0.13119008071887517,-0.08291644597605774,0.9494870254822458,-0.0076078514218779055,-0.03701898104585252,0.33263806141169616,0.05890582518248776,0.013920268507214756,0.2509213121018759,0.3538844391109711,0.03891064279731944,-0.20378324202278764
2024-12-31,-0.024990137048482963,0.004819352779245278,-0.006021829130598455,0.054705900304457655,-0.02015236918321206,0.014985026173392813,0.05295292366461957,-0.01331015546123826,0.06321538364692203,-0.05415300393547129,0.008985967411193287,0.012272969422516853,0.009549681443625108,0.013048925732444249,0.006881585034211324,0.03357427622219915,0.08060780919393591,-0.01475519640248546,0.05713084827450931,-0.11821027762793494,0.045766641859039406,0.11090931832826376,-0.018436474403409096,0.08012731954638204,-0.15657685593274023,-0.036646969787954786,-0.04278309913261913,-0.07479482002497706,-0.11963277065893674,-0.07102896389043456,0.9536457773549611,0.04675159775861686,-0.150857099648749,0.2735931027206985,0.09136179979454911,-0.09364956771464515,0.2466727591129414,0.3495766680143854,-0.10275481322216864,-0.24773459885411495
2025-01-31,0.03633017808683703,0.02820315836288856,0.04975540250281396,0.017802448332027154,-0.00576872657489913,0.062373652258174817,0.08827479690875717,0.0019136313107901426,0.06511260597974067,-0.018489797830013477,0.008395924996302312,0.014329311425811233,0.008667089229495144,0.01702239170535561,0.00881168396730836,0.08789308803399844,0.10253690764578836,0.0054187892070935405,0.0333611245198401,-0.049864043369657496,0.12512926478298608,0.14642947923047075,0.006930635923811892,0.04660132798154868,-0.06850267266617409,-0.02759646652386316,-0.03886549819975815,-0.07070590799456877,-0.07006634932954114,-0.07829161991172884,0.9470777221230988,0.14683915944131948,0.03994290752595852,0.19712285268382967,0.18888647365881003,0.08617354778018237,0.1810377185748479,0.3484320924887377,0.020626117572099614,-0.1638406961402166
2025-02-28,-0.00910707466111882,-0.028790724407794954,-0.01933922872084959,-0.06120439926216514,-0.05875549851639339,0.0012300639252877943,0.0034130524232538484,0.023254746932267478,0.007780411517148256,-0.0830441643962877,0.008633561190981399,0.01270878631179098,0.009214189824572425,0.015879406722482167,0.006939566287123392,0.048254933844156016,0.03673933022598154,0.046660280999725696,0.0055597573687766475,-0.17627046612052602,0.06494574709764143,0.04965744432267283,0.06226549188570726,0.008267081647966842,-0.21836537953387225,-0.045991729143393,-0.07537949906512931,-0.04873834511918218,-0.14124900138567065,-0.10663420951745484,0.9451249402321454,0.22764745895307448,0.09090489622137402,0.044227093762956554,0.24795878483294598,0.09013678277060798,0.10909964811827645,0.3149431519274511,0.17088870006394585,-0.016284230076562115
2025-03-31,-0.057544697681374934,-0.08213335251160936,0.09629631343799461,0.02465598004633418,0.057767618943864285,-0.03219996182323204,-0.08341795773895222,0.12858656220647013,-0.020932541539288918,-0.010125492578164863,0.012989605819312303,0.01788368269966497,0.006981010478691989,0.014200487482359591,0.006676766834419727,-0.0432980032244258,-0.09125557905448156,0.23250068387670322,0.018844130098195244,-0.02599067075414651,-0.05729607843366986,-0.1150889052017296,0.38271040633350717,0.02778529703905819,-0.036765247309332776,-0.10133702671788436,-0.13746143658460508,-0.03174023195899689,-0.17366183152698056,-0.10833208500969727,0.9576053881751357,0.0375612175444737,0.25554017852494176,0.05447398314405639,0.07066300695654545,0.23270684448528695,0.10367880908127829,0.11175867033688128,0.27455607157414025,-0.06524825031650572
2025-04-30,-0.007624943346289048,0.008500394479723283,0.0628602682716719,-0.18564638569191827,0.00859179620884154,-0.07324843179983387,-0.10098180143203417,0.1426755350957647,-0.21663862692064328,0.004172101751074742,0.03109479070738648,0.03777836495524562,0.019692121445838182,0.030780516890889217,0.012639725910149844,-0.04775269780052786,-0.046599313531582094,0.19942027182535055,-0.17620146802258932,0.03475550740038212,-0.06956641608713622,-0.06937344576469166,0.32683983044226556,-0.20672314955701118,0.04846622637574443,-0.18902206184283887,-0.23874552041134234,-0.06082997172820348,-0.25438087988986113,-0.07432219099478521,0.9829597695124126,0.14631087847420648,0.6049670182601824,0.0416720861137571,0.12379252337378606,0.5525192453210346,0.04569826819450036,0.34687894655082546,0.3366493271638156,0.07605983494081199
2025-05-31,0.04024146785732108,0.0692142337879349,0.010536611779350169,0.055298921364895115,0.01659362513046103,-0.02709426317286945,-0.010261661929526933,0.1774871570447818,-0.11942449304209668,0.084558747025816,0.009936942986917262,0.012729393827454855,0.018167018989541348,0.018171172187938633,0.011523288447280658,0.0005176595781748399,0.015813467053423447,0.1553821410416867,-0.08484246031962132,0.06945637325724145,0.0007783385206907982,0.02469126709933135,0.23680230834191482,-0.10668069391443613,0.10883645725239072,-0.08789007010050298,-0.11799762387036328,-0.06951218703824447,-0.2328504108047048,-0.019426554091986237,0.9841928907608609,-0.026397789559745706,0.5858020920300908,0.10425053694390347,-0.0715210417603346,0.5646868954240167,0.07529048647732517,0.18023871923778706,0.0731470858770573,0.04334885700889229
2025-06-30,0.05189856720810737,0.07112719721814731,0.012370136011436106,0.07406608234137213,0.030962824756056495,0.0858850791960597,0.15499964503305685,0.08734547285930128,-0.07696211862124236,0.05707504126855323,0.006324281678777853,0.00780055496856013,0.012107483258932492,0.03514091549816043,0.0065773673889553885,0.06317866346867257,0.08615212486096598,0.11979587322067194,-0.015766559896448977,0.1164665449781648,0.09795495238384182,0.14296295586477567,0.1837350579001979,-0.020851345916211007,0.18838952123398603,-0.024594048985705275,-0.02268205848955629,-0.041545656161203315,-0.14093150294387902,-0.020732485205693485,0.987645953324118,-0.010508901985892324,0.3742463886488711,0.1368137691490529,-0.0594326177093958,0.36033833920745456,0.10024218881331773,0.22458101544482242,-0.02460606447220758,0.041124447315761654
2025-07-31,0.02976286429674957,0.04653264709563043,-0.004383710800268226,0.06373831188720858,-0.02934121103153242,0.12679588423012356,0.19855663173492322,0.018552388383750618,0.20570565476035219,0.017318585440950995,0.0036604848565978216,0.0046439404682836975,0.007826271317231607,0.017398645318447162,0.004412340481127228,0.2992107779085366,0.3427042881735832,0.023621125877284703,0.10982958788222372,0.02887240753166018,0.5979057130425959,0.7726782113694408,0.03430217157107867,0.16327203802918142,0.051954056137879914,-0.007884459481093398,-0.00819057689574998,-0.043702994492532676,-0.1303883171396636,-0.03732380943239122,0.9366539932757376,-0.49189052114783594,-0.25852472686583505,0.3335908341011424,-0.5604444738193609,-0.15099210050900355,0.2927244390991919,0.08577842504439274,-0.24173441356381667,-0.12003331542205968
2025-08-31,0.01906644429503679,0.015770025485695838,0.06768497199966816,-0.07580132599005018,-0.015110833461674744,0.10385896993117316,0.1386472999431656,0.07615406071913089,0.055920313018604784,-0.014408482455017246,0.007502398235515869,0.010474181587379183,0.010522626045583672,0.014232064273259728,0.005918544190244419,0.27972981642246464,0.26757874695208883,0.12031380431277588,0.0486130585579,-0.038294387248700386,0.49644761380297103,0.44133977424757986,0.20204017195529567,0.07011692979924983,-0.05433931264492577,-0.023750503295482006,-0.028223926179495207,-0.03798014945772343,-0.16789005444839988,-0.049711752223774,0.9433882909716595,-0.20038277589588127,-0.33644221347377246,-0.004744489733890745,-0.21976302413540913,-0.23998380906828856,0.011170440447726818,0.10640158685430366,-0.26182839264984226,0.030104672224782632
2025-09-30,0.042540444017691526,0.06486855506903111,0.078225044212344,-0.04909281271213739,0.007542929315341729,0.09403858558282385,0.13199413493819723,0.14615812776708692,-0.06515787868114453,-0.03679769934421073,0.004128503333099724,0.0054814899996054114,0.008249482860418456,0.01646125047881651,0.004492854134012424,0.2871335959818796,0.28555109070473345,0.2246502460615905,-0.0629378867542075,-0.13557530173321816,0.5209714305070489,0.47231287466058075,0.3874105424810369,-0.08766825381248636,-0.17063936497393475,-0.01330043475723608,-0.017740207840994837,-0.012563433894721476,-0.19418636968916447,-0.04256123653330479,0.9232911373816057,-0.11344161878405412,-0.10545027423813198,0.0033607925625940872,-0.13427768248501165,-0.03875745187913804,0.027540937766280096,-0.18869479323818067,-0.2846022306143751,0.0666289500017269
2025-10-31,0.022686871904924022,0.046996942317762525,0.03183415531925293,-0.022286346215372732,0.04179109246603163,0.08652092401592082,0.13249634523215414,0.18785230460366287,-0.1407586847888722,0.033788174042472585,0.008587128357354762,0.012217608122106463,0.020938301754586348,0.018232092532892475,0.00520805308051802,0.2382105512515406,0.2526575588397028,0.16513827924415006,-0.11423192660185999,0.06692041309284323,0.3726144311115364,0.38981247923505485,0.22971012238790645,-0.15182156397236196,0.09751419544018707,-0.02979253549421801,-0.03640746889507229,-0.08631917537209355,-0.19891645732128416,-0.02892590546383178,0.9592119474214008,0.12098436247193776,0.1512314805379999,-0.03834332361494504,0.1323515336653651,0.13950139037325415,-0.0004473285018581755,0.03846524534997553,-0.12960153483335665,0.012014278214275885
2025-11-30,-0.004033556218158041,-0.021507790285481998,0.04221198431440065,-0.03820921669150801,0.022206232986542673,0.061891878439086945,0.09093478202407446,0.15951234673161818,-0.10580873912936106,0.07295800481613957,0.009912568330719811,0.014362943993571044,0.011866596784259043,0.01617549864172177,0.004808759875864733,0.1201743995289528,0.12043161282725427,0.1876307929329954,-0.10080520273333489,0.16742694287930154,0.16637076535524298,0.16856720747239626,0.2706782669514401,-0.1317983153532374,0.2708989859526818,-0.051100854041684074,-0.07848664237278402,-0.09150339755003589,-0.12559576879351642,-0.018181862060311804,0.964927591490884,0.2081975689835173,0.16585539939100152,-0.08251792348972548,0.2044265945888863,0.16598984631683497,-0.028026882869746268,-0.05511959913747336,-0.008526098730572201,-0.05755726462109075
2025-12-31,-0.0005241344225129785,-0.005294053873229676,0.020259041878991857,-0.019299762302984358,-0.0027992883076873865,0.018027943609062902,0.01905470806724363,0.09717629197479805,-0.07779266598711632,0.06194431511289289,0.0055582269657174915,0.007731473958757914,0.013208544672169881,0.014452252287976058,0.0047172096623873585,0.0394409804618888,0.03178635658485983,0.10042627510714305,-0.07161029093440102,0.13539118493064695,0.05305665977772986,0.04314823023478741,0.13629328248469358,-0.09607835687509238,0.22538585052415702,-0.029787152274211914,-0.058927184654239295,-0.052900672868072096,-0.1575715224819242,-0.017453410957027793,0.963876319578241,0.22408901753125612,0.24479239144315515,0.032182713145739,0.191218717847753,0.22745317028638296,0.04198278592021699,-0.04401550124393221,0.15373662802784602,-0.025457153501041902
