Date,SP500,NASDAQ,GOLD,OIL,NIFTY
2005-01-03,1202.0799560546875,2152.14990234375,428.70001220703125,42.119998931884766,
2005-01-04,1188.050048828125,2107.860107421875,428.5,43.90999984741211,
2005-01-05,1183.739990234375,2091.239990234375,426.6000061035156,43.38999938964844,
2005-01-06,1187.8900146484375,2090.0,421.0,45.560001373291016,
2005-01-07,1186.18994140625,2088.610107421875,418.8999938964844,45.43000030517578,
2005-01-10,1190.25,2097.0400390625,419.1000061035156,45.33000183105469,
2005-01-11,1182.989990234375,2079.6201171875,421.8999938964844,45.68000030517578,
2005-01-12,1187.699951171875,2092.530029296875,426.1000061035156,46.369998931884766,
2005-01-13,1177.449951171875,2070.56005859375,424.5,48.040000915527344,
2005-01-14,1184.52001953125,2087.909912109375,422.70001220703125,48.380001068115234,
2005-01-18,1195.97998046875,2106.0400390625,423.20001220703125,48.380001068115234,
2005-01-19,1184.6300048828125,2073.590087890625,423.0,47.54999923706055,
2005-01-20,1175.4100341796875,2045.8800048828125,422.3999938964844,46.90999984741211,
2005-01-21,1167.8699951171875,2034.27001953125,426.70001220703125,48.529998779296875,
2005-01-24,1163.75,2008.699951171875,426.8999938964844,48.810001373291016,
2005-01-25,1168.4100341796875,2019.949951171875,422.0,49.63999938964844,
2005-01-26,1174.0699462890625,2046.0899658203125,426.8999938964844,48.779998779296875,
2005-01-27,1174.550048828125,2047.1500244140625,426.29998779296875,48.84000015258789,
2005-01-28,1171.3599853515625,2035.8299560546875,425.79998779296875,47.18000030517578,
2005-01-31,1181.27001953125,2062.409912109375,421.79998779296875,48.20000076293945,
2005-02-01,1189.4100341796875,2068.699951171875,420.79998779296875,47.119998931884766,
2005-02-02,1193.18994140625,2075.06005859375,421.1000061035156,46.689998626708984,
2005-02-03,1189.8900146484375,2057.639892578125,416.6000061035156,46.45000076293945,
2005-02-04,1203.030029296875,2086.659912109375,414.0,46.47999954223633,
2005-02-07,1201.719970703125,2082.030029296875,413.6000061035156,45.279998779296875,
2005-02-08,1202.300048828125,2086.679931640625,412.6000061035156,45.400001525878906,
2005-02-09,1191.989990234375,2052.550048828125,412.8999938964844,45.459999084472656,
2005-02-10,1197.010009765625,2053.10009765625,417.20001220703125,47.099998474121094,
2005-02-11,1205.300048828125,2076.659912109375,420.5,47.15999984741211,
2005-02-14,1206.1400146484375,2082.909912109375,425.79998779296875,47.439998626708984,
2005-02-15,1210.1199951171875,2089.2099609375,425.8999938964844,47.2599983215332,
2005-02-16,1210.3399658203125,2087.429931640625,425.5,48.33000183105469,
2005-02-17,1200.75,2061.340087890625,427.29998779296875,47.540000915527344,
2005-02-18,1201.5899658203125,2058.6201171875,427.1000061035156,48.349998474121094,
2005-02-22,1184.1600341796875,2030.3199462890625,434.5,51.150001525878906,
2005-02-23,1190.800048828125,2031.25,434.8999938964844,51.16999816894531,
2005-02-24,1200.199951171875,2051.699951171875,434.5,51.38999938964844,
2005-02-25,1211.3699951171875,2065.39990234375,434.8999938964844,51.4900016784668,
2005-02-28,1203.5999755859375,2051.719970703125,436.5,51.75,
2005-03-01,1210.4100341796875,2071.25,432.8999938964844,51.68000030517578,
2005-03-02,1210.0799560546875,2067.5,432.79998779296875,53.04999923706055,
2005-03-03,1210.469970703125,2058.39990234375,429.8999938964844,53.56999969482422,
2005-03-04,1222.1199951171875,2070.610107421875,434.20001220703125,53.779998779296875,
2005-03-07,1225.31005859375,2090.2099609375,435.0,53.88999938964844,
2005-03-08,1219.4300537109375,2073.550048828125,440.29998779296875,54.59000015258789,
2005-03-09,1207.010009765625,2061.2900390625,442.1000061035156,54.77000045776367,
2005-03-10,1209.25,2059.719970703125,442.79998779296875,53.540000915527344,
2005-03-11,1200.0799560546875,2041.5999755859375,446.20001220703125,54.43000030517578,
2005-03-14,1206.8299560546875,2051.0400390625,441.1000061035156,54.95000076293945,
2005-03-15,1197.75,2034.97998046875,440.8999938964844,55.04999923706055,
2005-03-16,1188.0699462890625,2015.75,443.70001220703125,56.459999084472656,
2005-03-17,1190.2099609375,2016.4200439453125,438.70001220703125,56.400001525878906,
2005-03-18,1189.6500244140625,2007.7900390625,439.29998779296875,56.720001220703125,
2005-03-21,1183.780029296875,2007.510009765625,431.1000061035156,56.619998931884766,
2005-03-22,1171.7099609375,1989.3399658203125,431.29998779296875,56.029998779296875,
2005-03-23,1172.530029296875,1990.219970703125,425.20001220703125,53.810001373291016,
2005-03-24,1171.4200439453125,1991.06005859375,424.70001220703125,54.84000015258789,
2005-03-28,1174.280029296875,1992.52001953125,425.8999938964844,54.04999923706055,
2005-03-29,1165.3599853515625,1973.8800048828125,426.0,54.22999954223633,
2005-03-30,1181.4100341796875,2005.6700439453125,,53.9900016784668,
2005-03-31,1180.5899658203125,1999.22998046875,428.70001220703125,55.400001525878906,
2005-04-01,1172.9200439453125,1984.81005859375,425.8999938964844,57.27000045776367,
2005-04-04,1176.1199951171875,1991.0699462890625,423.8999938964844,57.0099983215332,
2005-04-05,1181.3900146484375,1999.3199462890625,424.5,56.040000915527344,
2005-04-06,1184.0699462890625,1999.1400146484375,427.1000061035156,55.849998474121094,
2005-04-07,1191.1400146484375,2018.7900390625,426.5,54.11000061035156,
2005-04-08,1181.199951171875,1999.3499755859375,426.8999938964844,53.31999969482422,
2005-04-11,1181.2099609375,1992.1199951171875,428.6000061035156,53.709999084472656,
2005-04-12,1187.760009765625,2005.4000244140625,427.6000061035156,51.86000061035156,
2005-04-13,1173.7900390625,1974.3699951171875,429.29998779296875,50.220001220703125,
2005-04-14,1162.050048828125,1946.7099609375,424.0,51.130001068115234,
2005-04-15,1142.6199951171875,1908.1500244140625,424.8999938964844,50.4900016784668,
2005-04-18,1145.97998046875,1912.9200439453125,427.5,50.369998931884766,
2005-04-19,1152.780029296875,1932.3599853515625,432.8999938964844,52.290000915527344,
2005-04-20,1137.5,1913.760009765625,435.29998779296875,52.439998626708984,
2005-04-21,1159.949951171875,1962.4100341796875,433.0,54.20000076293945,
2005-04-22,1152.1199951171875,1932.18994140625,434.29998779296875,55.38999938964844,
2005-04-25,1162.0999755859375,1950.780029296875,434.6000061035156,54.56999969482422,
2005-04-26,1151.8299560546875,1927.43994140625,437.8999938964844,54.20000076293945,
2005-04-27,1156.3800048828125,1930.4300537109375,433.0,51.61000061035156,
2005-04-28,1143.219970703125,1904.1800537109375,,51.77000045776367,
2005-04-29,1156.8499755859375,1921.6500244140625,435.0,49.720001220703125,
2005-05-02,1162.1600341796875,1928.6500244140625,429.5,50.91999816894531,
2005-05-03,1161.1700439453125,1933.0699462890625,426.70001220703125,49.5,
2005-05-04,1175.6500244140625,1962.22998046875,429.0,50.130001068115234,
2005-05-05,1172.6300048828125,1961.800048828125,429.79998779296875,50.83000183105469,
2005-05-06,1171.3499755859375,1967.3499755859375,426.1000061035156,50.959999084472656,
2005-05-09,1178.8399658203125,1979.6700439453125,426.20001220703125,52.029998779296875,
2005-05-10,1166.219970703125,1962.77001953125,427.20001220703125,52.06999969482422,
2005-05-11,1171.1099853515625,1971.550048828125,427.20001220703125,50.45000076293945,
2005-05-12,1159.3599853515625,1963.8800048828125,421.6000061035156,48.540000915527344,
2005-05-13,1154.050048828125,1976.780029296875,420.20001220703125,48.66999816894531,
2005-05-16,1165.68994140625,1994.4300537109375,418.8999938964844,48.61000061035156,
2005-05-17,1173.800048828125,2004.1500244140625,419.3999938964844,48.970001220703125,
2005-05-18,1185.56005859375,2030.6500244140625,421.5,47.25,
2005-05-19,1191.0799560546875,2042.5799560546875,420.5,46.91999816894531,
2005-05-20,1189.280029296875,2046.4200439453125,417.3999938964844,46.79999923706055,
2005-05-23,1193.8599853515625,2056.64990234375,416.6000061035156,49.15999984741211,
2005-05-24,1194.0699462890625,2061.6201171875,417.5,49.66999816894531,
2005-05-25,1190.010009765625,2050.1201171875,418.79998779296875,50.97999954223633,
2005-05-26,1197.6199951171875,2071.239990234375,418.0,51.0099983215332,
2005-05-27,1198.780029296875,2075.72998046875,419.79998779296875,51.849998474121094,
2005-05-31,1191.5,2068.219970703125,416.29998779296875,51.970001220703125,
2005-06-01,1202.219970703125,2087.860107421875,415.29998779296875,54.599998474121094,
2005-06-02,1204.2900390625,2097.800048828125,422.70001220703125,53.630001068115234,
2005-06-03,1196.02001953125,2071.429931640625,423.70001220703125,55.029998779296875,
2005-06-06,1197.510009765625,2075.760009765625,426.5,54.4900016784668,
2005-06-07,1197.260009765625,2067.159912109375,424.79998779296875,53.7599983215332,
2005-06-08,1194.6700439453125,2060.179931640625,424.70001220703125,52.540000915527344,
2005-06-09,1200.9300537109375,2076.909912109375,424.20001220703125,54.279998779296875,
2005-06-10,1198.1099853515625,2063.0,427.3999938964844,53.540000915527344,
2005-06-13,1200.8199462890625,2068.9599609375,429.29998779296875,55.619998931884766,
2005-06-14,1203.9100341796875,2069.0400390625,427.5,55.0,
2005-06-15,1206.5799560546875,2074.919921875,429.1000061035156,55.56999969482422,
2005-06-16,1210.9599609375,2089.14990234375,436.20001220703125,56.58000183105469,
2005-06-17,1216.9599609375,2090.110107421875,438.29998779296875,58.470001220703125,
2005-06-20,1216.0999755859375,2088.1298828125,438.3999938964844,59.369998931884766,
2005-06-21,1213.6099853515625,2091.070068359375,438.8999938964844,58.900001525878906,
2005-06-22,1213.8800048828125,2092.030029296875,438.1000061035156,58.09000015258789,
2005-06-23,1200.72998046875,2070.659912109375,441.70001220703125,59.41999816894531,
2005-06-24,1191.5699462890625,2053.27001953125,440.5,59.84000015258789,
2005-06-27,1190.68994140625,2045.199951171875,440.29998779296875,60.540000915527344,
2005-06-28,1201.5699462890625,2069.889892578125,436.3999938964844,58.20000076293945,
2005-06-29,1199.8499755859375,2068.889892578125,,57.2599983215332,
2005-06-30,1191.3299560546875,2056.9599609375,435.8999938964844,56.5,
2005-07-01,1194.43994140625,2057.3701171875,427.79998779296875,58.75,
2005-07-05,1204.989990234375,2078.75,422.8999938964844,59.59000015258789,
2005-07-06,1194.93994140625,2068.64990234375,423.5,61.279998779296875,
2005-07-07,1197.8699951171875,2075.659912109375,423.29998779296875,60.72999954223633,
2005-07-08,1211.8599853515625,2112.8798828125,422.8999938964844,59.630001068115234,
2005-07-11,1219.43994140625,2135.429931640625,425.5,58.91999816894531,
2005-07-12,1222.2099609375,2143.14990234375,426.29998779296875,60.619998931884766,
2005-07-13,1223.2900390625,2144.110107421875,423.8999938964844,60.0099983215332,
2005-07-14,1226.5,2152.820068359375,419.6000061035156,57.79999923706055,
2005-07-15,1227.9200439453125,2156.780029296875,420.70001220703125,58.09000015258789,
2005-07-18,1221.1300048828125,2144.8701171875,420.5,57.31999969482422,
2005-07-19,1229.3499755859375,2173.179931640625,419.70001220703125,57.459999084472656,
2005-07-20,1235.199951171875,2188.570068359375,421.70001220703125,56.720001220703125,
2005-07-21,1227.0400390625,2178.60009765625,425.3999938964844,57.130001068115234,
2005-07-22,1233.6800537109375,2179.739990234375,424.70001220703125,58.650001525878906,
2005-07-25,1229.030029296875,2166.739990234375,425.70001220703125,59.0,
2005-07-26,1231.1600341796875,2175.989990234375,423.3999938964844,59.20000076293945,
2005-07-27,1236.7900390625,2186.219970703125,424.70001220703125,59.11000061035156,
2005-07-28,1243.719970703125,2198.43994140625,427.29998779296875,59.939998626708984,
2005-07-29,1234.1800537109375,2184.830078125,429.8999938964844,60.56999969482422,
2005-08-01,1235.3499755859375,2195.3798828125,431.8999938964844,61.56999969482422,
2005-08-02,1244.1199951171875,2218.14990234375,431.8999938964844,61.88999938964844,
2005-08-03,1245.0400390625,2216.81005859375,436.8999938964844,60.86000061035156,
2005-08-04,1235.8599853515625,2191.320068359375,437.8999938964844,61.380001068115234,
2005-08-05,1226.4200439453125,2177.909912109375,437.20001220703125,62.310001373291016,
2005-08-08,1223.1300048828125,2164.389892578125,434.70001220703125,63.939998626708984,
2005-08-09,1231.3800048828125,2174.18994140625,434.20001220703125,63.06999969482422,
2005-08-10,1229.1300048828125,2157.81005859375,436.5,64.9000015258789,
2005-08-11,1237.81005859375,2174.550048828125,445.5,65.80000305175781,
2005-08-12,1230.3900146484375,2156.89990234375,445.8999938964844,66.86000061035156,
2005-08-15,1233.8699951171875,2167.0400390625,442.20001220703125,66.2699966430664,
2005-08-16,1219.3399658203125,2137.06005859375,446.1000061035156,66.08000183105469,
2005-08-17,1220.239990234375,2145.14990234375,439.8999938964844,63.25,
2005-08-18,1219.02001953125,2136.080078125,439.5,63.27000045776367,
2005-08-19,1219.7099609375,2135.56005859375,437.20001220703125,65.3499984741211,
2005-08-22,1221.72998046875,2141.409912109375,438.1000061035156,65.44999694824219,
2005-08-23,1217.5899658203125,2137.25,439.3999938964844,65.70999908447266,
2005-08-24,1209.5899658203125,2128.909912109375,437.29998779296875,67.31999969482422,
2005-08-25,1212.3699951171875,2134.3701171875,438.3999938964844,67.48999786376953,
2005-08-26,1205.0999755859375,2120.77001953125,437.3999938964844,66.12999725341797,
2005-08-29,1212.280029296875,2137.64990234375,437.0,67.19999694824219,
2005-08-30,1208.4100341796875,2129.760009765625,431.20001220703125,69.80999755859375,
2005-08-31,1220.3299560546875,2152.090087890625,433.79998779296875,68.94000244140625,
2005-09-01,1221.5899658203125,2147.89990234375,442.29998779296875,69.47000122070312,
2005-09-02,1218.02001953125,2141.070068359375,444.20001220703125,67.56999969482422,
2005-09-06,1233.3900146484375,2166.860107421875,444.3999938964844,65.95999908447266,
2005-09-07,1236.3599853515625,2172.030029296875,444.8999938964844,64.37000274658203,
2005-09-08,1231.6700439453125,2166.030029296875,446.70001220703125,64.48999786376953,
2005-09-09,1241.47998046875,2175.510009765625,449.0,64.08000183105469,
2005-09-12,1240.56005859375,2182.830078125,449.70001220703125,63.33000183105469,
2005-09-13,1231.199951171875,2171.75,446.1000061035156,63.11000061035156,
2005-09-14,1227.1600341796875,2149.330078125,449.79998779296875,65.08999633789062,
2005-09-15,1227.72998046875,2146.14990234375,455.5,64.75,
2005-09-16,1237.9100341796875,2160.35009765625,459.5,63.0,
2005-09-19,1231.02001953125,2145.260009765625,466.70001220703125,67.38999938964844,
2005-09-20,1221.3399658203125,2131.330078125,466.20001220703125,66.2300033569336,
2005-09-21,1210.199951171875,2106.639892578125,468.8999938964844,66.80000305175781,
2005-09-22,1214.6199951171875,2110.780029296875,466.6000061035156,66.5,
2005-09-23,1215.2900390625,2116.840087890625,463.5,64.19000244140625,
2005-09-26,1215.6300048828125,2121.4599609375,465.8999938964844,65.81999969482422,
2005-09-27,1215.6600341796875,2116.419921875,462.6000061035156,65.06999969482422,
2005-09-28,1216.8900146484375,2115.39990234375,469.70001220703125,66.3499984741211,
2005-09-29,1227.6800537109375,2141.219970703125,472.20001220703125,66.79000091552734,
2005-09-30,1228.81005859375,2151.68994140625,469.0,66.23999786376953,
2005-10-03,1226.699951171875,2155.429931640625,466.1000061035156,65.47000122070312,
2005-10-04,1214.469970703125,2139.360107421875,466.1000061035156,63.900001525878906,
2005-10-05,1196.3900146484375,2103.02001953125,466.1000061035156,62.790000915527344,
2005-10-06,1191.489990234375,2084.080078125,471.8999938964844,61.36000061035156,
2005-10-07,1195.9000244140625,2090.35009765625,474.70001220703125,61.84000015258789,
2005-10-10,1187.3299560546875,2078.919921875,475.1000061035156,61.79999923706055,
2005-10-11,1184.8699951171875,2061.090087890625,477.1000061035156,63.529998779296875,
2005-10-12,1177.6800537109375,2037.469970703125,473.8999938964844,64.12000274658203,
2005-10-13,1176.8399658203125,2047.219970703125,471.1000061035156,63.08000183105469,
2005-10-14,1186.5699462890625,2064.830078125,469.20001220703125,62.630001068115234,
2005-10-17,1190.0999755859375,2070.300048828125,474.1000061035156,64.36000061035156,
2005-10-18,1178.1400146484375,2056.0,472.1000061035156,63.20000076293945,
2005-10-19,1195.760009765625,2091.239990234375,463.5,62.40999984741211,
2005-10-20,1177.800048828125,2068.110107421875,461.0,61.029998779296875,
2005-10-21,1179.5899658203125,2082.2099609375,467.0,60.630001068115234,
2005-10-24,1199.3800048828125,2115.830078125,465.0,60.31999969482422,
2005-10-25,1196.5400390625,2109.449951171875,472.79998779296875,62.439998626708984,
2005-10-26,1191.3800048828125,2100.050048828125,471.20001220703125,60.65999984741211,
2005-10-27,1178.9000244140625,2063.81005859375,473.79998779296875,61.09000015258789,
2005-10-28,1198.4100341796875,2089.8798828125,473.0,61.220001220703125,
2005-10-31,1207.010009765625,2120.300048828125,465.1000061035156,59.7599983215332,
2005-11-01,1202.760009765625,2114.050048828125,458.79998779296875,59.849998474121094,
2005-11-02,1214.760009765625,2144.31005859375,462.79998779296875,59.75,
2005-11-03,1219.93994140625,2160.219970703125,460.1000061035156,61.779998779296875,
2005-11-04,1220.1400146484375,2169.429931640625,456.29998779296875,60.58000183105469,
2005-11-07,1222.81005859375,2178.239990234375,459.0,59.470001220703125,
2005-11-08,1218.5899658203125,2172.070068359375,460.8999938964844,59.709999084472656,
2005-11-09,1220.6500244140625,2175.81005859375,466.29998779296875,58.93000030517578,
2005-11-10,1230.9599609375,2196.679931640625,466.6000061035156,57.79999923706055,
2005-11-11,1234.719970703125,2202.469970703125,468.29998779296875,57.529998779296875,
2005-11-14,1233.760009765625,2200.949951171875,468.20001220703125,57.689998626708984,
2005-11-15,1229.010009765625,2186.739990234375,468.1000061035156,56.97999954223633,
2005-11-16,1231.2099609375,2187.929931640625,478.29998779296875,57.880001068115234,
2005-11-17,1242.800048828125,2220.4599609375,486.20001220703125,56.33000183105469,
2005-11-18,1248.27001953125,2227.070068359375,485.6000061035156,56.13999938964844,
2005-11-21,1254.8499755859375,2241.669921875,489.0,57.70000076293945,
2005-11-22,1261.22998046875,2253.56005859375,492.6000061035156,58.84000015258789,
2005-11-23,1265.6099853515625,2259.97998046875,492.1000061035156,58.709999084472656,
2005-11-25,1268.25,2263.010009765625,,,
2005-11-28,1257.4599609375,2239.3701171875,498.29998779296875,57.36000061035156,
2005-11-29,1257.47998046875,2232.7099609375,499.1000061035156,56.5,
2005-11-30,1249.47998046875,2232.820068359375,494.6000061035156,57.31999969482422,
2005-12-01,1264.6700439453125,2267.169921875,502.5,58.470001220703125,
2005-12-02,1265.0799560546875,2273.3701171875,503.29998779296875,59.31999969482422,
2005-12-05,1262.0899658203125,2257.639892578125,508.8999938964844,59.90999984741211,
2005-12-06,1263.699951171875,2260.760009765625,510.20001220703125,59.939998626708984,
2005-12-07,1257.3699951171875,2252.010009765625,514.2999877929688,59.209999084472656,
2005-12-08,1255.8399658203125,2246.4599609375,519.2999877929688,60.65999984741211,
2005-12-09,1259.3699951171875,2256.72998046875,527.0,59.38999938964844,
2005-12-12,1260.4300537109375,2260.949951171875,528.4000244140625,61.29999923706055,
2005-12-13,1267.4300537109375,2265.0,521.0,61.369998931884766,
2005-12-14,1272.739990234375,2262.590087890625,506.5,60.849998474121094,
2005-12-15,1270.93994140625,2260.6298828125,503.8999938964844,59.9900016784668,
2005-12-16,1267.3199462890625,2252.47998046875,503.3999938964844,58.060001373291016,
2005-12-19,1259.9200439453125,2222.739990234375,503.6000061035156,57.33000183105469,
2005-12-20,1259.6199951171875,2222.419921875,494.6000061035156,57.97999954223633,
2005-12-21,1262.7900390625,2231.659912109375,493.0,58.560001373291016,
2005-12-22,1268.1199951171875,2246.489990234375,502.70001220703125,58.279998779296875,
2005-12-23,1268.6600341796875,2249.419921875,503.0,58.43000030517578,
2005-12-27,1256.5400390625,2226.889892578125,508.0,58.15999984741211,
2005-12-28,1258.1700439453125,2228.93994140625,514.2000122070312,59.81999969482422,
2005-12-29,1254.4200439453125,2218.159912109375,515.7000122070312,60.31999969482422,
2005-12-30,1248.2900390625,2205.320068359375,517.0999755859375,61.040000915527344,
2006-01-03,1268.800048828125,2243.739990234375,530.7000122070312,63.13999938964844,
2006-01-04,1273.4599609375,2263.4599609375,533.9000244140625,63.41999816894531,
2006-01-05,1273.47998046875,2276.8701171875,526.2999877929688,62.790000915527344,
2006-01-06,1285.449951171875,2305.6201171875,539.7000122070312,64.20999908447266,
2006-01-09,1290.1500244140625,2318.68994140625,549.0999755859375,63.5,
2006-01-10,1289.68994140625,2320.320068359375,544.2999877929688,63.369998931884766,
2006-01-11,1294.1800537109375,2331.360107421875,548.7999877929688,63.939998626708984,
2006-01-12,1286.06005859375,2316.68994140625,548.2999877929688,63.939998626708984,
2006-01-13,1287.6099853515625,2317.0400390625,556.0999755859375,63.91999816894531,
2006-01-17,1282.9300537109375,2302.68994140625,553.4000244140625,66.30999755859375,
2006-01-18,1277.9300537109375,2279.639892578125,543.7000122070312,65.7300033569336,
2006-01-19,1285.0400390625,2301.81005859375,558.4000244140625,66.83000183105469,
2006-01-20,1261.489990234375,2247.699951171875,553.5,68.3499984741211,
2006-01-23,1263.8199462890625,2248.469970703125,558.2999877929688,68.0999984741211,
2006-01-24,1266.8599853515625,2265.25,557.7000122070312,67.05999755859375,
2006-01-25,1264.6800537109375,2260.64990234375,562.2000122070312,65.8499984741211,
2006-01-26,1273.8299560546875,2283.0,559.7000122070312,66.26000213623047,
2006-01-27,1283.719970703125,2304.22998046875,558.7000122070312,67.76000213623047,
2006-01-30,1285.18994140625,2306.780029296875,565.7999877929688,68.3499984741211,
2006-01-31,1280.0799560546875,2305.820068359375,570.7999877929688,67.91999816894531,
2006-02-01,1282.4599609375,2310.56005859375,569.4000244140625,66.55999755859375,
2006-02-02,1270.8399658203125,2281.570068359375,572.5,64.68000030517578,
2006-02-03,1264.030029296875,2262.580078125,567.4000244140625,65.37000274658203,
2006-02-06,1265.02001953125,2258.800048828125,570.2000122070312,65.11000061035156,
2006-02-07,1254.780029296875,2244.9599609375,551.0,63.09000015258789,
2006-02-08,1265.6500244140625,2266.97998046875,550.0999755859375,62.54999923706055,
2006-02-09,1263.780029296875,2255.8701171875,564.5,62.619998931884766,
2006-02-10,1266.989990234375,2261.8798828125,550.2000122070312,61.84000015258789,
2006-02-13,1262.8599853515625,2239.81005859375,539.0,61.2400016784668,
2006-02-14,1275.530029296875,2262.169921875,545.9000244140625,59.56999969482422,
2006-02-15,1280.0,2276.429931640625,539.7000122070312,57.70000076293945,
2006-02-16,1289.3800048828125,2294.6298828125,546.0,58.459999084472656,
2006-02-17,1287.239990234375,2282.360107421875,551.7999877929688,59.880001068115234,
2006-02-21,1283.030029296875,2262.9599609375,553.9000244140625,61.099998474121094,
2006-02-22,1292.6700439453125,2283.169921875,553.9000244140625,61.0099983215332,
2006-02-23,1287.7900390625,2279.320068359375,548.4000244140625,60.540000915527344,
2006-02-24,1289.4300537109375,2287.0400390625,558.7999877929688,62.90999984741211,
2006-02-27,1294.1199951171875,2307.179931640625,554.7000122070312,61.0,
2006-02-28,1280.6600341796875,2281.389892578125,561.5999755859375,61.40999984741211,
2006-03-01,1291.239990234375,2314.639892578125,563.5,61.970001220703125,
2006-03-02,1289.1400146484375,2311.110107421875,568.2000122070312,63.36000061035156,
2006-03-03,1287.22998046875,2302.60009765625,566.0,63.66999816894531,
2006-03-06,1278.260009765625,2286.030029296875,554.9000244140625,62.40999984741211,
2006-03-07,1275.8800048828125,2268.3798828125,552.7000122070312,61.58000183105469,
2006-03-08,1278.469970703125,2267.4599609375,542.5,60.02000045776367,
2006-03-09,1272.22998046875,2249.719970703125,545.5,60.470001220703125,
2006-03-10,1281.4200439453125,2262.0400390625,539.9000244140625,59.959999084472656,
2006-03-13,1284.1300048828125,2267.030029296875,546.0999755859375,61.77000045776367,
2006-03-14,1297.47998046875,2295.89990234375,551.7000122070312,63.099998474121094,
2006-03-15,1303.02001953125,2311.840087890625,553.0999755859375,62.16999816894531,
2006-03-16,1305.3299560546875,2299.56005859375,554.4000244140625,63.58000183105469,
2006-03-17,1307.25,2306.47998046875,554.0999755859375,62.77000045776367,
2006-03-20,1305.0799560546875,2314.110107421875,555.2000122070312,60.41999816894531,
2006-03-21,1297.22998046875,2294.22998046875,552.4000244140625,60.56999969482422,
2006-03-22,1305.0400390625,2303.35009765625,550.9000244140625,61.77000045776367,
2006-03-23,1301.6700439453125,2300.14990234375,550.0999755859375,63.90999984741211,
2006-03-24,1302.949951171875,2312.820068359375,560.0,64.26000213623047,
2006-03-27,1301.6099853515625,2315.580078125,567.0,64.16000366210938,
2006-03-28,1293.22998046875,2304.4599609375,566.5999755859375,66.06999969482422,
2006-03-29,1302.8900146484375,2337.780029296875,573.0,66.44999694824219,
2006-03-30,1300.25,2340.820068359375,586.7000122070312,67.1500015258789,
2006-03-31,1294.8699951171875,2339.7900390625,581.7999877929688,66.62999725341797,
2006-04-03,1297.81005859375,2336.739990234375,589.4000244140625,66.73999786376953,
2006-04-04,1305.9300537109375,2345.360107421875,586.0,66.2300033569336,
2006-04-05,1311.56005859375,2359.75,587.9000244140625,67.06999969482422,
2006-04-06,1309.0400390625,2361.169921875,595.2000122070312,67.94000244140625,
2006-04-07,1295.5,2339.02001953125,588.4000244140625,67.38999938964844,
2006-04-10,1296.6199951171875,2333.27001953125,597.5999755859375,68.73999786376953,
2006-04-11,1286.5699462890625,2310.35009765625,595.2000122070312,68.9800033569336,
2006-04-12,1288.1199951171875,2314.679931640625,597.5,68.62000274658203,
2006-04-13,1289.1199951171875,2326.110107421875,596.5,69.31999969482422,
2006-04-17,1285.3299560546875,2311.159912109375,615.4000244140625,70.4000015258789,
2006-04-18,1307.280029296875,2356.139892578125,620.0,71.3499984741211,
2006-04-19,1309.9300537109375,2370.8798828125,632.5999755859375,72.16999816894531,
2006-04-20,1311.4599609375,2362.550048828125,619.7999877929688,71.94999694824219,
2006-04-21,1311.280029296875,2342.860107421875,632.2000122070312,75.16999816894531,
2006-04-24,1308.1099853515625,2333.3798828125,620.5999755859375,73.33000183105469,
2006-04-25,1301.739990234375,2330.300048828125,631.0,72.87999725341797,
2006-04-26,1305.4100341796875,2333.6298828125,638.7999877929688,71.93000030517578,
2006-04-27,1309.719970703125,2344.949951171875,633.2999877929688,70.97000122070312,
2006-04-28,1310.6099853515625,2322.570068359375,651.7999877929688,71.87999725341797,
2006-05-01,1305.18994140625,2304.7900390625,657.5,73.69999694824219,
2006-05-02,1313.2099609375,2309.840087890625,664.7000122070312,74.61000061035156,
2006-05-03,1308.1199951171875,2303.969970703125,665.9000244140625,72.27999877929688,
2006-05-04,1312.25,2323.89990234375,674.2000122070312,69.94000244140625,
2006-05-05,1325.760009765625,2342.570068359375,682.2000122070312,70.19000244140625,
2006-05-08,1324.6600341796875,2344.989990234375,677.7999877929688,69.7699966430664,
2006-05-09,1325.1400146484375,2338.25,699.4000244140625,70.69000244140625,
2006-05-10,1322.8499755859375,2320.739990234375,703.7000122070312,72.12999725341797,
2006-05-11,1305.9200439453125,2272.699951171875,719.7999877929688,73.31999969482422,
2006-05-12,1291.239990234375,2243.780029296875,710.2999877929688,72.04000091552734,
2006-05-15,1294.5,2238.52001953125,683.5999755859375,69.41000366210938,
2006-05-16,1292.0799560546875,2229.1298828125,691.5,69.52999877929688,
2006-05-17,1270.3199462890625,2195.800048828125,690.5,68.69999694824219,
2006-05-18,1261.81005859375,2180.320068359375,679.5999755859375,69.44999694824219,
2006-05-19,1267.030029296875,2193.8798828125,656.7000122070312,68.52999877929688,
2006-05-22,1262.0699462890625,2172.860107421875,657.0,69.2300033569336,
2006-05-23,1256.5799560546875,2158.760009765625,673.0,71.76000213623047,
2006-05-24,1258.5699462890625,2169.169921875,637.0,69.86000061035156,
2006-05-25,1272.8800048828125,2198.239990234375,648.4000244140625,71.31999969482422,
2006-05-26,1280.1600341796875,2210.3701171875,650.9000244140625,71.37000274658203,
2006-05-30,1259.8699951171875,2164.739990234375,653.9000244140625,72.02999877929688,
2006-05-31,1270.0899658203125,2178.8798828125,642.5,71.29000091552734,
2006-06-01,1285.7099609375,2219.860107421875,627.5999755859375,70.33999633789062,
2006-06-02,1288.219970703125,2219.409912109375,635.5,72.33000183105469,
2006-06-05,1265.2900390625,2169.6201171875,643.2000122070312,72.5999984741211,
2006-06-06,1263.8499755859375,2162.780029296875,629.4000244140625,72.5,
2006-06-07,1256.1500244140625,2151.800048828125,627.4000244140625,70.81999969482422,
2006-06-08,1257.9300537109375,2145.320068359375,609.0999755859375,70.3499984741211,
2006-06-09,1252.300048828125,2135.06005859375,608.2000122070312,71.62999725341797,
2006-06-12,1237.43994140625,2091.320068359375,606.7999877929688,70.36000061035156,
2006-06-13,1223.68994140625,2072.469970703125,562.5,68.55999755859375,
2006-06-14,1230.0400390625,2086.0,562.2999877929688,69.13999938964844,
2006-06-15,1256.1600341796875,2144.14990234375,566.5,69.5,
2006-06-16,1251.5400390625,2129.949951171875,578.0,69.87999725341797,
2006-06-19,1240.1300048828125,2110.419921875,568.7999877929688,68.9800033569336,
2006-06-20,1240.1199951171875,2107.06005859375,576.9000244140625,68.94000244140625,
2006-06-21,1252.199951171875,2141.199951171875,587.5,70.33000183105469,
2006-06-22,1245.5999755859375,2122.97998046875,582.2000122070312,70.83999633789062,
2006-06-23,1244.5,2121.469970703125,584.7999877929688,70.87000274658203,
2006-06-26,1250.56005859375,2133.669921875,584.7999877929688,71.80000305175781,
2006-06-27,1239.199951171875,2100.25,581.5999755859375,71.91999816894531,
2006-06-28,1246.0,2111.840087890625,578.2999877929688,72.19000244140625,
2006-06-29,1272.8699951171875,2174.3798828125,586.5,73.5199966430664,
2006-06-30,1270.199951171875,2172.090087890625,613.5,73.9800033569336,
2006-07-03,1280.18994140625,2190.429931640625,,,
2006-07-05,1270.9100341796875,2153.340087890625,627.2999877929688,75.19000244140625,
2006-07-06,1274.0799560546875,2155.090087890625,634.0999755859375,75.13999938964844,
2006-07-07,1265.47998046875,2130.06005859375,632.7999877929688,74.08999633789062,
2006-07-10,1267.3399658203125,2116.929931640625,624.0999755859375,73.61000061035156,
2006-07-11,1272.4300537109375,2128.860107421875,641.2000122070312,74.16000366210938,
2006-07-12,1258.5999755859375,2090.239990234375,649.4000244140625,74.94999694824219,
2006-07-13,1242.280029296875,2054.110107421875,652.9000244140625,76.69999694824219,
2006-07-14,1236.199951171875,2037.3499755859375,666.5999755859375,77.02999877929688,
2006-07-17,1234.489990234375,2037.719970703125,650.5999755859375,75.30000305175781,
2006-07-18,1236.8599853515625,2043.219970703125,628.2999877929688,73.54000091552734,
2006-07-19,1259.81005859375,2080.7099609375,641.5999755859375,72.66000366210938,
2006-07-20,1249.1300048828125,2039.4200439453125,631.7000122070312,73.08000183105469,
2006-07-21,1240.2900390625,2020.3900146484375,619.5999755859375,74.43000030517578,
2006-07-24,1260.9100341796875,2061.840087890625,612.7000122070312,75.05000305175781,
2006-07-25,1268.8800048828125,2073.89990234375,617.5999755859375,73.75,
2006-07-26,1268.4000244140625,2070.4599609375,621.5999755859375,73.94000244140625,
2006-07-27,1263.199951171875,2054.469970703125,632.4000244140625,74.54000091552734,
2006-07-28,1278.550048828125,2094.139892578125,634.7999877929688,73.23999786376953,
2006-07-31,1276.6600341796875,2091.469970703125,634.2000122070312,74.4000015258789,
2006-08-01,1270.9200439453125,2061.989990234375,646.2999877929688,74.91000366210938,
2006-08-02,1277.4100341796875,2078.81005859375,651.5999755859375,75.80999755859375,
2006-08-03,1280.27001953125,2092.340087890625,644.9000244140625,75.45999908447266,
2006-08-04,1279.3599853515625,2085.050048828125,644.0,74.76000213623047,
2006-08-07,1275.77001953125,2072.5,647.7999877929688,76.9800033569336,
2006-08-08,1271.47998046875,2060.85009765625,645.7000122070312,76.30999755859375,
2006-08-09,1265.949951171875,2060.280029296875,650.5,76.3499984741211,
2006-08-10,1271.81005859375,2071.739990234375,634.9000244140625,74.0,
2006-08-11,1266.739990234375,2057.7099609375,633.5,74.3499984741211,
2006-08-14,1268.2099609375,2069.0400390625,628.5,73.52999877929688,
2006-08-15,1285.5799560546875,2115.010009765625,622.5,73.05000305175781,
2006-08-16,1295.4300537109375,2149.5400390625,628.7000122070312,71.88999938964844,
2006-08-17,1297.47998046875,2157.610107421875,615.4000244140625,70.05999755859375,
2006-08-18,1302.300048828125,2163.949951171875,612.0999755859375,71.13999938964844,
2006-08-21,1297.52001953125,2147.75,625.7000122070312,72.44999694824219,
2006-08-22,1298.8199462890625,2150.02001953125,624.5999755859375,72.62999725341797,
2006-08-23,1292.989990234375,2134.659912109375,623.7000122070312,71.76000213623047,
2006-08-24,1296.06005859375,2137.110107421875,619.5,72.36000061035156,
2006-08-25,1295.0899658203125,2140.2900390625,622.0,72.51000213623047,
2006-08-28,1301.780029296875,2160.699951171875,615.2999877929688,70.61000061035156,
2006-08-29,1304.280029296875,2172.300048828125,610.7000122070312,69.70999908447266,
2006-08-30,1305.3699951171875,2185.72998046875,617.7000122070312,70.02999877929688,
2006-08-31,1303.8199462890625,2183.75,625.9000244140625,70.26000213623047,
2006-09-01,1311.010009765625,2193.159912109375,624.4000244140625,69.19000244140625,
2006-09-04,,,624.4000244140625,68.0199966430664,
2006-09-05,1313.25,2205.699951171875,638.5,68.5999984741211,
2006-09-06,1300.260009765625,2167.840087890625,633.5,67.5,
2006-09-07,1294.02001953125,2155.2900390625,617.0,67.31999969482422,
2006-09-08,1298.9200439453125,2165.7900390625,609.5999755859375,66.25,
2006-09-11,1299.5400390625,2173.25,590.0,65.61000061035156,
2006-09-12,1313.0,2215.820068359375,586.9000244140625,63.7599983215332,
2006-09-13,1318.0699462890625,2227.669921875,589.0999755859375,63.970001220703125,
2006-09-14,1316.280029296875,2228.72998046875,579.2999877929688,63.220001220703125,
2006-09-15,1319.6600341796875,2235.590087890625,576.4000244140625,63.33000183105469,
2006-09-18,1321.1800537109375,2235.75,586.2000122070312,63.79999923706055,
2006-09-19,1317.6400146484375,2222.3701171875,576.7999877929688,61.65999984741211,
2006-09-20,1325.1800537109375,2252.889892578125,580.0,60.459999084472656,
2006-09-21,1318.030029296875,2237.75,582.2000122070312,61.59000015258789,
2006-09-22,1314.780029296875,2218.929931640625,589.4000244140625,60.54999923706055,
2006-09-25,1326.3699951171875,2249.070068359375,589.9000244140625,61.45000076293945,
2006-09-26,1336.3499755859375,2261.340087890625,591.2000122070312,61.0099983215332,
2006-09-27,1336.5899658203125,2263.389892578125,597.2999877929688,62.959999084472656,
2006-09-28,1338.8800048828125,2270.02001953125,605.0,62.7599983215332,
2006-09-29,1335.8499755859375,2258.429931640625,598.5999755859375,62.90999984741211,
2006-10-02,1331.3199462890625,2237.60009765625,597.7000122070312,61.029998779296875,
2006-10-03,1334.1099853515625,2243.64990234375,576.2999877929688,58.68000030517578,
2006-10-04,1350.199951171875,2290.949951171875,562.0,59.40999984741211,
2006-10-05,1353.219970703125,2306.340087890625,571.0,60.029998779296875,
2006-10-06,1349.5899658203125,2299.989990234375,572.4000244140625,59.7599983215332,
2006-10-09,1350.6600341796875,2311.77001953125,578.4000244140625,59.959999084472656,
2006-10-10,1353.4200439453125,2315.429931640625,571.9000244140625,58.52000045776367,
2006-10-11,1349.949951171875,2308.27001953125,572.2999877929688,57.59000015258789,
2006-10-12,1362.8299560546875,2346.179931640625,576.2999877929688,57.86000061035156,
2006-10-13,1365.6199951171875,2357.2900390625,588.7999877929688,58.56999969482422,
2006-10-16,1369.06005859375,2363.840087890625,594.7000122070312,59.939998626708984,
2006-10-17,1364.050048828125,2344.949951171875,589.7000122070312,58.93000030517578,
2006-10-18,1365.800048828125,2337.14990234375,588.9000244140625,57.650001525878906,
2006-10-19,1366.9599609375,2340.93994140625,599.0,58.5,
2006-10-20,1368.5999755859375,2342.300048828125,593.0,56.81999969482422,
2006-10-23,1377.02001953125,2355.56005859375,579.7000122070312,58.810001373291016,
2006-10-24,1377.3800048828125,2344.840087890625,584.4000244140625,59.349998474121094,
2006-10-25,1382.219970703125,2356.590087890625,587.5999755859375,61.400001525878906,
2006-10-26,1389.0799560546875,2379.10009765625,596.7999877929688,60.36000061035156,
2006-10-27,1377.3399658203125,2350.6201171875,598.2000122070312,60.75,
2006-10-30,1377.9300537109375,2363.77001953125,604.7000122070312,58.36000061035156,
2006-10-31,1377.93994140625,2366.7099609375,604.0999755859375,58.72999954223633,
2006-11-01,1367.81005859375,2334.35009765625,616.5999755859375,58.709999084472656,
2006-11-02,1367.3399658203125,2334.02001953125,625.4000244140625,57.880001068115234,
2006-11-03,1364.300048828125,2330.7900390625,626.9000244140625,59.13999938964844,
2006-11-06,1379.780029296875,2365.949951171875,625.7999877929688,60.02000045776367,
2006-11-07,1382.8399658203125,2375.8798828125,625.7000122070312,58.93000030517578,
2006-11-08,1385.719970703125,2384.93994140625,616.4000244140625,59.83000183105469,
2006-11-09,1378.3299560546875,2376.010009765625,635.0,61.15999984741211,
2006-11-10,1380.9000244140625,2389.719970703125,628.4000244140625,59.59000015258789,
2006-11-13,1384.4200439453125,2406.3798828125,624.2000122070312,58.58000183105469,
2006-11-14,1393.219970703125,2430.659912109375,623.7999877929688,58.279998779296875,
2006-11-15,1396.5699462890625,2442.75,622.5,58.7599983215332,
2006-11-16,1399.760009765625,2449.06005859375,620.5999755859375,56.2599983215332,
2006-11-17,1401.199951171875,2445.860107421875,621.5,55.810001373291016,
2006-11-20,1400.5,2452.719970703125,621.2000122070312,58.79999923706055,
2006-11-21,1402.81005859375,2454.840087890625,628.2000122070312,60.16999816894531,
2006-11-22,1406.0899658203125,2465.97998046875,628.7000122070312,59.2400016784668,
2006-11-24,1400.949951171875,2460.260009765625,628.7000122070312,,
2006-11-27,1381.9599609375,2405.919921875,,60.31999969482422,
2006-11-28,1386.719970703125,2412.610107421875,637.2000122070312,60.9900016784668,
2006-11-29,1399.47998046875,2432.22998046875,635.5,62.459999084472656,
2006-11-30,1400.6300048828125,2431.77001953125,646.9000244140625,63.130001068115234,
2006-12-01,1396.7099609375,2413.2099609375,644.7000122070312,63.43000030517578,
2006-12-04,1409.1199951171875,2448.389892578125,645.2000122070312,62.439998626708984,
2006-12-05,1414.760009765625,2452.3798828125,642.2999877929688,62.43000030517578,
2006-12-06,1412.9000244140625,2445.860107421875,630.5,62.189998626708984,
2006-12-07,1407.2900390625,2427.68994140625,631.9000244140625,62.4900016784668,
2006-12-08,1409.8399658203125,2437.360107421875,626.0999755859375,62.029998779296875,
2006-12-11,1413.0400390625,2442.860107421875,630.0,61.220001220703125,
2006-12-12,1411.56005859375,2431.60009765625,627.0,61.02000045776367,
2006-12-13,1413.2099609375,2432.409912109375,627.9000244140625,61.369998931884766,
2006-12-14,1425.489990234375,2453.85009765625,626.5999755859375,62.5099983215332,
2006-12-15,1427.0899658203125,2457.199951171875,615.0,63.43000030517578,
2006-12-18,1422.47998046875,2435.570068359375,614.0,62.209999084472656,
2006-12-19,1425.550048828125,2429.550048828125,621.5999755859375,63.150001525878906,
2006-12-20,1423.530029296875,2427.610107421875,620.5999755859375,63.720001220703125,
2006-12-21,1418.300048828125,2415.85009765625,618.2000122070312,62.65999984741211,
2006-12-22,1410.760009765625,2401.179931640625,619.0999755859375,62.40999984741211,
2006-12-26,1416.9000244140625,2413.510009765625,623.7000122070312,61.099998474121094,
2006-12-27,1426.8399658203125,2431.219970703125,627.2000122070312,60.34000015258789,
2006-12-28,1424.72998046875,2425.570068359375,634.0999755859375,60.529998779296875,
2006-12-29,1418.300048828125,2415.2900390625,635.2000122070312,61.04999923706055,
2007-01-02,,,635.2000122070312,61.04999923706055,
2007-01-03,1416.5999755859375,2423.159912109375,627.0999755859375,58.31999969482422,
2007-01-04,1418.3399658203125,2453.429931640625,623.9000244140625,55.59000015258789,
2007-01-05,1409.7099609375,2434.25,604.9000244140625,56.310001373291016,
2007-01-08,1412.8399658203125,2438.199951171875,607.5,56.09000015258789,
2007-01-09,1412.1099853515625,2443.830078125,613.0999755859375,55.63999938964844,
2007-01-10,1414.8499755859375,2459.330078125,611.5999755859375,54.02000045776367,
2007-01-11,1423.8199462890625,2484.85009765625,612.4000244140625,51.880001068115234,
2007-01-12,1430.72998046875,2502.820068359375,625.5,52.9900016784668,
2007-01-16,1431.9000244140625,2497.780029296875,624.5999755859375,51.209999084472656,
2007-01-17,1430.6199951171875,2479.419921875,632.0999755859375,52.2400016784668,
2007-01-18,1426.3699951171875,2443.2099609375,627.0999755859375,50.47999954223633,
2007-01-19,1430.5,2451.31005859375,635.5,51.9900016784668,
2007-01-22,1422.949951171875,2431.070068359375,633.2999877929688,51.130001068115234,
2007-01-23,1427.989990234375,2431.409912109375,645.2000122070312,55.040000915527344,
2007-01-24,1440.1300048828125,2466.280029296875,647.5999755859375,55.369998931884766,
2007-01-25,1423.9000244140625,2434.239990234375,647.7999877929688,54.22999954223633,
2007-01-26,1422.1800537109375,2435.489990234375,644.5,55.41999816894531,
2007-01-29,1420.6199951171875,2441.090087890625,643.0999755859375,54.0099983215332,
2007-01-30,1428.8199462890625,2448.639892578125,644.2000122070312,56.970001220703125,
2007-01-31,1438.239990234375,2463.929931640625,652.0,58.13999938964844,
2007-02-01,1445.93994140625,2468.3798828125,657.4000244140625,57.29999923706055,
2007-02-02,1448.3900146484375,2475.8798828125,646.2000122070312,59.02000045776367,
2007-02-05,1446.989990234375,2470.60009765625,650.9000244140625,58.7400016784668,
2007-02-06,1448.0,2471.489990234375,653.5999755859375,58.880001068115234,
2007-02-07,1450.02001953125,2490.5,652.2999877929688,57.709999084472656,
2007-02-08,1448.31005859375,2488.669921875,658.0,59.709999084472656,
2007-02-09,1438.06005859375,2459.820068359375,667.5,59.88999938964844,
2007-02-12,1433.3699951171875,2450.3798828125,662.5999755859375,57.810001373291016,
2007-02-13,1444.260009765625,2459.8798828125,663.9000244140625,59.060001373291016,
2007-02-14,1455.300048828125,2488.3798828125,667.4000244140625,58.0,
2007-02-15,1456.81005859375,2497.10009765625,667.2999877929688,57.9900016784668,
2007-02-16,1455.5400390625,2496.31005859375,668.7999877929688,59.38999938964844,
2007-02-20,1459.6800537109375,2513.0400390625,657.0999755859375,58.06999969482422,
2007-02-21,1457.6300048828125,2518.419921875,680.2000122070312,60.06999969482422,
2007-02-22,1456.3800048828125,2524.93994140625,679.4000244140625,60.95000076293945,
2007-02-23,1451.18994140625,2515.10009765625,683.0999755859375,61.13999938964844,
2007-02-26,1449.3699951171875,2504.52001953125,686.5,61.38999938964844,
2007-02-27,1399.0400390625,2407.860107421875,683.9000244140625,61.459999084472656,
2007-02-28,1406.8199462890625,2416.14990234375,669.4000244140625,61.790000915527344,
2007-03-01,1403.1700439453125,2404.2099609375,662.2999877929688,62.0,
2007-03-02,1387.1700439453125,2368.0,641.5,61.63999938964844,
2007-03-05,1374.1199951171875,2340.679931640625,636.7000122070312,60.06999969482422,
2007-03-06,1395.4100341796875,2385.139892578125,643.7999877929688,60.689998626708984,
2007-03-07,1391.969970703125,2374.639892578125,650.5999755859375,61.81999969482422,
2007-03-08,1401.8900146484375,2387.72998046875,653.4000244140625,61.63999938964844,
2007-03-09,1402.8399658203125,2387.550048828125,650.0,60.04999923706055,
2007-03-12,1406.5999755859375,2402.2900390625,648.4000244140625,58.90999984741211,
2007-03-13,1377.949951171875,2350.570068359375,647.5999755859375,57.93000030517578,
2007-03-14,1387.1700439453125,2371.739990234375,640.9000244140625,58.15999984741211,
2007-03-15,1392.280029296875,2378.699951171875,645.7000122070312,57.54999923706055,
2007-03-16,1386.949951171875,2372.659912109375,652.5999755859375,57.11000061035156,
2007-03-19,1402.06005859375,2394.409912109375,653.0999755859375,56.59000015258789,
2007-03-20,1410.93994140625,2408.2099609375,657.9000244140625,56.72999954223633,
2007-03-21,1435.0400390625,2455.919921875,659.0,59.61000061035156,
2007-03-22,1434.5400390625,2451.739990234375,663.4000244140625,61.689998626708984,
2007-03-23,1436.1099853515625,2448.929931640625,656.7000122070312,62.279998779296875,
2007-03-26,1437.5,2455.6298828125,663.4000244140625,62.90999984741211,
2007-03-27,1428.6099853515625,2437.429931640625,662.0999755859375,62.93000030517578,
2007-03-28,1417.22998046875,2417.10009765625,666.5,64.08000183105469,
2007-03-29,1422.530029296875,2417.8798828125,661.5,66.02999877929688,
2007-03-30,1420.8599853515625,2421.639892578125,663.0,65.87000274658203,
2007-04-02,1424.550048828125,2422.260009765625,665.7000122070312,65.94000244140625,
2007-04-03,1437.77001953125,2450.330078125,664.0,64.63999938964844,
2007-04-04,1439.3699951171875,2458.68994140625,672.0999755859375,64.37999725341797,
2007-04-05,1443.760009765625,2471.340087890625,674.2000122070312,64.27999877929688,
2007-04-09,1444.6099853515625,2469.179931640625,671.9000244140625,61.5099983215332,
2007-04-10,1448.3900146484375,2477.610107421875,676.5,61.88999938964844,
2007-04-11,1438.8699951171875,2459.31005859375,676.7999877929688,62.0099983215332,
2007-04-12,1447.800048828125,2480.320068359375,675.0999755859375,63.849998474121094,
2007-04-13,1452.8499755859375,2491.93994140625,685.4000244140625,63.630001068115234,
2007-04-16,1468.3299560546875,2518.330078125,690.0999755859375,63.61000061035156,
2007-04-17,1471.47998046875,2516.949951171875,688.2000122070312,63.099998474121094,
2007-04-18,1472.5,2510.5,689.0999755859375,63.130001068115234,
2007-04-19,1470.72998046875,2505.35009765625,684.2999877929688,61.83000183105469,
2007-04-20,1484.3499755859375,2526.389892578125,692.0,63.380001068115234,
2007-04-23,1480.9300537109375,2523.669921875,690.5999755859375,65.88999938964844,
2007-04-24,1480.4100341796875,2524.5400390625,684.2000122070312,64.58000183105469,
2007-04-25,1495.4200439453125,2547.889892578125,684.0999755859375,65.83999633789062,
2007-04-26,1494.25,2554.4599609375,674.9000244140625,65.05999755859375,
2007-04-27,1494.0699462890625,2557.2099609375,678.7000122070312,66.45999908447266,
2007-04-30,1482.3699951171875,2525.090087890625,680.5,65.70999908447266,
2007-05-01,1486.300048828125,2531.530029296875,674.4000244140625,64.4000015258789,
2007-05-02,1495.9200439453125,2557.840087890625,672.2999877929688,63.68000030517578,
2007-05-03,1502.3900146484375,2565.4599609375,681.7999877929688,63.189998626708984,
2007-05-04,1505.6199951171875,2572.14990234375,687.2000122070312,61.93000030517578,
2007-05-07,1509.47998046875,2570.949951171875,688.0,61.470001220703125,
2007-05-08,1507.719970703125,2571.75,685.0999755859375,62.2599983215332,
2007-05-09,1512.5799560546875,2576.340087890625,680.2999877929688,61.54999923706055,
2007-05-10,1491.469970703125,2533.739990234375,665.0999755859375,61.810001373291016,
2007-05-11,1505.8499755859375,2562.219970703125,670.5999755859375,62.369998931884766,
2007-05-14,1503.1500244140625,2546.43994140625,668.5,62.459999084472656,
2007-05-15,1501.18994140625,2525.2900390625,673.0,63.16999816894531,
2007-05-16,1514.1400146484375,2547.419921875,660.2000122070312,62.54999923706055,
2007-05-17,1512.75,2539.3798828125,656.2000122070312,64.86000061035156,
2007-05-18,1522.75,2558.449951171875,661.0,64.94000244140625,
2007-05-21,1525.0999755859375,2578.7900390625,662.9000244140625,66.2699966430664,
2007-05-22,1524.1199951171875,2588.02001953125,659.0999755859375,64.97000122070312,
2007-05-23,1522.280029296875,2577.050048828125,661.9000244140625,65.7699966430664,
2007-05-24,1507.510009765625,2537.919921875,653.0,64.18000030517578,
2007-05-25,1515.72998046875,2557.18994140625,655.0999755859375,65.19999694824219,
2007-05-29,1518.1099853515625,2572.06005859375,657.0999755859375,63.150001525878906,
2007-05-30,1530.22998046875,2592.590087890625,653.0999755859375,63.4900016784668,
2007-05-31,1530.6199951171875,2604.52001953125,661.0,64.01000213623047,
2007-06-01,1536.3399658203125,2613.919921875,671.2000122070312,65.08000183105469,
2007-06-04,1539.1800537109375,2618.2900390625,670.7000122070312,66.20999908447266,
2007-06-05,1530.949951171875,2611.22998046875,669.5999755859375,65.61000061035156,
2007-06-06,1517.3800048828125,2587.179931640625,669.2999877929688,65.95999908447266,
2007-06-07,1490.719970703125,2541.3798828125,660.0999755859375,66.93000030517578,
2007-06-08,1507.6700439453125,2573.5400390625,645.5,64.76000213623047,
2007-06-11,1509.1199951171875,2572.14990234375,654.2999877929688,65.97000122070312,
2007-06-12,1493.0,2549.77001953125,648.5,65.3499984741211,
2007-06-13,1515.6700439453125,2582.31005859375,648.2000122070312,66.26000213623047,
2007-06-14,1522.969970703125,2599.409912109375,651.5999755859375,67.6500015258789,
2007-06-15,1532.9100341796875,2626.7099609375,654.5,68.0,
2007-06-18,1531.050048828125,2626.60009765625,655.7999877929688,69.08999633789062,
2007-06-19,1533.699951171875,2626.760009765625,660.7000122070312,69.0999984741211,
2007-06-20,1512.8399658203125,2599.9599609375,656.0999755859375,68.19000244140625,
2007-06-21,1522.18994140625,2616.9599609375,650.5999755859375,68.6500015258789,
2007-06-22,1502.56005859375,2588.9599609375,653.5,69.13999938964844,
2007-06-25,1497.739990234375,2577.080078125,651.2999877929688,69.18000030517578,
2007-06-26,1492.8900146484375,2574.159912109375,642.0999755859375,67.7699966430664,
2007-06-27,1506.3399658203125,2605.35009765625,641.7000122070312,68.97000122070312,
2007-06-28,1505.7099609375,2608.3701171875,647.5,69.56999969482422,
2007-06-29,1503.3499755859375,2603.22998046875,648.0999755859375,70.68000030517578,
2007-07-02,1519.4300537109375,2632.300048828125,656.5,71.08999633789062,
2007-07-03,1524.8699951171875,2644.949951171875,652.9000244140625,71.41000366210938,
2007-07-05,1525.4000244140625,2656.64990234375,648.4000244140625,71.80999755859375,
2007-07-06,1530.43994140625,2666.510009765625,652.7000122070312,72.80999755859375,
2007-07-09,1531.8499755859375,2670.02001953125,660.5,72.19000244140625,
2007-07-10,1510.1199951171875,2639.159912109375,662.5,72.80999755859375,
2007-07-11,1518.760009765625,2651.7900390625,660.2999877929688,72.55999755859375,
2007-07-12,1547.699951171875,2701.72998046875,666.7000122070312,72.5,
2007-07-13,1552.5,2707.0,665.7999877929688,73.93000030517578,
2007-07-16,1549.52001953125,2697.330078125,665.0,74.1500015258789,
2007-07-17,1549.3699951171875,2712.2900390625,664.7000122070312,74.0199966430664,
2007-07-18,1546.1700439453125,2699.489990234375,672.5999755859375,75.05000305175781,
2007-07-19,1553.0799560546875,2720.0400390625,677.2000122070312,75.91999816894531,
2007-07-20,1534.0999755859375,2687.60009765625,683.9000244140625,75.56999969482422,
2007-07-23,1541.5699462890625,2690.580078125,680.7999877929688,74.88999938964844,
2007-07-24,1511.0400390625,2639.860107421875,684.2000122070312,73.55999755859375,
2007-07-25,1518.0899658203125,2648.169921875,673.2999877929688,75.87999725341797,
2007-07-26,1482.6600341796875,2599.340087890625,662.5,74.94999694824219,
2007-07-27,1458.949951171875,2562.239990234375,660.0,77.0199966430664,
2007-07-30,1473.9100341796875,2583.280029296875,664.0999755859375,76.83000183105469,
2007-07-31,1455.27001953125,2546.27001953125,666.9000244140625,78.20999908447266,
2007-08-01,1465.81005859375,2553.8701171875,663.5999755859375,76.52999877929688,
2007-08-02,1472.199951171875,2575.97998046875,664.5999755859375,76.86000061035156,
2007-08-03,1433.06005859375,2511.25,672.5,75.4800033569336,
2007-08-06,1467.6700439453125,2547.330078125,671.5,72.05999755859375,
2007-08-07,1476.7099609375,2561.60009765625,670.5999755859375,72.41999816894531,
2007-08-08,1497.489990234375,2612.97998046875,674.5,72.1500015258789,
2007-08-09,1453.0899658203125,2556.489990234375,661.4000244140625,71.58999633789062,
2007-08-10,1453.6400146484375,2544.889892578125,670.2999877929688,71.47000122070312,
2007-08-13,1452.9200439453125,2542.239990234375,669.7000122070312,71.62000274658203,
2007-08-14,1426.5400390625,2499.1201171875,668.5999755859375,72.37999725341797,
2007-08-15,1406.699951171875,2458.830078125,668.9000244140625,73.33000183105469,
2007-08-16,1411.27001953125,2451.070068359375,648.2999877929688,71.0,
2007-08-17,1445.93994140625,2505.030029296875,656.9000244140625,71.9800033569336,
2007-08-20,1445.550048828125,2508.590087890625,656.7000122070312,71.12000274658203,
2007-08-21,1447.1199951171875,2521.300048828125,656.7000122070312,69.47000122070312,
2007-08-22,1464.0699462890625,2552.800048828125,659.0999755859375,69.26000213623047,
2007-08-23,1462.5,2541.699951171875,658.9000244140625,69.83000183105469,
2007-08-24,1479.3699951171875,2576.68994140625,668.0,71.08999633789062,
2007-08-27,1466.7900390625,2561.25,666.7999877929688,71.97000122070312,
2007-08-28,1432.3599853515625,2500.639892578125,664.4000244140625,71.7300033569336,
2007-08-29,1463.760009765625,2563.159912109375,666.2999877929688,73.51000213623047,
2007-08-30,1457.6400146484375,2565.300048828125,665.0,73.36000061035156,
2007-08-31,1473.989990234375,2596.360107421875,673.0,74.04000091552734,
2007-09-04,1489.4200439453125,2630.239990234375,682.5,75.08000183105469,
2007-09-05,1472.2900390625,2605.949951171875,681.7000122070312,75.7300033569336,
2007-09-06,1478.550048828125,2614.320068359375,695.5999755859375,76.30000305175781,
2007-09-07,1453.550048828125,2565.699951171875,700.7999877929688,76.69999694824219,
2007-09-10,1451.699951171875,2559.110107421875,703.2999877929688,77.48999786376953,
2007-09-11,1471.489990234375,2597.469970703125,712.2000122070312,78.2300033569336,
2007-09-12,1471.56005859375,2592.070068359375,711.9000244140625,79.91000366210938,
2007-09-13,1483.949951171875,2601.06005859375,709.5,80.08999633789062,
2007-09-14,1484.25,2602.179931640625,709.5999755859375,79.0999984741211,
2007-09-17,1476.6500244140625,2581.659912109375,715.7999877929688,80.56999969482422,4494.64990234375
2007-09-18,1519.780029296875,2651.659912109375,715.7999877929688,81.51000213623047,4546.2001953125
2007-09-19,1529.030029296875,2666.47998046875,722.0,81.93000030517578,4732.35009765625
2007-09-20,1518.75,2654.2900390625,732.4000244140625,83.31999969482422,4747.5498046875
2007-09-21,1525.75,2671.219970703125,731.4000244140625,81.62000274658203,4837.5498046875
2007-09-24,1517.72998046875,2667.949951171875,732.0999755859375,80.94999694824219,4932.2001953125
2007-09-25,1517.2099609375,2683.449951171875,731.5999755859375,79.52999877929688,4938.85009765625
2007-09-26,1525.4200439453125,2699.030029296875,728.2999877929688,80.30000305175781,4940.5
2007-09-27,1531.3800048828125,2709.590087890625,732.7000122070312,82.87999725341797,5000.5498046875
2007-09-28,1526.75,2701.5,742.7999877929688,81.66000366210938,5021.35009765625
2007-10-01,1547.0400390625,2740.989990234375,747.2000122070312,80.23999786376953,5068.9501953125
2007-10-02,1546.6300048828125,2747.110107421875,729.7999877929688,80.05000305175781,
2007-10-03,1539.5899658203125,2729.429931640625,729.2999877929688,79.94000244140625,5210.7998046875
2007-10-04,1542.8399658203125,2733.570068359375,737.7999877929688,81.44000244140625,5208.64990234375
2007-10-05,1557.5899658203125,2780.320068359375,741.2999877929688,81.22000122070312,5185.85009765625
2007-10-08,1552.5799560546875,2787.3701171875,732.7999877929688,79.0199966430664,5085.10009765625
2007-10-09,1565.1500244140625,2803.909912109375,737.4000244140625,80.26000213623047,5327.25
2007-10-10,1562.469970703125,2811.610107421875,740.4000244140625,81.30000305175781,5441.4501953125
2007-10-11,1554.4100341796875,2772.199951171875,751.2999877929688,83.08000183105469,5524.85009765625
2007-10-12,1561.800048828125,2805.679931640625,748.7000122070312,83.69000244140625,5428.25
2007-10-15,1548.7099609375,2780.050048828125,757.0999755859375,86.12999725341797,5670.39990234375
2007-10-16,1538.530029296875,2763.909912109375,757.0,87.61000061035156,5668.0498046875
2007-10-17,1541.239990234375,2792.669921875,757.5,87.4000015258789,5559.2998046875
2007-10-18,1540.0799560546875,2799.31005859375,764.0999755859375,89.47000122070312,5351.0
2007-10-19,1500.6300048828125,2725.159912109375,764.0,88.5999984741211,5215.2998046875
2007-10-22,1506.3299560546875,2753.929931640625,755.7999877929688,87.55999755859375,5184.0
2007-10-23,1519.5899658203125,2799.260009765625,759.0,85.2699966430664,5473.7001953125
2007-10-24,1515.8800048828125,2774.760009765625,761.5999755859375,87.0999984741211,5496.14990234375
2007-10-25,1514.4000244140625,2750.860107421875,767.2999877929688,90.45999908447266,5568.9501953125
2007-10-26,1535.280029296875,2804.18994140625,783.9000244140625,91.86000061035156,5702.2998046875
2007-10-29,1540.97998046875,2817.43994140625,789.0999755859375,93.52999877929688,5905.89990234375
2007-10-30,1531.02001953125,2816.7099609375,784.2999877929688,90.37999725341797,5868.75
2007-10-31,1549.3800048828125,2859.1201171875,792.0,94.52999877929688,5900.64990234375
2007-11-01,1508.43994140625,2794.830078125,790.7000122070312,93.48999786376953,5866.4501953125
2007-11-02,1509.6500244140625,2810.3798828125,805.7000122070312,95.93000030517578,5932.39990234375
2007-11-05,1502.1700439453125,2795.179931640625,808.0999755859375,93.9800033569336,5847.2998046875
2007-11-06,1520.27001953125,2825.179931640625,820.7999877929688,96.69999694824219,5786.5
2007-11-07,1475.6199951171875,2748.760009765625,831.0,96.37000274658203,5782.35009765625
2007-11-08,1474.77001953125,2696.0,835.2000122070312,95.45999908447266,5698.75
2007-11-09,1453.699951171875,2627.93994140625,832.5,96.31999969482422,
2007-11-12,1439.1800537109375,2584.1298828125,805.7999877929688,94.62000274658203,5617.10009765625
2007-11-13,1481.050048828125,2673.64990234375,797.2000122070312,91.16999816894531,5695.39990234375
2007-11-14,1470.5799560546875,2644.320068359375,813.0,94.08999633789062,5937.89990234375
2007-11-15,1451.1500244140625,2618.510009765625,785.9000244140625,93.43000030517578,5912.10009765625
2007-11-16,1458.739990234375,2637.239990234375,785.7000122070312,95.0999984741211,5906.85009765625
2007-11-19,1433.27001953125,2593.3798828125,776.7999877929688,94.63999938964844,5907.64990234375
2007-11-20,1439.699951171875,2596.81005859375,790.2999877929688,98.02999877929688,5780.89990234375
2007-11-21,1416.77001953125,2562.14990234375,797.5999755859375,97.29000091552734,5561.0498046875
2007-11-22,,,,,5519.35009765625
2007-11-23,1440.699951171875,2596.60009765625,824.0,98.18000030517578,5608.60009765625
2007-11-26,1407.219970703125,2540.989990234375,826.0,97.69999694824219,5731.7001953125
2007-11-27,1428.22998046875,2580.800048828125,813.7000122070312,94.41999816894531,5698.14990234375
2007-11-28,1469.02001953125,2662.909912109375,800.0999755859375,90.62000274658203,5617.5498046875
2007-11-29,1469.719970703125,2668.1298828125,795.2999877929688,91.01000213623047,5634.60009765625
2007-11-30,1481.1400146484375,2660.9599609375,782.2000122070312,88.70999908447266,5762.75
2007-12-03,1472.4200439453125,2637.1298828125,788.2999877929688,89.30999755859375,5865.0
2007-12-04,1462.7900390625,2619.830078125,801.2999877929688,88.31999969482422,5858.35009765625
2007-12-05,1485.010009765625,2666.360107421875,797.5,87.48999786376953,5940.0
2007-12-06,1507.3399658203125,2709.030029296875,801.2000122070312,90.2300033569336,5954.7001953125
2007-12-07,1504.6600341796875,2706.159912109375,794.4000244140625,88.27999877929688,5974.2998046875
2007-12-10,1515.9599609375,2718.949951171875,807.7000122070312,87.86000061035156,5960.60009765625
2007-12-11,1477.6500244140625,2652.35009765625,811.4000244140625,90.0199966430664,6097.25
2007-12-12,1486.5899658203125,2671.139892578125,813.5,94.38999938964844,6159.2998046875
2007-12-13,1488.4100341796875,2668.489990234375,799.0,92.25,6058.10009765625
2007-12-14,1467.949951171875,2635.739990234375,793.2999877929688,91.2699966430664,6047.7001953125
2007-12-17,1445.9000244140625,2574.4599609375,794.7999877929688,90.62999725341797,5777.0
2007-12-18,1454.97998046875,2596.030029296875,803.0,90.48999786376953,5742.2998046875
2007-12-19,1453.0,2601.010009765625,801.0999755859375,91.23999786376953,5751.14990234375
2007-12-20,1460.1199951171875,2640.860107421875,799.2000122070312,91.05999755859375,5766.5
2007-12-21,1484.4599609375,2691.989990234375,811.5999755859375,93.30999755859375,
2007-12-24,1496.449951171875,2713.5,812.7999877929688,94.12999725341797,5985.10009765625
2007-12-26,1497.6600341796875,2724.409912109375,826.0,95.97000122070312,6070.75
2007-12-27,1476.27001953125,2676.7900390625,828.5999755859375,96.62000274658203,6081.5
2007-12-28,1478.489990234375,2674.4599609375,839.5999755859375,96.0,6079.7001953125
2007-12-31,1468.3599853515625,2652.280029296875,834.9000244140625,95.9800033569336,6138.60009765625
2008-01-01,,,,,6144.35009765625
2008-01-02,1447.1600341796875,2609.6298828125,857.0,99.62000274658203,6179.39990234375
2008-01-03,1447.1600341796875,2602.679931640625,866.4000244140625,99.18000030517578,6178.5498046875
2008-01-04,1411.6300048828125,2504.64990234375,863.0999755859375,97.91000366210938,6274.2998046875
2008-01-07,1416.1800537109375,2499.4599609375,859.5999755859375,95.08999633789062,6279.10009765625
2008-01-08,1390.18994140625,2440.510009765625,878.0,96.33000183105469,6287.85009765625
2008-01-09,1409.1300048828125,2474.550048828125,879.5,95.66999816894531,6272.0
2008-01-10,1420.3299560546875,2488.52001953125,891.7000122070312,93.70999908447266,6156.9501953125
2008-01-11,1401.02001953125,2439.93994140625,896.0999755859375,92.69000244140625,6200.10009765625
2008-01-14,1416.25,2478.300048828125,901.5999755859375,94.19999694824219,6206.7998046875
2008-01-15,1380.949951171875,2417.590087890625,901.0,91.9000015258789,6074.25
2008-01-16,1373.199951171875,2394.590087890625,880.5999755859375,90.83999633789062,5935.75
2008-01-17,1333.25,2346.89990234375,879.5,90.12999725341797,5913.2001953125
2008-01-18,1325.18994140625,2340.02001953125,880.7999877929688,90.56999969482422,5705.2998046875
2008-01-21,,,,,5208.7998046875
2008-01-22,1310.5,2292.27001953125,889.5999755859375,89.8499984741211,4899.2998046875
2008-01-23,1338.5999755859375,2316.409912109375,882.5,86.98999786376953,5203.39990234375
2008-01-24,1352.0699462890625,2360.919921875,905.5,89.41000366210938,5033.4501953125
2008-01-25,1330.6099853515625,2326.199951171875,910.5,90.70999908447266,5383.35009765625
2008-01-28,1353.9599609375,2349.909912109375,927.0999755859375,90.98999786376953,5274.10009765625
2008-01-29,1362.300048828125,2358.06005859375,925.0999755859375,91.63999938964844,5280.7998046875
2008-01-30,1355.81005859375,2349.0,920.5999755859375,92.33000183105469,5167.60009765625
2008-01-31,1378.550048828125,2389.860107421875,922.7000122070312,91.75,5137.4501953125
2008-02-01,1395.4200439453125,2413.360107421875,908.7000122070312,88.95999908447266,5317.25
2008-02-04,1380.8199462890625,2382.85009765625,904.9000244140625,90.0199966430664,5463.5
2008-02-05,1336.6400146484375,2309.570068359375,885.9000244140625,88.41000366210938,5483.89990234375
2008-02-06,1326.449951171875,2278.75,900.7000122070312,87.13999938964844,5322.5498046875
2008-02-07,1336.9100341796875,2293.030029296875,906.0999755859375,88.11000061035156,5133.25
2008-02-08,1331.2900390625,2304.85009765625,918.4000244140625,91.7699966430664,5120.35009765625
2008-02-11,1339.1300048828125,2320.06005859375,922.9000244140625,93.58999633789062,4857.0
2008-02-12,1348.8599853515625,2320.0400390625,907.4000244140625,92.77999877929688,4838.25
2008-02-13,1367.2099609375,2373.929931640625,906.5,93.2699966430664,4929.4501953125
2008-02-14,1348.8599853515625,2332.5400390625,907.4000244140625,95.45999908447266,5202.0
2008-02-15,1349.989990234375,2321.800048828125,902.7999877929688,95.5,5302.89990234375
2008-02-18,,,,,5276.89990234375
2008-02-19,1348.780029296875,2306.199951171875,926.5999755859375,100.01000213623047,5280.7998046875
2008-02-20,1360.030029296875,2327.10009765625,934.5999755859375,100.73999786376953,5154.4501953125
2008-02-21,1342.530029296875,2299.780029296875,946.0999755859375,98.2300033569336,5191.7998046875
2008-02-22,1353.1099853515625,2303.35009765625,944.7000122070312,98.80999755859375,5110.75
2008-02-25,1371.800048828125,2327.47998046875,937.5999755859375,99.2300033569336,5200.7001953125
2008-02-26,1381.2900390625,2344.989990234375,946.0999755859375,100.87999725341797,5270.0498046875
2008-02-27,1380.02001953125,2353.780029296875,958.2000122070312,99.63999938964844,5268.39990234375
2008-02-28,1367.6800537109375,2331.570068359375,964.5,102.58999633789062,5285.10009765625
2008-02-29,1330.6300048828125,2271.47998046875,972.0999755859375,101.83999633789062,5223.5
2008-03-03,1331.3399658203125,2258.60009765625,981.5,102.44999694824219,4953.0
2008-03-04,1326.75,2260.280029296875,963.9000244140625,99.5199966430664,4864.25
2008-03-05,1333.699951171875,2272.81005859375,986.2000122070312,104.5199966430664,4921.39990234375
2008-03-06,1304.3399658203125,2220.5,975.0,105.47000122070312,
2008-03-07,1293.3699951171875,2212.489990234375,972.2000122070312,105.1500015258789,4771.60009765625
2008-03-10,1273.3699951171875,2169.340087890625,969.9000244140625,107.9000015258789,4800.39990234375
2008-03-11,1320.6500244140625,2255.760009765625,974.2000122070312,108.75,4865.89990234375
2008-03-12,1308.77001953125,2243.8701171875,978.7999877929688,109.91999816894531,4872.0
2008-03-13,1315.47998046875,2263.610107421875,992.2999877929688,110.33000183105469,4623.60009765625
2008-03-14,1288.1400146484375,2212.489990234375,998.2000122070312,110.20999908447266,4745.7998046875
2008-03-17,1276.5999755859375,2177.010009765625,1001.4000244140625,105.68000030517578,4503.10009765625
2008-03-18,1330.739990234375,2268.260009765625,1003.2000122070312,109.41999816894531,4533.0
2008-03-19,1298.4200439453125,2209.9599609375,944.7000122070312,104.4800033569336,4573.9501953125
2008-03-20,1329.510009765625,2258.110107421875,919.5999755859375,101.83999633789062,
2008-03-24,1349.8800048828125,2326.75,918.2999877929688,100.86000061035156,4609.85009765625
2008-03-25,1352.989990234375,2341.050048828125,934.5999755859375,101.22000122070312,4877.5
2008-03-26,1341.1300048828125,2324.360107421875,949.0,105.9000015258789,4828.85009765625
2008-03-27,1325.760009765625,2280.830078125,948.7999877929688,107.58000183105469,4830.25
2008-03-28,1315.219970703125,2261.179931640625,930.5999755859375,105.62000274658203,4942.0
2008-03-31,1322.699951171875,2279.10009765625,916.2000122070312,101.58000183105469,4734.5
2008-04-01,1370.1800537109375,2362.75,882.9000244140625,100.9800033569336,4739.5498046875
2008-04-02,1367.530029296875,2361.39990234375,895.2000122070312,104.83000183105469,4754.2001953125
2008-04-03,1369.31005859375,2363.300048828125,905.0,103.83000183105469,4771.60009765625
2008-04-04,1370.4000244140625,2370.97998046875,909.0,106.2300033569336,4647.0
2008-04-07,1372.5400390625,2364.830078125,922.7000122070312,109.08999633789062,4761.2001953125
2008-04-08,1365.5400390625,2348.760009765625,914.0,108.5,4709.64990234375
2008-04-09,1354.489990234375,2322.1201171875,933.5999755859375,110.87000274658203,4747.0498046875
2008-04-10,1360.550048828125,2351.699951171875,928.2999877929688,110.11000061035156,4733.0
2008-04-11,1332.8299560546875,2290.239990234375,923.5999755859375,110.13999938964844,4777.7998046875
2008-04-14,1328.3199462890625,2275.820068359375,925.4000244140625,111.76000213623047,
2008-04-15,1334.4300537109375,2286.0400390625,928.7000122070312,113.79000091552734,4879.64990234375
2008-04-16,1364.7099609375,2350.110107421875,945.0999755859375,114.93000030517578,4887.2998046875
2008-04-17,1365.56005859375,2341.830078125,939.7999877929688,114.86000061035156,4958.39990234375
2008-04-18,1390.3299560546875,2402.969970703125,912.2000122070312,116.69000244140625,
2008-04-21,1388.1700439453125,2408.0400390625,914.7000122070312,117.4800033569336,5037.0
2008-04-22,1375.93994140625,2376.93994140625,922.2999877929688,119.37000274658203,5049.2998046875
2008-04-23,1379.9300537109375,2405.2099609375,906.2000122070312,118.30000305175781,5022.7998046875
2008-04-24,1388.8199462890625,2428.919921875,886.7999877929688,116.05999755859375,4999.85009765625
2008-04-25,1397.8399658203125,2422.929931640625,887.2000122070312,118.5199966430664,5111.7001953125
2008-04-28,1396.3699951171875,2424.39990234375,892.9000244140625,118.75,5089.64990234375
2008-04-29,1390.93994140625,2426.10009765625,874.2000122070312,115.62999725341797,5195.5
2008-04-30,1385.5899658203125,2412.800048828125,862.7999877929688,113.45999908447266,5165.89990234375
2008-05-01,1409.3399658203125,2480.7099609375,848.9000244140625,112.5199966430664,
2008-05-02,1413.9000244140625,2476.989990234375,856.0999755859375,116.31999969482422,5228.2001953125
2008-05-05,1407.489990234375,2464.1201171875,872.2999877929688,119.97000122070312,5192.25
2008-05-06,1418.260009765625,2483.31005859375,876.0,121.83999633789062,5144.64990234375
2008-05-07,1392.5699462890625,2438.489990234375,869.5999755859375,123.52999877929688,5135.5
2008-05-08,1397.6800537109375,2451.239990234375,880.5999755859375,123.69000244140625,5081.7001953125
2008-05-09,1388.280029296875,2445.52001953125,884.5,125.95999908447266,4982.60009765625
2008-05-12,1403.5799560546875,2488.489990234375,883.7000122070312,124.2300033569336,5012.64990234375
2008-05-13,1403.0400390625,2495.1201171875,868.5,125.80000305175781,4957.7998046875
2008-05-14,1408.6600341796875,2496.699951171875,865.4000244140625,124.22000122070312,5011.75
2008-05-15,1423.5699462890625,2533.72998046875,879.0,124.12000274658203,5115.25
2008-05-16,1425.3499755859375,2528.85009765625,899.0,126.29000091552734,5157.7001953125
2008-05-19,1426.6300048828125,2516.090087890625,905.0,127.05000305175781,
2008-05-20,1413.4000244140625,2492.260009765625,919.5,129.07000732421875,5104.9501953125
2008-05-21,1390.7099609375,2448.27001953125,928.0,133.1699981689453,5117.64990234375
2008-05-22,1394.3499755859375,2464.580078125,917.9000244140625,130.80999755859375,5025.4501953125
2008-05-23,1375.9300537109375,2444.669921875,925.5999755859375,132.19000244140625,4946.5498046875
2008-05-26,,,,,4875.0498046875
2008-05-27,1385.3499755859375,2481.239990234375,907.7000122070312,128.85000610351562,4859.7998046875
2008-05-28,1390.8399658203125,2486.699951171875,900.5,131.02999877929688,4918.35009765625
2008-05-29,1398.260009765625,2508.320068359375,877.2000122070312,126.62000274658203,4835.2998046875
2008-05-30,1400.3800048828125,2522.659912109375,887.2999877929688,127.3499984741211,4870.10009765625
2008-06-02,1385.6700439453125,2491.530029296875,892.9000244140625,127.76000213623047,4739.60009765625
2008-06-03,1377.6500244140625,2480.47998046875,881.5999755859375,124.30999755859375,4715.89990234375
2008-06-04,1377.199951171875,2503.139892578125,879.9000244140625,122.30000305175781,4585.60009765625
2008-06-05,1404.050048828125,2549.93994140625,871.7999877929688,127.79000091552734,4676.9501953125
2008-06-06,1360.6800537109375,2474.56005859375,895.4000244140625,138.5399932861328,4627.7998046875
2008-06-09,1361.760009765625,2459.4599609375,894.7000122070312,134.35000610351562,4500.9501953125
2008-06-10,1358.43994140625,2448.93994140625,867.9000244140625,131.30999755859375,4449.7998046875
2008-06-11,1335.489990234375,2394.010009765625,879.7000122070312,136.3800048828125,4523.60009765625
2008-06-12,1339.8699951171875,2404.35009765625,869.2000122070312,136.74000549316406,4539.35009765625
2008-06-13,1360.030029296875,2454.5,870.2999877929688,134.86000061035156,4517.10009765625
2008-06-16,1360.1400146484375,2474.780029296875,883.5999755859375,134.61000061035156,4572.5
2008-06-17,1350.9300537109375,2457.72998046875,884.2999877929688,134.00999450683594,4653.0
2008-06-18,1337.81005859375,2429.7099609375,890.9000244140625,136.67999267578125,4582.39990234375
2008-06-19,1342.8299560546875,2462.06005859375,901.7000122070312,131.92999267578125,4504.25
2008-06-20,1317.9300537109375,2406.090087890625,901.2999877929688,134.6199951171875,4347.5498046875
2008-06-23,1318.0,2385.739990234375,884.7999877929688,136.74000549316406,4266.39990234375
2008-06-24,1314.2900390625,2368.280029296875,889.2000122070312,137.0,4191.10009765625
2008-06-25,1321.969970703125,2401.260009765625,880.0,134.5500030517578,4252.64990234375
2008-06-26,1283.1500244140625,2321.3701171875,913.0999755859375,139.63999938964844,4315.85009765625
2008-06-27,1278.3800048828125,2315.6298828125,929.2999877929688,140.2100067138672,4136.64990234375
2008-06-30,1280.0,2292.97998046875,926.2000122070312,140.0,4040.550048828125
2008-07-01,1284.9100341796875,2304.969970703125,942.5,140.97000122070312,3896.75
2008-07-02,1261.52001953125,2251.4599609375,944.7999877929688,143.57000732421875,4093.35009765625
2008-07-03,1262.9000244140625,2245.3798828125,931.9000244140625,145.2899932861328,3925.75
2008-07-04,,,,,4016.0
2008-07-07,1252.31005859375,2243.320068359375,927.2999877929688,141.3699951171875,4030.0
2008-07-08,1273.699951171875,2294.43994140625,921.9000244140625,136.0399932861328,3988.550048828125
2008-07-09,1244.68994140625,2234.889892578125,927.2999877929688,136.0500030517578,4157.10009765625
2008-07-10,1253.3900146484375,2257.85009765625,940.9000244140625,141.64999389648438,4162.2001953125
2008-07-11,1239.489990234375,2239.080078125,959.5,145.0800018310547,4049.0
2008-07-14,1228.300048828125,2212.8701171875,972.7000122070312,145.17999267578125,4039.699951171875
2008-07-15,1214.9100341796875,2215.7099609375,977.7000122070312,138.74000549316406,3861.10009765625
2008-07-16,1245.3599853515625,2284.85009765625,961.7999877929688,134.60000610351562,3816.699951171875
2008-07-17,1260.3199462890625,2312.300048828125,970.0,129.2899932861328,3947.199951171875
2008-07-18,1260.6800537109375,2282.780029296875,957.2999877929688,128.8800048828125,4092.25
2008-07-21,1260.0,2279.530029296875,963.0999755859375,131.0399932861328,4159.5
2008-07-22,1277.0,2303.9599609375,948.0,127.94999694824219,4240.10009765625
2008-07-23,1282.18994140625,2325.8798828125,922.4000244140625,124.44000244140625,4476.7998046875
2008-07-24,1252.5400390625,2280.110107421875,922.0,125.48999786376953,4433.5498046875
2008-07-25,1257.760009765625,2310.530029296875,926.5999755859375,123.26000213623047,4311.85009765625
2008-07-28,1234.3699951171875,2264.219970703125,927.5999755859375,124.7300033569336,4332.10009765625
2008-07-29,1263.199951171875,2319.6201171875,916.4000244140625,122.19000244140625,4189.85009765625
2008-07-30,1284.260009765625,2329.719970703125,902.9000244140625,126.7699966430664,4313.5498046875
2008-07-31,1267.3800048828125,2325.550048828125,913.9000244140625,124.08000183105469,4332.9501953125
2008-08-01,1260.31005859375,2310.9599609375,909.0,125.0999984741211,4413.5498046875
2008-08-04,1249.010009765625,2285.56005859375,900.0999755859375,121.41000366210938,4395.35009765625
2008-08-05,1284.8800048828125,2349.830078125,878.5999755859375,119.16999816894531,4502.85009765625
2008-08-06,1289.18994140625,2378.3701171875,875.5999755859375,118.58000183105469,4517.5498046875
2008-08-07,1266.0699462890625,2355.72998046875,870.7000122070312,120.0199966430664,4523.85009765625
2008-08-08,1296.3199462890625,2414.10009765625,857.7999877929688,115.19999694824219,4529.5
2008-08-11,1305.3199462890625,2439.949951171875,821.5,114.44999694824219,4620.39990234375
2008-08-12,1289.5899658203125,2430.610107421875,808.2000122070312,113.01000213623047,4552.25
2008-08-13,1285.8299560546875,2428.6201171875,825.0,116.0,4529.0498046875
2008-08-14,1292.9300537109375,2453.669921875,808.2000122070312,115.01000213623047,4430.7001953125
2008-08-15,1298.199951171875,2452.52001953125,786.0,113.7699966430664,
2008-08-18,1278.5999755859375,2416.97998046875,799.7000122070312,112.87000274658203,4393.0498046875
2008-08-19,1266.68994140625,2384.360107421875,811.0999755859375,114.52999877929688,4368.25
2008-08-20,1274.5400390625,2389.080078125,810.2999877929688,114.9800033569336,4415.75
2008-08-21,1277.719970703125,2380.3798828125,833.0,121.18000030517578,4283.85009765625
2008-08-22,1292.199951171875,2414.7099609375,827.4000244140625,114.58999633789062,4327.4501953125
2008-08-25,1266.8399658203125,2365.590087890625,819.7999877929688,115.11000061035156,4335.35009765625
2008-08-26,1271.510009765625,2361.969970703125,822.2000122070312,116.2699966430664,4337.5
2008-08-27,1281.6600341796875,2382.4599609375,828.0999755859375,118.1500015258789,4292.10009765625
2008-08-28,1300.6800537109375,2411.639892578125,830.9000244140625,115.58999633789062,4214.0
2008-08-29,1282.8299560546875,2367.52001953125,829.2999877929688,115.45999908447266,4360.0
2008-09-01,,,,,4348.64990234375
2008-09-02,1277.5799560546875,2349.239990234375,805.0,109.70999908447266,4504.0
2008-09-03,1274.97998046875,2333.72998046875,802.7000122070312,109.3499984741211,
2008-09-04,1236.8299560546875,2259.0400390625,797.9000244140625,107.88999938964844,4447.75
2008-09-05,1242.31005859375,2255.8798828125,797.5999755859375,106.2300033569336,4352.2998046875
2008-09-08,1267.7900390625,2269.760009765625,797.5,106.33999633789062,4482.2998046875
2008-09-09,1224.510009765625,2209.81005859375,787.0999755859375,103.26000213623047,4468.7001953125
2008-09-10,1232.0400390625,2228.699951171875,757.9000244140625,102.58000183105469,4400.25
2008-09-11,1249.050048828125,2258.219970703125,741.2999877929688,100.87000274658203,4290.2998046875
2008-09-12,1251.699951171875,2261.27001953125,760.2999877929688,101.18000030517578,4228.4501953125
2008-09-15,1192.699951171875,2179.909912109375,783.0999755859375,95.70999908447266,4072.89990234375
2008-09-16,1213.5999755859375,2207.89990234375,776.5,91.1500015258789,4074.89990234375
2008-09-17,1156.3900146484375,2098.85009765625,846.5999755859375,97.16000366210938,4008.25
2008-09-18,1206.510009765625,2199.10009765625,892.7000122070312,97.87999725341797,4038.14990234375
2008-09-19,1255.0799560546875,2273.89990234375,860.5999755859375,104.55000305175781,4245.25
2008-09-22,1207.0899658203125,2178.97998046875,903.9000244140625,120.91999816894531,4223.0498046875
2008-09-23,1188.219970703125,2153.330078125,885.5,106.61000061035156,4126.89990234375
2008-09-24,1185.8699951171875,2155.679931640625,889.0,105.7300033569336,4161.25
2008-09-25,1209.1800537109375,2186.570068359375,877.7000122070312,108.0199966430664,4110.5498046875
2008-09-26,1213.27001953125,2183.340087890625,882.9000244140625,106.88999938964844,3985.25
2008-09-29,1106.4200439453125,1983.72998046875,888.2000122070312,96.37000274658203,3850.050048828125
2008-09-30,1166.3599853515625,2091.8798828125,874.2000122070312,100.63999938964844,3921.199951171875
2008-10-01,1161.06005859375,2069.39990234375,880.7000122070312,98.52999877929688,3950.75
2008-10-02,1114.280029296875,1976.719970703125,839.0,93.97000122070312,
2008-10-03,1099.22998046875,1947.3900146484375,828.9000244140625,93.87999725341797,3818.300048828125
2008-10-06,1056.8900146484375,1862.9599609375,862.7000122070312,87.80999755859375,3602.35009765625
2008-10-07,996.22998046875,1754.8800048828125,878.4000244140625,90.05999755859375,3606.60009765625
2008-10-08,984.9400024414062,1740.3299560546875,903.0999755859375,88.94999694824219,3513.64990234375
2008-10-09,909.9199829101562,1645.1199951171875,883.0999755859375,86.58999633789062,
2008-10-10,899.219970703125,1649.510009765625,855.4000244140625,77.69999694824219,3279.949951171875
2008-10-13,1003.3499755859375,1844.25,838.9000244140625,81.19000244140625,3490.699951171875
2008-10-14,998.010009765625,1779.010009765625,836.2999877929688,78.62999725341797,3518.64990234375
2008-10-15,907.8400268554688,1628.3299560546875,835.5,74.54000091552734,3338.39990234375
2008-10-16,946.4299926757812,1717.7099609375,801.5,69.8499984741211,3269.300048828125
2008-10-17,940.5499877929688,1711.2900390625,785.0999755859375,71.8499984741211,3074.35009765625
2008-10-20,985.4000244140625,1770.030029296875,787.5999755859375,74.25,3122.800048828125
2008-10-21,955.0499877929688,1696.6800537109375,766.0999755859375,70.88999938964844,3234.89990234375
2008-10-22,896.780029296875,1615.75,733.2999877929688,66.75,3065.14990234375
2008-10-23,908.1099853515625,1603.9100341796875,713.2999877929688,67.83999633789062,2943.14990234375
2008-10-24,876.77001953125,1552.030029296875,729.0999755859375,64.1500015258789,2584.0
2008-10-27,848.9199829101562,1505.9000244140625,741.7000122070312,63.220001220703125,2524.199951171875
2008-10-28,940.510009765625,1649.469970703125,739.2999877929688,62.72999954223633,
2008-10-29,930.0900268554688,1657.2099609375,752.7999877929688,67.5,2697.050048828125
2008-10-30,954.0900268554688,1698.52001953125,737.2000122070312,65.95999908447266,
2008-10-31,968.75,1720.949951171875,716.7999877929688,67.80999755859375,2885.60009765625
2008-11-03,966.2999877929688,1726.3299560546875,725.4000244140625,63.90999984741211,3043.85009765625
2008-11-04,1005.75,1780.1199951171875,756.0,70.52999877929688,3142.10009765625
2008-11-05,952.77001953125,1681.6400146484375,741.2999877929688,65.30000305175781,2994.949951171875
2008-11-06,904.8800048828125,1608.699951171875,731.2000122070312,60.77000045776367,2892.64990234375
2008-11-07,930.989990234375,1647.4000244140625,733.2000122070312,61.040000915527344,2973.0
2008-11-10,919.2100219726562,1616.739990234375,745.5999755859375,62.40999984741211,3148.25
2008-11-11,898.9500122070312,1580.9000244140625,732.0,59.33000183105469,2938.64990234375
2008-11-12,852.2999877929688,1499.2099609375,717.7000122070312,56.15999984741211,2848.449951171875
2008-11-13,911.2899780273438,1596.699951171875,704.9000244140625,58.2400016784668,
2008-11-14,873.2899780273438,1516.8499755859375,742.4000244140625,57.040000915527344,2810.35009765625
2008-11-17,850.75,1482.050048828125,741.9000244140625,54.95000076293945,2799.550048828125
2008-11-18,859.1199951171875,1483.27001953125,732.5999755859375,54.38999938964844,2683.14990234375
2008-11-19,806.5800170898438,1386.4200439453125,735.9000244140625,53.619998931884766,2635.0
2008-11-20,752.4400024414062,1316.1199951171875,748.5999755859375,49.619998931884766,2553.14990234375
2008-11-21,800.030029296875,1384.3499755859375,791.7000122070312,49.93000030517578,2693.449951171875
2008-11-24,851.8099975585938,1472.02001953125,819.4000244140625,54.5,2708.25
2008-11-25,857.3900146484375,1464.72998046875,818.4000244140625,50.77000045776367,2654.0
2008-11-26,887.6799926757812,1532.0999755859375,808.5,54.439998626708984,2752.25
2008-11-28,896.239990234375,1535.5699462890625,816.2000122070312,54.43000030517578,2755.10009765625
2008-12-01,816.2100219726562,1398.0699462890625,774.5999755859375,49.279998779296875,2682.89990234375
2008-12-02,848.8099975585938,1449.800048828125,781.2999877929688,46.959999084472656,2657.800048828125
2008-12-03,870.739990234375,1492.3800048828125,768.7999877929688,46.790000915527344,2656.449951171875
2008-12-04,845.219970703125,1445.56005859375,763.7999877929688,43.66999816894531,2788.0
2008-12-05,876.0700073242188,1509.31005859375,750.5,40.810001373291016,2714.39990234375
2008-12-08,909.7000122070312,1571.739990234375,767.4000244140625,43.709999084472656,2784.0
2008-12-09,888.6699829101562,1547.3399658203125,772.4000244140625,42.06999969482422,
2008-12-10,899.239990234375,1565.47998046875,807.0999755859375,43.52000045776367,2928.25
2008-12-11,873.5900268554688,1507.8800048828125,824.9000244140625,47.97999954223633,2920.14990234375
2008-12-12,879.72998046875,1540.719970703125,818.9000244140625,46.279998779296875,2921.35009765625
2008-12-15,868.5700073242188,1508.3399658203125,835.4000244140625,44.5099983215332,2981.199951171875
2008-12-16,913.1799926757812,1589.8900146484375,841.7000122070312,43.599998474121094,3041.75
2008-12-17,904.4199829101562,1579.31005859375,867.5,40.060001373291016,2954.35009765625
2008-12-18,885.280029296875,1552.3699951171875,859.5999755859375,36.220001220703125,3060.75
2008-12-19,887.8800048828125,1564.3199462890625,836.4000244140625,33.869998931884766,3077.5
2008-12-22,871.6300048828125,1532.3499755859375,846.2000122070312,39.90999984741211,3039.300048828125
2008-12-23,863.1599731445312,1521.5400390625,837.2000122070312,38.97999954223633,2968.64990234375
2008-12-24,868.1500244140625,1524.9000244140625,847.0999755859375,35.349998474121094,2916.85009765625
2008-12-26,872.7999877929688,1530.239990234375,870.4000244140625,37.709999084472656,2857.25
2008-12-29,869.4199829101562,1510.3199462890625,874.5999755859375,40.02000045776367,2922.199951171875
2008-12-30,890.6400146484375,1550.699951171875,869.2999877929688,39.029998779296875,2979.5
2008-12-31,903.25,1577.030029296875,883.5999755859375,44.599998474121094,2959.14990234375
2009-01-02,931.7999877929688,1632.2099609375,878.7999877929688,46.34000015258789,3046.75
2009-01-05,927.4500122070312,1628.030029296875,857.2000122070312,48.810001373291016,3121.449951171875
2009-01-06,934.7000122070312,1652.3800048828125,865.4000244140625,48.58000183105469,3112.800048828125
2009-01-07,906.6500244140625,1599.06005859375,841.0999755859375,42.630001068115234,2920.39990234375
2009-01-08,909.72998046875,1617.010009765625,853.9000244140625,41.70000076293945,
2009-01-09,890.3499755859375,1571.5899658203125,854.2999877929688,40.83000183105469,2873.0
2009-01-12,870.260009765625,1538.7900390625,820.2999877929688,37.59000015258789,2773.10009765625
2009-01-13,871.7899780273438,1546.4599609375,820.0999755859375,37.779998779296875,2744.949951171875
2009-01-14,842.6199951171875,1489.6400146484375,808.2000122070312,37.279998779296875,2835.300048828125
2009-01-15,843.739990234375,1511.8399658203125,806.7000122070312,35.400001525878906,2736.699951171875
2009-01-16,850.1199951171875,1529.3299560546875,839.2999877929688,36.5099983215332,2828.449951171875
2009-01-19,,,,,2846.199951171875
2009-01-20,805.219970703125,1440.8599853515625,854.5999755859375,38.7400016784668,2796.60009765625
2009-01-21,840.239990234375,1507.0699462890625,849.5999755859375,43.54999923706055,2706.14990234375
2009-01-22,827.5,1465.489990234375,858.2000122070312,43.66999816894531,2713.800048828125
2009-01-23,831.9500122070312,1477.2900390625,895.2999877929688,46.470001220703125,2678.550048828125
2009-01-26,836.5700073242188,1489.4599609375,908.5,45.72999954223633,
2009-01-27,845.7100219726562,1504.9000244140625,899.2000122070312,41.58000183105469,2771.35009765625
2009-01-28,874.0900268554688,1558.3399658203125,888.0999755859375,42.15999984741211,2849.5
2009-01-29,845.1400146484375,1507.8399658203125,905.0999755859375,41.439998626708984,2823.949951171875
2009-01-30,825.8800048828125,1476.4200439453125,927.2999877929688,41.68000030517578,2874.800048828125
2009-02-02,825.4400024414062,1494.4300537109375,906.7000122070312,40.08000183105469,2766.64990234375
2009-02-03,838.510009765625,1516.300048828125,892.0,40.779998779296875,2783.89990234375
2009-02-04,832.22998046875,1515.050048828125,901.5999755859375,40.31999969482422,2803.050048828125
2009-02-05,845.8499755859375,1546.239990234375,913.5999755859375,41.16999816894531,2780.050048828125
2009-02-06,868.5999755859375,1591.7099609375,913.9000244140625,40.16999816894531,2843.10009765625
2009-02-09,869.8900146484375,1591.56005859375,892.4000244140625,39.560001373291016,2919.89990234375
2009-02-10,827.1599731445312,1524.72998046875,913.7000122070312,37.54999923706055,2934.5
2009-02-11,833.739990234375,1530.5,943.7999877929688,35.939998626708984,2925.699951171875
2009-02-12,835.1900024414062,1541.7099609375,948.5,33.97999954223633,2893.050048828125
2009-02-13,826.8400268554688,1534.3599853515625,941.5,37.5099983215332,2948.35009765625
2009-02-16,,,,,2848.5
2009-02-17,789.1699829101562,1470.6600341796875,967.0,34.93000030517578,2770.5
2009-02-18,788.4199829101562,1467.969970703125,977.7000122070312,34.619998931884766,2776.14990234375
2009-02-19,778.9400024414062,1442.8199462890625,976.0999755859375,39.47999954223633,2789.35009765625
2009-02-20,770.0499877929688,1441.22998046875,1001.7999877929688,38.939998626708984,2736.449951171875
2009-02-23,743.3300170898438,1387.719970703125,994.5999755859375,38.439998626708984,
2009-02-24,773.1400146484375,1441.8299560546875,969.0999755859375,39.959999084472656,2733.89990234375
2009-02-25,764.9000244140625,1425.4300537109375,965.7000122070312,42.5,2762.5
2009-02-26,752.8300170898438,1391.469970703125,941.7999877929688,45.220001220703125,2785.64990234375
2009-02-27,735.0900268554688,1377.8399658203125,941.5,44.7599983215332,2763.64990234375
2009-03-02,700.8200073242188,1322.8499755859375,939.0,40.150001525878906,2674.60009765625
2009-03-03,696.3300170898438,1321.010009765625,912.9000244140625,41.650001525878906,2622.39990234375
2009-03-04,712.8699951171875,1353.739990234375,906.0,45.380001068115234,2645.199951171875
2009-03-05,682.5499877929688,1299.5899658203125,927.0,43.61000061035156,2576.699951171875
2009-03-06,683.3800048828125,1293.8499755859375,942.0999755859375,45.52000045776367,2620.14990234375
2009-03-09,676.530029296875,1268.6400146484375,917.7000122070312,47.06999969482422,2573.14990234375
2009-03-10,719.5999755859375,1358.280029296875,895.5999755859375,45.709999084472656,
2009-03-11,721.3599853515625,1371.6400146484375,910.4000244140625,42.33000183105469,
2009-03-12,750.739990234375,1426.0999755859375,923.7000122070312,47.029998779296875,2617.449951171875
2009-03-13,756.5499877929688,1431.5,929.7999877929688,46.25,2719.25
2009-03-16,753.8900146484375,1404.02001953125,921.5999755859375,47.349998474121094,2777.25
2009-03-17,778.1199951171875,1462.1099853515625,916.4000244140625,49.15999984741211,2757.449951171875
2009-03-18,794.3499755859375,1491.219970703125,888.7000122070312,48.13999938964844,2794.699951171875
2009-03-19,784.0399780273438,1483.47998046875,958.2999877929688,51.61000061035156,2807.14990234375
2009-03-20,768.5399780273438,1457.27001953125,955.7999877929688,51.060001373291016,2807.050048828125
2009-03-23,822.9199829101562,1555.77001953125,952.0999755859375,53.79999923706055,2939.89990234375
2009-03-24,806.1199951171875,1516.52001953125,923.2999877929688,53.97999954223633,2938.699951171875
2009-03-25,813.8800048828125,1528.949951171875,935.4000244140625,52.77000045776367,2984.35009765625
2009-03-26,832.8599853515625,1587.0,939.5999755859375,54.34000015258789,3082.25
2009-03-27,815.9400024414062,1545.199951171875,923.0,52.380001068115234,3108.64990234375
2009-03-30,787.530029296875,1501.800048828125,915.5,48.40999984741211,2978.14990234375
2009-03-31,797.8699951171875,1528.5899658203125,922.5999755859375,49.65999984741211,3020.949951171875
2009-04-01,811.0800170898438,1551.5999755859375,926.0999755859375,48.38999938964844,3060.35009765625
2009-04-02,834.3800048828125,1602.6300048828125,907.4000244140625,52.63999938964844,3211.050048828125
2009-04-03,842.5,1621.8699951171875,895.5999755859375,52.5099983215332,
2009-04-06,835.47998046875,1606.7099609375,871.5,51.04999923706055,3256.60009765625
2009-04-07,815.5499877929688,1561.6099853515625,882.2000122070312,49.150001525878906,
2009-04-08,825.1599731445312,1590.6600341796875,884.7999877929688,49.380001068115234,3342.949951171875
2009-04-09,856.5599975585938,1652.5400390625,882.2000122070312,52.2400016784668,3342.050048828125
2009-04-13,858.72998046875,1653.31005859375,894.7000122070312,50.04999923706055,3382.60009765625
2009-04-14,841.5,1625.719970703125,890.9000244140625,49.40999984741211,
2009-04-15,852.0599975585938,1626.800048828125,892.7999877929688,49.25,3484.14990234375
2009-04-16,865.2999877929688,1670.43994140625,879.2999877929688,49.97999954223633,3369.5
2009-04-17,869.5999755859375,1673.0699462890625,867.4000244140625,50.33000183105469,3384.39990234375
2009-04-20,832.3900146484375,1608.2099609375,887.0,45.880001068115234,3377.10009765625
2009-04-21,850.0800170898438,1643.8499755859375,882.0999755859375,46.5099983215332,3365.300048828125
2009-04-22,843.5499877929688,1646.1199951171875,891.7999877929688,48.849998474121094,3330.300048828125
2009-04-23,851.9199829101562,1652.2099609375,905.9000244140625,49.619998931884766,3423.699951171875
2009-04-24,866.22998046875,1694.2900390625,913.5999755859375,51.54999923706055,3480.75
2009-04-27,857.510009765625,1679.4100341796875,907.4000244140625,50.13999938964844,3470.0
2009-04-28,855.1599731445312,1673.81005859375,892.7999877929688,49.91999816894531,3362.35009765625
2009-04-29,873.6400146484375,1711.93994140625,899.7999877929688,50.970001220703125,3473.949951171875
2009-04-30,872.8099975585938,1717.300048828125,890.7000122070312,51.119998931884766,
2009-05-01,877.52001953125,1719.199951171875,887.5999755859375,53.20000076293945,
2009-05-04,907.239990234375,1763.56005859375,901.5999755859375,54.470001220703125,3654.0
2009-05-05,903.7999877929688,1754.1199951171875,903.7000122070312,53.84000015258789,3661.89990234375
2009-05-06,919.530029296875,1759.0999755859375,910.5,56.34000015258789,3625.050048828125
2009-05-07,907.3900146484375,1716.239990234375,915.0,56.709999084472656,3683.89990234375
2009-05-08,929.22998046875,1739.0,914.4000244140625,58.630001068115234,3620.699951171875
2009-05-11,909.239990234375,1731.239990234375,913.0,58.5,3554.60009765625
2009-05-12,908.3499755859375,1715.9200439453125,923.5,58.849998474121094,3681.10009765625
2009-05-13,883.9199829101562,1664.18994140625,925.5,58.02000045776367,3635.25
2009-05-14,893.0700073242188,1689.2099609375,928.0,58.619998931884766,3593.449951171875
2009-05-15,882.8800048828125,1680.1400146484375,930.9000244140625,56.34000015258789,3671.64990234375
2009-05-18,909.7100219726562,1732.3599853515625,921.2999877929688,59.029998779296875,4323.14990234375
2009-05-19,908.1300048828125,1734.5400390625,926.2999877929688,59.650001525878906,4318.4501953125
2009-05-20,903.469970703125,1727.8399658203125,937.0,62.040000915527344,4270.2998046875
2009-05-21,888.3300170898438,1695.25,950.7999877929688,61.04999923706055,4210.89990234375
2009-05-22,887.0,1692.010009765625,958.5,61.66999816894531,4238.5
2009-05-25,,,,,4237.5498046875
2009-05-26,910.3300170898438,1750.4300537109375,953.0999755859375,62.45000076293945,4116.7001953125
2009-05-27,893.0599975585938,1731.0799560546875,953.2000122070312,63.45000076293945,4276.0498046875
2009-05-28,906.8300170898438,1751.7900390625,961.5,65.08000183105469,4337.10009765625
2009-05-29,919.1400146484375,1774.3299560546875,978.7999877929688,66.30999755859375,4448.9501953125
2009-06-01,942.8699951171875,1828.6800537109375,978.5999755859375,68.58000183105469,4529.89990234375
2009-06-02,944.739990234375,1836.800048828125,983.2000122070312,68.55000305175781,4525.25
2009-06-03,931.760009765625,1825.9200439453125,964.5,66.12000274658203,4530.7001953125
2009-06-04,942.4600219726562,1850.02001953125,981.2000122070312,68.80999755859375,4572.64990234375
2009-06-05,940.0900268554688,1849.4200439453125,961.7000122070312,68.44000244140625,4586.89990234375
2009-06-08,939.1400146484375,1842.4000244140625,951.7000122070312,68.08999633789062,4429.89990234375
2009-06-09,942.4299926757812,1860.1300048828125,954.0,70.01000213623047,4550.9501953125
2009-06-10,939.1500244140625,1853.0799560546875,954.0,71.33000183105469,4655.25
2009-06-11,944.8900146484375,1862.3699951171875,961.2999877929688,72.68000030517578,4637.7001953125
2009-06-12,946.2100219726562,1858.800048828125,940.0999755859375,72.04000091552734,4583.39990234375
2009-06-15,923.719970703125,1816.3800048828125,926.9000244140625,70.62000274658203,4484.0
2009-06-16,911.969970703125,1796.1800537109375,931.5999755859375,70.47000122070312,4517.7998046875
2009-06-17,910.7100219726562,1808.06005859375,935.4000244140625,71.02999877929688,4356.14990234375
2009-06-18,918.3699951171875,1807.719970703125,934.0,71.37000274658203,4251.39990234375
2009-06-19,921.22998046875,1827.469970703125,935.5999755859375,69.55000305175781,4313.60009765625
2009-06-22,893.0399780273438,1766.18994140625,920.5999755859375,66.93000030517578,4235.25
2009-06-23,895.0999755859375,1764.9200439453125,923.9000244140625,69.23999786376953,4247.0
2009-06-24,900.9400024414062,1792.3399658203125,934.0999755859375,68.66999816894531,4292.9501953125
2009-06-25,920.260009765625,1829.5400390625,939.0999755859375,70.2300033569336,4241.85009765625
2009-06-26,918.9000244140625,1838.219970703125,940.7000122070312,69.16000366210938,4375.5
2009-06-29,927.22998046875,1844.06005859375,940.4000244140625,71.48999786376953,4390.9501953125
2009-06-30,919.3200073242188,1835.0400390625,927.0999755859375,69.88999938964844,4291.10009765625
2009-07-01,923.3300170898438,1845.719970703125,941.0,69.30999755859375,4340.89990234375
2009-07-02,896.4199829101562,1796.52001953125,930.7000122070312,66.7300033569336,4348.85009765625
2009-07-03,,,,,4424.25
2009-07-06,898.719970703125,1787.4000244140625,924.0,64.05000305175781,4165.7001953125
2009-07-07,881.030029296875,1746.1700439453125,928.7999877929688,62.93000030517578,4202.14990234375
2009-07-08,879.5599975585938,1747.1700439453125,909.0,60.13999938964844,4078.89990234375
2009-07-09,882.6799926757812,1752.550048828125,915.9000244140625,60.40999984741211,4080.949951171875
2009-07-10,879.1300048828125,1756.030029296875,912.2000122070312,59.88999938964844,4003.89990234375
2009-07-13,901.0499877929688,1793.2099609375,922.2000122070312,59.689998626708984,3974.050048828125
2009-07-14,905.8400268554688,1799.72998046875,922.5,59.52000045776367,4111.39990234375
2009-07-15,932.6799926757812,1862.9000244140625,939.0999755859375,61.540000915527344,4233.5
2009-07-16,940.739990234375,1885.030029296875,935.0999755859375,62.02000045776367,4231.39990234375
2009-07-17,940.3800048828125,1886.6099853515625,937.2000122070312,63.560001373291016,4374.9501953125
2009-07-20,951.1300048828125,1909.2900390625,948.5,63.97999954223633,4502.25
2009-07-21,954.5800170898438,1916.199951171875,946.5999755859375,64.72000122070312,4469.10009765625
2009-07-22,954.0700073242188,1926.3800048828125,953.0,65.4000015258789,4398.89990234375
2009-07-23,976.2899780273438,1973.5999755859375,954.5,67.16000366210938,4523.75
2009-07-24,979.260009765625,1965.9599609375,952.7999877929688,68.05000305175781,4568.5498046875
2009-07-27,982.1799926757812,1967.8900146484375,953.2999877929688,68.37999725341797,4572.2998046875
2009-07-28,979.6199951171875,1975.510009765625,939.0,67.2300033569336,4564.10009765625
2009-07-29,975.1500244140625,1967.760009765625,927.2000122070312,63.349998474121094,4513.5
2009-07-30,986.75,1984.300048828125,934.9000244140625,66.94000244140625,4571.4501953125
2009-07-31,987.47998046875,1978.5,953.7000122070312,69.44999694824219,4636.4501953125
2009-08-03,1002.6300048828125,2008.6099853515625,956.5999755859375,71.58000183105469,4711.39990234375
2009-08-04,1005.6500244140625,2011.31005859375,967.5,71.41999816894531,4680.5
2009-08-05,1002.719970703125,1993.050048828125,964.2000122070312,71.97000122070312,4694.14990234375
2009-08-06,997.0800170898438,1973.1600341796875,960.7000122070312,71.94000244140625,4585.5
2009-08-07,1010.47998046875,2000.25,957.2999877929688,70.93000030517578,4481.39990234375
2009-08-10,1007.0999755859375,1992.239990234375,945.0,70.5999984741211,4437.64990234375
2009-08-11,994.3499755859375,1969.72998046875,945.7999877929688,69.44999694824219,4471.35009765625
2009-08-12,1005.8099975585938,1998.719970703125,950.7000122070312,70.16000366210938,4457.5
2009-08-13,1012.72998046875,2009.3499755859375,954.7000122070312,70.5199966430664,4605.0
2009-08-14,1004.0900268554688,1985.52001953125,947.0,67.51000213623047,4580.0498046875
2009-08-17,979.72998046875,1930.8399658203125,934.2999877929688,66.75,4387.89990234375
2009-08-18,989.6699829101562,1955.9200439453125,937.7000122070312,69.19000244140625,4458.89990234375
2009-08-19,996.4600219726562,1969.239990234375,943.2999877929688,72.41999816894531,4394.10009765625
2009-08-20,1007.3699951171875,1989.219970703125,940.2999877929688,72.54000091552734,4453.4501953125
2009-08-21,1026.1300048828125,2020.9000244140625,953.2000122070312,73.88999938964844,4528.7998046875
2009-08-24,1025.5699462890625,2017.97998046875,942.2999877929688,74.37000274658203,4642.7998046875
2009-08-25,1028.0,2024.22998046875,944.5,72.05000305175781,4659.35009765625
2009-08-26,1028.1199951171875,2024.4300537109375,944.2999877929688,71.43000030517578,4680.85009765625
2009-08-27,1030.97998046875,2027.72998046875,945.5,72.48999786376953,4688.2001953125
2009-08-28,1028.9300537109375,2028.77001953125,957.0,72.73999786376953,4732.35009765625
2009-08-31,1020.6199951171875,2009.06005859375,951.7000122070312,69.95999908447266,4662.10009765625
2009-09-01,998.0399780273438,1968.8900146484375,954.7000122070312,68.05000305175781,4625.35009765625
2009-09-02,994.75,1967.0699462890625,976.5999755859375,68.05000305175781,4608.35009765625
2009-09-03,1003.239990234375,1983.199951171875,995.7999877929688,67.95999908447266,4593.5498046875
2009-09-04,1016.4000244140625,2018.780029296875,994.9000244140625,68.0199966430664,4680.39990234375
2009-09-07,,,,,4782.89990234375
2009-09-08,1025.3900146484375,2037.77001953125,997.9000244140625,71.0999984741211,4805.25
2009-09-09,1033.3699951171875,2060.389892578125,995.2999877929688,71.30999755859375,4814.25
2009-09-10,1044.1400146484375,2084.02001953125,995.4000244140625,71.94000244140625,4819.39990234375
2009-09-11,1042.72998046875,2080.89990234375,1004.9000244140625,69.29000091552734,4829.5498046875
2009-09-14,1049.3399658203125,2091.780029296875,999.9000244140625,68.86000061035156,4808.60009765625
2009-09-15,1052.6300048828125,2102.639892578125,1005.0,70.93000030517578,4892.10009765625
2009-09-16,1068.760009765625,2133.14990234375,1018.9000244140625,72.51000213623047,4958.39990234375
2009-09-17,1065.489990234375,2126.75,1012.2999877929688,72.47000122070312,4965.5498046875
2009-09-18,1068.300048828125,2132.860107421875,1009.2000122070312,72.04000091552734,4976.0498046875
2009-09-21,1064.6600341796875,2138.0400390625,1003.7000122070312,69.70999908447266,
2009-09-22,1071.6600341796875,2146.300048828125,1014.2000122070312,71.55000305175781,5020.2001953125
2009-09-23,1060.8699951171875,2131.419921875,1013.0,68.97000122070312,4969.9501953125
2009-09-24,1050.780029296875,2107.610107421875,997.5,65.88999938964844,4986.5498046875
2009-09-25,1044.3800048828125,2090.919921875,990.2000122070312,66.0199966430664,4958.9501953125
2009-09-28,1062.97998046875,2130.739990234375,992.5,66.83999633789062,
2009-09-29,1060.6099853515625,2124.0400390625,993.0999755859375,66.70999908447266,5006.85009765625
2009-09-30,1057.0799560546875,2122.419921875,1008.0,70.61000061035156,5083.9501953125
2009-10-01,1029.8499755859375,2057.47998046875,999.5,70.81999969482422,5083.39990234375
2009-10-02,1025.2099609375,2048.110107421875,1003.2000122070312,69.94999694824219,
2009-10-05,1040.4599609375,2068.14990234375,1016.7000122070312,70.41000366210938,5003.2001953125
2009-10-06,1054.719970703125,2103.570068359375,1038.5999755859375,70.87999725341797,5027.39990234375
2009-10-07,1057.5799560546875,2110.330078125,1043.300048828125,69.56999969482422,4985.75
2009-10-08,1065.47998046875,2123.929931640625,1055.4000244140625,71.69000244140625,5002.25
2009-10-09,1071.489990234375,2139.280029296875,1047.800048828125,71.7699966430664,4945.2001953125
2009-10-12,1076.18994140625,2139.139892578125,1056.699951171875,73.2699966430664,5054.25
2009-10-13,1073.18994140625,2139.889892578125,1064.199951171875,74.1500015258789,
2009-10-14,1092.02001953125,2172.22998046875,1063.9000244140625,75.18000030517578,5118.2001953125
2009-10-15,1096.56005859375,2173.2900390625,1049.800048828125,77.58000183105469,5108.85009765625
2009-10-16,1087.6800537109375,2156.800048828125,1050.699951171875,78.52999877929688,5142.14990234375
2009-10-19,1097.9100341796875,2176.320068359375,1057.300048828125,79.61000061035156,
2009-10-20,1091.06005859375,2163.469970703125,1057.800048828125,79.08999633789062,5114.4501953125
2009-10-21,1081.4000244140625,2150.72998046875,1063.699951171875,81.37000274658203,5063.60009765625
2009-10-22,1092.9100341796875,2165.2900390625,1057.800048828125,81.19000244140625,4988.60009765625
2009-10-23,1079.5999755859375,2154.469970703125,1055.5999755859375,80.5,4997.0498046875
2009-10-26,1066.949951171875,2141.85009765625,1042.0999755859375,78.68000030517578,4970.89990234375
2009-10-27,1063.4100341796875,2116.090087890625,1034.699951171875,79.55000305175781,4846.7001953125
2009-10-28,1042.6300048828125,2059.610107421875,1029.9000244140625,77.45999908447266,4826.14990234375
2009-10-29,1066.1099853515625,2097.550048828125,1046.4000244140625,79.87000274658203,4750.5498046875
2009-10-30,1036.18994140625,2045.1099853515625,1039.699951171875,77.0,4711.7001953125
2009-11-02,1042.8800048828125,2049.199951171875,1053.4000244140625,78.12999725341797,
2009-11-03,1045.4100341796875,2057.320068359375,1084.300048828125,79.5999984741211,4563.89990234375
2009-11-04,1046.5,2055.52001953125,1086.699951171875,80.4000015258789,4710.7998046875
2009-11-05,1066.6300048828125,2105.320068359375,1088.699951171875,79.62000274658203,4765.5498046875
2009-11-06,1069.300048828125,2112.43994140625,1095.0999755859375,77.43000030517578,4796.14990234375
2009-11-09,1093.0799560546875,2154.06005859375,1100.800048828125,79.43000030517578,4898.39990234375
2009-11-10,1093.010009765625,2151.080078125,1101.9000244140625,79.05000305175781,4881.7001953125
2009-11-11,1098.510009765625,2166.89990234375,1114.0,79.27999877929688,5003.9501953125
2009-11-12,1087.239990234375,2149.02001953125,1106.0,76.94000244140625,4952.64990234375
2009-11-13,1093.47998046875,2167.8798828125,1116.0999755859375,76.3499984741211,4998.9501953125
2009-11-16,1109.300048828125,2197.85009765625,1138.5999755859375,78.9000015258789,5058.0498046875
2009-11-17,1110.3199462890625,2203.780029296875,1138.800048828125,79.13999938964844,5062.25
2009-11-18,1109.800048828125,2193.139892578125,1140.699951171875,79.58000183105469,5054.7001953125
2009-11-19,1094.9000244140625,2156.820068359375,1141.4000244140625,77.45999908447266,4989.0
2009-11-20,1091.3800048828125,2146.0400390625,1146.4000244140625,76.72000122070312,5052.4501953125
2009-11-23,1106.239990234375,2176.010009765625,1164.300048828125,77.55999755859375,5103.5498046875
2009-11-24,1105.6500244140625,2169.179931640625,1165.5,76.0199966430664,5090.5498046875
2009-11-25,1110.6300048828125,2176.050048828125,1186.9000244140625,77.95999908447266,5108.14990234375
2009-11-26,,,,,5005.5498046875
2009-11-27,1091.489990234375,2138.43994140625,1174.199951171875,76.05000305175781,4941.75
2009-11-30,1095.6300048828125,2144.60009765625,1181.0999755859375,77.27999877929688,5032.7001953125
2009-12-01,1108.8599853515625,2175.81005859375,1199.0999755859375,78.37000274658203,5122.0
2009-12-02,1109.239990234375,2185.030029296875,1212.0,76.5999984741211,5123.25
2009-12-03,1099.9200439453125,2173.139892578125,1217.4000244140625,76.45999908447266,5131.7001953125
2009-12-04,1105.97998046875,2194.35009765625,1168.800048828125,75.47000122070312,5108.89990234375
2009-12-07,1103.25,2189.610107421875,1163.4000244140625,73.93000030517578,5066.7001953125
2009-12-08,1091.93994140625,2172.989990234375,1142.800048828125,72.62000274658203,5147.9501953125
2009-12-09,1095.949951171875,2183.72998046875,1120.4000244140625,70.66999816894531,5112.0
2009-12-10,1102.3499755859375,2190.860107421875,1125.699951171875,70.54000091552734,5134.64990234375
2009-12-11,1106.4100341796875,2190.31005859375,1119.4000244140625,69.87000274658203,5117.2998046875
2009-12-14,1114.1099853515625,2212.10009765625,1123.300048828125,69.51000213623047,5105.7001953125
2009-12-15,1107.9300537109375,2201.050048828125,1122.4000244140625,70.69000244140625,5033.0498046875
2009-12-16,1109.1800537109375,2206.909912109375,1135.5,72.66000366210938,5042.0498046875
2009-12-17,1096.0799560546875,2180.050048828125,1106.800048828125,72.6500015258789,5041.75
2009-12-18,1102.469970703125,2211.68994140625,1110.800048828125,73.36000061035156,4987.7001953125
2009-12-21,1114.050048828125,2237.659912109375,1095.4000244140625,72.47000122070312,4952.60009765625
2009-12-22,1118.02001953125,2252.669921875,1086.0,74.4000015258789,4985.85009765625
2009-12-23,1120.5899658203125,2269.639892578125,1093.300048828125,76.66999816894531,5144.60009765625
2009-12-24,1126.47998046875,2285.68994140625,1104.0999755859375,78.05000305175781,5178.39990234375
2009-12-28,1127.780029296875,2291.080078125,1107.199951171875,78.7699966430664,
2009-12-29,1126.199951171875,2288.39990234375,1097.0,78.87000274658203,5187.9501953125
2009-12-30,1126.4200439453125,2291.280029296875,1091.5,79.27999877929688,5169.4501953125
2009-12-31,1115.0999755859375,2269.14990234375,1095.199951171875,79.36000061035156,5201.0498046875
2010-01-04,1132.989990234375,2308.419921875,1117.699951171875,81.51000213623047,5232.2001953125
2010-01-05,1136.52001953125,2308.7099609375,1118.0999755859375,81.7699966430664,5277.89990234375
2010-01-06,1137.1400146484375,2301.090087890625,1135.9000244140625,83.18000030517578,5281.7998046875
2010-01-07,1141.68994140625,2300.050048828125,1133.0999755859375,82.66000366210938,5263.10009765625
2010-01-08,1144.97998046875,2317.169921875,1138.199951171875,82.75,5244.75
2010-01-11,1146.97998046875,2312.409912109375,1150.699951171875,82.5199966430664,5249.39990234375
2010-01-12,1136.219970703125,2282.31005859375,1128.9000244140625,80.79000091552734,5210.39990234375
2010-01-13,1145.6800537109375,2307.89990234375,1136.4000244140625,79.6500015258789,5233.9501953125
2010-01-14,1148.4599609375,2316.739990234375,1142.5999755859375,79.38999938964844,5259.89990234375
2010-01-15,1136.030029296875,2287.989990234375,1130.0999755859375,78.0,5252.2001953125
2010-01-18,,,,,5274.85009765625
2010-01-19,1150.22998046875,2320.39990234375,1139.699951171875,79.0199966430664,5225.64990234375
2010-01-20,1138.0400390625,2291.25,1112.300048828125,77.62000274658203,5221.7001953125
2010-01-21,1116.47998046875,2265.699951171875,1102.699951171875,76.08000183105469,5094.14990234375
2010-01-22,1091.760009765625,2205.2900390625,1089.199951171875,74.54000091552734,5036.0
2010-01-25,1096.780029296875,2210.800048828125,1095.199951171875,75.26000213623047,5007.89990234375
2010-01-26,1092.1700439453125,2203.72998046875,1097.9000244140625,74.70999908447266,
2010-01-27,1097.5,2221.409912109375,1084.4000244140625,73.66999816894531,4853.10009765625
2010-01-28,1084.530029296875,2179.0,1083.5999755859375,73.63999938964844,4867.25
2010-01-29,1073.8699951171875,2147.35009765625,1083.0,72.88999938964844,4882.0498046875
2010-02-01,1089.18994140625,2171.199951171875,1104.300048828125,74.43000030517578,4899.7001953125
2010-02-02,1103.3199462890625,2190.06005859375,1117.4000244140625,77.2300033569336,4830.10009765625
2010-02-03,1097.280029296875,2190.909912109375,1111.4000244140625,76.9800033569336,4931.85009765625
2010-02-04,1063.1099853515625,2125.429931640625,1062.4000244140625,73.13999938964844,4845.35009765625
2010-02-05,1066.18994140625,2141.1201171875,1052.199951171875,71.19000244140625,4718.64990234375
2010-02-08,1056.739990234375,2126.050048828125,1065.699951171875,71.88999938964844,4760.39990234375
2010-02-09,1070.52001953125,2150.8701171875,1076.699951171875,73.75,4792.64990234375
2010-02-10,1068.1300048828125,2147.8701171875,1075.800048828125,74.5199966430664,4757.2001953125
2010-02-11,1078.469970703125,2177.409912109375,1094.199951171875,75.27999877929688,4826.85009765625
2010-02-12,1075.510009765625,2183.530029296875,1089.5,74.12999725341797,
2010-02-15,,,,,4801.9501953125
2010-02-16,1094.8699951171875,2214.18994140625,1119.300048828125,77.01000213623047,4855.75
2010-02-17,1099.510009765625,2226.2900390625,1119.5,77.33000183105469,4914.0
2010-02-18,1106.75,2241.7099609375,1118.0,79.05999755859375,4887.75
2010-02-19,1109.1700439453125,2243.8701171875,1121.300048828125,79.80999755859375,4844.89990234375
2010-02-22,1108.010009765625,2242.030029296875,1112.5999755859375,80.16000366210938,4856.39990234375
2010-02-23,1094.5999755859375,2213.43994140625,1102.699951171875,78.86000061035156,4870.0498046875
2010-02-24,1105.239990234375,2235.89990234375,1096.5,80.0,4858.60009765625
2010-02-25,1102.93994140625,2234.219970703125,1107.800048828125,78.16999816894531,4859.75
2010-02-26,1104.489990234375,2238.260009765625,1118.300048828125,79.66000366210938,4922.2998046875
2010-03-01,1115.7099609375,2273.570068359375,1117.800048828125,78.69999694824219,
2010-03-02,1118.31005859375,2280.7900390625,1136.9000244140625,79.68000030517578,5017.0
2010-03-03,1118.7900390625,2280.679931640625,1142.699951171875,80.87000274658203,5088.10009765625
2010-03-04,1122.969970703125,2292.31005859375,1132.5999755859375,80.20999908447266,5080.25
2010-03-05,1138.699951171875,2326.35009765625,1134.800048828125,81.5,5088.7001953125
2010-03-08,1138.5,2332.2099609375,1123.5999755859375,81.87000274658203,5124.0
2010-03-09,1140.449951171875,2340.679931640625,1122.0,81.48999786376953,5101.5
2010-03-10,1145.6099853515625,2358.949951171875,1107.800048828125,82.08999633789062,5116.25
2010-03-11,1150.239990234375,2368.4599609375,1108.0,82.11000061035156,5133.39990234375
2010-03-12,1149.989990234375,2367.659912109375,1101.5,81.23999786376953,5137.0
2010-03-15,1150.510009765625,2362.2099609375,1105.0999755859375,79.80000305175781,5128.89990234375
2010-03-16,1159.4599609375,2378.010009765625,1122.199951171875,81.69999694824219,5198.10009765625
2010-03-17,1166.2099609375,2389.090087890625,1124.0,82.93000030517578,5231.89990234375
2010-03-18,1165.8299560546875,2391.280029296875,1127.4000244140625,82.19999694824219,5245.89990234375
2010-03-19,1159.9000244140625,2374.409912109375,1107.4000244140625,80.68000030517578,5262.7998046875
2010-03-22,1165.81005859375,2395.39990234375,1099.300048828125,81.25,5205.2001953125
2010-03-23,1174.1700439453125,2415.239990234375,1103.5,81.91000366210938,5225.2998046875
2010-03-24,1167.719970703125,2398.760009765625,1088.5999755859375,80.61000061035156,
2010-03-25,1165.72998046875,2397.409912109375,1092.699951171875,80.52999877929688,5260.39990234375
2010-03-26,1166.5899658203125,2395.1298828125,1104.199951171875,80.0,5282.0
2010-03-29,1173.219970703125,2404.360107421875,1110.300048828125,82.16999816894531,5302.85009765625
2010-03-30,1173.27001953125,2410.68994140625,1104.5,82.37000274658203,5262.4501953125
2010-03-31,1169.4300537109375,2397.9599609375,1113.300048828125,83.76000213623047,5249.10009765625
2010-04-01,1178.0999755859375,2402.580078125,1125.0999755859375,84.87000274658203,5290.5
2010-04-05,1187.43994140625,2429.530029296875,1132.9000244140625,86.62000274658203,5368.39990234375
2010-04-06,1189.43994140625,2436.81005859375,1135.0999755859375,86.83999633789062,5366.0
2010-04-07,1182.449951171875,2431.159912109375,1152.300048828125,85.87999725341797,5374.64990234375
2010-04-08,1186.43994140625,2436.81005859375,1152.199951171875,85.38999938964844,5304.4501953125
2010-04-09,1194.3699951171875,2454.050048828125,1161.0999755859375,84.91999816894531,5361.75
2010-04-12,1196.47998046875,2457.8701171875,1161.5999755859375,84.33999633789062,5339.7001953125
2010-04-13,1197.300048828125,2465.989990234375,1152.800048828125,84.05000305175781,5322.9501953125
2010-04-14,1210.6500244140625,2504.860107421875,1159.0,85.83999633789062,
2010-04-15,1211.6700439453125,2515.68994140625,1159.699951171875,85.51000213623047,5273.60009765625
2010-04-16,1192.1300048828125,2481.260009765625,1136.300048828125,83.23999786376953,5262.60009765625
2010-04-19,1197.52001953125,2480.110107421875,1135.199951171875,81.44999694824219,5203.64990234375
2010-04-20,1207.1700439453125,2500.31005859375,1138.5999755859375,83.44999694824219,5230.10009765625
2010-04-21,1205.93994140625,2504.610107421875,1148.199951171875,83.68000030517578,5244.89990234375
2010-04-22,1208.6700439453125,2519.070068359375,1142.300048828125,83.69999694824219,5269.35009765625
2010-04-23,1217.280029296875,2530.14990234375,1153.0999755859375,85.12000274658203,5304.10009765625
2010-04-26,1212.050048828125,2522.949951171875,1153.5,84.19999694824219,5322.4501953125
2010-04-27,1183.7099609375,2471.469970703125,1161.699951171875,82.44000244140625,5308.35009765625
2010-04-28,1191.3599853515625,2471.72998046875,1171.300048828125,83.22000122070312,5215.4501953125
2010-04-29,1206.780029296875,2511.919921875,1168.4000244140625,85.16999816894531,5254.14990234375
2010-04-30,1186.68994140625,2461.18994140625,1180.0999755859375,86.1500015258789,5278.0
2010-05-03,1202.260009765625,2498.739990234375,1182.699951171875,86.19000244140625,5222.75
2010-05-04,1173.5999755859375,2424.25,1168.5999755859375,82.73999786376953,5148.5
2010-05-05,1165.8699951171875,2402.2900390625,1174.5999755859375,79.97000122070312,5124.89990234375
2010-05-06,1128.1500244140625,2319.639892578125,1196.9000244140625,77.11000061035156,5090.85009765625
2010-05-07,1110.8800048828125,2265.639892578125,1210.0,75.11000061035156,5018.0498046875
2010-05-10,1159.72998046875,2374.669921875,1200.4000244140625,76.80000305175781,5193.60009765625
2010-05-11,1155.7900390625,2375.31005859375,1219.9000244140625,76.37000274658203,5136.14990234375
2010-05-12,1171.6700439453125,2425.02001953125,1242.699951171875,75.6500015258789,5156.64990234375
2010-05-13,1157.43994140625,2394.360107421875,1228.800048828125,74.4000015258789,5178.89990234375
2010-05-14,1135.6800537109375,2346.85009765625,1227.4000244140625,71.61000061035156,5093.5
2010-05-17,1136.93994140625,2354.22998046875,1227.699951171875,70.08000183105469,5059.89990234375
2010-05-18,1120.800048828125,2317.260009765625,1214.300048828125,69.41000366210938,5066.2001953125
2010-05-19,1115.050048828125,2298.3701171875,1192.5999755859375,69.87000274658203,4919.64990234375
2010-05-20,1071.5899658203125,2204.010009765625,1187.800048828125,68.01000213623047,4947.60009765625
2010-05-21,1087.68994140625,2229.0400390625,1175.699951171875,70.04000091552734,4931.14990234375
2010-05-24,1073.6500244140625,2213.550048828125,1193.800048828125,70.20999908447266,4943.9501953125
2010-05-25,1074.030029296875,2210.949951171875,1197.800048828125,68.75,4806.75
2010-05-26,1067.949951171875,2195.8798828125,1213.300048828125,71.51000213623047,4917.39990234375
2010-05-27,1103.06005859375,2277.679931640625,1211.9000244140625,74.55000305175781,5003.10009765625
2010-05-28,1089.4100341796875,2257.0400390625,1212.199951171875,73.97000122070312,5066.5498046875
2010-05-31,,,,,5086.2998046875
2010-06-01,1070.7099609375,2222.330078125,1224.800048828125,72.58000183105469,4970.2001953125
2010-06-02,1098.3800048828125,2281.070068359375,1220.5999755859375,72.86000061035156,5019.85009765625
2010-06-03,1102.8299560546875,2303.030029296875,1208.300048828125,74.61000061035156,5110.5
2010-06-04,1064.8800048828125,2219.169921875,1216.199951171875,71.51000213623047,5135.5
2010-06-07,1050.469970703125,2173.89990234375,1239.300048828125,71.44000244140625,5034.0
2010-06-08,1062.0,2170.570068359375,1244.0,71.98999786376953,4987.10009765625
2010-06-09,1055.68994140625,2158.85009765625,1228.5,74.37999725341797,5000.2998046875
2010-06-10,1086.8399658203125,2218.7099609375,1220.800048828125,75.4800033569336,5078.60009765625
2010-06-11,1091.5999755859375,2243.60009765625,1228.9000244140625,73.77999877929688,5119.35009765625
2010-06-14,1089.6300048828125,2243.9599609375,1223.300048828125,75.12000274658203,5197.7001953125
2010-06-15,1115.22998046875,2305.8798828125,1233.199951171875,76.94000244140625,5222.35009765625
2010-06-16,1114.6099853515625,2305.929931640625,1229.300048828125,77.66999816894531,5233.35009765625
2010-06-17,1116.0400390625,2307.159912109375,1247.5,76.79000091552734,5274.85009765625
2010-06-18,1117.510009765625,2309.800048828125,1257.199951171875,77.18000030517578,5262.60009765625
2010-06-21,1113.199951171875,2289.090087890625,1239.699951171875,77.81999969482422,5353.2998046875
2010-06-22,1095.31005859375,2261.800048828125,1239.9000244140625,77.20999908447266,5316.5498046875
2010-06-23,1092.0400390625,2254.22998046875,1234.0999755859375,76.3499984741211,5323.14990234375
2010-06-24,1073.68994140625,2217.419921875,1245.5,76.51000213623047,5320.60009765625
2010-06-25,1076.760009765625,2223.47998046875,1255.800048828125,78.86000061035156,5269.0498046875
2010-06-28,1074.5699462890625,2220.64990234375,1238.199951171875,78.25,5333.5
2010-06-29,1041.239990234375,2135.179931640625,1242.0,75.94000244140625,5256.14990234375
2010-06-30,1030.7099609375,2109.239990234375,1245.5,75.62999725341797,5312.5
2010-07-01,1027.3699951171875,2101.360107421875,1206.300048828125,72.94999694824219,5251.39990234375
2010-07-02,1022.5800170898438,2091.7900390625,1207.4000244140625,72.13999938964844,5237.10009765625
2010-07-05,,,,,5235.89990234375
2010-07-06,1028.06005859375,2093.8798828125,1194.800048828125,71.9800033569336,5289.0498046875
2010-07-07,1060.27001953125,2159.469970703125,1198.5999755859375,74.06999969482422,5241.10009765625
2010-07-08,1070.25,2175.39990234375,1195.800048828125,75.44000244140625,5296.85009765625
2010-07-09,1077.9599609375,2196.449951171875,1209.5999755859375,76.08999633789062,5352.4501953125
2010-07-12,1078.75,2198.360107421875,1198.5,74.94999694824219,5383.0
2010-07-13,1095.3399658203125,2242.030029296875,1213.300048828125,77.1500015258789,5400.64990234375
2010-07-14,1095.1700439453125,2249.840087890625,1206.800048828125,77.04000091552734,5386.14990234375
2010-07-15,1096.47998046875,2249.080078125,1208.0999755859375,76.62000274658203,5378.75
2010-07-16,1064.8800048828125,2179.050048828125,1188.0,76.01000213623047,5393.89990234375
2010-07-19,1071.25,2198.22998046875,1181.699951171875,76.54000091552734,5386.4501953125
2010-07-20,1083.47998046875,2222.489990234375,1191.5,77.44000244140625,5368.0
2010-07-21,1069.5899658203125,2187.330078125,1191.5999755859375,76.55999755859375,5399.35009765625
2010-07-22,1093.6700439453125,2245.889892578125,1195.5,79.30000305175781,5441.9501953125
2010-07-23,1102.6600341796875,2269.469970703125,1187.699951171875,78.9800033569336,5449.10009765625
2010-07-26,1115.010009765625,2296.429931640625,1183.0,78.9800033569336,5418.60009765625
2010-07-27,1113.8399658203125,2288.25,1158.0,77.5,5430.60009765625
2010-07-28,1106.1300048828125,2264.56005859375,1160.4000244140625,76.98999786376953,5397.5498046875
2010-07-29,1101.530029296875,2251.68994140625,1168.4000244140625,78.36000061035156,5408.89990234375
2010-07-30,1101.5999755859375,2254.699951171875,1181.699951171875,78.94999694824219,5367.60009765625
2010-08-02,1125.8599853515625,2295.360107421875,1183.4000244140625,81.33999633789062,5431.64990234375
2010-08-03,1120.4599609375,2283.52001953125,1185.199951171875,82.55000305175781,5439.5498046875
2010-08-04,1127.239990234375,2303.570068359375,1193.699951171875,82.47000122070312,5467.85009765625
2010-08-05,1125.81005859375,2293.06005859375,1197.199951171875,82.01000213623047,5447.10009765625
2010-08-06,1121.6400146484375,2288.469970703125,1203.4000244140625,80.69999694824219,5439.25
2010-08-09,1127.7900390625,2305.68994140625,1200.699951171875,81.4800033569336,5486.14990234375
2010-08-10,1121.06005859375,2277.169921875,1196.199951171875,80.25,5460.7001953125
2010-08-11,1089.469970703125,2208.6298828125,1197.5,78.0199966430664,5420.60009765625
2010-08-12,1083.6099853515625,2190.27001953125,1214.800048828125,75.73999786376953,5416.4501953125
2010-08-13,1079.25,2173.47998046875,1214.9000244140625,75.38999938964844,5452.10009765625
2010-08-16,1079.3800048828125,2181.8701171875,1224.5,75.23999786376953,5418.2998046875
2010-08-17,1092.5400390625,2209.43994140625,1226.5999755859375,75.7699966430664,5414.14990234375
2010-08-18,1094.1600341796875,2215.699951171875,1229.699951171875,75.41999816894531,5479.14990234375
2010-08-19,1075.6300048828125,2178.949951171875,1233.800048828125,74.43000030517578,5540.2001953125
2010-08-20,1071.68994140625,2179.760009765625,1227.199951171875,73.45999908447266,5530.64990234375
2010-08-23,1067.3599853515625,2159.6298828125,1226.9000244140625,73.0999984741211,5543.5
2010-08-24,1051.8699951171875,2123.760009765625,1231.800048828125,71.62999725341797,5505.10009765625
2010-08-25,1055.3299560546875,2141.5400390625,1239.5,72.5199966430664,5462.35009765625
2010-08-26,1047.219970703125,2118.68994140625,1235.4000244140625,73.36000061035156,5477.89990234375
2010-08-27,1064.5899658203125,2153.6298828125,1236.0,75.16999816894531,5408.7001953125
2010-08-30,1048.9200439453125,2119.969970703125,1237.0999755859375,74.69999694824219,5415.4501953125
2010-08-31,1049.3299560546875,2114.030029296875,1248.300048828125,71.91999816894531,5402.39990234375
2010-09-01,1080.2900390625,2176.840087890625,1246.300048828125,73.91000366210938,5471.85009765625
2010-09-02,1090.0999755859375,2200.010009765625,1251.5,75.0199966430664,5486.14990234375
2010-09-03,1104.510009765625,2233.75,1249.199951171875,74.5999984741211,5479.39990234375
2010-09-06,,,,,5576.9501953125
2010-09-07,1091.8399658203125,2208.889892578125,1257.300048828125,74.08999633789062,5604.0
2010-09-08,1098.8699951171875,2228.8701171875,1255.5999755859375,74.66999816894531,5607.85009765625
2010-09-09,1104.1800537109375,2236.199951171875,1248.9000244140625,74.25,5640.0498046875
2010-09-10,1109.550048828125,2242.47998046875,1244.5,76.44999694824219,
2010-09-13,1121.9000244140625,2285.7099609375,1245.0999755859375,77.19000244140625,5760.0
2010-09-14,1121.0999755859375,2289.77001953125,1269.699951171875,76.80000305175781,5795.5498046875
2010-09-15,1125.0699462890625,2301.320068359375,1266.699951171875,76.0199966430664,5860.9501953125
2010-09-16,1124.6600341796875,2303.25,1271.9000244140625,74.56999969482422,5828.7001953125
2010-09-17,1125.5899658203125,2315.610107421875,1275.5999755859375,73.66000366210938,5884.9501953125
2010-09-20,1142.7099609375,2355.830078125,1279.0,74.86000061035156,5980.4501953125
2010-09-21,1139.780029296875,2349.35009765625,1272.4000244140625,73.5199966430664,6009.0498046875
2010-09-22,1134.280029296875,2334.550048828125,1290.199951171875,74.70999908447266,5991.0
2010-09-23,1124.8299560546875,2327.080078125,1294.300048828125,75.18000030517578,5959.5498046875
2010-09-24,1148.6700439453125,2381.219970703125,1296.0,76.48999786376953,6018.2998046875
2010-09-27,1142.1600341796875,2369.77001953125,1296.699951171875,76.5199966430664,6035.64990234375
2010-09-28,1147.699951171875,2379.590087890625,1306.5999755859375,76.18000030517578,6029.5
2010-09-29,1144.72998046875,2376.56005859375,1308.5,77.86000061035156,5991.2998046875
2010-09-30,1141.199951171875,2368.6201171875,1307.800048828125,79.97000122070312,6029.9501953125
2010-10-01,1146.239990234375,2370.75,1316.0999755859375,81.58000183105469,6143.39990234375
2010-10-04,1137.030029296875,2344.52001953125,1315.4000244140625,81.47000122070312,6159.4501953125
2010-10-05,1160.75,2399.830078125,1338.9000244140625,82.81999969482422,6145.7998046875
2010-10-06,1159.969970703125,2380.659912109375,1346.4000244140625,83.2300033569336,6186.4501953125
2010-10-07,1158.06005859375,2383.669921875,1333.9000244140625,81.66999816894531,6120.2998046875
2010-10-08,1165.1500244140625,2401.909912109375,1344.199951171875,82.66000366210938,6103.4501953125
2010-10-11,1165.3199462890625,2402.330078125,1353.300048828125,82.20999908447266,6135.85009765625
2010-10-12,1169.77001953125,2417.919921875,1345.699951171875,81.66999816894531,6090.89990234375
2010-10-13,1178.0999755859375,2441.22998046875,1369.5,83.01000213623047,6233.89990234375
2010-10-14,1173.81005859375,2435.3798828125,1376.699951171875,82.69000244140625,6177.35009765625
2010-10-15,1176.18994140625,2468.77001953125,1371.0999755859375,81.25,6062.64990234375
2010-10-18,1184.7099609375,2480.659912109375,1371.199951171875,83.08000183105469,6075.9501953125
2010-10-19,1165.9000244140625,2436.949951171875,1335.0999755859375,79.48999786376953,6027.2998046875
2010-10-20,1178.1700439453125,2457.389892578125,1343.300048828125,81.7699966430664,5982.10009765625
2010-10-21,1180.260009765625,2459.669921875,1324.699951171875,80.55999755859375,6101.5
2010-10-22,1183.0799560546875,2479.389892578125,1324.4000244140625,81.69000244140625,6066.0498046875
2010-10-25,1185.6199951171875,2490.85009765625,1338.300048828125,82.5199966430664,6105.7998046875
2010-10-26,1185.6400146484375,2497.2900390625,1338.0,82.55000305175781,6082.0
2010-10-27,1182.449951171875,2503.260009765625,1322.199951171875,81.94000244140625,6012.64990234375
2010-10-28,1183.780029296875,2507.3701171875,1342.0999755859375,82.18000030517578,5987.7001953125
2010-10-29,1183.260009765625,2507.409912109375,1357.0999755859375,81.43000030517578,6017.7001953125
2010-11-01,1184.3800048828125,2504.840087890625,1350.199951171875,82.94999694824219,6117.5498046875
2010-11-02,1193.5699462890625,2533.52001953125,1356.4000244140625,83.9000015258789,6119.0
2010-11-03,1197.9599609375,2540.27001953125,1337.0999755859375,84.69000244140625,6160.5
2010-11-04,1221.06005859375,2577.340087890625,1382.699951171875,86.48999786376953,6281.7998046875
2010-11-05,1225.8499755859375,2578.97998046875,1397.300048828125,86.8499984741211,
2010-11-08,1223.25,2580.050048828125,1402.800048828125,87.05999755859375,6273.2001953125
2010-11-09,1213.4000244140625,2562.97998046875,1409.800048828125,86.72000122070312,6301.5498046875
2010-11-10,1218.7099609375,2578.780029296875,1399.0999755859375,87.80999755859375,6275.7001953125
2010-11-11,1213.5400390625,2555.52001953125,1403.0999755859375,87.80999755859375,6194.25
2010-11-12,1199.2099609375,2518.2099609375,1365.4000244140625,84.87999725341797,6071.64990234375
2010-11-15,1197.75,2513.820068359375,1368.4000244140625,84.86000061035156,6121.60009765625
2010-11-16,1178.3399658203125,2469.840087890625,1338.300048828125,82.33999633789062,5988.7001953125
2010-11-17,1178.5899658203125,2476.010009765625,1336.800048828125,80.44000244140625,
2010-11-18,1196.68994140625,2514.39990234375,1352.9000244140625,81.8499984741211,5998.7998046875
2010-11-19,1199.72998046875,2518.1201171875,1352.199951171875,81.51000213623047,5890.2998046875
2010-11-22,1197.8399658203125,2532.02001953125,1357.699951171875,81.73999786376953,6010.0
2010-11-23,1180.72998046875,2494.949951171875,1377.5,81.25,5934.75
2010-11-24,1198.3499755859375,2543.1201171875,1372.9000244140625,83.86000061035156,5865.75
2010-11-25,,,,,5799.75
2010-11-26,1189.4000244140625,2534.56005859375,1362.300048828125,83.76000213623047,5751.9501953125
2010-11-29,1187.760009765625,2525.219970703125,1366.0,85.7300033569336,5830.0
2010-11-30,1180.550048828125,2498.22998046875,1385.0,84.11000061035156,5862.7001953125
2010-12-01,1206.0699462890625,2549.429931640625,1387.300048828125,86.75,5960.89990234375
2010-12-02,1221.530029296875,2579.35009765625,1388.5,88.0,6011.7001953125
2010-12-03,1224.7099609375,2591.4599609375,1405.4000244140625,89.19000244140625,5992.7998046875
2010-12-06,1223.1199951171875,2594.919921875,1415.300048828125,89.37999725341797,5992.25
2010-12-07,1223.75,2598.489990234375,1408.300048828125,88.69000244140625,5976.5498046875
2010-12-08,1228.280029296875,2609.159912109375,1382.5,88.27999877929688,5903.7001953125
2010-12-09,1233.0,2616.669921875,1392.0999755859375,88.37000274658203,5766.5
2010-12-10,1240.4000244140625,2637.5400390625,1384.300048828125,87.79000091552734,5857.35009765625
2010-12-13,1240.4599609375,2624.909912109375,1397.300048828125,88.61000061035156,5907.64990234375
2010-12-14,1241.5899658203125,2627.719970703125,1403.5999755859375,88.27999877929688,5944.10009765625
2010-12-15,1235.22998046875,2617.219970703125,1385.5,88.62000274658203,5892.2998046875
2010-12-16,1242.8699951171875,2637.31005859375,1370.4000244140625,87.69999694824219,5948.75
2010-12-17,1243.9100341796875,2642.969970703125,1378.5999755859375,88.0199966430664,
2010-12-20,1247.0799560546875,2649.56005859375,1385.5,88.80999755859375,5947.0498046875
2010-12-21,1254.5999755859375,2667.610107421875,1388.199951171875,89.81999969482422,6000.64990234375
2010-12-22,1258.8399658203125,2671.47998046875,1386.800048828125,90.4800033569336,5984.39990234375
2010-12-23,1256.77001953125,2665.60009765625,1380.0,91.51000213623047,5980.0
2010-12-24,,,,,6011.60009765625
2010-12-27,1257.5400390625,2667.27001953125,1382.4000244140625,91.0,5998.10009765625
2010-12-28,1258.510009765625,2662.8798828125,1405.199951171875,91.48999786376953,5996.0
2010-12-29,1259.780029296875,2666.929931640625,1413.0999755859375,91.12000274658203,6060.35009765625
2010-12-30,1257.8800048828125,2662.97998046875,1405.5999755859375,89.83999633789062,6101.85009765625
2010-12-31,1257.6400146484375,2652.8701171875,1421.0999755859375,91.37999725341797,6134.5
2011-01-03,1271.8699951171875,2691.52001953125,1422.5999755859375,91.55000305175781,6157.60009765625
2011-01-04,1270.199951171875,2681.25,1378.5,89.37999725341797,6146.35009765625
2011-01-05,1276.56005859375,2702.199951171875,1373.4000244140625,90.30000305175781,6079.7998046875
2011-01-06,1273.8499755859375,2709.889892578125,1371.4000244140625,88.37999725341797,6048.25
2011-01-07,1271.5,2703.169921875,1368.5,88.02999877929688,5904.60009765625
2011-01-10,1269.75,2707.800048828125,1373.699951171875,89.25,5762.85009765625
2011-01-11,1274.47998046875,2716.830078125,1384.0,91.11000061035156,5754.10009765625
2011-01-12,1285.9599609375,2737.330078125,1385.699951171875,91.86000061035156,5863.25
2011-01-13,1283.760009765625,2735.2900390625,1386.9000244140625,91.4000015258789,5751.89990234375
2011-01-14,1293.239990234375,2755.300048828125,1360.4000244140625,91.54000091552734,5654.5498046875
2011-01-17,,,,,5654.75
2011-01-18,1295.02001953125,2765.85009765625,1368.0999755859375,91.37999725341797,5724.0498046875
2011-01-19,1281.9200439453125,2725.360107421875,1370.199951171875,90.86000061035156,5691.0498046875
2011-01-20,1280.260009765625,2704.2900390625,1346.5,88.86000061035156,5711.60009765625
2011-01-21,1283.3499755859375,2689.5400390625,1341.0,89.11000061035156,5696.5
2011-01-24,1290.8399658203125,2717.550048828125,1344.5,87.87000274658203,5743.25
2011-01-25,1291.1800537109375,2719.25,1332.300048828125,86.19000244140625,5687.39990234375
2011-01-26,1296.6300048828125,2739.5,1333.0,87.33000183105469,
2011-01-27,1299.5400390625,2755.280029296875,1318.4000244140625,85.63999938964844,5604.2998046875
2011-01-28,1276.3399658203125,2686.889892578125,1340.699951171875,89.33999633789062,5512.14990234375
2011-01-31,1286.1199951171875,2700.080078125,1333.800048828125,92.19000244140625,5505.89990234375
2011-02-01,1307.5899658203125,2751.18994140625,1339.5999755859375,90.7699966430664,5417.2001953125
2011-02-02,1304.030029296875,2749.56005859375,1331.5,90.86000061035156,5432.0
2011-02-03,1307.0999755859375,2753.8798828125,1352.300048828125,90.54000091552734,5526.75
2011-02-04,1310.8699951171875,2769.300048828125,1348.300048828125,89.02999877929688,5395.75
2011-02-07,1319.050048828125,2783.989990234375,1347.5999755859375,87.4800033569336,5396.0
2011-02-08,1324.5699462890625,2797.050048828125,1363.4000244140625,86.94000244140625,5312.5498046875
2011-02-09,1320.8800048828125,2789.070068359375,1364.800048828125,86.70999908447266,5253.5498046875
2011-02-10,1321.8699951171875,2790.449951171875,1361.9000244140625,86.7300033569336,5225.7998046875
2011-02-11,1329.1500244140625,2809.43994140625,1359.9000244140625,85.58000183105469,5310.0
2011-02-14,1332.3199462890625,2817.179931640625,1364.5999755859375,84.80999755859375,5456.0
2011-02-15,1328.010009765625,2804.35009765625,1373.5999755859375,84.31999969482422,5481.0
2011-02-16,1336.3199462890625,2825.56005859375,1374.699951171875,84.98999786376953,5481.7001953125
2011-02-17,1340.4300537109375,2831.580078125,1384.699951171875,86.36000061035156,5546.4501953125
2011-02-18,1343.010009765625,2833.949951171875,1388.199951171875,86.19999694824219,5458.9501953125
2011-02-21,,,,,5518.60009765625
2011-02-22,1315.43994140625,2756.419921875,1400.5,93.56999969482422,5469.2001953125
2011-02-23,1307.4000244140625,2722.989990234375,1413.4000244140625,98.0999984741211,5437.35009765625
2011-02-24,1306.0999755859375,2737.89990234375,1415.300048828125,97.27999877929688,5262.7001953125
2011-02-25,1319.8800048828125,2781.050048828125,1408.699951171875,97.87999725341797,5303.5498046875
2011-02-28,1327.219970703125,2782.27001953125,1409.300048828125,96.97000122070312,5333.25
2011-03-01,1306.3299560546875,2737.409912109375,1430.699951171875,99.62999725341797,5522.2998046875
2011-03-02,1308.43994140625,2748.070068359375,1437.199951171875,102.2300033569336,
2011-03-03,1330.969970703125,2798.739990234375,1416.0,101.91000366210938,5536.2001953125
2011-03-04,1321.1500244140625,2784.669921875,1428.199951171875,104.41999816894531,5538.75
2011-03-07,1310.1300048828125,2745.6298828125,1434.0999755859375,105.44000244140625,5463.14990234375
2011-03-08,1321.8199462890625,2765.77001953125,1426.9000244140625,105.0199966430664,5520.7998046875
2011-03-09,1320.02001953125,2751.719970703125,1429.300048828125,104.37999725341797,5531.0
2011-03-10,1295.1099853515625,2701.02001953125,1412.199951171875,102.69999694824219,5494.39990234375
2011-03-11,1304.280029296875,2715.610107421875,1421.5,101.16000366210938,5445.4501953125
2011-03-14,1296.3900146484375,2700.969970703125,1424.5999755859375,101.19000244140625,5531.5
2011-03-15,1281.8699951171875,2667.330078125,1392.5999755859375,97.18000030517578,5449.64990234375
2011-03-16,1256.8800048828125,2616.820068359375,1396.0,97.9800033569336,5511.14990234375
2011-03-17,1273.719970703125,2636.050048828125,1404.0,101.41999816894531,5446.64990234375
2011-03-18,1279.2099609375,2643.669921875,1415.9000244140625,101.06999969482422,5373.7001953125
2011-03-21,1298.3800048828125,2692.090087890625,1426.199951171875,102.33000183105469,5364.75
2011-03-22,1293.77001953125,2683.8701171875,1427.5,104.0,5413.85009765625
2011-03-23,1297.5400390625,2698.300048828125,1437.9000244140625,105.75,5480.25
2011-03-24,1309.6600341796875,2736.419921875,1434.800048828125,105.5999984741211,5522.39990234375
2011-03-25,1313.800048828125,2743.06005859375,1426.0999755859375,105.4000015258789,5654.25
2011-03-28,1310.18994140625,2730.679931640625,1419.800048828125,103.9800033569336,5687.25
2011-03-29,1319.43994140625,2756.889892578125,1416.0,104.79000091552734,5736.35009765625
2011-03-30,1328.260009765625,2776.7900390625,1423.800048828125,104.2699966430664,5787.64990234375
2011-03-31,1325.8299560546875,2781.070068359375,1438.9000244140625,106.72000122070312,5833.75
2011-04-01,1332.4100341796875,2789.60009765625,1428.0999755859375,107.94000244140625,5826.0498046875
2011-04-04,1332.8699951171875,2789.18994140625,1432.199951171875,108.47000122070312,5908.4501953125
2011-04-05,1332.6300048828125,2791.18994140625,1451.800048828125,108.33999633789062,5910.0498046875
2011-04-06,1335.5400390625,2799.820068359375,1457.699951171875,108.83000183105469,5891.75
2011-04-07,1333.510009765625,2796.139892578125,1458.5,110.30000305175781,5885.7001953125
2011-04-08,1328.1700439453125,2780.419921875,1473.4000244140625,112.79000091552734,5842.0
2011-04-11,1324.4599609375,2771.510009765625,1467.4000244140625,109.91999816894531,5785.7001953125
2011-04-12,1314.1600341796875,2744.7900390625,1452.9000244140625,106.25,
2011-04-13,1314.4100341796875,2761.52001953125,1454.9000244140625,107.11000061035156,5911.5
2011-04-14,1314.52001953125,2760.219970703125,1471.699951171875,108.11000061035156,
2011-04-15,1319.6800537109375,2764.64990234375,1485.300048828125,109.66000366210938,5824.5498046875
2011-04-18,1305.1400146484375,2735.3798828125,1492.300048828125,107.12000274658203,5729.10009765625
2011-04-19,1312.6199951171875,2744.969970703125,1494.5,108.1500015258789,5740.75
2011-04-20,1330.3599853515625,2802.510009765625,1498.300048828125,111.44999694824219,5851.64990234375
2011-04-21,1337.3800048828125,2820.159912109375,1503.199951171875,112.29000091552734,5884.7001953125
2011-04-25,1335.25,2825.8798828125,1508.5999755859375,112.27999877929688,5874.5
2011-04-26,1347.239990234375,2847.5400390625,1503.0,112.20999908447266,5868.39990234375
2011-04-27,1355.6600341796875,2869.8798828125,1516.699951171875,112.76000213623047,5833.89990234375
2011-04-28,1360.47998046875,2872.530029296875,1530.800048828125,112.86000061035156,5785.4501953125
2011-04-29,1363.6099853515625,2873.5400390625,1556.0,113.93000030517578,5749.5
2011-05-02,1361.219970703125,2864.080078125,1556.699951171875,113.5199966430664,5701.2998046875
2011-05-03,1356.6199951171875,2841.6201171875,1540.0999755859375,111.05000305175781,5565.25
2011-05-04,1347.3199462890625,2828.22998046875,1514.9000244140625,109.23999786376953,5537.14990234375
2011-05-05,1335.0999755859375,2814.719970703125,1480.9000244140625,99.80000305175781,5459.85009765625
2011-05-06,1340.199951171875,2827.56005859375,1491.199951171875,97.18000030517578,5551.4501953125
2011-05-09,1346.2900390625,2843.25,1502.9000244140625,102.55000305175781,5551.10009765625
2011-05-10,1357.1600341796875,2871.889892578125,1516.5999755859375,103.87999725341797,5541.25
2011-05-11,1342.0799560546875,2845.06005859375,1501.0999755859375,98.20999908447266,5565.0498046875
2011-05-12,1348.6500244140625,2863.0400390625,1506.5999755859375,98.97000122070312,5486.14990234375
2011-05-13,1337.77001953125,2828.469970703125,1493.4000244140625,99.6500015258789,5544.75
2011-05-16,1329.469970703125,2782.31005859375,1490.4000244140625,97.37000274658203,5499.0
2011-05-17,1328.97998046875,2783.2099609375,1479.800048828125,96.91000366210938,5438.9501953125
2011-05-18,1340.6800537109375,2815.0,1495.5999755859375,100.0999984741211,5420.60009765625
2011-05-19,1343.5999755859375,2823.31005859375,1492.199951171875,98.44000244140625,5428.10009765625
2011-05-20,1333.27001953125,2803.320068359375,1508.800048828125,99.48999786376953,5486.35009765625
2011-05-23,1317.3699951171875,2758.89990234375,1515.300048828125,97.69999694824219,5386.5498046875
2011-05-24,1316.280029296875,2746.159912109375,1523.199951171875,99.58999633789062,5394.85009765625
2011-05-25,1320.469970703125,2761.3798828125,1526.5999755859375,101.31999969482422,5348.9501953125
2011-05-26,1325.68994140625,2782.919921875,1522.800048828125,100.2300033569336,5412.35009765625
2011-05-27,1331.0999755859375,2796.860107421875,1536.300048828125,100.58999633789062,5476.10009765625
2011-05-30,,,,,5473.10009765625
2011-05-31,1345.199951171875,2835.300048828125,1535.9000244140625,102.69999694824219,
2011-06-01,1314.550048828125,2769.18994140625,1542.4000244140625,100.29000091552734,5592.0
2011-06-02,1312.93994140625,2773.31005859375,1532.0,100.4000015258789,5550.35009765625
2011-06-03,1300.1600341796875,2732.780029296875,1541.699951171875,100.22000122070312,5516.75
2011-06-06,1286.1700439453125,2702.56005859375,1546.5,99.01000213623047,5532.0498046875
2011-06-07,1284.93994140625,2701.56005859375,1543.300048828125,99.08999633789062,5556.14990234375
2011-06-08,1279.56005859375,2675.3798828125,1538.0999755859375,100.73999786376953,5526.85009765625
2011-06-09,1289.0,2684.8701171875,1542.0999755859375,101.93000030517578,5521.0498046875
2011-06-10,1270.97998046875,2643.72998046875,1528.5999755859375,99.29000091552734,5485.7998046875
2011-06-13,1271.8299560546875,2639.68994140625,1515.0,97.30000305175781,5482.7998046875
2011-06-14,1287.8699951171875,2678.719970703125,1523.800048828125,99.37000274658203,5500.5
2011-06-15,1265.4200439453125,2631.4599609375,1525.5999755859375,94.80999755859375,5447.5
2011-06-16,1267.6400146484375,2623.699951171875,1529.300048828125,94.94999694824219,5396.75
2011-06-17,1271.5,2616.47998046875,1538.5999755859375,93.01000213623047,5366.39990234375
2011-06-20,1278.3599853515625,2629.659912109375,1541.5,93.26000213623047,5257.89990234375
2011-06-21,1295.52001953125,2687.260009765625,1546.0,93.4000015258789,5275.85009765625
2011-06-22,1287.1400146484375,2669.18994140625,1552.9000244140625,95.41000366210938,5278.2998046875
2011-06-23,1283.5,2686.75,1520.0999755859375,91.0199966430664,5320.0
2011-06-24,1268.449951171875,2652.889892578125,1500.5,91.16000366210938,5471.25
2011-06-27,1280.0999755859375,2688.280029296875,1496.0,90.61000061035156,5526.60009765625
2011-06-28,1296.6700439453125,2729.31005859375,1499.699951171875,92.88999938964844,5545.2998046875
2011-06-29,1307.4100341796875,2740.489990234375,1509.9000244140625,94.7699966430664,5600.4501953125
2011-06-30,1320.6400146484375,2773.52001953125,1502.300048828125,95.41999816894531,5647.39990234375
2011-07-01,1339.6700439453125,2816.030029296875,1482.300048828125,94.94000244140625,5627.2001953125
2011-07-04,,,,,5650.5
2011-07-05,1337.8800048828125,2825.77001953125,1512.300048828125,96.88999938964844,5632.10009765625
2011-07-06,1339.219970703125,2834.02001953125,1528.699951171875,96.6500015258789,5625.4501953125
2011-07-07,1353.219970703125,2872.659912109375,1530.199951171875,98.66999816894531,5728.9501953125
2011-07-08,1343.800048828125,2859.81005859375,1541.199951171875,96.19999694824219,5660.64990234375
2011-07-11,1319.489990234375,2802.6201171875,1548.800048828125,95.1500015258789,5616.10009765625
2011-07-12,1313.6400146484375,2781.909912109375,1561.9000244140625,97.43000030517578,5526.14990234375
2011-07-13,1317.719970703125,2796.919921875,1585.199951171875,98.05000305175781,5585.4501953125
2011-07-14,1308.8699951171875,2762.669921875,1589.0,95.69000244140625,
2011-07-15,1316.1400146484375,2789.800048828125,1589.800048828125,97.23999786376953,5581.10009765625
2011-07-18,1305.43994140625,2765.110107421875,1602.0999755859375,95.93000030517578,5567.0498046875
2011-07-19,1326.72998046875,2826.52001953125,1600.9000244140625,97.5,5613.5498046875
2011-07-20,1325.8399658203125,2814.22998046875,1596.699951171875,98.13999938964844,5567.0498046875
2011-07-21,1343.800048828125,2834.429931640625,1586.800048828125,99.12999725341797,5541.60009765625
2011-07-22,1345.02001953125,2858.830078125,1601.300048828125,99.87000274658203,5633.9501953125
2011-07-25,1337.4300537109375,2842.800048828125,1612.0,99.19999694824219,5680.2998046875
2011-07-26,1331.93994140625,2839.9599609375,1616.5999755859375,99.58999633789062,5574.85009765625
2011-07-27,1304.8900146484375,2764.7900390625,1615.0,97.4000015258789,5546.7998046875
2011-07-28,1300.6700439453125,2766.25,1613.4000244140625,97.44000244140625,5487.75
2011-07-29,1292.280029296875,2756.3798828125,1628.300048828125,95.69999694824219,5482.0
2011-08-01,1286.93994140625,2744.610107421875,1619.0,94.88999938964844,5516.7998046875
2011-08-02,1254.050048828125,2669.239990234375,1641.9000244140625,93.79000091552734,5456.5498046875
2011-08-03,1260.3399658203125,2693.070068359375,1663.4000244140625,91.93000030517578,5404.7998046875
2011-08-04,1200.0699462890625,2556.389892578125,1656.199951171875,86.62999725341797,5331.7998046875
2011-08-05,1199.3800048828125,2532.409912109375,1648.800048828125,86.87999725341797,5211.25
2011-08-08,1119.4599609375,2357.68994140625,1710.199951171875,81.30999755859375,5118.5
2011-08-09,1172.530029296875,2482.52001953125,1740.0,79.30000305175781,5072.85009765625
2011-08-10,1120.760009765625,2381.050048828125,1781.300048828125,82.88999938964844,5161.0
2011-08-11,1172.6400146484375,2492.679931640625,1748.800048828125,85.72000122070312,5138.2998046875
2011-08-12,1178.81005859375,2507.97998046875,1740.199951171875,85.37999725341797,5072.9501953125
2011-08-15,1204.489990234375,2555.199951171875,1755.5,87.87999725341797,
2011-08-16,1192.760009765625,2523.449951171875,1782.4000244140625,86.6500015258789,5035.7998046875
2011-08-17,1193.8900146484375,2511.47998046875,1791.199951171875,87.58000183105469,5056.60009765625
2011-08-18,1140.6500244140625,2380.429931640625,1818.9000244140625,82.37999725341797,4944.14990234375
2011-08-19,1123.530029296875,2341.840087890625,1848.9000244140625,82.26000213623047,4845.64990234375
2011-08-22,1123.8199462890625,2345.3798828125,1888.699951171875,84.12000274658203,4898.7998046875
2011-08-23,1162.3499755859375,2446.06005859375,1858.300048828125,85.44000244140625,4948.89990234375
2011-08-24,1177.5999755859375,2467.68994140625,1754.0999755859375,85.16000366210938,4888.89990234375
2011-08-25,1159.27001953125,2419.6298828125,1759.800048828125,85.30000305175781,4839.60009765625
2011-08-26,1176.800048828125,2479.85009765625,1794.0999755859375,85.37000274658203,4747.7998046875
2011-08-29,1210.0799560546875,2562.110107421875,1788.4000244140625,87.2699966430664,4919.60009765625
2011-08-30,1212.9200439453125,2576.110107421875,1826.699951171875,88.9000015258789,5001.0
2011-08-31,1218.8900146484375,2579.4599609375,1828.5,88.80999755859375,
2011-09-01,1204.4200439453125,2546.0400390625,1826.0,88.93000030517578,
2011-09-02,1173.969970703125,2480.330078125,1873.699951171875,86.44999694824219,5040.0
2011-09-05,,,,,5017.2001953125
2011-09-06,1165.239990234375,2473.830078125,1869.9000244140625,86.0199966430664,5064.2998046875
2011-09-07,1198.6199951171875,2548.93994140625,1814.199951171875,89.33999633789062,5124.64990234375
2011-09-08,1185.9000244140625,2529.139892578125,1854.4000244140625,89.05000305175781,5153.25
2011-09-09,1154.22998046875,2467.989990234375,1856.4000244140625,87.23999786376953,5059.4501953125
2011-09-12,1162.27001953125,2495.090087890625,1809.9000244140625,88.19000244140625,4946.7998046875
2011-09-13,1172.8699951171875,2532.14990234375,1826.800048828125,90.20999908447266,4940.9501953125
2011-09-14,1188.6800537109375,2572.550048828125,1823.5,88.91000366210938,5012.5498046875
2011-09-15,1209.1099853515625,2607.070068359375,1778.5,89.4000015258789,5075.7001953125
2011-09-16,1216.010009765625,2622.31005859375,1812.0999755859375,87.95999908447266,5084.25
2011-09-19,1204.0899658203125,2612.830078125,1776.4000244140625,85.69999694824219,5031.9501953125
2011-09-20,1202.0899658203125,2590.239990234375,1806.5999755859375,86.88999938964844,5140.2001953125
2011-09-21,1166.760009765625,2538.18994140625,1805.5,85.91999816894531,5133.25
2011-09-22,1129.56005859375,2455.669921875,1739.199951171875,80.51000213623047,4923.64990234375
2011-09-23,1136.4300537109375,2483.22998046875,1637.5,79.8499984741211,4867.75
2011-09-26,1162.949951171875,2516.68994140625,1592.5,80.23999786376953,4835.39990234375
2011-09-27,1175.3800048828125,2546.830078125,1650.5999755859375,84.44999694824219,4971.25
2011-09-28,1151.06005859375,2491.580078125,1616.300048828125,81.20999908447266,4945.89990234375
2011-09-29,1160.4000244140625,2480.760009765625,1615.5,82.13999938964844,5015.4501953125
2011-09-30,1131.4200439453125,2415.39990234375,1620.4000244140625,79.19999694824219,4943.25
2011-10-03,1099.22998046875,2335.830078125,1656.0,77.61000061035156,4849.5
2011-10-04,1123.949951171875,2404.820068359375,1614.699951171875,75.66999816894531,4772.14990234375
2011-10-05,1144.030029296875,2460.510009765625,1640.300048828125,79.68000030517578,4751.2998046875
2011-10-06,1164.969970703125,2506.820068359375,1651.9000244140625,82.58999633789062,
2011-10-07,1155.4599609375,2479.35009765625,1634.5,82.9800033569336,4888.0498046875
2011-10-10,1194.8900146484375,2566.050048828125,1669.5999755859375,85.41000366210938,4979.60009765625
2011-10-11,1195.5400390625,2583.030029296875,1659.699951171875,85.80999755859375,4974.35009765625
2011-10-12,1207.25,2604.72998046875,1681.300048828125,85.56999969482422,5099.39990234375
2011-10-13,1203.6600341796875,2620.239990234375,1667.300048828125,84.2300033569336,5077.85009765625
2011-10-14,1224.5799560546875,2667.85009765625,1681.800048828125,86.80000305175781,5132.2998046875
2011-10-17,1200.8599853515625,2614.919921875,1675.5,86.37999725341797,5118.25
2011-10-18,1225.3800048828125,2657.429931640625,1651.699951171875,88.33999633789062,5037.5
2011-10-19,1209.8800048828125,2604.0400390625,1646.0,86.11000061035156,5139.14990234375
2011-10-20,1215.3900146484375,2598.6201171875,1611.9000244140625,85.30000305175781,5091.89990234375
2011-10-21,1238.25,2637.4599609375,1635.0999755859375,87.4000015258789,5049.9501953125
2011-10-24,1254.18994140625,2699.43994140625,1651.5,91.2699966430664,5098.35009765625
2011-10-25,1229.050048828125,2638.419921875,1699.5999755859375,93.16999816894531,5191.60009765625
2011-10-26,1242.0,2650.669921875,1722.699951171875,90.19999694824219,
2011-10-27,1284.5899658203125,2738.6298828125,1746.699951171875,93.95999908447266,
2011-10-28,1285.0899658203125,2737.14990234375,1746.199951171875,93.31999969482422,5360.7001953125
2011-10-31,1253.300048828125,2684.409912109375,1724.199951171875,93.19000244140625,5326.60009765625
2011-11-01,1218.280029296875,2606.9599609375,1711.0,92.19000244140625,5257.9501953125
2011-11-02,1237.9000244140625,2639.97998046875,1728.699951171875,92.51000213623047,5258.4501953125
2011-11-03,1261.1500244140625,2697.969970703125,1764.199951171875,94.06999969482422,5265.75
2011-11-04,1253.22998046875,2686.14990234375,1755.300048828125,94.26000213623047,5284.2001953125
2011-11-07,1261.1199951171875,2695.25,1790.300048828125,95.5199966430664,
2011-11-08,1275.9200439453125,2727.489990234375,1798.4000244140625,96.80000305175781,5289.35009765625
2011-11-09,1229.0999755859375,2621.64990234375,1790.9000244140625,95.73999786376953,5221.0498046875
2011-11-10,1239.699951171875,2625.14990234375,1758.9000244140625,97.77999877929688,
2011-11-11,1263.8499755859375,2678.75,1787.5,98.98999786376953,5168.85009765625
2011-11-14,1251.780029296875,2657.219970703125,1777.800048828125,98.13999938964844,5148.35009765625
2011-11-15,1257.81005859375,2686.199951171875,1781.699951171875,99.37000274658203,5068.5
2011-11-16,1236.9100341796875,2639.610107421875,1773.800048828125,102.58999633789062,5030.4501953125
2011-11-17,1216.1300048828125,2587.989990234375,1719.800048828125,98.81999969482422,4934.75
2011-11-18,1215.6500244140625,2572.5,1724.699951171875,97.41000366210938,4905.7998046875
2011-11-21,1192.97998046875,2523.139892578125,1678.300048828125,96.91999816894531,4778.35009765625
2011-11-22,1188.0400390625,2521.280029296875,1702.199951171875,98.01000213623047,4812.35009765625
2011-11-23,1161.7900390625,2460.080078125,1695.699951171875,96.16999816894531,4706.4501953125
2011-11-25,1158.6700439453125,2441.510009765625,1685.5,96.7699966430664,4710.0498046875
2011-11-28,1192.550048828125,2527.340087890625,1710.800048828125,98.20999908447266,4851.2998046875
2011-11-29,1195.18994140625,2515.510009765625,1713.4000244140625,99.79000091552734,4805.10009765625
2011-11-30,1246.9599609375,2620.340087890625,1745.5,100.36000061035156,4832.0498046875
2011-12-01,1244.5799560546875,2626.199951171875,1735.300048828125,100.19999694824219,4936.85009765625
2011-12-02,1244.280029296875,2626.929931640625,1747.0,100.95999908447266,5050.14990234375
2011-12-05,1257.0799560546875,2655.760009765625,1730.699951171875,100.98999786376953,5039.14990234375
2011-12-06,1258.469970703125,2649.56005859375,1727.9000244140625,101.27999877929688,
2011-12-07,1261.010009765625,2649.2099609375,1740.9000244140625,100.48999786376953,5062.60009765625
2011-12-08,1234.3499755859375,2596.3798828125,1709.800048828125,98.33999633789062,4943.64990234375
2011-12-09,1255.18994140625,2646.85009765625,1712.800048828125,99.41000366210938,4866.7001953125
2011-12-12,1236.469970703125,2612.260009765625,1664.199951171875,97.7699966430664,4764.60009765625
2011-12-13,1225.72998046875,2579.27001953125,1659.9000244140625,100.13999938964844,4800.60009765625
2011-12-14,1211.8199462890625,2539.31005859375,1584.300048828125,94.94999694824219,4763.25
2011-12-15,1215.75,2541.010009765625,1574.5999755859375,93.87000274658203,4746.35009765625
2011-12-16,1219.6600341796875,2555.330078125,1595.5999755859375,93.52999877929688,4651.60009765625
2011-12-19,1205.3499755859375,2523.139892578125,1594.4000244140625,93.87999725341797,4613.10009765625
2011-12-20,1241.300048828125,2603.72998046875,1615.5999755859375,97.22000122070312,4544.2001953125
2011-12-21,1243.719970703125,2577.969970703125,1611.9000244140625,98.66999816894531,4693.14990234375
2011-12-22,1254.0,2599.449951171875,1608.9000244140625,99.52999877929688,4733.85009765625
2011-12-23,1265.3299560546875,2618.639892578125,1604.699951171875,99.68000030517578,4714.0
2011-12-27,1265.4300537109375,2625.199951171875,1594.199951171875,101.33999633789062,4750.5
2011-12-28,1249.6400146484375,2589.97998046875,1562.9000244140625,99.36000061035156,4705.7998046875
2011-12-29,1263.02001953125,2613.739990234375,1539.9000244140625,99.6500015258789,4646.25
2011-12-30,1257.5999755859375,2605.14990234375,1565.800048828125,98.83000183105469,4624.2998046875
2012-01-03,1277.06005859375,2648.719970703125,1599.699951171875,102.95999908447266,4765.2998046875
2012-01-04,1277.300048828125,2648.360107421875,1611.9000244140625,103.22000122070312,4749.64990234375
2012-01-05,1281.06005859375,2669.860107421875,1619.4000244140625,101.80999755859375,4749.9501953125
2012-01-06,1277.81005859375,2674.219970703125,1616.0999755859375,101.55999755859375,4754.10009765625
2012-01-09,1280.699951171875,2676.56005859375,1607.5,101.30999755859375,4742.7998046875
2012-01-10,1292.0799560546875,2702.5,1631.0,102.23999786376953,4849.5498046875
2012-01-11,1292.47998046875,2710.760009765625,1639.199951171875,100.87000274658203,4860.9501953125
2012-01-12,1295.5,2724.699951171875,1647.300048828125,99.0999984741211,4831.25
2012-01-13,1289.0899658203125,2710.669921875,1630.4000244140625,98.69999694824219,4866.0
2012-01-16,,,,,4873.89990234375
2012-01-17,1293.6700439453125,2728.080078125,1655.199951171875,100.70999908447266,4967.2998046875
2012-01-18,1308.0400390625,2769.7099609375,1659.5,100.58999633789062,4955.7998046875
2012-01-19,1314.5,2788.330078125,1654.0999755859375,100.38999938964844,5018.39990234375
2012-01-20,1315.3800048828125,2786.699951171875,1663.699951171875,98.45999908447266,5048.60009765625
2012-01-23,1316.0,2784.169921875,1678.0,99.58000183105469,5046.25
2012-01-24,1314.6500244140625,2786.639892578125,1664.199951171875,98.94999694824219,5127.35009765625
2012-01-25,1326.06005859375,2818.31005859375,1699.800048828125,99.4000015258789,5158.2998046875
2012-01-26,1318.4300537109375,2805.280029296875,1726.300048828125,99.69999694824219,
2012-01-27,1316.3299560546875,2816.550048828125,1731.800048828125,99.55999755859375,5204.7001953125
2012-01-30,1313.010009765625,2811.93994140625,1731.0,98.77999877929688,5087.2998046875
2012-01-31,1312.4100341796875,2813.840087890625,1737.800048828125,98.4800033569336,5199.25
2012-02-01,1324.0899658203125,2848.27001953125,1747.0999755859375,97.61000061035156,5235.7001953125
2012-02-02,1325.5400390625,2859.679931640625,1756.800048828125,96.36000061035156,5269.89990234375
2012-02-03,1344.9000244140625,2905.659912109375,1737.9000244140625,97.83999633789062,5325.85009765625
2012-02-06,1344.3299560546875,2901.989990234375,1722.800048828125,96.91000366210938,5361.64990234375
2012-02-07,1347.050048828125,2904.080078125,1746.4000244140625,98.41000366210938,5335.14990234375
2012-02-08,1349.9599609375,2915.860107421875,1729.300048828125,98.70999908447266,5368.14990234375
2012-02-09,1351.949951171875,2927.22998046875,1739.0,99.83999633789062,5412.35009765625
2012-02-10,1342.6400146484375,2903.8798828125,1723.300048828125,98.66999816894531,5381.60009765625
2012-02-13,1351.77001953125,2931.389892578125,1723.0,100.91000366210938,5390.2001953125
2012-02-14,1350.5,2931.830078125,1715.9000244140625,100.73999786376953,5416.0498046875
2012-02-15,1343.22998046875,2915.830078125,1726.300048828125,101.80000305175781,5531.9501953125
2012-02-16,1358.0400390625,2959.85009765625,1726.800048828125,102.30999755859375,5521.9501953125
2012-02-17,1361.22998046875,2951.780029296875,1724.5,103.23999786376953,5564.2998046875
2012-02-21,1362.2099609375,2948.570068359375,1757.0999755859375,105.83999633789062,5607.14990234375
2012-02-22,1357.6600341796875,2933.169921875,1770.0,106.27999877929688,5505.35009765625
2012-02-23,1363.4599609375,2956.97998046875,1784.9000244140625,107.83000183105469,5483.2998046875
2012-02-24,1365.739990234375,2963.75,1775.0999755859375,109.7699966430664,5429.2998046875
2012-02-27,1367.5899658203125,2966.159912109375,1773.5999755859375,108.55999755859375,5281.2001953125
2012-02-28,1372.1800537109375,2986.760009765625,1787.0,106.55000305175781,5375.5
2012-02-29,1365.6800537109375,2966.889892578125,1709.9000244140625,107.06999969482422,5385.2001953125
2012-03-01,1374.0899658203125,2988.969970703125,1721.0999755859375,108.83999633789062,5339.75
2012-03-02,1369.6300048828125,2976.18994140625,1708.800048828125,106.69999694824219,5359.35009765625
2012-03-05,1364.3299560546875,2950.47998046875,1703.0,106.72000122070312,5280.35009765625
2012-03-06,1343.3599853515625,2910.320068359375,1671.4000244140625,104.69999694824219,5222.39990234375
2012-03-07,1352.6300048828125,2935.68994140625,1683.300048828125,106.16000366210938,5220.4501953125
2012-03-08,1365.9100341796875,2970.419921875,1698.0999755859375,106.58000183105469,
2012-03-09,1370.8699951171875,2988.340087890625,1710.9000244140625,107.4000015258789,5333.5498046875
2012-03-12,1371.0899658203125,2983.659912109375,1699.199951171875,106.33999633789062,5359.5498046875
2012-03-13,1395.949951171875,3039.8798828125,1693.699951171875,106.70999908447266,5429.5
2012-03-14,1394.280029296875,3040.72998046875,1642.5,105.43000030517578,5463.89990234375
2012-03-15,1402.5999755859375,3056.3701171875,1659.0999755859375,105.11000061035156,5380.5
2012-03-16,1404.1700439453125,3055.260009765625,1655.5,107.05999755859375,5317.89990234375
2012-03-19,1409.75,3078.320068359375,1666.9000244140625,108.08999633789062,5257.0498046875
2012-03-20,1405.52001953125,3074.14990234375,1646.699951171875,105.61000061035156,5274.85009765625
2012-03-21,1402.8900146484375,3075.320068359375,1650.0,107.2699966430664,5364.9501953125
2012-03-22,1392.780029296875,3063.320068359375,1642.300048828125,105.3499984741211,5228.4501953125
2012-03-23,1397.1099853515625,3067.919921875,1662.300048828125,106.87000274658203,5278.2001953125
2012-03-26,1416.510009765625,3122.570068359375,1685.5,107.02999877929688,5184.25
2012-03-27,1412.52001953125,3120.35009765625,1684.800048828125,107.33000183105469,5243.14990234375
2012-03-28,1405.5400390625,3104.9599609375,1657.9000244140625,105.41000366210938,5194.75
2012-03-29,1403.280029296875,3095.360107421875,1652.199951171875,102.77999877929688,5178.85009765625
2012-03-30,1408.469970703125,3091.570068359375,1669.300048828125,103.0199966430664,5295.5498046875
2012-04-02,1419.0400390625,3119.699951171875,1677.5,105.2300033569336,5317.89990234375
2012-04-03,1413.3800048828125,3113.570068359375,1670.0,104.01000213623047,5358.5
2012-04-04,1398.9599609375,3068.090087890625,1612.300048828125,101.47000122070312,5322.89990234375
2012-04-05,1398.0799560546875,3080.5,1628.5,103.30999755859375,
2012-04-09,1382.199951171875,3047.080078125,1642.5,102.45999908447266,5234.39990234375
2012-04-10,1358.5899658203125,2991.219970703125,1659.5,101.0199966430664,5243.60009765625
2012-04-11,1368.7099609375,3016.4599609375,1659.0,102.69999694824219,5226.85009765625
2012-04-12,1387.5699462890625,3055.550048828125,1679.5,103.63999938964844,5276.85009765625
2012-04-13,1370.260009765625,3011.330078125,1659.0999755859375,102.83000183105469,5207.4501953125
2012-04-16,1369.5699462890625,2988.39990234375,1648.699951171875,102.93000030517578,5226.2001953125
2012-04-17,1390.780029296875,3042.820068359375,1650.300048828125,104.19999694824219,5289.7001953125
2012-04-18,1385.1400146484375,3031.449951171875,1638.800048828125,102.66999816894531,5300.0
2012-04-19,1376.9200439453125,3007.56005859375,1640.5999755859375,102.2699966430664,5332.39990234375
2012-04-20,1378.530029296875,3000.449951171875,1642.0999755859375,103.05000305175781,5290.85009765625
2012-04-23,1366.93994140625,2970.449951171875,1631.9000244140625,103.11000061035156,5200.60009765625
2012-04-24,1371.969970703125,2961.60009765625,1643.0,103.55000305175781,5222.64990234375
2012-04-25,1390.68994140625,3029.6298828125,1641.4000244140625,104.12000274658203,5202.0
2012-04-26,1399.97998046875,3050.610107421875,1659.5999755859375,104.55000305175781,5189.0
2012-04-27,1403.3599853515625,3069.199951171875,1664.0,104.93000030517578,5190.60009765625
2012-04-30,1397.9100341796875,3046.360107421875,1663.4000244140625,104.87000274658203,5248.14990234375
2012-05-01,1405.8199462890625,3050.43994140625,1661.699951171875,106.16000366210938,
2012-05-02,1402.31005859375,3059.85009765625,1653.4000244140625,105.22000122070312,5239.14990234375
2012-05-03,1391.5699462890625,3024.300048828125,1634.199951171875,102.54000091552734,5188.39990234375
2012-05-04,1369.0999755859375,2956.340087890625,1644.699951171875,98.48999786376953,5086.85009765625
2012-05-07,1369.5799560546875,2957.760009765625,1638.5999755859375,97.94000244140625,5114.14990234375
2012-05-08,1363.719970703125,2946.27001953125,1604.0,97.01000213623047,4999.9501953125
2012-05-09,1354.5799560546875,2934.7099609375,1593.699951171875,96.80999755859375,4974.7998046875
2012-05-10,1357.989990234375,2933.639892578125,1595.0999755859375,97.08000183105469,4965.7001953125
2012-05-11,1353.3900146484375,2933.820068359375,1583.5999755859375,96.12999725341797,4928.89990234375
2012-05-14,1338.3499755859375,2902.580078125,1560.5999755859375,94.77999877929688,4907.7998046875
2012-05-15,1330.6600341796875,2893.760009765625,1556.800048828125,93.9800033569336,4942.7998046875
2012-05-16,1324.800048828125,2874.0400390625,1536.199951171875,92.80999755859375,4858.25
2012-05-17,1304.8599853515625,2813.68994140625,1574.5,92.55999755859375,4870.2001953125
2012-05-18,1295.219970703125,2778.7900390625,1591.5999755859375,91.4800033569336,4891.4501953125
2012-05-21,1315.989990234375,2847.2099609375,1588.4000244140625,92.56999969482422,
2012-05-22,1316.6300048828125,2839.080078125,1576.300048828125,91.66000366210938,4860.5
2012-05-23,1318.8599853515625,2850.1201171875,1548.0999755859375,89.9000015258789,4835.64990234375
2012-05-24,1320.6800537109375,2839.3798828125,1557.300048828125,90.66000366210938,4921.39990234375
2012-05-25,1317.8199462890625,2837.530029296875,1568.800048828125,90.86000061035156,4920.39990234375
2012-05-28,,,,,4985.64990234375
2012-05-29,1332.4200439453125,2870.989990234375,1548.5999755859375,90.76000213623047,4990.10009765625
2012-05-30,1313.3199462890625,2837.360107421875,1563.4000244140625,87.81999969482422,4950.75
2012-05-31,1310.3299560546875,2827.340087890625,1562.5999755859375,86.52999877929688,4924.25
2012-06-01,1278.0400390625,2747.47998046875,1620.5,83.2300033569336,4841.60009765625
2012-06-04,1278.1800537109375,2760.010009765625,1612.199951171875,83.9800033569336,4848.14990234375
2012-06-05,1285.5,2778.110107421875,1615.199951171875,84.29000091552734,4863.2998046875
2012-06-06,1315.1300048828125,2844.719970703125,1632.800048828125,85.0199966430664,4997.10009765625
2012-06-07,1314.989990234375,2831.02001953125,1586.5999755859375,84.81999969482422,5049.64990234375
2012-06-08,1325.6600341796875,2858.419921875,1590.0999755859375,84.0999984741211,5068.35009765625
2012-06-11,1308.9300537109375,2809.72998046875,1595.5,82.69999694824219,5054.10009765625
2012-06-12,1324.1800537109375,2843.070068359375,1612.699951171875,83.31999969482422,5115.89990234375
2012-06-13,1314.8800048828125,2818.610107421875,1618.0999755859375,82.62000274658203,5121.4501953125
2012-06-14,1329.0999755859375,2836.330078125,1618.4000244140625,83.91000366210938,5054.75
2012-06-15,1342.8399658203125,2872.800048828125,1627.0,84.02999877929688,5139.0498046875
2012-06-18,1344.780029296875,2895.330078125,1625.699951171875,83.2699966430664,5064.25
2012-06-19,1357.97998046875,2929.760009765625,1622.199951171875,84.02999877929688,5103.85009765625
2012-06-20,1355.68994140625,2930.449951171875,1614.800048828125,81.80000305175781,5120.5498046875
2012-06-21,1325.510009765625,2859.090087890625,1564.5,78.19999694824219,5165.0
2012-06-22,1335.02001953125,2892.419921875,1566.0,79.76000213623047,5146.0498046875
2012-06-25,1313.719970703125,2836.159912109375,1587.5,79.20999908447266,5114.64990234375
2012-06-26,1319.989990234375,2854.06005859375,1574.0,79.36000061035156,5120.7998046875
2012-06-27,1331.8499755859375,2875.320068359375,1577.5,80.20999908447266,5141.89990234375
2012-06-28,1329.0400390625,2849.489990234375,1549.699951171875,77.69000244140625,5149.14990234375
2012-06-29,1362.1600341796875,2935.050048828125,1603.5,84.95999908447266,5278.89990234375
2012-07-02,1365.510009765625,2951.22998046875,1597.199951171875,83.75,5278.60009765625
2012-07-03,1374.02001953125,2976.080078125,1621.300048828125,87.66000366210938,5287.9501953125
2012-07-04,,,,,5302.5498046875
2012-07-05,1367.5799560546875,2976.1201171875,1608.9000244140625,87.22000122070312,5327.2998046875
2012-07-06,1354.6800537109375,2937.330078125,1578.4000244140625,84.44999694824219,5316.9501953125
2012-07-09,1352.4599609375,2931.77001953125,1588.5999755859375,85.98999786376953,5275.14990234375
2012-07-10,1341.469970703125,2902.330078125,1579.300048828125,83.91000366210938,5345.35009765625
2012-07-11,1341.449951171875,2887.97998046875,1575.199951171875,85.80999755859375,5306.2998046875
2012-07-12,1334.760009765625,2866.18994140625,1564.9000244140625,86.08000183105469,5235.25
2012-07-13,1356.780029296875,2908.469970703125,1591.5999755859375,87.0999984741211,5227.25
2012-07-16,1353.6400146484375,2896.93994140625,1591.199951171875,88.43000030517578,5197.25
2012-07-17,1363.6700439453125,2910.0400390625,1589.0999755859375,89.22000122070312,5192.85009765625
2012-07-18,1372.780029296875,2942.60009765625,1570.4000244140625,89.87000274658203,5216.2998046875
2012-07-19,1376.510009765625,2965.89990234375,1580.0999755859375,92.66000366210938,5242.7001953125
2012-07-20,1362.6600341796875,2925.300048828125,1582.5,91.44000244140625,5205.10009765625
2012-07-23,1350.52001953125,2890.14990234375,1577.0999755859375,88.13999938964844,5117.9501953125
2012-07-24,1338.31005859375,2862.989990234375,1576.0,88.5,5128.2001953125
2012-07-25,1337.8900146484375,2854.239990234375,1608.0,88.97000122070312,5109.60009765625
2012-07-26,1360.02001953125,2893.25,1615.0,89.38999938964844,5043.0
2012-07-27,1385.969970703125,2958.090087890625,1617.9000244140625,90.12999725341797,5099.85009765625
2012-07-30,1385.300048828125,2945.840087890625,1619.699951171875,89.77999877929688,5199.7998046875
2012-07-31,1379.3199462890625,2939.52001953125,1610.5,88.05999755859375,5229.0
2012-08-01,1375.3199462890625,2920.2099609375,1603.699951171875,88.91000366210938,5240.5
2012-08-02,1365.0,2909.77001953125,1587.4000244140625,87.12999725341797,5227.75
2012-08-03,1390.989990234375,2967.89990234375,1606.0,91.4000015258789,5215.7001953125
2012-08-06,1394.22998046875,2989.909912109375,1612.9000244140625,92.19999694824219,5282.5498046875
2012-08-07,1401.3499755859375,3015.860107421875,1609.699951171875,93.66999816894531,5336.7001953125
2012-08-08,1402.219970703125,3011.25,1612.9000244140625,93.3499984741211,5338.0
2012-08-09,1402.800048828125,3018.639892578125,1617.0999755859375,93.36000061035156,5322.9501953125
2012-08-10,1405.8699951171875,3020.860107421875,1619.699951171875,92.87000274658203,5320.39990234375
2012-08-13,1404.1099853515625,3022.52001953125,1609.5999755859375,92.7300033569336,5347.89990234375
2012-08-14,1403.9300537109375,3016.97998046875,1599.4000244140625,93.43000030517578,5380.35009765625
2012-08-15,1405.530029296875,3030.929931640625,1603.699951171875,94.33000183105469,
2012-08-16,1415.510009765625,3062.389892578125,1616.0999755859375,95.5999984741211,5362.9501953125
2012-08-17,1418.1600341796875,3076.590087890625,1616.300048828125,96.01000213623047,5366.2998046875
2012-08-20,1418.1300048828125,3076.2099609375,1620.0999755859375,95.97000122070312,
2012-08-21,1413.1700439453125,3067.260009765625,1639.9000244140625,96.68000030517578,5421.0
2012-08-22,1413.489990234375,3073.669921875,1637.4000244140625,97.26000213623047,5412.85009765625
2012-08-23,1402.0799560546875,3053.39990234375,1669.5999755859375,96.2699966430664,5415.35009765625
2012-08-24,1411.1300048828125,3069.7900390625,1669.800048828125,96.1500015258789,5386.7001953125
2012-08-27,1410.43994140625,3073.18994140625,1672.4000244140625,95.47000122070312,5350.25
2012-08-28,1409.300048828125,3077.139892578125,1666.5,96.33000183105469,
2012-08-29,1410.489990234375,3081.18994140625,1659.800048828125,95.48999786376953,5287.7998046875
2012-08-30,1399.47998046875,3048.7099609375,1653.5,94.62000274658203,5315.0498046875
2012-08-31,1406.5799560546875,3066.9599609375,1684.5999755859375,96.47000122070312,5258.5
2012-09-03,,,,,5253.75
2012-09-04,1404.93994140625,3075.06005859375,1692.9000244140625,95.30000305175781,5274.0
2012-09-05,1403.43994140625,3069.27001953125,1690.800048828125,95.36000061035156,5225.7001953125
2012-09-06,1432.1199951171875,3135.81005859375,1702.5999755859375,95.52999877929688,5238.39990234375
2012-09-07,1437.9200439453125,3136.419921875,1737.5,96.41999816894531,5342.10009765625
2012-09-10,1429.0799560546875,3104.02001953125,1728.699951171875,96.54000091552734,5363.4501953125
2012-09-11,1433.56005859375,3104.530029296875,1731.800048828125,97.16999816894531,5390.0
2012-09-12,1436.56005859375,3114.31005859375,1730.5999755859375,97.01000213623047,5431.0
2012-09-13,1459.989990234375,3155.830078125,1769.0999755859375,98.30999755859375,5435.35009765625
2012-09-14,1465.77001953125,3183.949951171875,1769.800048828125,99.0,5577.64990234375
2012-09-17,1461.18994140625,3178.669921875,1767.699951171875,96.62000274658203,5610.0
2012-09-18,1459.3199462890625,3177.800048828125,1768.4000244140625,95.29000091552734,5600.0498046875
2012-09-19,1461.050048828125,3182.6201171875,1769.0,91.9800033569336,
2012-09-20,1460.260009765625,3175.9599609375,1767.699951171875,91.87000274658203,5554.25
2012-09-21,1460.1500244140625,3179.9599609375,1775.5,92.88999938964844,5691.14990234375
2012-09-24,1456.8900146484375,3160.780029296875,1762.0999755859375,91.93000030517578,5669.60009765625
2012-09-25,1441.5899658203125,3117.72998046875,1763.800048828125,91.37000274658203,5673.89990234375
2012-09-26,1433.3199462890625,3093.699951171875,1750.5999755859375,89.9800033569336,5663.4501953125
2012-09-27,1447.1500244140625,3136.60009765625,1777.5999755859375,91.8499984741211,5649.5
2012-09-28,1440.6700439453125,3116.22998046875,1771.0999755859375,92.19000244140625,5703.2998046875
2012-10-01,1444.489990234375,3113.530029296875,1780.5,92.4800033569336,5718.7998046875
2012-10-02,1445.75,3120.0400390625,1772.699951171875,91.88999938964844,
2012-10-03,1450.989990234375,3135.22998046875,1777.300048828125,88.13999938964844,5731.25
2012-10-04,1461.4000244140625,3149.4599609375,1794.0999755859375,91.70999908447266,5787.60009765625
2012-10-05,1460.9300537109375,3136.18994140625,1778.5999755859375,89.87999725341797,5746.9501953125
2012-10-08,1455.8800048828125,3112.35009765625,1773.5,89.33000183105469,5676.0
2012-10-09,1441.47998046875,3065.02001953125,1763.0,92.38999938964844,5704.60009765625
2012-10-10,1432.56005859375,3051.780029296875,1763.199951171875,91.25,5652.14990234375
2012-10-11,1432.8399658203125,3049.409912109375,1768.800048828125,92.06999969482422,5708.0498046875
2012-10-12,1428.5899658203125,3044.110107421875,1758.0,91.86000061035156,5676.0498046875
2012-10-15,1440.1300048828125,3064.179931640625,1736.0,91.8499984741211,5687.25
2012-10-16,1454.9200439453125,3101.169921875,1744.699951171875,92.08999633789062,5648.0
2012-10-17,1460.9100341796875,3104.1201171875,1751.5,92.12000274658203,5660.25
2012-10-18,1457.3399658203125,3072.8701171875,1743.300048828125,92.0999984741211,5718.7001953125
2012-10-19,1433.18994140625,3005.6201171875,1722.800048828125,90.05000305175781,5684.25
2012-10-22,1433.8199462890625,3016.9599609375,1725.0999755859375,88.7300033569336,5717.14990234375
2012-10-23,1413.1099853515625,2990.4599609375,1708.300048828125,86.66999816894531,5691.39990234375
2012-10-24,1408.75,2981.699951171875,1700.5,85.7300033569336,
2012-10-25,1412.969970703125,2986.1201171875,1712.0,86.05000305175781,5705.2998046875
2012-10-26,1411.93994140625,2987.949951171875,1710.9000244140625,86.27999877929688,
2012-10-29,,,,,5665.60009765625
2012-10-30,,,,,5597.89990234375
2012-10-31,1412.1600341796875,2977.22998046875,1717.5,86.23999786376953,5619.7001953125
2012-11-01,1427.5899658203125,3020.06005859375,1714.0999755859375,87.08999633789062,5645.0498046875
2012-11-02,1414.199951171875,2982.1298828125,1674.0999755859375,84.86000061035156,5697.7001953125
2012-11-05,1417.260009765625,2999.659912109375,1682.199951171875,85.6500015258789,5704.2001953125
2012-11-06,1428.3900146484375,3011.929931640625,1714.0999755859375,88.70999908447266,5724.39990234375
2012-11-07,1394.530029296875,2937.2900390625,1713.199951171875,84.44000244140625,5760.10009765625
2012-11-08,1377.510009765625,2895.580078125,1725.4000244140625,85.08999633789062,5738.75
2012-11-09,1379.8499755859375,2904.8701171875,1730.300048828125,86.06999969482422,5686.25
2012-11-12,1380.030029296875,2904.25,1730.300048828125,85.56999969482422,5683.7001953125
2012-11-13,1374.530029296875,2883.889892578125,1724.199951171875,85.37999725341797,
2012-11-14,1355.489990234375,2846.81005859375,1729.5,86.31999969482422,
2012-11-15,1353.3299560546875,2836.93994140625,1713.300048828125,85.44999694824219,5631.0
2012-11-16,1359.8800048828125,2853.1298828125,1714.300048828125,86.66999816894531,5574.0498046875
2012-11-19,1386.8900146484375,2916.070068359375,1734.0,89.27999877929688,5571.39990234375
2012-11-20,1387.81005859375,2916.679931640625,1723.199951171875,86.75,5571.5498046875
2012-11-21,1391.030029296875,2926.550048828125,1727.9000244140625,87.37999725341797,5614.7998046875
2012-11-22,,,,,5627.75
2012-11-23,1409.1500244140625,2966.85009765625,1751.300048828125,88.27999877929688,5626.60009765625
2012-11-26,1406.2900390625,2976.780029296875,1749.5,87.73999786376953,5635.89990234375
2012-11-27,1398.93994140625,2967.7900390625,1742.199951171875,87.18000030517578,5727.4501953125
2012-11-28,1409.9300537109375,2991.780029296875,1716.5,86.48999786376953,
2012-11-29,1415.949951171875,3012.030029296875,1727.199951171875,88.06999969482422,5825.0
2012-11-30,1416.1800537109375,3010.239990234375,1710.9000244140625,88.91000366210938,5879.85009765625
2012-12-03,1409.4599609375,3002.199951171875,1719.5999755859375,89.08999633789062,5870.9501953125
2012-12-04,1407.050048828125,2996.68994140625,1694.4000244140625,88.5,5889.25
2012-12-05,1409.280029296875,2973.699951171875,1692.4000244140625,87.87999725341797,5900.5
2012-12-06,1413.93994140625,2989.27001953125,1700.300048828125,86.26000213623047,5930.89990234375
2012-12-07,1418.0699462890625,2978.0400390625,1704.0,85.93000030517578,5907.39990234375
2012-12-10,1418.550048828125,2986.9599609375,1713.0,85.55999755859375,5908.89990234375
2012-12-11,1427.8399658203125,3022.300048828125,1708.199951171875,85.79000091552734,5898.7998046875
2012-12-12,1428.47998046875,3013.81005859375,1716.5999755859375,86.7699966430664,5888.0
2012-12-13,1419.449951171875,2992.159912109375,1695.5999755859375,85.88999938964844,5851.5
2012-12-14,1413.5799560546875,2971.330078125,1695.800048828125,86.7300033569336,5879.60009765625
2012-12-17,1430.3599853515625,3010.60009765625,1697.0,87.19999694824219,5857.89990234375
2012-12-18,1446.7900390625,3054.530029296875,1669.5,87.93000030517578,5896.7998046875
2012-12-19,1435.81005859375,3044.360107421875,1666.5,89.51000213623047,5929.60009765625
2012-12-20,1443.68994140625,3050.389892578125,1644.9000244140625,90.12999725341797,5916.39990234375
2012-12-21,1430.1500244140625,3021.010009765625,1659.0999755859375,88.66000366210938,5847.7001953125
2012-12-24,1426.6600341796875,3012.60009765625,1658.5999755859375,88.61000061035156,5855.75
2012-12-26,1419.8299560546875,2990.159912109375,1659.800048828125,90.9800033569336,5905.60009765625
2012-12-27,1418.0999755859375,2985.909912109375,1662.5999755859375,90.87000274658203,5870.10009765625
2012-12-28,1402.4300537109375,2960.31005859375,1654.9000244140625,90.80000305175781,5908.35009765625
2012-12-31,1426.18994140625,3019.510009765625,1674.800048828125,91.81999969482422,5905.10009765625
2013-01-02,1462.4200439453125,3112.260009765625,1687.9000244140625,93.12000274658203,5993.25
2013-01-03,1459.3699951171875,3100.570068359375,1673.699951171875,92.91999816894531,6009.5
2013-01-04,1466.469970703125,3101.659912109375,1648.0999755859375,93.08999633789062,6016.14990234375
2013-01-07,1461.8900146484375,3098.81005859375,1645.5,93.19000244140625,5988.39990234375
2013-01-08,1457.1500244140625,3091.81005859375,1661.5,93.1500015258789,6001.7001953125
2013-01-09,1461.02001953125,3105.81005859375,1654.800048828125,93.0999984741211,5971.5
2013-01-10,1472.1199951171875,3121.760009765625,1677.300048828125,93.81999969482422,5968.64990234375
2013-01-11,1472.050048828125,3125.6298828125,1660.0,93.55999755859375,5951.2998046875
2013-01-14,1470.6800537109375,3117.5,1668.9000244140625,94.13999938964844,6024.0498046875
2013-01-15,1472.3399658203125,3110.780029296875,1683.4000244140625,93.27999877929688,6056.60009765625
2013-01-16,1472.6300048828125,3117.5400390625,1682.699951171875,94.23999786376953,6001.85009765625
2013-01-17,1480.93994140625,3136.0,1690.4000244140625,95.48999786376953,6039.2001953125
2013-01-18,1485.97998046875,3134.7099609375,1686.5999755859375,95.55999755859375,6064.39990234375
2013-01-21,,,,,6082.2998046875
2013-01-22,1492.56005859375,3143.179931640625,1692.800048828125,96.23999786376953,6048.5
2013-01-23,1494.81005859375,3153.669921875,1686.300048828125,95.2300033569336,6054.2998046875
2013-01-24,1494.8199462890625,3130.3798828125,1669.5,95.94999694824219,6019.35009765625
2013-01-25,1502.9599609375,3149.7099609375,1656.4000244140625,95.87999725341797,6074.64990234375
2013-01-28,1500.1800537109375,3154.300048828125,1652.4000244140625,96.44000244140625,6074.7998046875
2013-01-29,1507.8399658203125,3153.659912109375,1660.699951171875,97.56999969482422,6049.89990234375
2013-01-30,1501.9599609375,3142.31005859375,1679.9000244140625,97.94000244140625,6055.75
2013-01-31,1498.1099853515625,3142.1298828125,1660.5999755859375,97.48999786376953,6034.75
2013-02-01,1513.1700439453125,3179.10009765625,1669.4000244140625,97.7699966430664,5998.89990234375
2013-02-04,1495.7099609375,3131.169921875,1675.300048828125,96.16999816894531,5987.25
2013-02-05,1511.2900390625,3171.580078125,1672.4000244140625,96.63999938964844,5956.89990234375
2013-02-06,1512.1199951171875,3168.47998046875,1677.699951171875,96.62000274658203,5959.2001953125
2013-02-07,1509.3900146484375,3165.1298828125,1670.4000244140625,95.83000183105469,5938.7998046875
2013-02-08,1517.9300537109375,3193.8701171875,1666.0,95.72000122070312,5903.5
2013-02-11,1517.010009765625,3192.0,1648.199951171875,97.02999877929688,5897.85009765625
2013-02-12,1519.4300537109375,3186.489990234375,1648.699951171875,97.51000213623047,5922.5
2013-02-13,1520.3299560546875,3196.8798828125,1644.199951171875,97.01000213623047,5932.9501953125
2013-02-14,1521.3800048828125,3198.659912109375,1634.699951171875,97.30999755859375,5896.9501953125
2013-02-15,1519.7900390625,3192.030029296875,1608.800048828125,95.86000061035156,5887.39990234375
2013-02-18,,,,,5898.2001953125
2013-02-19,1530.93994140625,3213.590087890625,1603.5999755859375,96.66000366210938,5939.7001953125
2013-02-20,1511.949951171875,3164.409912109375,1577.5999755859375,94.45999908447266,5943.0498046875
2013-02-21,1502.4200439453125,3131.489990234375,1578.199951171875,92.83999633789062,5852.25
2013-02-22,1515.5999755859375,3161.820068359375,1572.4000244140625,93.12999725341797,5850.2998046875
2013-02-25,1487.8499755859375,3116.25,1586.199951171875,93.11000061035156,5854.75
2013-02-26,1496.93994140625,3129.64990234375,1615.199951171875,92.62999725341797,5761.35009765625
2013-02-27,1515.989990234375,3162.260009765625,1595.199951171875,92.76000213623047,5796.89990234375
2013-02-28,1514.6800537109375,3160.18994140625,1577.699951171875,92.05000305175781,5693.0498046875
2013-03-01,1518.199951171875,3169.739990234375,1571.9000244140625,90.68000030517578,5719.7001953125
2013-03-04,1525.199951171875,3182.030029296875,1572.0999755859375,90.12000274658203,5698.5
2013-03-05,1539.7900390625,3224.1298828125,1574.5999755859375,90.81999969482422,5784.25
2013-03-06,1541.4599609375,3222.3701171875,1574.5999755859375,90.43000030517578,5818.60009765625
2013-03-07,1544.260009765625,3232.090087890625,1574.800048828125,91.55999755859375,5863.2998046875
2013-03-08,1551.1800537109375,3244.3701171875,1576.5999755859375,91.94999694824219,5945.7001953125
2013-03-11,1556.219970703125,3252.8701171875,1577.800048828125,92.05999755859375,5942.35009765625
2013-03-12,1552.47998046875,3242.320068359375,1591.5,92.54000091552734,5914.10009765625
2013-03-13,1554.52001953125,3245.1201171875,1588.300048828125,92.5199966430664,5851.2001953125
2013-03-14,1563.22998046875,3258.929931640625,1590.5999755859375,93.02999877929688,5908.9501953125
2013-03-15,1560.699951171875,3249.070068359375,1592.5,93.44999694824219,5872.60009765625
2013-03-18,1552.0999755859375,3237.590087890625,1604.5999755859375,93.73999786376953,5835.25
2013-03-19,1548.3399658203125,3229.10009765625,1611.300048828125,92.16000366210938,5745.9501953125
2013-03-20,1558.7099609375,3254.18994140625,1607.5,92.95999908447266,5694.39990234375
2013-03-21,1545.800048828125,3222.60009765625,1613.800048828125,92.44999694824219,5658.75
2013-03-22,1556.8900146484375,3245.0,1606.199951171875,93.70999908447266,5651.35009765625
2013-03-25,1551.68994140625,3235.300048828125,1604.5999755859375,94.80999755859375,5633.85009765625
2013-03-26,1563.77001953125,3252.47998046875,1595.800048828125,96.33999633789062,5641.60009765625
2013-03-27,1562.8499755859375,3256.52001953125,1606.199951171875,96.58000183105469,
2013-03-28,1569.18994140625,3267.52001953125,1594.800048828125,97.2300033569336,5682.5498046875
2013-04-01,1562.1700439453125,3239.169921875,1600.0,97.06999969482422,5704.39990234375
2013-04-02,1570.25,3254.860107421875,1575.0999755859375,97.19000244140625,5748.10009765625
2013-04-03,1553.68994140625,3218.60009765625,1552.800048828125,94.44999694824219,5672.89990234375
2013-04-04,1559.97998046875,3224.97998046875,1551.800048828125,93.26000213623047,5574.75
2013-04-05,1553.280029296875,3203.860107421875,1575.4000244140625,92.69999694824219,5553.25
2013-04-08,1563.0699462890625,3222.25,1572.0,93.36000061035156,5542.9501953125
2013-04-09,1568.6099853515625,3237.860107421875,1586.199951171875,94.19999694824219,5495.10009765625
2013-04-10,1587.72998046875,3297.25,1558.300048828125,94.63999938964844,5558.7001953125
2013-04-11,1593.3699951171875,3300.159912109375,1564.300048828125,93.51000213623047,5594.0
2013-04-12,1588.8499755859375,3294.949951171875,1501.0,91.29000091552734,5528.5498046875
2013-04-15,1552.3599853515625,3216.489990234375,1360.5999755859375,88.70999908447266,5568.39990234375
2013-04-16,1574.5699462890625,3264.6298828125,1386.800048828125,88.72000122070312,5688.9501953125
2013-04-17,1552.010009765625,3204.669921875,1382.199951171875,86.68000030517578,5688.7001953125
2013-04-18,1541.6099853515625,3166.360107421875,1392.0,87.7300033569336,5783.10009765625
2013-04-19,1555.25,3206.06005859375,1395.300048828125,88.01000213623047,
2013-04-22,1562.5,3233.550048828125,1421.0,88.76000213623047,5834.39990234375
2013-04-23,1578.780029296875,3269.330078125,1408.5999755859375,89.18000030517578,5836.89990234375
2013-04-24,1578.7900390625,3269.64990234375,1423.4000244140625,91.43000030517578,
2013-04-25,1585.1600341796875,3289.989990234375,1461.800048828125,93.63999938964844,5916.2998046875
2013-04-26,1582.239990234375,3279.260009765625,1453.5999755859375,93.0,5871.4501953125
2013-04-29,1593.6099853515625,3307.02001953125,1467.4000244140625,94.5,5904.10009765625
2013-04-30,1597.5699462890625,3328.7900390625,1472.199951171875,93.45999908447266,5930.2001953125
2013-05-01,1582.699951171875,3299.1298828125,1446.300048828125,91.02999877929688,
2013-05-02,1597.5899658203125,3340.6201171875,1467.699951171875,93.98999786376953,5999.35009765625
2013-05-03,1614.4200439453125,3378.6298828125,1464.300048828125,95.61000061035156,5944.0
2013-05-06,1617.5,3392.969970703125,1468.0999755859375,96.16000366210938,5971.0498046875
2013-05-07,1625.9599609375,3396.6298828125,1449.0,95.62000274658203,6043.5498046875
2013-05-08,1632.68994140625,3413.27001953125,1473.9000244140625,96.62000274658203,6069.2998046875
2013-05-09,1626.6700439453125,3409.169921875,1468.800048828125,96.38999938964844,6050.14990234375
2013-05-10,1633.699951171875,3436.580078125,1436.800048828125,96.04000091552734,6094.75
2013-05-13,1633.77001953125,3438.7900390625,1434.5,95.16999816894531,5980.4501953125
2013-05-14,1650.3399658203125,3462.610107421875,1424.699951171875,94.20999908447266,5995.39990234375
2013-05-15,1658.780029296875,3471.6201171875,1396.5,94.30000305175781,6146.75
2013-05-16,1650.469970703125,3465.239990234375,1387.0999755859375,95.16000366210938,6169.89990234375
2013-05-17,1667.469970703125,3498.969970703125,1364.9000244140625,96.0199966430664,6187.2998046875
2013-05-20,1666.2900390625,3496.429931640625,1384.300048828125,96.70999908447266,6156.89990234375
2013-05-21,1669.1600341796875,3502.1201171875,1377.800048828125,96.16000366210938,6114.10009765625
2013-05-22,1655.3499755859375,3463.300048828125,1367.5999755859375,94.27999877929688,6094.5
2013-05-23,1650.510009765625,3459.419921875,1392.0,94.25,5967.0498046875
2013-05-24,1649.5999755859375,3459.139892578125,1386.800048828125,94.1500015258789,5983.5498046875
2013-05-27,,,,,6083.14990234375
2013-05-28,1660.06005859375,3488.889892578125,1379.0999755859375,95.01000213623047,6111.25
2013-05-29,1648.3599853515625,3467.52001953125,1391.300048828125,93.12999725341797,6104.2998046875
2013-05-30,1654.4100341796875,3491.300048828125,1411.5,93.61000061035156,6124.0498046875
2013-05-31,1630.739990234375,3455.909912109375,1392.5999755859375,91.97000122070312,5985.9501953125
2013-06-03,1640.4200439453125,3465.3701171875,1411.699951171875,93.44999694824219,5939.2998046875
2013-06-04,1631.3800048828125,3445.260009765625,1397.0999755859375,93.30999755859375,5919.4501953125
2013-06-05,1608.9000244140625,3401.47998046875,1398.4000244140625,93.73999786376953,5923.85009765625
2013-06-06,1622.56005859375,3424.050048828125,1415.699951171875,94.76000213623047,5921.39990234375
2013-06-07,1643.3800048828125,3469.219970703125,1383.0,96.02999877929688,5881.0
2013-06-10,1642.81005859375,3473.77001953125,1386.199951171875,95.7699966430664,5878.0
2013-06-11,1626.1300048828125,3436.949951171875,1377.0,95.37999725341797,5788.7998046875
2013-06-12,1612.52001953125,3400.429931640625,1391.800048828125,95.87999725341797,5760.2001953125
2013-06-13,1636.3599853515625,3445.360107421875,1377.5999755859375,96.69000244140625,5699.10009765625
2013-06-14,1626.72998046875,3423.56005859375,1387.300048828125,97.8499984741211,5808.39990234375
2013-06-17,1639.0400390625,3452.1298828125,1382.800048828125,97.7699966430664,5850.0498046875
2013-06-18,1651.81005859375,3482.179931640625,1366.5999755859375,98.44000244140625,5813.60009765625
2013-06-19,1628.9300537109375,3443.199951171875,1373.5999755859375,98.23999786376953,5822.25
2013-06-20,1588.18994140625,3364.639892578125,1285.9000244140625,95.4000015258789,5655.89990234375
2013-06-21,1592.4300537109375,3357.25,1291.5999755859375,93.69000244140625,5667.64990234375
2013-06-24,1573.0899658203125,3320.760009765625,1276.800048828125,95.18000030517578,5590.25
2013-06-25,1588.030029296875,3347.889892578125,1274.800048828125,95.31999969482422,5609.10009765625
2013-06-26,1603.260009765625,3376.219970703125,1229.5999755859375,95.5,5588.7001953125
2013-06-27,1613.199951171875,3401.860107421875,1211.4000244140625,97.05000305175781,5682.35009765625
2013-06-28,1606.280029296875,3403.25,1223.800048828125,96.55999755859375,5842.2001953125
2013-07-01,1614.9599609375,3434.489990234375,1255.9000244140625,97.98999786376953,5898.85009765625
2013-07-02,1614.0799560546875,3433.39990234375,1243.5999755859375,99.5999984741211,5857.5498046875
2013-07-03,1615.4100341796875,3443.669921875,1252.0999755859375,101.23999786376953,5770.89990234375
2013-07-04,,,,,5836.9501953125
2013-07-05,1631.8900146484375,3479.3798828125,1212.9000244140625,103.22000122070312,5867.89990234375
2013-07-08,1640.4599609375,3484.830078125,1234.9000244140625,103.13999938964844,5811.5498046875
2013-07-09,1652.3199462890625,3504.260009765625,1245.9000244140625,103.52999877929688,5859.0
2013-07-10,1652.6199951171875,3520.760009765625,1247.4000244140625,106.5199966430664,5816.7001953125
2013-07-11,1675.02001953125,3578.300048828125,1280.0999755859375,104.91000366210938,5935.10009765625
2013-07-12,1680.18994140625,3600.080078125,1277.800048828125,105.94999694824219,6009.0
2013-07-15,1682.5,3607.489990234375,1283.800048828125,106.31999969482422,6030.7998046875
2013-07-16,1676.260009765625,3598.5,1290.800048828125,106.0,5955.25
2013-07-17,1680.9100341796875,3610.0,1277.9000244140625,106.4800033569336,5973.2998046875
2013-07-18,1689.3699951171875,3611.280029296875,1284.5999755859375,108.04000091552734,6038.0498046875
2013-07-19,1692.0899658203125,3587.610107421875,1293.300048828125,108.05000305175781,6029.2001953125
2013-07-22,1695.530029296875,3600.389892578125,1336.4000244140625,106.91000366210938,6031.7998046875
2013-07-23,1692.3900146484375,3579.27001953125,1335.0999755859375,107.2300033569336,6077.7998046875
2013-07-24,1685.93994140625,3579.60009765625,1319.699951171875,105.38999938964844,5990.5
2013-07-25,1690.25,3605.18994140625,1329.0,105.48999786376953,5907.5
2013-07-26,1691.6500244140625,3613.159912109375,1321.699951171875,104.69999694824219,5886.2001953125
2013-07-29,1685.3299560546875,3599.139892578125,1328.4000244140625,104.55000305175781,5831.64990234375
2013-07-30,1685.9599609375,3616.469970703125,1324.0,103.08000183105469,5755.0498046875
2013-07-31,1685.72998046875,3626.3701171875,1312.4000244140625,105.02999877929688,5742.0
2013-08-01,1706.8699951171875,3675.739990234375,1311.0,107.88999938964844,5727.85009765625
2013-08-02,1709.6700439453125,3689.590087890625,1310.5999755859375,106.94000244140625,5677.89990234375
2013-08-05,1707.1400146484375,3692.949951171875,1302.5999755859375,106.55999755859375,5685.39990234375
2013-08-06,1697.3699951171875,3665.77001953125,1283.199951171875,105.30000305175781,5542.25
2013-08-07,1690.9100341796875,3654.010009765625,1286.0999755859375,104.37000274658203,5519.10009765625
2013-08-08,1697.47998046875,3669.1201171875,1310.699951171875,103.4000015258789,5565.64990234375
2013-08-09,1691.4200439453125,3660.110107421875,1312.9000244140625,105.97000122070312,
2013-08-12,1689.469970703125,3669.949951171875,1334.699951171875,106.11000061035156,5612.39990234375
2013-08-13,1694.1600341796875,3684.43994140625,1321.199951171875,106.83000183105469,5699.2998046875
2013-08-14,1685.3900146484375,3669.27001953125,1334.0,106.8499984741211,5742.2998046875
2013-08-15,1661.3199462890625,3606.1201171875,1361.5999755859375,107.33000183105469,
2013-08-16,1655.8299560546875,3602.780029296875,1371.699951171875,107.45999908447266,5507.85009765625
2013-08-19,1646.06005859375,3589.090087890625,1366.199951171875,107.0999984741211,5414.75
2013-08-20,1652.3499755859375,3613.590087890625,1373.0999755859375,104.97000122070312,5401.4501953125
2013-08-21,1642.800048828125,3599.7900390625,1370.5999755859375,103.8499984741211,5302.5498046875
2013-08-22,1656.9599609375,3638.7099609375,1371.199951171875,105.02999877929688,5408.4501953125
2013-08-23,1663.5,3657.7900390625,1395.699951171875,106.41999816894531,5471.75
2013-08-26,1656.780029296875,3657.570068359375,1393.0,105.91999816894531,5476.5
2013-08-27,1630.47998046875,3578.52001953125,1420.5999755859375,109.01000213623047,5287.4501953125
2013-08-28,1634.9599609375,3593.35009765625,1419.0,110.0999984741211,5285.0
2013-08-29,1638.1700439453125,3620.300048828125,1412.9000244140625,108.80000305175781,5409.0498046875
2013-08-30,1632.969970703125,3589.8701171875,1396.0999755859375,107.6500015258789,5471.7998046875
2013-09-02,,,,,5550.75
2013-09-03,1639.77001953125,3612.610107421875,1412.0,108.54000091552734,5341.4501953125
2013-09-04,1653.0799560546875,3649.0400390625,1389.9000244140625,107.2300033569336,5448.10009765625
2013-09-05,1655.0799560546875,3658.780029296875,1373.0999755859375,108.37000274658203,5592.9501953125
2013-09-06,1655.1700439453125,3660.010009765625,1386.699951171875,110.52999877929688,5680.39990234375
2013-09-09,1671.7099609375,3706.179931640625,1386.800048828125,109.5199966430664,
2013-09-10,1683.989990234375,3729.02001953125,1364.0999755859375,107.38999938964844,5896.75
2013-09-11,1689.1300048828125,3725.010009765625,1363.9000244140625,107.55999755859375,5913.14990234375
2013-09-12,1683.4200439453125,3715.969970703125,1330.4000244140625,108.5999984741211,5850.7001953125
2013-09-13,1687.989990234375,3722.179931640625,1308.4000244140625,108.20999908447266,5850.60009765625
2013-09-16,1697.5999755859375,3717.85009765625,1317.9000244140625,106.58999633789062,5840.5498046875
2013-09-17,1704.760009765625,3745.699951171875,1309.5,105.41999816894531,5850.2001953125
2013-09-18,1725.52001953125,3783.639892578125,1307.800048828125,108.06999969482422,5899.4501953125
2013-09-19,1722.3399658203125,3789.3798828125,1369.4000244140625,106.38999938964844,6115.5498046875
2013-09-20,1709.9100341796875,3774.72998046875,1332.5,104.68000030517578,6012.10009765625
2013-09-23,1701.8399658203125,3765.2900390625,1326.9000244140625,103.58999633789062,5889.75
2013-09-24,1697.4200439453125,3768.25,1316.0,103.12999725341797,5892.4501953125
2013-09-25,1692.77001953125,3761.10009765625,1335.9000244140625,102.66000366210938,5873.85009765625
2013-09-26,1698.6700439453125,3787.429931640625,1323.5999755859375,103.02999877929688,5882.25
2013-09-27,1691.75,3781.590087890625,1338.4000244140625,102.87000274658203,5833.2001953125
2013-09-30,1681.550048828125,3771.47998046875,1326.5,102.33000183105469,5735.2998046875
2013-10-01,1695.0,3817.97998046875,1286.0,102.04000091552734,5780.0498046875
2013-10-02,1693.8699951171875,3815.02001953125,1320.5999755859375,104.0999984741211,
2013-10-03,1678.6600341796875,3774.340087890625,1317.4000244140625,103.30999755859375,5909.7001953125
2013-10-04,1690.5,3807.75,1309.699951171875,103.83999633789062,5907.2998046875
2013-10-07,1676.1199951171875,3770.3798828125,1324.800048828125,103.02999877929688,5906.14990234375
2013-10-08,1655.449951171875,3694.830078125,1324.199951171875,103.48999786376953,5928.39990234375
2013-10-09,1656.4000244140625,3677.780029296875,1306.9000244140625,101.61000061035156,6007.4501953125
2013-10-10,1692.56005859375,3760.75,1296.5999755859375,103.01000213623047,6020.9501953125
2013-10-11,1703.199951171875,3791.8701171875,1268.0,102.0199966430664,6096.2001953125
2013-10-14,1710.1400146484375,3815.280029296875,1276.4000244140625,102.41000366210938,6112.7001953125
2013-10-15,1698.06005859375,3794.010009765625,1273.0,101.20999908447266,6089.0498046875
2013-10-16,1721.5400390625,3839.429931640625,1282.0,102.29000091552734,
2013-10-17,1733.1500244140625,3863.14990234375,1322.699951171875,100.66999816894531,6045.85009765625
2013-10-18,1744.5,3914.280029296875,1314.4000244140625,100.80999755859375,6189.35009765625
2013-10-21,1744.6600341796875,3920.050048828125,1315.699951171875,99.22000122070312,6204.9501953125
2013-10-22,1754.6700439453125,3929.570068359375,1342.5,97.80000305175781,6202.7998046875
2013-10-23,1746.3800048828125,3907.070068359375,1333.9000244140625,96.86000061035156,6178.35009765625
2013-10-24,1752.0699462890625,3928.9599609375,1350.199951171875,97.11000061035156,6164.35009765625
2013-10-25,1759.77001953125,3943.360107421875,1352.4000244140625,97.8499984741211,6144.89990234375
2013-10-28,1762.1099853515625,3940.1298828125,1352.0,98.68000030517578,6101.10009765625
2013-10-29,1771.949951171875,3952.340087890625,1345.199951171875,98.19999694824219,6220.89990234375
2013-10-30,1763.31005859375,3930.6201171875,1349.0,96.7699966430664,6251.7001953125
2013-10-31,1756.5400390625,3919.7099609375,1323.5999755859375,96.37999725341797,6299.14990234375
2013-11-01,1761.6400146484375,3922.0400390625,1313.0999755859375,94.61000061035156,6307.2001953125
2013-11-04,1767.9300537109375,3936.590087890625,1314.5999755859375,94.62000274658203,
2013-11-05,1762.969970703125,3939.860107421875,1308.0,93.37000274658203,6253.14990234375
2013-11-06,1770.489990234375,3931.949951171875,1317.699951171875,94.80000305175781,6215.14990234375
2013-11-07,1747.1500244140625,3857.330078125,1308.4000244140625,94.19999694824219,6187.25
2013-11-08,1770.6099853515625,3919.22998046875,1284.5,94.5999984741211,6140.75
2013-11-11,1771.8900146484375,3919.7900390625,1281.0,95.13999938964844,6078.7998046875
2013-11-12,1767.68994140625,3919.919921875,1271.0999755859375,93.04000091552734,6018.0498046875
2013-11-13,1782.0,3965.580078125,1268.300048828125,93.87999725341797,5989.60009765625
2013-11-14,1790.6199951171875,3972.739990234375,1286.199951171875,93.76000213623047,6056.14990234375
2013-11-15,1798.1800537109375,3985.969970703125,1287.300048828125,93.83999633789062,
2013-11-18,1791.530029296875,3949.070068359375,1272.199951171875,93.02999877929688,6189.0
2013-11-19,1787.8699951171875,3931.550048828125,1273.4000244140625,93.33999633789062,6203.35009765625
2013-11-20,1781.3699951171875,3921.27001953125,1257.9000244140625,93.33000183105469,6122.89990234375
2013-11-21,1795.8499755859375,3969.159912109375,1243.5,95.44000244140625,5999.0498046875
2013-11-22,1804.760009765625,3991.64990234375,1244.0,94.83999633789062,5995.4501953125
2013-11-25,1802.47998046875,3994.570068359375,1241.0999755859375,94.08999633789062,6115.35009765625
2013-11-26,1802.75,4017.75,1241.4000244140625,93.68000030517578,6059.10009765625
2013-11-27,1807.22998046875,4044.75,1237.800048828125,92.30000305175781,6057.10009765625
2013-11-28,,,,,6091.85009765625
2013-11-29,1805.81005859375,4059.889892578125,1250.5999755859375,92.72000122070312,6176.10009765625
2013-12-02,1800.9000244140625,4045.260009765625,1222.300048828125,93.81999969482422,6217.85009765625
2013-12-03,1795.1500244140625,4037.199951171875,1221.699951171875,96.04000091552734,6201.85009765625
2013-12-04,1792.81005859375,4038.0,1248.199951171875,97.19999694824219,6160.9501953125
2013-12-05,1785.030029296875,4033.169921875,1233.199951171875,97.37999725341797,6241.10009765625
2013-12-06,1805.0899658203125,4062.52001953125,1230.300048828125,97.6500015258789,6259.89990234375
2013-12-09,1808.3699951171875,4068.75,1235.300048828125,97.33999633789062,6363.89990234375
2013-12-10,1802.6199951171875,4060.489990234375,1262.4000244140625,98.51000213623047,6332.85009765625
2013-12-11,1782.219970703125,4003.81005859375,1258.5,97.44000244140625,6307.89990234375
2013-12-12,1775.5,3998.39990234375,1226.0,97.5,6237.0498046875
2013-12-13,1775.3199462890625,4000.97998046875,1235.699951171875,96.5999984741211,6168.39990234375
2013-12-16,1786.5400390625,4029.52001953125,1245.5,97.4800033569336,6154.7001953125
2013-12-17,1781.0,4023.679931640625,1231.199951171875,97.22000122070312,6139.0498046875
2013-12-18,1810.6500244140625,4070.06005859375,1236.0999755859375,97.80000305175781,6217.14990234375
2013-12-19,1809.5999755859375,4058.139892578125,1195.0,98.7699966430664,6166.64990234375
2013-12-20,1818.3199462890625,4104.740234375,1205.0999755859375,99.31999969482422,6274.25
2013-12-23,1827.989990234375,4148.89990234375,1198.4000244140625,98.91000366210938,6284.5
2013-12-24,1833.3199462890625,4155.419921875,1205.0999755859375,99.22000122070312,6268.39990234375
2013-12-26,1842.02001953125,4167.18017578125,1214.0999755859375,99.55000305175781,6278.89990234375
2013-12-27,1841.4000244140625,4156.58984375,1216.0999755859375,100.31999969482422,6313.7998046875
2013-12-30,1841.0699462890625,4154.2001953125,1203.0999755859375,99.29000091552734,6291.10009765625
2013-12-31,1848.3599853515625,4176.58984375,1201.9000244140625,98.41999816894531,6304.0
2014-01-02,1831.97998046875,4143.06982421875,1225.0,95.44000244140625,6221.14990234375
2014-01-03,1831.3699951171875,4131.91015625,1238.4000244140625,93.95999908447266,6211.14990234375
2014-01-06,1826.77001953125,4113.68017578125,1237.800048828125,93.43000030517578,6191.4501953125
2014-01-07,1837.8800048828125,4153.18017578125,1229.4000244140625,93.66999816894531,6162.25
2014-01-08,1837.489990234375,4165.60986328125,1225.300048828125,92.33000183105469,6174.60009765625
2014-01-09,1838.1300048828125,4156.18994140625,1229.300048828125,91.66000366210938,6168.35009765625
2014-01-10,1842.3699951171875,4174.669921875,1246.699951171875,92.72000122070312,6171.4501953125
2014-01-13,1819.199951171875,4113.2998046875,1250.9000244140625,91.80000305175781,6272.75
2014-01-14,1838.8800048828125,4183.02001953125,1245.199951171875,92.58999633789062,6241.85009765625
2014-01-15,1848.3800048828125,4214.8798828125,1238.0999755859375,94.16999816894531,6320.89990234375
2014-01-16,1845.8900146484375,4218.68994140625,1240.0,93.95999908447266,6318.89990234375
2014-01-17,1838.699951171875,4197.580078125,1251.699951171875,94.37000274658203,6261.64990234375
2014-01-20,,,,,6303.9501953125
2014-01-21,1843.800048828125,4225.759765625,1242.300048828125,94.98999786376953,6313.7998046875
2014-01-22,1844.8599853515625,4243.0,1239.0,96.7300033569336,6338.9501953125
2014-01-23,1828.4599609375,4218.8798828125,1262.5999755859375,97.31999969482422,6345.64990234375
2014-01-24,1790.2900390625,4128.169921875,1264.5,96.63999938964844,6266.75
2014-01-27,1781.56005859375,4083.610107421875,1263.5999755859375,95.72000122070312,6135.85009765625
2014-01-28,1792.5,4097.9599609375,1251.0,97.41000366210938,6126.25
2014-01-29,1774.199951171875,4051.429931640625,1262.199951171875,97.36000061035156,6120.25
2014-01-30,1794.18994140625,4123.1298828125,1242.199951171875,98.2300033569336,6073.7001953125
2014-01-31,1782.5899658203125,4103.8798828125,1240.0999755859375,97.48999786376953,6089.5
2014-02-03,1741.8900146484375,3996.9599609375,1260.4000244140625,96.43000030517578,6001.7998046875
2014-02-04,1755.199951171875,4031.52001953125,1251.699951171875,97.19000244140625,6000.89990234375
2014-02-05,1751.6400146484375,4011.550048828125,1257.300048828125,97.37999725341797,6022.39990234375
2014-02-06,1773.4300537109375,4057.1201171875,1257.5999755859375,97.83999633789062,6036.2998046875
2014-02-07,1797.02001953125,4125.85986328125,1263.300048828125,99.87999725341797,6063.2001953125
2014-02-10,1799.8399658203125,4148.169921875,1274.800048828125,100.05999755859375,6053.4501953125
2014-02-11,1819.75,4191.0498046875,1290.0999755859375,99.94000244140625,6062.7001953125
2014-02-12,1819.260009765625,4201.2900390625,1295.300048828125,100.37000274658203,6084.0
2014-02-13,1829.8299560546875,4240.669921875,1300.4000244140625,100.3499984741211,6001.10009765625
2014-02-14,1838.6300048828125,4244.02001953125,1319.0,100.30000305175781,6048.35009765625
2014-02-18,1840.760009765625,4272.77978515625,1324.699951171875,102.43000030517578,6127.10009765625
2014-02-19,1828.75,4237.9501953125,1320.5999755859375,103.30999755859375,6152.75
2014-02-20,1839.780029296875,4267.5498046875,1317.0999755859375,102.91999816894531,6091.4501953125
2014-02-21,1836.25,4263.41015625,1323.9000244140625,102.19999694824219,6155.4501953125
2014-02-24,1847.6099853515625,4292.97021484375,1338.300048828125,102.81999969482422,6186.10009765625
2014-02-25,1845.1199951171875,4287.58984375,1343.0,101.83000183105469,6200.0498046875
2014-02-26,1845.1600341796875,4292.06005859375,1328.199951171875,102.58999633789062,6238.7998046875
2014-02-27,1854.2900390625,4318.93017578125,1331.5999755859375,102.4000015258789,
2014-02-28,1859.449951171875,4308.1201171875,1321.4000244140625,102.58999633789062,6276.9501953125
2014-03-03,1845.72998046875,4277.2998046875,1350.0999755859375,104.91999816894531,6221.4501953125
2014-03-04,1873.9100341796875,4351.97021484375,1337.800048828125,103.33000183105469,6297.9501953125
2014-03-05,1873.81005859375,4357.97021484375,1340.199951171875,101.44999694824219,6328.64990234375
2014-03-06,1877.030029296875,4352.1298828125,1351.699951171875,101.55999755859375,6401.14990234375
2014-03-07,1878.0400390625,4336.22021484375,1338.0999755859375,102.58000183105469,6526.64990234375
2014-03-10,1877.1700439453125,4334.4501953125,1341.4000244140625,101.12000274658203,6537.25
2014-03-11,1867.6300048828125,4307.18994140625,1346.5,100.02999877929688,6511.89990234375
2014-03-12,1868.199951171875,4323.330078125,1370.300048828125,97.98999786376953,6516.89990234375
2014-03-13,1846.3399658203125,4260.419921875,1372.199951171875,98.19999694824219,6493.10009765625
2014-03-14,1841.1300048828125,4245.39990234375,1379.0,98.88999938964844,6504.2001953125
2014-03-17,1858.8299560546875,4279.9501953125,1372.9000244140625,98.08000183105469,
2014-03-18,1872.25,4333.31005859375,1359.0,99.69999694824219,6516.64990234375
2014-03-19,1860.77001953125,4307.60009765625,1341.4000244140625,100.37000274658203,6524.0498046875
2014-03-20,1872.010009765625,4319.2900390625,1330.5,99.43000030517578,6483.10009765625
2014-03-21,1866.52001953125,4276.7900390625,1336.0,99.45999908447266,6493.2001953125
2014-03-24,1857.43994140625,4226.39013671875,1311.199951171875,99.5999984741211,6583.5
2014-03-25,1865.6199951171875,4234.27001953125,1311.4000244140625,99.19000244140625,6589.75
2014-03-26,1852.56005859375,4173.580078125,1303.4000244140625,100.26000213623047,6601.39990234375
2014-03-27,1849.0400390625,4151.22998046875,1294.699951171875,101.27999877929688,6641.75
2014-03-28,1857.6199951171875,4155.759765625,1293.800048828125,101.66999816894531,6695.89990234375
2014-03-31,1872.3399658203125,4198.990234375,1283.4000244140625,101.58000183105469,6704.2001953125
2014-04-01,1885.52001953125,4268.0400390625,1279.5999755859375,99.73999786376953,6721.0498046875
2014-04-02,1890.9000244140625,4276.4599609375,1290.5,99.62000274658203,6752.5498046875
2014-04-03,1888.77001953125,4237.740234375,1284.4000244140625,100.29000091552734,6736.10009765625
2014-04-04,1865.0899658203125,4127.72998046875,1303.199951171875,101.13999938964844,6694.35009765625
2014-04-07,1845.0400390625,4079.75,1298.0,100.44000244140625,6695.0498046875
2014-04-08,1851.9599609375,4112.990234375,1308.699951171875,102.55999755859375,
2014-04-09,1872.1800537109375,4183.89990234375,1305.5,103.5999984741211,6796.2001953125
2014-04-10,1833.0799560546875,4054.110107421875,1320.0999755859375,103.4000015258789,6796.39990234375
2014-04-11,1815.68994140625,3999.72998046875,1318.699951171875,103.73999786376953,6776.2998046875
2014-04-14,1830.6099853515625,4022.68994140625,1327.199951171875,104.05000305175781,
2014-04-15,1842.97998046875,4034.159912109375,1300.0,103.75,6733.10009765625
2014-04-16,1862.31005859375,4086.22998046875,1303.0999755859375,103.76000213623047,6675.2998046875
2014-04-17,1864.8499755859375,4095.52001953125,1293.4000244140625,104.30000305175781,6779.39990234375
2014-04-21,1871.8900146484375,4121.5498046875,1288.0,104.37000274658203,6817.64990234375
2014-04-22,1879.550048828125,4161.4599609375,1280.5999755859375,102.12999725341797,6815.35009765625
2014-04-23,1875.3900146484375,4126.97021484375,1284.199951171875,101.44000244140625,6840.7998046875
2014-04-24,1878.6099853515625,4148.33984375,1290.5,101.94000244140625,
2014-04-25,1863.4000244140625,4075.56005859375,1300.699951171875,100.5999984741211,6782.75
2014-04-28,1869.4300537109375,4074.39990234375,1298.9000244140625,100.83999633789062,6761.25
2014-04-29,1878.3299560546875,4103.5400390625,1296.0,101.27999877929688,6715.25
2014-04-30,1883.949951171875,4114.56005859375,1295.5999755859375,99.73999786376953,6696.39990234375
2014-05-01,1883.6800537109375,4127.4501953125,1283.0999755859375,99.41999816894531,
2014-05-02,1881.1400146484375,4123.89990234375,1302.5999755859375,99.76000213623047,6694.7998046875
2014-05-05,1884.6600341796875,4138.06005859375,1309.0,99.4800033569336,6699.35009765625
2014-05-06,1867.719970703125,4080.760009765625,1308.300048828125,99.5,6715.2998046875
2014-05-07,1878.2099609375,4067.669921875,1288.5999755859375,100.7699966430664,6652.5498046875
2014-05-08,1875.6300048828125,4051.5,1287.4000244140625,100.26000213623047,6659.85009765625
2014-05-09,1878.47998046875,4071.8701171875,1287.300048828125,99.98999786376953,6858.7998046875
2014-05-12,1896.6500244140625,4143.85986328125,1295.5999755859375,100.58999633789062,7014.25
2014-05-13,1897.449951171875,4130.169921875,1294.5999755859375,101.69999694824219,7108.75
2014-05-14,1888.530029296875,4100.6298828125,1305.699951171875,102.37000274658203,7108.75
2014-05-15,1870.8499755859375,4069.2900390625,1293.5,101.5,7123.14990234375
2014-05-16,1877.8599853515625,4090.590087890625,1293.300048828125,102.0199966430664,7203.0
2014-05-19,1885.0799560546875,4125.81005859375,1293.699951171875,102.61000061035156,7263.5498046875
2014-05-20,1872.8299560546875,4096.89013671875,1294.5,102.44000244140625,7275.5
2014-05-21,1888.030029296875,4131.5400390625,1288.0,104.06999969482422,7252.89990234375
2014-05-22,1892.489990234375,4154.33984375,1294.9000244140625,103.73999786376953,7276.39990234375
2014-05-23,1900.530029296875,4185.81005859375,1291.5999755859375,104.3499984741211,7367.10009765625
2014-05-26,,,,,7359.0498046875
2014-05-27,1911.9100341796875,4237.06982421875,1265.4000244140625,104.11000061035156,7318.0
2014-05-28,1909.780029296875,4225.080078125,1259.300048828125,102.72000122070312,7329.64990234375
2014-05-29,1920.030029296875,4247.9501953125,1256.300048828125,103.58000183105469,7235.64990234375
2014-05-30,1923.5699462890625,4242.6201171875,1245.5999755859375,102.70999908447266,7229.9501953125
2014-06-02,1924.969970703125,4237.2001953125,1243.699951171875,102.47000122070312,7362.5
2014-06-03,1924.239990234375,4234.080078125,1244.300048828125,102.66000366210938,7415.85009765625
2014-06-04,1927.8800048828125,4251.64013671875,1244.0,102.63999938964844,7402.25
2014-06-05,1940.4599609375,4296.22998046875,1253.0,102.4800033569336,7474.10009765625
2014-06-06,1949.43994140625,4321.39990234375,1252.0999755859375,102.66000366210938,7583.39990234375
2014-06-09,1951.27001953125,4336.240234375,1253.5,104.41000366210938,7654.60009765625
2014-06-10,1950.7900390625,4338.0,1259.800048828125,104.3499984741211,7656.39990234375
2014-06-11,1943.8900146484375,4331.93017578125,1260.800048828125,104.4000015258789,7626.85009765625
2014-06-12,1930.1099853515625,4297.6298828125,1273.5999755859375,106.52999877929688,7649.89990234375
2014-06-13,1936.1600341796875,4310.64990234375,1273.699951171875,106.91000366210938,7542.10009765625
2014-06-16,1937.780029296875,4321.10009765625,1274.9000244140625,106.9000015258789,7533.5498046875
2014-06-17,1941.989990234375,4337.22998046875,1271.699951171875,106.36000061035156,7631.7001953125
2014-06-18,1956.97998046875,4362.83984375,1272.4000244140625,105.97000122070312,7558.2001953125
2014-06-19,1959.47998046875,4359.330078125,1313.699951171875,106.43000030517578,7540.7001953125
2014-06-20,1962.8699951171875,4368.0400390625,1316.199951171875,107.26000213623047,7511.4501953125
2014-06-23,1962.6099853515625,4368.68017578125,1318.0,106.16999816894531,7493.35009765625
2014-06-24,1949.97998046875,4350.35009765625,1320.9000244140625,106.02999877929688,7580.2001953125
2014-06-25,1959.530029296875,4379.759765625,1322.199951171875,106.5,7569.25
2014-06-26,1957.219970703125,4379.0498046875,1316.0999755859375,105.83999633789062,7493.2001953125
2014-06-27,1960.9599609375,4397.93017578125,1319.0,105.73999786376953,7508.7998046875
2014-06-30,1960.22998046875,4408.18017578125,1321.800048828125,105.37000274658203,7611.35009765625
2014-07-01,1973.3199462890625,4458.64990234375,1326.4000244140625,105.33999633789062,7634.7001953125
2014-07-02,1974.6199951171875,4457.72998046875,1330.699951171875,104.4800033569336,7725.14990234375
2014-07-03,1985.43994140625,4485.93017578125,1320.4000244140625,104.05999755859375,7714.7998046875
2014-07-04,,,,,7751.60009765625
2014-07-07,1977.6500244140625,4451.52978515625,1316.5,103.52999877929688,7787.14990234375
2014-07-08,1963.7099609375,4391.4599609375,1316.0,103.4000015258789,7623.2001953125
2014-07-09,1972.8299560546875,4419.02978515625,1323.800048828125,102.29000091552734,7585.0
2014-07-10,1964.6800537109375,4396.2001953125,1338.699951171875,102.93000030517578,7567.75
2014-07-11,1967.5699462890625,4415.490234375,1337.0,100.83000183105469,7459.60009765625
2014-07-14,1977.0999755859375,4440.419921875,1306.300048828125,100.91000366210938,7454.14990234375
2014-07-15,1973.280029296875,4416.39013671875,1296.9000244140625,99.95999908447266,7526.64990234375
2014-07-16,1981.5699462890625,4425.97021484375,1299.5999755859375,101.19999694824219,7624.39990234375
2014-07-17,1958.1199951171875,4363.4501953125,1316.699951171875,103.19000244140625,7640.4501953125
2014-07-18,1978.219970703125,4432.14990234375,1309.199951171875,103.12999725341797,7663.89990234375
2014-07-21,1973.6300048828125,4424.7001953125,1313.699951171875,104.58999633789062,7684.2001953125
2014-07-22,1983.530029296875,4456.02001953125,1306.0999755859375,104.41999816894531,7767.85009765625
2014-07-23,1987.010009765625,4473.7001953125,1304.5,103.12000274658203,7795.75
2014-07-24,1987.97998046875,4472.10986328125,1290.5999755859375,102.06999969482422,7830.60009765625
2014-07-25,1978.3399658203125,4449.56005859375,1303.0999755859375,102.08999633789062,7790.4501953125
2014-07-28,1978.9100341796875,4444.91015625,1303.300048828125,101.66999816894531,7748.7001953125
2014-07-29,1969.949951171875,4442.7001953125,1298.300048828125,100.97000122070312,
2014-07-30,1970.0699462890625,4462.89990234375,1294.9000244140625,100.2699966430664,7791.39990234375
2014-07-31,1930.6700439453125,4369.77001953125,1281.300048828125,98.16999816894531,7721.2998046875
2014-08-01,1925.1500244140625,4352.64013671875,1293.5999755859375,97.87999725341797,7602.60009765625
2014-08-04,1938.989990234375,4383.89013671875,1287.699951171875,98.29000091552734,7683.64990234375
2014-08-05,1920.2099609375,4352.83984375,1284.0,97.37999725341797,7746.5498046875
2014-08-06,1920.239990234375,4355.0498046875,1306.699951171875,96.91999816894531,7672.0498046875
2014-08-07,1909.5699462890625,4334.97021484375,1310.800048828125,97.33999633789062,7649.25
2014-08-08,1931.5899658203125,4370.89990234375,1308.9000244140625,97.6500015258789,7568.5498046875
2014-08-11,1936.9200439453125,4401.330078125,1308.5,98.08000183105469,7625.9501953125
2014-08-12,1933.75,4389.25,1308.800048828125,97.37000274658203,7727.0498046875
2014-08-13,1946.719970703125,4434.1298828125,1312.800048828125,97.58999633789062,7739.5498046875
2014-08-14,1955.1800537109375,4453.0,1313.9000244140625,95.58000183105469,7791.7001953125
2014-08-15,1955.06005859375,4464.93017578125,1304.5,97.3499984741211,
2014-08-18,1971.739990234375,4508.31005859375,1297.699951171875,96.41000366210938,7874.25
2014-08-19,1981.5999755859375,4527.509765625,1295.0999755859375,94.4800033569336,7897.5
2014-08-20,1986.510009765625,4526.47998046875,1293.4000244140625,96.06999969482422,7875.2998046875
2014-08-21,1992.3699951171875,4532.10009765625,1273.699951171875,93.95999908447266,7891.10009765625
2014-08-22,1988.4000244140625,4538.5498046875,1278.5999755859375,93.6500015258789,7913.2001953125
2014-08-25,1997.9200439453125,4557.35009765625,1277.300048828125,93.3499984741211,7906.2998046875
2014-08-26,2000.02001953125,4570.64013671875,1283.800048828125,93.86000061035156,7904.75
2014-08-27,2000.1199951171875,4569.6201171875,1281.9000244140625,93.87999725341797,7936.0498046875
2014-08-28,1996.739990234375,4557.7001953125,1288.699951171875,94.55000305175781,7954.35009765625
2014-08-29,2003.3699951171875,4580.27001953125,1285.800048828125,95.95999908447266,
2014-09-01,,,,,8027.7001953125
2014-09-02,2002.280029296875,4598.18994140625,1263.699951171875,92.87999725341797,8083.0498046875
2014-09-03,2000.719970703125,4572.56005859375,1268.9000244140625,95.54000091552734,8114.60009765625
2014-09-04,1997.6500244140625,4562.2900390625,1265.0999755859375,94.44999694824219,8095.9501953125
2014-09-05,2007.7099609375,4582.89990234375,1265.800048828125,93.29000091552734,8086.85009765625
2014-09-08,2001.5400390625,4592.2900390625,1252.699951171875,92.66000366210938,8173.89990234375
2014-09-09,1988.43994140625,4552.2900390625,1246.800048828125,92.75,8152.9501953125
2014-09-10,1995.68994140625,4586.52001953125,1243.5,91.66999816894531,8094.10009765625
2014-09-11,1997.449951171875,4591.81005859375,1237.4000244140625,92.83000183105469,8085.7001953125
2014-09-12,1985.5400390625,4567.60009765625,1229.9000244140625,92.2699966430664,8105.5
2014-09-15,1984.1300048828125,4518.89990234375,1233.5999755859375,92.91999816894531,8042.0
2014-09-16,1998.97998046875,4552.759765625,1235.199951171875,94.87999725341797,7932.89990234375
2014-09-17,2001.5699462890625,4562.18994140625,1234.4000244140625,94.41999816894531,7975.5
2014-09-18,2011.3599853515625,4593.43017578125,1225.699951171875,93.06999969482422,8114.75
2014-09-19,2010.4000244140625,4579.7900390625,1215.300048828125,92.41000366210938,8121.4501953125
2014-09-22,1994.2900390625,4527.68994140625,1216.800048828125,91.5199966430664,8146.2998046875
2014-09-23,1982.77001953125,4508.68994140625,1221.0,91.55999755859375,8017.5498046875
2014-09-24,1998.300048828125,4555.22021484375,1218.5999755859375,92.80000305175781,8002.39990234375
2014-09-25,1965.989990234375,4466.75,1221.199951171875,92.52999877929688,7911.85009765625
2014-09-26,1982.8499755859375,4512.18994140625,1214.0999755859375,93.54000091552734,7968.85009765625
2014-09-29,1977.800048828125,4505.85009765625,1217.5,94.56999969482422,7958.89990234375
2014-09-30,1972.2900390625,4493.39013671875,1210.5,91.16000366210938,7964.7998046875
2014-10-01,1946.1600341796875,4422.08984375,1214.5999755859375,90.7300033569336,7945.5498046875
2014-10-02,1946.1700439453125,4430.2001953125,1214.199951171875,91.01000213623047,
2014-10-03,1967.9000244140625,4475.6201171875,1192.199951171875,89.73999786376953,
2014-10-06,1964.8199462890625,4454.7998046875,1206.699951171875,90.33999633789062,
2014-10-07,1935.0999755859375,4385.2001953125,1211.699951171875,88.8499984741211,7852.39990234375
2014-10-08,1968.8900146484375,4468.58984375,1205.300048828125,87.30999755859375,7842.7001953125
2014-10-09,1928.2099609375,4378.33984375,1224.5999755859375,85.7699966430664,7960.5498046875
2014-10-10,1906.1300048828125,4276.240234375,1221.0,85.81999969482422,7859.9501953125
2014-10-13,1874.739990234375,4213.66015625,1229.300048828125,85.73999786376953,7884.25
2014-10-14,1877.699951171875,4227.169921875,1233.5999755859375,81.83999633789062,7864.0
2014-10-15,1862.489990234375,4215.31982421875,1244.0999755859375,81.77999877929688,
2014-10-16,1862.760009765625,4217.39013671875,1240.5,82.69999694824219,7748.2001953125
2014-10-17,1886.760009765625,4258.43994140625,1238.300048828125,82.75,7779.7001953125
2014-10-20,1904.010009765625,4316.06982421875,1244.0,82.70999908447266,7879.39990234375
2014-10-21,1941.280029296875,4419.47998046875,1251.0,82.80999755859375,7927.75
2014-10-22,1927.1099853515625,4382.85009765625,1244.800048828125,80.5199966430664,7995.89990234375
2014-10-23,1950.8199462890625,4452.7900390625,1228.5,82.08999633789062,
2014-10-24,1964.5799560546875,4483.72021484375,1231.199951171875,81.01000213623047,
2014-10-27,1961.6300048828125,4485.93017578125,1229.0999755859375,81.0,7991.7001953125
2014-10-28,1985.050048828125,4564.2900390625,1229.199951171875,81.41999816894531,8027.60009765625
2014-10-29,1982.300048828125,4549.22998046875,1224.300048828125,82.19999694824219,8090.4501953125
2014-10-30,1994.6500244140625,4566.14013671875,1198.0999755859375,81.12000274658203,8169.2001953125
2014-10-31,2018.050048828125,4630.740234375,1171.0999755859375,80.54000091552734,8322.2001953125
2014-11-03,2017.81005859375,4638.91015625,1169.4000244140625,78.77999877929688,8324.150390625
2014-11-04,2012.0999755859375,4623.64013671875,1167.4000244140625,77.19000244140625,
2014-11-05,2023.5699462890625,4620.72021484375,1145.4000244140625,78.68000030517578,8338.2998046875
2014-11-06,2031.2099609375,4638.47021484375,1142.300048828125,77.91000366210938,
2014-11-07,2031.9200439453125,4632.52978515625,1169.5999755859375,78.6500015258789,8337.0
2014-11-10,2038.260009765625,4651.6201171875,1159.5999755859375,77.4000015258789,8344.25
2014-11-11,2039.6800537109375,4660.56005859375,1162.800048828125,77.94000244140625,8362.650390625
2014-11-12,2038.25,4675.14013671875,1158.9000244140625,77.18000030517578,8383.2998046875
2014-11-13,2039.3299560546875,4680.14013671875,1161.0999755859375,74.20999908447266,8357.849609375
2014-11-14,2039.8199462890625,4688.5400390625,1185.0,75.81999969482422,8389.900390625
2014-11-17,2041.3199462890625,4671.0,1183.0,75.63999938964844,8430.75
2014-11-18,2051.800048828125,4702.43994140625,1196.699951171875,74.61000061035156,8425.900390625
2014-11-19,2048.719970703125,4675.7099609375,1193.5999755859375,74.58000183105469,8382.2998046875
2014-11-20,2052.75,4701.8701171875,1190.699951171875,75.58000183105469,8401.900390625
2014-11-21,2063.5,4712.97021484375,1197.5,76.51000213623047,8477.349609375
2014-11-24,2069.409912109375,4754.89013671875,1195.5,75.77999877929688,8530.150390625
2014-11-25,2067.030029296875,4758.25,1197.0999755859375,74.08999633789062,8463.099609375
2014-11-26,2072.830078125,4787.31982421875,1196.5999755859375,73.69000244140625,8475.75
2014-11-27,,,,,8494.2001953125
2014-11-28,2067.56005859375,4791.6298828125,1175.199951171875,66.1500015258789,8588.25
2014-12-01,2053.43994140625,4727.35009765625,1218.0,69.0,8555.900390625
2014-12-02,2066.550048828125,4755.81005859375,1199.199951171875,66.87999725341797,8524.7001953125
2014-12-03,2074.330078125,4774.47021484375,1208.5,67.37999725341797,8537.650390625
2014-12-04,2071.919921875,4769.43994140625,1207.5,66.80999755859375,8564.400390625
2014-12-05,2075.3701171875,4780.759765625,1190.0999755859375,65.83999633789062,8538.2998046875
2014-12-08,2060.31005859375,4740.68994140625,1194.699951171875,63.04999923706055,8438.25
2014-12-09,2059.820068359375,4766.47021484375,1231.5,63.81999969482422,8340.7001953125
2014-12-10,2026.1400146484375,4684.02001953125,1228.9000244140625,60.939998626708984,8355.650390625
2014-12-11,2035.3299560546875,4708.16015625,1225.0999755859375,59.95000076293945,8292.900390625
2014-12-12,2002.3299560546875,4653.60009765625,1222.0,57.810001373291016,8224.099609375
2014-12-15,1989.6300048828125,4605.16015625,1207.199951171875,55.90999984741211,8219.599609375
2014-12-16,1972.739990234375,4547.830078125,1193.9000244140625,55.93000030517578,8067.60009765625
2014-12-17,2012.8900146484375,4644.31005859375,1194.300048828125,56.470001220703125,8029.7998046875
2014-12-18,2061.22998046875,4748.39990234375,1194.699951171875,54.11000061035156,8159.2998046875
2014-12-19,2070.64990234375,4765.3798828125,1195.9000244140625,56.52000045776367,8225.2001953125
2014-12-22,2078.5400390625,4781.419921875,1179.699951171875,55.2599983215332,8324.0
2014-12-23,2082.169921875,4765.419921875,1177.9000244140625,57.119998931884766,8267.0
2014-12-24,2081.8798828125,4773.47021484375,1173.5,55.84000015258789,8174.10009765625
2014-12-26,2088.77001953125,4806.85986328125,1195.300048828125,54.72999954223633,8200.7001953125
2014-12-29,2090.570068359375,4806.91015625,1181.699951171875,53.61000061035156,8246.2998046875
2014-12-30,2080.35009765625,4777.43994140625,1200.199951171875,54.119998931884766,8248.25
2014-12-31,2058.89990234375,4736.0498046875,1183.9000244140625,53.27000045776367,8282.7001953125
2015-01-02,2058.199951171875,4726.81005859375,1186.0,52.689998626708984,8395.4501953125
2015-01-05,2020.5799560546875,4652.56982421875,1203.9000244140625,50.040000915527344,8378.400390625
2015-01-06,2002.6099853515625,4592.740234375,1219.300048828125,47.93000030517578,8127.35009765625
2015-01-07,2025.9000244140625,4650.47021484375,1210.5999755859375,48.650001525878906,8102.10009765625
2015-01-08,2062.139892578125,4736.18994140625,1208.4000244140625,48.790000915527344,8234.599609375
2015-01-09,2044.81005859375,4704.06982421875,1216.0,48.36000061035156,8284.5
2015-01-12,2028.260009765625,4664.7099609375,1232.699951171875,46.06999969482422,8323.0
2015-01-13,2023.030029296875,4661.5,1234.300048828125,45.88999938964844,8299.400390625
2015-01-14,2011.27001953125,4639.31982421875,1234.4000244140625,48.47999954223633,8277.5498046875
2015-01-15,1992.6700439453125,4570.81982421875,1264.699951171875,46.25,8494.150390625
2015-01-16,2019.4200439453125,4634.3798828125,1276.9000244140625,48.689998626708984,8513.7998046875
2015-01-19,,,,,8550.7001953125
2015-01-20,2022.550048828125,4654.85009765625,1294.199951171875,46.38999938964844,8695.599609375
2015-01-21,2032.1199951171875,4667.419921875,1293.699951171875,47.779998779296875,8729.5
2015-01-22,2063.14990234375,4750.39990234375,1300.699951171875,46.310001373291016,8761.400390625
2015-01-23,2051.820068359375,4757.8798828125,1292.5999755859375,45.59000015258789,8835.599609375
2015-01-26,2057.090087890625,4771.759765625,1279.4000244140625,45.150001525878906,
2015-01-27,2029.550048828125,4681.5,1291.699951171875,46.22999954223633,8910.5
2015-01-28,2002.1600341796875,4637.990234375,1285.9000244140625,44.45000076293945,8914.2998046875
2015-01-29,2021.25,4683.41015625,1254.5999755859375,44.529998779296875,8952.349609375
2015-01-30,1994.989990234375,4635.240234375,1278.5,48.2400016784668,8808.900390625
2015-02-02,2020.8499755859375,4676.68994140625,1276.199951171875,49.56999969482422,8797.400390625
2015-02-03,2050.030029296875,4727.740234375,1259.699951171875,53.04999923706055,8756.5498046875
2015-02-04,2041.510009765625,4716.7001953125,1263.800048828125,48.45000076293945,8723.7001953125
2015-02-05,2062.52001953125,4765.10009765625,1262.0,50.47999954223633,8711.7001953125
2015-02-06,2055.469970703125,4744.39990234375,1233.9000244140625,51.689998626708984,8661.0498046875
2015-02-09,2046.739990234375,4726.009765625,1240.800048828125,52.86000061035156,8526.349609375
2015-02-10,2068.590087890625,4787.64013671875,1231.5999755859375,50.02000045776367,8565.5498046875
2015-02-11,2068.530029296875,4801.18017578125,1219.0,48.84000015258789,8627.400390625
2015-02-12,2088.47998046875,4857.60986328125,1220.0999755859375,51.209999084472656,8711.5498046875
2015-02-13,2096.989990234375,4893.83984375,1226.5,52.779998779296875,8805.5
2015-02-16,,,,,8809.349609375
2015-02-17,2100.340087890625,4899.27001953125,1208.0999755859375,53.529998779296875,
2015-02-18,2099.679931640625,4906.35986328125,1199.699951171875,52.13999938964844,8869.099609375
2015-02-19,2097.449951171875,4924.7001953125,1207.0999755859375,51.15999984741211,8895.2998046875
2015-02-20,2110.300048828125,4955.97021484375,1204.4000244140625,50.34000015258789,8833.599609375
2015-02-23,2109.659912109375,4960.97021484375,1200.300048828125,49.45000076293945,8754.9501953125
2015-02-24,2115.47998046875,4968.1201171875,1196.9000244140625,49.279998779296875,8762.099609375
2015-02-25,2113.860107421875,4967.14013671875,1201.0,50.9900016784668,8767.25
2015-02-26,2110.739990234375,4987.89013671875,1209.5999755859375,48.16999816894531,8683.849609375
2015-02-27,2104.5,4963.52978515625,1212.5999755859375,49.7599983215332,8844.599609375
2015-03-02,2117.389892578125,5008.10009765625,1207.699951171875,49.59000015258789,8956.75
2015-03-03,2107.780029296875,4979.89990234375,1204.0,50.52000045776367,8996.25
2015-03-04,2098.530029296875,4967.14013671875,1200.5999755859375,51.529998779296875,8922.650390625
2015-03-05,2101.0400390625,4982.81005859375,1195.9000244140625,50.7599983215332,8937.75
2015-03-06,2071.260009765625,4927.3701171875,1164.0999755859375,49.61000061035156,
2015-03-09,2079.429931640625,4942.43994140625,1166.4000244140625,50.0,8756.75
2015-03-10,2044.1600341796875,4859.7900390625,1160.0999755859375,48.290000915527344,8712.0498046875
2015-03-11,2040.239990234375,4849.93994140625,1150.699951171875,48.16999816894531,8699.9501953125
2015-03-12,2065.949951171875,4893.2900390625,1152.0999755859375,47.04999923706055,8776.0
2015-03-13,2053.39990234375,4871.759765625,1152.5999755859375,44.84000015258789,8647.75
2015-03-16,2081.18994140625,4929.509765625,1153.300048828125,43.880001068115234,8633.150390625
2015-03-17,2074.280029296875,4937.43017578125,1148.300048828125,43.459999084472656,8723.2998046875
2015-03-18,2099.5,4982.830078125,1151.4000244140625,44.65999984741211,8685.900390625
2015-03-19,2089.27001953125,4992.3798828125,1169.0999755859375,43.959999084472656,8634.650390625
2015-03-20,2108.10009765625,5026.419921875,1184.800048828125,45.720001220703125,8570.900390625
2015-03-23,2104.419921875,5010.97021484375,1188.0,47.45000076293945,8550.900390625
2015-03-24,2091.5,4994.72998046875,1191.699951171875,47.5099983215332,8542.9501953125
2015-03-25,2061.050048828125,4876.52001953125,1197.300048828125,49.209999084472656,8530.7998046875
2015-03-26,2056.14990234375,4863.35986328125,1205.0999755859375,51.43000030517578,8342.150390625
2015-03-27,2061.02001953125,4891.22021484375,1199.800048828125,48.869998931884766,8341.400390625
2015-03-30,2086.239990234375,4947.43994140625,1184.800048828125,48.68000030517578,8492.2998046875
2015-03-31,2067.889892578125,4900.8798828125,1183.0999755859375,47.599998474121094,8491.0
2015-04-01,2059.68994140625,4880.22998046875,1208.0999755859375,50.09000015258789,8586.25
2015-04-02,2066.9599609375,4886.93994140625,1200.9000244140625,49.13999938964844,
2015-04-06,2080.6201171875,4917.31982421875,1218.5999755859375,52.13999938964844,8659.900390625
2015-04-07,2076.330078125,4910.22998046875,1210.5999755859375,53.97999954223633,8660.2998046875
2015-04-08,2081.89990234375,4950.81982421875,1203.0999755859375,50.41999816894531,8714.400390625
2015-04-09,2091.179931640625,4974.56005859375,1193.5999755859375,50.790000915527344,8778.2998046875
2015-04-10,2102.06005859375,4995.97998046875,1204.5999755859375,51.63999938964844,8780.349609375
2015-04-13,2092.429931640625,4988.25,1199.300048828125,51.90999984741211,8834.0
2015-04-14,2095.840087890625,4977.2900390625,1192.800048828125,53.290000915527344,
2015-04-15,2106.6298828125,5011.02001953125,1201.5,56.38999938964844,
2015-04-16,2104.989990234375,5007.7900390625,1198.0,56.709999084472656,8706.7001953125
2015-04-17,2081.179931640625,4931.81005859375,1202.9000244140625,55.7400016784668,8606.0
2015-04-20,2100.39990234375,4994.60009765625,1193.5,56.380001068115234,8448.099609375
2015-04-21,2097.2900390625,5014.10009765625,1202.9000244140625,55.2599983215332,8377.75
2015-04-22,2107.9599609375,5035.169921875,1186.9000244140625,56.15999984741211,8429.7001953125
2015-04-23,2112.929931640625,5056.06005859375,1194.4000244140625,57.7400016784668,8398.2998046875
2015-04-24,2117.68994140625,5092.080078125,1175.199951171875,57.150001525878906,8305.25
2015-04-27,2108.919921875,5060.25,1203.300048828125,56.9900016784668,8213.7998046875
2015-04-28,2114.760009765625,5055.419921875,1214.0,57.060001373291016,8285.599609375
2015-04-29,2106.85009765625,5023.64013671875,1209.800048828125,58.58000183105469,8239.75
2015-04-30,2085.510009765625,4941.419921875,1182.4000244140625,59.630001068115234,8181.5
2015-05-01,2108.2900390625,5005.39013671875,1174.5,59.150001525878906,
2015-05-04,2114.489990234375,5016.93017578125,1186.800048828125,58.93000030517578,8331.9501953125
2015-05-05,2089.4599609375,4939.330078125,1193.199951171875,60.400001525878906,8324.7998046875
2015-05-06,2080.14990234375,4919.64013671875,1190.300048828125,60.93000030517578,8097.0
2015-05-07,2088.0,4945.5400390625,1182.4000244140625,58.939998626708984,8057.2998046875
2015-05-08,2116.10009765625,5003.5498046875,1189.0999755859375,59.38999938964844,8191.5
2015-05-11,2105.330078125,4993.56982421875,1183.199951171875,59.25,8325.25
2015-05-12,2099.1201171875,4976.18994140625,1192.5999755859375,60.75,8126.9501953125
2015-05-13,2098.47998046875,4981.68994140625,1218.4000244140625,60.5,8235.4501953125
2015-05-14,2121.10009765625,5050.7998046875,1225.4000244140625,59.880001068115234,8224.2001953125
2015-05-15,2122.72998046875,5048.2900390625,1225.5,59.689998626708984,8262.349609375
2015-05-18,2129.199951171875,5078.43994140625,1227.800048828125,59.43000030517578,8373.650390625
2015-05-19,2127.830078125,5070.02978515625,1206.9000244140625,57.2599983215332,8365.650390625
2015-05-20,2125.85009765625,5071.740234375,1208.9000244140625,58.97999954223633,8423.25
2015-05-21,2130.820068359375,5090.7900390625,1204.4000244140625,60.720001220703125,8421.0
2015-05-22,2126.06005859375,5089.35986328125,1204.300048828125,59.720001220703125,8458.9501953125
2015-05-25,,,,,8370.25
2015-05-26,2104.199951171875,5032.75,1187.199951171875,58.029998779296875,8339.349609375
2015-05-27,2123.47998046875,5106.58984375,1185.9000244140625,57.5099983215332,8334.599609375
2015-05-28,2120.7900390625,5097.97998046875,1188.0999755859375,57.68000030517578,8319.0
2015-05-29,2107.389892578125,5070.02978515625,1189.4000244140625,60.29999923706055,8433.650390625
2015-06-01,2111.72998046875,5082.93017578125,1188.300048828125,60.20000076293945,8433.400390625
2015-06-02,2109.60009765625,5076.52001953125,1194.0999755859375,61.2599983215332,8236.4501953125
2015-06-03,2114.070068359375,5099.22998046875,1184.699951171875,59.63999938964844,8135.10009765625
2015-06-04,2095.840087890625,5059.1201171875,1174.9000244140625,58.0,8130.64990234375
2015-06-05,2092.830078125,5068.4599609375,1167.800048828125,59.130001068115234,8114.7001953125
2015-06-08,2079.280029296875,5021.6298828125,1173.199951171875,58.13999938964844,8044.14990234375
2015-06-09,2080.14990234375,5013.8701171875,1177.300048828125,60.13999938964844,8022.39990234375
2015-06-10,2105.199951171875,5076.68994140625,1186.0999755859375,61.43000030517578,8124.4501953125
2015-06-11,2108.860107421875,5082.509765625,1179.9000244140625,60.77000045776367,7965.35009765625
2015-06-12,2094.110107421875,5051.10009765625,1178.800048828125,59.959999084472656,7982.89990234375
2015-06-15,2084.429931640625,5029.97021484375,1185.300048828125,59.52000045776367,8013.89990234375
2015-06-16,2096.2900390625,5055.5498046875,1180.5,59.970001220703125,8047.2998046875
2015-06-17,2100.43994140625,5064.8798828125,1176.4000244140625,59.91999816894531,8091.5498046875
2015-06-18,2121.239990234375,5132.9501953125,1201.5,60.45000076293945,8174.60009765625
2015-06-19,2109.989990234375,5117.0,1201.5,59.61000061035156,8224.9501953125
2015-06-22,2122.85009765625,5153.97021484375,1183.699951171875,59.68000030517578,8353.099609375
2015-06-23,2124.199951171875,5160.08984375,1176.199951171875,61.0099983215332,8381.5498046875
2015-06-24,2108.580078125,5122.41015625,1172.5999755859375,60.27000045776367,8360.849609375
2015-06-25,2102.31005859375,5112.18994140625,1171.5,59.70000076293945,8398.0
2015-06-26,2101.489990234375,5080.509765625,1172.9000244140625,59.630001068115234,8381.099609375
2015-06-29,2057.639892578125,4958.47021484375,1178.5,58.33000183105469,8318.400390625
2015-06-30,2063.110107421875,4986.8701171875,1171.5,59.470001220703125,8368.5
2015-07-01,2077.419921875,5013.1201171875,1169.0,56.959999084472656,8453.0498046875
2015-07-02,2076.780029296875,5009.2099609375,1163.0,56.93000030517578,8444.900390625
2015-07-03,,,,,8484.900390625
2015-07-06,2068.760009765625,4991.93994140625,1172.9000244140625,52.529998779296875,8522.150390625
2015-07-07,2081.340087890625,4997.4599609375,1152.4000244140625,52.33000183105469,8510.7998046875
2015-07-08,2046.6800537109375,4909.759765625,1163.300048828125,51.650001525878906,8363.0498046875
2015-07-09,2051.31005859375,4922.39990234375,1159.0,52.779998779296875,8328.5498046875
2015-07-10,2076.6201171875,4997.7001953125,1157.699951171875,52.7400016784668,8360.5498046875
2015-07-13,2099.60009765625,5071.509765625,1155.199951171875,52.20000076293945,8459.650390625
2015-07-14,2108.949951171875,5104.89013671875,1153.300048828125,53.040000915527344,8454.099609375
2015-07-15,2107.39990234375,5098.93994140625,1147.199951171875,51.40999984741211,8523.7998046875
2015-07-16,2124.2900390625,5163.18017578125,1143.800048828125,50.90999984741211,8608.0498046875
2015-07-17,2126.639892578125,5210.14013671875,1131.800048828125,50.88999938964844,8609.849609375
2015-07-20,2128.280029296875,5218.85986328125,1106.699951171875,50.150001525878906,8603.4501953125
2015-07-21,2119.2099609375,5208.1201171875,1103.4000244140625,50.36000061035156,8529.4501953125
2015-07-22,2114.14990234375,5171.77001953125,1091.4000244140625,49.189998626708984,8633.5
2015-07-23,2102.14990234375,5146.41015625,1094.0,48.45000076293945,8589.7998046875
2015-07-24,2079.64990234375,5088.6298828125,1085.5999755859375,48.13999938964844,8521.5498046875
2015-07-27,2067.639892578125,5039.77978515625,1096.5,47.38999938964844,8361.0
2015-07-28,2093.25,5089.2099609375,1096.300048828125,47.97999954223633,8337.0
2015-07-29,2108.570068359375,5111.72998046875,1092.699951171875,48.790000915527344,8375.0498046875
2015-07-30,2108.6298828125,5128.77978515625,1088.4000244140625,48.52000045776367,8421.7998046875
2015-07-31,2103.840087890625,5128.27978515625,1094.9000244140625,47.119998931884766,8532.849609375
2015-08-03,2098.0400390625,5115.3798828125,1089.4000244140625,45.16999816894531,8543.0498046875
2015-08-04,2093.320068359375,5105.5498046875,1090.699951171875,45.7400016784668,8516.900390625
2015-08-05,2099.840087890625,5139.93994140625,1085.699951171875,45.150001525878906,8567.9501953125
2015-08-06,2083.56005859375,5056.43994140625,1090.199951171875,44.65999984741211,8588.650390625
2015-08-07,2077.570068359375,5043.5400390625,1094.0999755859375,43.869998931884766,8564.599609375
2015-08-10,2104.179931640625,5101.7998046875,1104.199951171875,44.959999084472656,8525.599609375
2015-08-11,2084.070068359375,5036.7900390625,1107.5999755859375,43.08000183105469,8462.349609375
2015-08-12,2086.050048828125,5044.39013671875,1123.199951171875,43.29999923706055,8349.4501953125
2015-08-13,2083.389892578125,5033.56005859375,1115.699951171875,42.22999954223633,8355.849609375
2015-08-14,2091.5400390625,5048.240234375,1112.9000244140625,42.5,8518.5498046875
2015-08-17,2102.43994140625,5091.7001953125,1118.5999755859375,41.869998931884766,8477.2998046875
2015-08-18,2096.919921875,5059.35009765625,1117.0999755859375,42.619998931884766,8466.5498046875
2015-08-19,2079.610107421875,5019.0498046875,1128.0999755859375,40.79999923706055,8495.150390625
2015-08-20,2035.72998046875,4877.490234375,1153.0,41.13999938964844,8372.75
2015-08-21,1970.8900146484375,4706.0400390625,1159.5999755859375,40.45000076293945,8299.9501953125
2015-08-24,1893.2099609375,4526.25,1153.4000244140625,38.2400016784668,7809.0
2015-08-25,1867.6099853515625,4506.490234375,1138.199951171875,39.310001373291016,7880.7001953125
2015-08-26,1940.510009765625,4697.5400390625,1124.5999755859375,38.599998474121094,7791.85009765625
2015-08-27,1987.6600341796875,4812.7099609375,1122.4000244140625,42.560001373291016,7948.9501953125
2015-08-28,1988.8699951171875,4828.31982421875,1133.0999755859375,45.220001220703125,8001.9501953125
2015-08-31,1972.1800537109375,4776.509765625,1131.5999755859375,49.20000076293945,7971.2998046875
2015-09-01,1913.8499755859375,4636.10009765625,1138.699951171875,45.40999984741211,7785.85009765625
2015-09-02,1948.8599853515625,4749.97998046875,1132.5,46.25,7717.0
2015-09-03,1951.1300048828125,4733.5,1123.699951171875,46.75,7823.0
2015-09-04,1921.219970703125,4683.919921875,1120.5999755859375,46.04999923706055,7655.0498046875
2015-09-07,,,,,7558.7998046875
2015-09-08,1969.4100341796875,4811.93017578125,1120.4000244140625,45.939998626708984,7688.25
2015-09-09,1942.0400390625,4756.52978515625,1102.199951171875,44.150001525878906,7818.60009765625
2015-09-10,1952.2900390625,4796.25,1109.5,45.91999816894531,7788.10009765625
2015-09-11,1961.050048828125,4822.33984375,1103.5,44.630001068115234,7789.2998046875
2015-09-14,1953.030029296875,4805.759765625,1107.699951171875,44.0,7872.25
2015-09-15,1978.0899658203125,4860.52001953125,1102.800048828125,44.59000015258789,7829.10009765625
2015-09-16,1995.31005859375,4889.240234375,1119.199951171875,47.150001525878906,7899.14990234375
2015-09-17,1990.199951171875,4893.9501953125,1117.300048828125,46.900001525878906,
2015-09-18,1958.030029296875,4827.22998046875,1138.0999755859375,44.68000030517578,7981.89990234375
2015-09-21,1966.969970703125,4828.9501953125,1133.0999755859375,46.68000030517578,7977.10009765625
2015-09-22,1942.739990234375,4756.72021484375,1125.0,45.83000183105469,7812.0
2015-09-23,1938.760009765625,4752.740234375,1131.5999755859375,44.47999954223633,7845.9501953125
2015-09-24,1932.239990234375,4734.47998046875,1153.800048828125,44.90999984741211,7868.5
2015-09-25,1931.3399658203125,4686.5,1146.0,45.70000076293945,
2015-09-28,1881.77001953125,4543.97021484375,1132.0,44.43000030517578,7795.7001953125
2015-09-29,1884.0899658203125,4517.31982421875,1127.0999755859375,45.22999954223633,7843.2998046875
2015-09-30,1920.030029296875,4620.16015625,1115.5,45.09000015258789,7948.89990234375
2015-10-01,1923.8199462890625,4627.080078125,1114.199951171875,44.7400016784668,7950.89990234375
2015-10-02,1951.3599853515625,4707.77978515625,1137.0999755859375,45.540000915527344,
2015-10-05,1987.050048828125,4781.259765625,1138.0999755859375,46.2599983215332,8119.2998046875
2015-10-06,1979.9200439453125,4748.35986328125,1146.800048828125,48.529998779296875,8152.89990234375
2015-10-07,1995.8299560546875,4791.14990234375,1149.0,47.810001373291016,8177.39990234375
2015-10-08,2013.4300537109375,4810.7900390625,1144.699951171875,49.43000030517578,8129.35009765625
2015-10-09,2014.8900146484375,4830.47021484375,1156.300048828125,49.630001068115234,8189.7001953125
2015-10-12,2017.4599609375,4838.64013671875,1164.9000244140625,47.099998474121094,8143.60009765625
2015-10-13,2003.68994140625,4796.60986328125,1165.800048828125,46.65999984741211,8131.7001953125
2015-10-14,1994.239990234375,4782.85009765625,1180.0999755859375,46.63999938964844,8107.89990234375
2015-10-15,2023.8599853515625,4870.10009765625,1187.9000244140625,46.380001068115234,8179.5
2015-10-16,2033.1099853515625,4886.68994140625,1183.5999755859375,47.2599983215332,8238.150390625
2015-10-19,2033.6600341796875,4905.47021484375,1173.300048828125,45.88999938964844,8275.0498046875
2015-10-20,2030.77001953125,4880.97021484375,1178.0,45.54999923706055,8261.650390625
2015-10-21,2018.93994140625,4840.1201171875,1167.5999755859375,45.20000076293945,8251.7001953125
2015-10-22,2052.510009765625,4920.0498046875,1166.5999755859375,45.380001068115234,
2015-10-23,2075.14990234375,5031.85986328125,1163.300048828125,44.599998474121094,8295.4501953125
2015-10-26,2071.179931640625,5034.7001953125,1167.0,43.97999954223633,8260.5498046875
2015-10-27,2065.889892578125,5030.14990234375,1166.800048828125,43.20000076293945,8232.900390625
2015-10-28,2090.35009765625,5095.68994140625,1177.0999755859375,45.939998626708984,8171.2001953125
2015-10-29,2089.409912109375,5074.27001953125,1147.199951171875,46.060001373291016,8111.75
2015-10-30,2079.360107421875,5053.75,1141.5,46.59000015258789,8065.7998046875
2015-11-02,2104.050048828125,5127.14990234375,1135.800048828125,46.13999938964844,8050.7998046875
2015-11-03,2109.7900390625,5145.1298828125,1114.199951171875,47.900001525878906,8060.7001953125
2015-11-04,2102.31005859375,5142.47998046875,1106.5,46.31999969482422,8040.2001953125
2015-11-05,2099.929931640625,5127.740234375,1104.4000244140625,45.20000076293945,7955.4501953125
2015-11-06,2099.199951171875,5147.1201171875,1087.5999755859375,44.290000915527344,7954.2998046875
2015-11-09,2078.580078125,5095.2998046875,1087.9000244140625,43.869998931884766,7915.2001953125
2015-11-10,2081.719970703125,5083.240234375,1088.199951171875,44.209999084472656,7783.35009765625
2015-11-11,2075.0,5067.02001953125,1084.699951171875,42.93000030517578,
2015-11-12,2045.969970703125,5005.080078125,1080.800048828125,41.75,
2015-11-13,2023.0400390625,4927.8798828125,1080.800048828125,40.7400016784668,7762.25
2015-11-16,2053.18994140625,4984.6201171875,1083.699951171875,41.7400016784668,7806.60009765625
2015-11-17,2050.43994140625,4986.02001953125,1068.699951171875,40.66999816894531,7837.5498046875
2015-11-18,2083.580078125,5075.2001953125,1068.800048828125,40.75,7731.7998046875
2015-11-19,2081.239990234375,5073.64013671875,1078.0,40.540000915527344,7842.75
2015-11-20,2089.169921875,5104.919921875,1076.4000244140625,40.38999938964844,7856.5498046875
2015-11-23,2086.590087890625,5102.47998046875,1066.800048828125,41.75,7849.25
2015-11-24,2089.139892578125,5102.81005859375,1074.300048828125,42.869998931884766,7831.60009765625
2015-11-25,2088.8701171875,5116.14013671875,1070.5,43.040000915527344,
2015-11-26,,,,,7883.7998046875
2015-11-27,2090.110107421875,5127.52001953125,1056.199951171875,41.709999084472656,7942.7001953125
2015-11-30,2080.409912109375,5108.669921875,1065.800048828125,41.650001525878906,7935.25
2015-12-01,2102.6298828125,5156.31005859375,1063.800048828125,41.849998474121094,7954.89990234375
2015-12-02,2079.510009765625,5123.22021484375,1054.199951171875,39.939998626708984,7931.35009765625
2015-12-03,2049.6201171875,5037.52978515625,1061.699951171875,41.08000183105469,7864.14990234375
2015-12-04,2091.68994140625,5142.27001953125,1084.5,39.970001220703125,7781.89990234375
2015-12-07,2077.070068359375,5101.81005859375,1076.4000244140625,37.650001525878906,7765.39990234375
2015-12-08,2063.590087890625,5098.240234375,1076.300048828125,37.5099983215332,7701.7001953125
2015-12-09,2047.6199951171875,5022.8701171875,1077.5999755859375,37.15999984741211,7612.5
2015-12-10,2052.22998046875,5045.169921875,1073.0999755859375,36.7599983215332,7683.2998046875
2015-12-11,2012.3699951171875,4933.47021484375,1076.9000244140625,35.619998931884766,7610.4501953125
2015-12-14,2021.93994140625,4952.22998046875,1064.699951171875,36.310001373291016,7650.0498046875
2015-12-15,2043.4100341796875,4995.35986328125,1062.9000244140625,37.349998474121094,7700.89990234375
2015-12-16,2073.070068359375,5071.1298828125,1078.0,35.52000045776367,7750.89990234375
2015-12-17,2041.8900146484375,5002.5498046875,1050.800048828125,34.95000076293945,7844.35009765625
2015-12-18,2005.550048828125,4923.080078125,1066.199951171875,34.72999954223633,7761.9501953125
2015-12-21,2021.1500244140625,4968.919921875,1081.9000244140625,34.7400016784668,7834.4501953125
2015-12-22,2038.969970703125,5001.10986328125,1074.800048828125,36.13999938964844,7786.10009765625
2015-12-23,2064.2900390625,5045.93017578125,1069.4000244140625,37.5,7865.9501953125
2015-12-24,2060.989990234375,5048.490234375,1077.199951171875,38.099998474121094,7861.0498046875
2015-12-28,2056.5,5040.990234375,1070.5,36.810001373291016,7925.14990234375
2015-12-29,2078.360107421875,5107.93994140625,1077.5,37.869998931884766,7928.9501953125
2015-12-30,2063.360107421875,5065.85009765625,1060.0999755859375,36.599998474121094,7896.25
2015-12-31,2043.93994140625,5007.41015625,1060.300048828125,37.040000915527344,7946.35009765625
2016-01-04,2012.6600341796875,4903.08984375,1075.0999755859375,36.7599983215332,7791.2998046875
2016-01-05,2016.7099609375,4891.43017578125,1078.4000244140625,35.970001220703125,7784.64990234375
2016-01-06,1990.260009765625,4835.759765625,1091.9000244140625,33.970001220703125,7741.0
2016-01-07,1943.0899658203125,4689.43017578125,1107.699951171875,33.27000045776367,7568.2998046875
2016-01-08,1922.030029296875,4643.6298828125,1097.800048828125,33.15999984741211,7601.35009765625
2016-01-11,1923.6700439453125,4637.990234375,1096.5,31.40999984741211,7563.85009765625
2016-01-12,1938.6800537109375,4685.919921875,1085.5999755859375,30.440000534057617,7510.2998046875
2016-01-13,1890.280029296875,4526.06005859375,1087.5,30.479999542236328,7562.39990234375
2016-01-14,1921.8399658203125,4615.0,1073.9000244140625,31.200000762939453,7536.7998046875
2016-01-15,1880.3299560546875,4488.419921875,1091.5,29.420000076293945,7437.7998046875
2016-01-18,,,,,7351.0
2016-01-19,1881.3299560546875,4476.9501953125,1089.9000244140625,28.459999084472656,7435.10009765625
2016-01-20,1859.3299560546875,4471.68994140625,1107.0999755859375,26.549999237060547,7309.2998046875
2016-01-21,1868.989990234375,4472.06005859375,1099.0999755859375,29.530000686645508,7276.7998046875
2016-01-22,1906.9000244140625,4591.18017578125,1097.199951171875,32.189998626708984,7422.4501953125
2016-01-25,1877.0799560546875,4518.490234375,1106.199951171875,30.34000015258789,7436.14990234375
2016-01-26,1903.6300048828125,4567.669921875,1121.699951171875,31.450000762939453,
2016-01-27,1882.949951171875,4468.169921875,1116.0999755859375,32.29999923706055,7437.75
2016-01-28,1893.3599853515625,4506.68017578125,1115.5999755859375,33.220001220703125,7424.64990234375
2016-01-29,1940.239990234375,4613.9501953125,1116.4000244140625,33.619998931884766,7563.5498046875
2016-02-01,1939.3800048828125,4620.3701171875,1127.9000244140625,31.6200008392334,7555.9501953125
2016-02-02,1903.030029296875,4516.9501953125,1127.300048828125,29.8799991607666,7455.5498046875
2016-02-03,1912.530029296875,4504.240234375,1141.300048828125,32.279998779296875,7361.7998046875
2016-02-04,1915.449951171875,4509.56005859375,1157.5999755859375,31.719999313354492,7404.0
2016-02-05,1880.050048828125,4363.14013671875,1157.800048828125,30.889999389648438,7489.10009765625
2016-02-08,1853.43994140625,4283.75,1197.9000244140625,29.690000534057617,7387.25
2016-02-09,1852.2099609375,4268.759765625,1198.699951171875,27.940000534057617,7298.2001953125
2016-02-10,1851.8599853515625,4283.58984375,1194.699951171875,27.450000762939453,7215.7001953125
2016-02-11,1829.0799560546875,4266.83984375,1247.9000244140625,26.209999084472656,6976.35009765625
2016-02-12,1864.780029296875,4337.509765625,1239.0999755859375,29.440000534057617,6980.9501953125
2016-02-15,,,,,7162.9501953125
2016-02-16,1895.5799560546875,4435.9599609375,1207.9000244140625,29.040000915527344,7048.25
2016-02-17,1926.8199462890625,4534.06005859375,1211.0999755859375,30.65999984741211,7108.4501953125
2016-02-18,1917.8299560546875,4487.5400390625,1226.0999755859375,30.770000457763672,7191.75
2016-02-19,1917.780029296875,4504.43017578125,1230.4000244140625,29.639999389648438,7210.75
2016-02-22,1945.5,4570.60986328125,1209.5,31.479999542236328,7234.5498046875
2016-02-23,1921.27001953125,4503.580078125,1222.300048828125,31.8700008392334,7109.5498046875
2016-02-24,1929.800048828125,4542.60986328125,1238.699951171875,32.150001525878906,7018.7001953125
2016-02-25,1951.699951171875,4582.2001953125,1238.199951171875,33.06999969482422,6970.60009765625
2016-02-26,1948.050048828125,4590.47021484375,1219.800048828125,32.779998779296875,7029.75
2016-02-29,1932.22998046875,4557.9501953125,1233.9000244140625,33.75,6987.0498046875
2016-03-01,1978.3499755859375,4689.60009765625,1230.300048828125,34.400001525878906,7222.2998046875
2016-03-02,1986.449951171875,4703.419921875,1241.0999755859375,34.65999984741211,7368.85009765625
2016-03-03,1993.4000244140625,4707.419921875,1257.4000244140625,34.56999969482422,7475.60009765625
2016-03-04,1999.989990234375,4717.02001953125,1269.9000244140625,35.91999816894531,7485.35009765625
2016-03-07,2001.760009765625,4708.25,1263.199951171875,37.900001525878906,
2016-03-08,1979.260009765625,4648.81982421875,1262.0999755859375,36.5,7485.2998046875
2016-03-09,1989.260009765625,4674.3798828125,1256.5999755859375,38.290000915527344,7531.7998046875
2016-03-10,1989.5699462890625,4662.16015625,1272.0,37.84000015258789,7486.14990234375
2016-03-11,2022.18994140625,4748.47021484375,1258.699951171875,38.5,7510.2001953125
2016-03-14,2019.6400146484375,4750.27978515625,1244.4000244140625,37.18000030517578,7538.75
2016-03-15,2015.9300537109375,4728.669921875,1230.4000244140625,36.34000015258789,7460.60009765625
2016-03-16,2027.219970703125,4763.97021484375,1229.300048828125,38.459999084472656,7498.75
2016-03-17,2040.5899658203125,4774.990234375,1264.5,40.20000076293945,7512.5498046875
2016-03-18,2049.580078125,4795.64990234375,1253.800048828125,39.439998626708984,7604.35009765625
2016-03-21,2051.60009765625,4808.8701171875,1243.800048828125,39.90999984741211,7704.25
2016-03-22,2049.800048828125,4821.66015625,1248.199951171875,41.45000076293945,7714.89990234375
2016-03-23,2036.7099609375,4768.85986328125,1223.699951171875,39.790000915527344,7716.5
2016-03-24,2035.93994140625,4773.5,1221.4000244140625,39.459999084472656,
2016-03-28,2037.050048828125,4766.7900390625,1219.9000244140625,39.38999938964844,7615.10009765625
2016-03-29,2055.010009765625,4846.6201171875,1235.5999755859375,38.279998779296875,7597.0
2016-03-30,2063.949951171875,4869.2900390625,1226.9000244140625,38.31999969482422,7735.2001953125
2016-03-31,2059.739990234375,4869.85009765625,1234.199951171875,38.34000015258789,7738.39990234375
2016-04-01,2072.780029296875,4914.5400390625,1222.199951171875,36.790000915527344,7713.0498046875
2016-04-04,2066.1298828125,4891.7998046875,1218.0,35.70000076293945,7758.7998046875
2016-04-05,2045.1700439453125,4843.93017578125,1228.4000244140625,35.88999938964844,7603.2001953125
2016-04-06,2066.659912109375,4920.72021484375,1222.5,37.75,7614.35009765625
2016-04-07,2041.9100341796875,4848.3701171875,1236.199951171875,37.2599983215332,7546.4501953125
2016-04-08,2047.5999755859375,4850.68994140625,1242.5,39.720001220703125,7555.2001953125
2016-04-11,2041.989990234375,4833.39990234375,1256.699951171875,40.36000061035156,7671.39990234375
2016-04-12,2061.719970703125,4872.08984375,1259.4000244140625,42.16999816894531,7708.9501953125
2016-04-13,2082.419921875,4947.419921875,1246.800048828125,41.7599983215332,7850.4501953125
2016-04-14,2082.780029296875,4945.89013671875,1225.0,41.5,
2016-04-15,2080.72998046875,4938.22021484375,1233.0999755859375,40.36000061035156,
2016-04-18,2094.340087890625,4960.02001953125,1233.5999755859375,39.779998779296875,7914.7001953125
2016-04-19,2100.800048828125,4940.330078125,1253.0,41.08000183105469,
2016-04-20,2102.39990234375,4948.1298828125,1253.199951171875,42.630001068115234,7914.75
2016-04-21,2091.47998046875,4945.89013671875,1249.0,43.18000030517578,7912.0498046875
2016-04-22,2091.580078125,4906.22998046875,1228.699951171875,43.72999954223633,7899.2998046875
2016-04-25,2087.7900390625,4895.7900390625,1238.9000244140625,42.63999938964844,7855.0498046875
2016-04-26,2091.699951171875,4888.27978515625,1242.199951171875,44.040000915527344,7962.64990234375
2016-04-27,2095.14990234375,4863.14013671875,1249.199951171875,45.33000183105469,7979.89990234375
2016-04-28,2075.81005859375,4805.2900390625,1265.5,46.029998779296875,7847.25
2016-04-29,2065.300048828125,4775.35986328125,1289.199951171875,45.91999816894531,7849.7998046875
2016-05-02,2081.429931640625,4817.58984375,1294.699951171875,44.779998779296875,7805.89990234375
2016-05-03,2063.3701171875,4763.22021484375,1290.699951171875,43.650001525878906,7747.0
2016-05-04,2051.1201171875,4725.64013671875,1273.300048828125,43.779998779296875,7706.5498046875
2016-05-05,2050.6298828125,4717.08984375,1271.4000244140625,44.31999969482422,7735.5
2016-05-06,2057.139892578125,4736.16015625,1292.9000244140625,44.65999984741211,7733.4501953125
2016-05-09,2058.68994140625,4750.2099609375,1265.5999755859375,43.439998626708984,7866.0498046875
2016-05-10,2084.389892578125,4809.8798828125,1263.9000244140625,44.65999984741211,7887.7998046875
2016-05-11,2064.4599609375,4760.68994140625,1274.5999755859375,46.22999954223633,7848.85009765625
2016-05-12,2064.110107421875,4737.330078125,1270.300048828125,46.70000076293945,7900.39990234375
2016-05-13,2046.6099853515625,4717.68017578125,1271.9000244140625,46.209999084472656,7814.89990234375
2016-05-16,2066.659912109375,4775.4599609375,1273.4000244140625,47.720001220703125,7860.75
2016-05-17,2047.2099609375,4715.72998046875,1276.199951171875,48.310001373291016,7890.75
2016-05-18,2047.6300048828125,4739.1201171875,1273.699951171875,48.189998626708984,7870.14990234375
2016-05-19,2040.0400390625,4712.52978515625,1254.199951171875,48.15999984741211,7783.39990234375
2016-05-20,2052.320068359375,4769.56005859375,1252.4000244140625,47.75,7749.7001953125
2016-05-23,2048.0400390625,4765.77978515625,1251.0999755859375,48.08000183105469,7731.0498046875
2016-05-24,2076.06005859375,4861.06005859375,1228.9000244140625,48.619998931884766,7748.85009765625
2016-05-25,2090.5400390625,4894.89013671875,1223.5,49.560001373291016,7934.89990234375
2016-05-26,2090.10009765625,4901.77001953125,1220.0999755859375,49.47999954223633,8069.64990234375
2016-05-27,2099.06005859375,4933.5,1213.800048828125,49.33000183105469,8156.64990234375
2016-05-30,,,,,8178.5
2016-05-31,2096.949951171875,4948.0498046875,1214.800048828125,49.099998474121094,8160.10009765625
2016-06-01,2099.330078125,4952.25,1211.9000244140625,49.0099983215332,8179.9501953125
2016-06-02,2105.260009765625,4971.35986328125,1209.800048828125,49.16999816894531,8218.9501953125
2016-06-03,2099.1298828125,4942.52001953125,1240.0999755859375,48.619998931884766,8220.7998046875
2016-06-06,2109.409912109375,4968.7099609375,1244.5999755859375,49.689998626708984,8201.0498046875
2016-06-07,2112.1298828125,4961.75,1244.4000244140625,50.36000061035156,8266.4501953125
2016-06-08,2119.1201171875,4974.64013671875,1259.800048828125,51.22999954223633,8273.0498046875
2016-06-09,2115.47998046875,4958.6201171875,1270.199951171875,50.560001373291016,8203.599609375
2016-06-10,2096.070068359375,4894.5498046875,1273.4000244140625,49.06999969482422,8170.0498046875
2016-06-13,2079.06005859375,4848.43994140625,1284.4000244140625,48.880001068115234,8110.60009765625
2016-06-14,2075.320068359375,4843.5498046875,1285.5999755859375,48.4900016784668,8108.85009765625
2016-06-15,2071.5,4834.93017578125,1285.800048828125,48.0099983215332,8206.599609375
2016-06-16,2077.989990234375,4844.919921875,1296.0999755859375,46.209999084472656,8140.75
2016-06-17,2071.219970703125,4800.33984375,1292.5,47.97999954223633,8170.2001953125
2016-06-20,2083.25,4837.2099609375,1290.0,49.369998931884766,8238.5
2016-06-21,2088.89990234375,4843.759765625,1270.5,48.849998474121094,8219.900390625
2016-06-22,2085.449951171875,4833.31982421875,1268.0,49.130001068115234,8203.7001953125
2016-06-23,2113.320068359375,4910.0400390625,1261.199951171875,50.11000061035156,8270.4501953125
2016-06-24,2037.4100341796875,4707.97998046875,1320.0,47.63999938964844,8088.60009765625
2016-06-27,2000.5400390625,4594.43994140625,1322.5,46.33000183105469,8094.7001953125
2016-06-28,2036.0899658203125,4691.8701171875,1315.300048828125,47.849998474121094,8127.85009765625
2016-06-29,2070.77001953125,4779.25,1323.9000244140625,49.880001068115234,8204.0
2016-06-30,2098.860107421875,4842.669921875,1318.4000244140625,48.33000183105469,8287.75
2016-07-01,2102.949951171875,4862.56982421875,1336.699951171875,48.9900016784668,8328.349609375
2016-07-04,,,,,8370.7001953125
2016-07-05,2088.550048828125,4822.89990234375,1356.4000244140625,46.599998474121094,8335.9501953125
2016-07-06,2099.72998046875,4859.16015625,1364.9000244140625,47.43000030517578,
2016-07-07,2097.89990234375,4876.81005859375,1360.0999755859375,45.13999938964844,8337.900390625
2016-07-08,2129.89990234375,4956.759765625,1356.5999755859375,45.40999984741211,8323.2001953125
2016-07-11,2137.159912109375,4988.64013671875,1355.0,44.7599983215332,8467.900390625
2016-07-12,2152.139892578125,5022.81982421875,1334.0999755859375,46.79999923706055,8521.0498046875
2016-07-13,2152.429931640625,5005.72998046875,1342.4000244140625,44.75,8519.5
2016-07-14,2163.75,5034.06005859375,1331.300048828125,45.68000030517578,8565.0
2016-07-15,2161.739990234375,5029.58984375,1326.5,45.95000076293945,8541.400390625
2016-07-18,2166.889892578125,5055.77978515625,1328.4000244140625,45.2400016784668,8508.7001953125
2016-07-19,2163.780029296875,5036.3701171875,1331.5,44.650001525878906,8528.5498046875
2016-07-20,2173.02001953125,5089.93017578125,1318.800048828125,44.939998626708984,8565.849609375
2016-07-21,2165.169921875,5073.89990234375,1330.5,44.75,8510.099609375
2016-07-22,2175.030029296875,5100.16015625,1323.0999755859375,44.189998626708984,8541.2001953125
2016-07-25,2168.47998046875,5097.6298828125,1319.300048828125,43.130001068115234,8635.650390625
2016-07-26,2169.179931640625,5110.0498046875,1320.699951171875,42.91999816894531,8590.650390625
2016-07-27,2166.580078125,5139.81005859375,1326.5999755859375,41.91999816894531,8615.7998046875
2016-07-28,2170.06005859375,5154.97998046875,1332.300048828125,41.13999938964844,8666.2998046875
2016-07-29,2173.60009765625,5162.1298828125,1349.0,41.599998474121094,8638.5
2016-08-01,2170.840087890625,5184.2001953125,1351.4000244140625,40.060001373291016,8636.5498046875
2016-08-02,2157.030029296875,5137.72998046875,1364.4000244140625,39.5099983215332,8622.900390625
2016-08-03,2163.7900390625,5159.740234375,1356.0999755859375,40.83000183105469,8544.849609375
2016-08-04,2164.25,5166.25,1358.800048828125,41.93000030517578,8551.099609375
2016-08-05,2182.8701171875,5221.1201171875,1336.4000244140625,41.79999923706055,8683.150390625
2016-08-08,2180.889892578125,5213.14013671875,1333.4000244140625,43.02000045776367,8711.349609375
2016-08-09,2181.739990234375,5225.47998046875,1339.0,42.77000045776367,8678.25
2016-08-10,2175.489990234375,5204.580078125,1344.300048828125,41.709999084472656,8575.2998046875
2016-08-11,2185.7900390625,5228.39990234375,1342.5,43.4900016784668,8592.150390625
2016-08-12,2184.050048828125,5232.89013671875,1335.800048828125,44.4900016784668,
2016-08-15,2190.14990234375,5262.02001953125,1340.300048828125,45.7400016784668,
2016-08-16,2178.14990234375,5227.10986328125,1350.5,46.58000183105469,8642.5498046875
2016-08-17,2182.219970703125,5228.66015625,1342.699951171875,46.790000915527344,8624.0498046875
2016-08-18,2187.02001953125,5240.14990234375,1351.199951171875,48.220001220703125,8673.25
2016-08-19,2183.8701171875,5238.3798828125,1340.4000244140625,48.52000045776367,8666.900390625
2016-08-22,2182.639892578125,5244.60009765625,1337.699951171875,47.04999923706055,8629.150390625
2016-08-23,2186.89990234375,5260.080078125,1340.5999755859375,48.099998474121094,8632.599609375
2016-08-24,2175.43994140625,5217.68994140625,1324.4000244140625,46.77000045776367,8650.2998046875
2016-08-25,2172.469970703125,5212.2001953125,1320.0999755859375,47.33000183105469,8592.2001953125
2016-08-26,2169.0400390625,5218.919921875,1321.5,47.63999938964844,8572.5498046875
2016-08-29,2180.3798828125,5232.330078125,1322.9000244140625,46.97999954223633,8607.4501953125
2016-08-30,2176.1201171875,5222.990234375,1311.699951171875,46.349998474121094,8744.349609375
2016-08-31,2170.949951171875,5213.22021484375,1306.9000244140625,44.70000076293945,8786.2001953125
2016-09-01,2170.860107421875,5227.2099609375,1312.199951171875,43.15999984741211,8774.650390625
2016-09-02,2179.97998046875,5249.89990234375,1322.0999755859375,44.439998626708984,8809.650390625
2016-09-06,2186.47998046875,5275.91015625,1349.4000244140625,44.83000183105469,8943.0
2016-09-07,2186.159912109375,5283.93017578125,1344.300048828125,45.5,8917.9501953125
2016-09-08,2181.300048828125,5259.47998046875,1336.800048828125,47.619998931884766,8952.5
2016-09-09,2127.81005859375,5125.91015625,1330.0999755859375,45.880001068115234,8866.7001953125
2016-09-12,2159.0400390625,5211.89013671875,1321.0,46.290000915527344,8715.599609375
2016-09-13,2127.02001953125,5155.25,1319.0,44.900001525878906,
2016-09-14,2125.77001953125,5173.77001953125,1321.5,43.58000183105469,8726.599609375
2016-09-15,2147.260009765625,5249.68994140625,1313.5,43.90999984741211,8742.5498046875
2016-09-16,2139.159912109375,5244.56982421875,1305.800048828125,43.029998779296875,8779.849609375
2016-09-19,2139.1201171875,5235.02978515625,1313.5,43.29999923706055,8808.400390625
2016-09-20,2139.760009765625,5241.35009765625,1313.699951171875,43.439998626708984,8775.900390625
2016-09-21,2163.1201171875,5295.18017578125,1326.9000244140625,45.34000015258789,8777.150390625
2016-09-22,2177.179931640625,5339.52001953125,1340.4000244140625,46.31999969482422,8867.4501953125
2016-09-23,2164.68994140625,5305.75,1337.199951171875,44.47999954223633,8831.5498046875
2016-09-26,2146.10009765625,5257.490234375,1339.699951171875,45.93000030517578,8723.0498046875
2016-09-27,2159.929931640625,5305.7099609375,1325.9000244140625,44.66999816894531,8706.400390625
2016-09-28,2171.3701171875,5318.5498046875,1319.4000244140625,47.04999923706055,8745.150390625
2016-09-29,2151.1298828125,5269.14990234375,1321.699951171875,47.83000183105469,8591.25
2016-09-30,2168.27001953125,5312.0,1313.300048828125,48.2400016784668,8611.150390625
2016-10-03,2161.199951171875,5300.8701171875,1309.0,48.810001373291016,8738.099609375
2016-10-04,2150.489990234375,5289.66015625,1266.300048828125,48.689998626708984,8769.150390625
2016-10-05,2159.72998046875,5316.02001953125,1265.199951171875,49.83000183105469,8743.9501953125
2016-10-06,2160.77001953125,5306.85009765625,1249.800048828125,50.439998626708984,8709.5498046875
2016-10-07,2153.739990234375,5292.39990234375,1248.9000244140625,49.810001373291016,8697.599609375
2016-10-10,2163.659912109375,5328.669921875,,,8708.7998046875
2016-10-11,2136.72998046875,5246.7900390625,1253.0,50.790000915527344,
2016-10-12,2139.179931640625,5239.02001953125,1251.0999755859375,50.18000030517578,
2016-10-13,2132.550048828125,5213.330078125,1255.0,50.439998626708984,8573.349609375
2016-10-14,2132.97998046875,5214.16015625,1253.0999755859375,50.349998474121094,8583.400390625
2016-10-17,2126.5,5199.81982421875,1254.4000244140625,49.939998626708984,8520.400390625
2016-10-18,2139.60009765625,5243.83984375,1260.800048828125,50.290000915527344,8677.900390625
2016-10-19,2144.2900390625,5246.41015625,1267.9000244140625,51.599998474121094,8659.099609375
2016-10-20,2141.340087890625,5241.830078125,1265.5999755859375,50.43000030517578,8699.400390625
2016-10-21,2141.159912109375,5257.39990234375,1265.9000244140625,50.849998474121094,8693.0498046875
2016-10-24,2151.330078125,5309.830078125,1262.0,50.52000045776367,8708.9501953125
2016-10-25,2143.159912109375,5283.39990234375,1271.9000244140625,49.959999084472656,8691.2998046875
2016-10-26,2139.429931640625,5250.27001953125,1264.800048828125,49.18000030517578,8615.25
2016-10-27,2133.0400390625,5215.97021484375,1267.9000244140625,49.720001220703125,8615.25
2016-10-28,2126.409912109375,5190.10009765625,1275.5,48.70000076293945,8638.0
2016-10-31,2126.14990234375,5189.14013671875,1271.5,46.86000061035156,
2016-11-01,2111.719970703125,5153.580078125,1286.4000244140625,46.66999816894531,8626.25
2016-11-02,2097.93994140625,5105.56982421875,1306.800048828125,45.34000015258789,8514.0
2016-11-03,2088.659912109375,5058.41015625,1302.0999755859375,44.65999984741211,8484.9501953125
2016-11-04,2085.179931640625,5046.3701171875,1303.300048828125,44.06999969482422,8433.75
2016-11-07,2131.52001953125,5166.169921875,1278.300048828125,44.88999938964844,8497.0498046875
2016-11-08,2139.56005859375,5193.490234375,1273.4000244140625,44.97999954223633,8543.5498046875
2016-11-09,2163.260009765625,5251.06982421875,1272.5999755859375,45.27000045776367,8432.0
2016-11-10,2167.47998046875,5208.7998046875,1265.5,44.65999984741211,8525.75
2016-11-11,2164.449951171875,5237.10986328125,,,8296.2998046875
2016-11-14,2164.199951171875,5218.39990234375,1221.199951171875,43.31999969482422,
2016-11-15,2180.389892578125,5275.6201171875,1224.0,45.810001373291016,8108.4501953125
2016-11-16,2176.93994140625,5294.580078125,1223.4000244140625,45.56999969482422,8111.60009765625
2016-11-17,2187.1201171875,5333.97021484375,1216.5,45.41999816894531,8079.9501953125
2016-11-18,2181.89990234375,5321.509765625,1208.5,45.689998626708984,8074.10009765625
2016-11-21,2198.179931640625,5368.85986328125,1209.5999755859375,47.4900016784668,7929.10009765625
2016-11-22,2202.93994140625,5386.35009765625,1211.0,48.029998779296875,8002.2998046875
2016-11-23,2204.719970703125,5380.68017578125,1189.0999755859375,47.959999084472656,8033.2998046875
2016-11-24,,,,,7965.5
2016-11-25,2213.35009765625,5398.919921875,1178.199951171875,46.060001373291016,8114.2998046875
2016-11-28,2201.719970703125,5368.81005859375,1190.5999755859375,47.08000183105469,8126.89990234375
2016-11-29,2204.659912109375,5379.919921875,1187.9000244140625,45.22999954223633,8142.14990234375
2016-11-30,2198.81005859375,5323.68017578125,1170.800048828125,49.439998626708984,8224.5
2016-12-01,2191.080078125,5251.10986328125,1166.9000244140625,51.060001373291016,8192.900390625
2016-12-02,2191.949951171875,5255.64990234375,1175.0999755859375,51.68000030517578,8086.7998046875
2016-12-05,2204.7099609375,5308.89013671875,1174.0,51.790000915527344,8128.75
2016-12-06,2212.22998046875,5333.0,1167.5999755859375,50.93000030517578,8143.14990234375
2016-12-07,2241.35009765625,5393.759765625,1175.0,49.77000045776367,8102.0498046875
2016-12-08,2246.18994140625,5417.35986328125,1169.800048828125,50.84000015258789,8246.849609375
2016-12-09,2259.530029296875,5444.5,1159.4000244140625,51.5,8261.75
2016-12-12,2256.9599609375,5412.5400390625,1163.5,52.83000183105469,8170.7998046875
2016-12-13,2271.719970703125,5463.830078125,1156.699951171875,52.97999954223633,8221.7998046875
2016-12-14,2253.280029296875,5436.669921875,1161.300048828125,51.040000915527344,8182.4501953125
2016-12-15,2262.030029296875,5456.85009765625,1127.800048828125,50.900001525878906,8153.60009765625
2016-12-16,2258.070068359375,5437.16015625,1135.300048828125,51.900001525878906,8139.4501953125
2016-12-19,2262.530029296875,5457.43994140625,1140.5,52.119998931884766,8104.35009765625
2016-12-20,2270.760009765625,5483.93994140625,1131.5,52.22999954223633,8082.39990234375
2016-12-21,2265.179931640625,5471.43017578125,1131.0999755859375,52.4900016784668,8061.2998046875
2016-12-22,2260.9599609375,5447.419921875,1128.800048828125,52.95000076293945,7979.10009765625
2016-12-23,2263.7900390625,5462.68994140625,1131.9000244140625,53.02000045776367,7985.75
2016-12-26,,,,,7908.25
2016-12-27,2268.8798828125,5487.43994140625,1137.300048828125,53.900001525878906,8032.85009765625
2016-12-28,2249.919921875,5438.56005859375,1139.4000244140625,54.060001373291016,8034.85009765625
2016-12-29,2249.260009765625,5432.08984375,1156.4000244140625,53.77000045776367,8103.60009765625
2016-12-30,2238.830078125,5383.1201171875,1150.0,53.720001220703125,8185.7998046875
2017-01-02,,,,,8179.5
2017-01-03,2257.830078125,5429.080078125,1160.4000244140625,52.33000183105469,8192.25
2017-01-04,2270.75,5477.0,1163.800048828125,53.2599983215332,8190.5
2017-01-05,2269.0,5487.93994140625,1179.699951171875,53.7599983215332,8273.7998046875
2017-01-06,2276.97998046875,5521.06005859375,1171.9000244140625,53.9900016784668,8243.7998046875
2017-01-09,2268.89990234375,5531.81982421875,1183.5,51.959999084472656,8236.0498046875
2017-01-10,2268.89990234375,5551.81982421875,1184.199951171875,50.81999969482422,8288.599609375
2017-01-11,2275.320068359375,5563.64990234375,1195.5999755859375,52.25,8380.650390625
2017-01-12,2270.43994140625,5547.490234375,1198.9000244140625,53.0099983215332,8407.2001953125
2017-01-13,2274.639892578125,5574.1201171875,1195.300048828125,52.369998931884766,8400.349609375
2017-01-16,,,,,8412.7998046875
2017-01-17,2267.889892578125,5538.72998046875,1212.0,52.47999954223633,8398.0
2017-01-18,2271.889892578125,5555.64990234375,1211.300048828125,51.08000183105469,8417.0
2017-01-19,2263.68994140625,5540.080078125,1200.9000244140625,51.369998931884766,8435.099609375
2017-01-20,2271.31005859375,5555.330078125,1204.300048828125,52.41999816894531,8349.349609375
2017-01-23,2265.199951171875,5552.93994140625,1215.0,52.75,8391.5
2017-01-24,2280.070068359375,5600.9599609375,1210.300048828125,53.18000030517578,8475.7998046875
2017-01-25,2298.3701171875,5656.33984375,1197.300048828125,52.75,8602.75
2017-01-26,2296.679931640625,5655.18017578125,1189.5,53.779998779296875,
2017-01-27,2294.68994140625,5660.77978515625,1188.0999755859375,53.16999816894531,8641.25
2017-01-30,2280.89990234375,5613.7099609375,1193.199951171875,52.630001068115234,8632.75
2017-01-31,2278.8701171875,5614.7900390625,1208.5999755859375,52.810001373291016,8561.2998046875
2017-02-01,2279.550048828125,5642.64990234375,1205.5999755859375,53.880001068115234,8716.400390625
2017-02-02,2280.85009765625,5636.2001953125,1216.699951171875,53.540000915527344,8734.25
2017-02-03,2297.419921875,5666.77001953125,1218.5,53.83000183105469,8740.9501953125
2017-02-06,2292.56005859375,5663.5498046875,1230.0,53.0099983215332,8801.0498046875
2017-02-07,2293.080078125,5674.22021484375,1234.199951171875,52.16999816894531,8768.2998046875
2017-02-08,2294.669921875,5682.4501953125,1237.5999755859375,52.34000015258789,8769.0498046875
2017-02-09,2307.8701171875,5715.18017578125,1235.0999755859375,53.0,8778.400390625
2017-02-10,2316.10009765625,5734.1298828125,1234.4000244140625,53.86000061035156,8793.5498046875
2017-02-13,2328.25,5763.9599609375,1224.4000244140625,52.93000030517578,8805.0498046875
2017-02-14,2337.580078125,5782.56982421875,1223.9000244140625,53.20000076293945,8792.2998046875
2017-02-15,2349.25,5819.43994140625,1231.699951171875,53.11000061035156,8724.7001953125
2017-02-16,2347.219970703125,5814.89990234375,1240.0,53.36000061035156,8778.0
2017-02-17,2351.159912109375,5838.580078125,1237.5999755859375,53.400001525878906,8821.7001953125
2017-02-20,,,,,8879.2001953125
2017-02-21,2365.3798828125,5865.9501953125,1237.5,54.060001373291016,8907.849609375
2017-02-22,2362.820068359375,5860.6298828125,1232.0,53.59000015258789,8926.900390625
2017-02-23,2363.81005859375,5835.509765625,1250.199951171875,54.45000076293945,8939.5
2017-02-24,2367.340087890625,5845.31005859375,1256.9000244140625,53.9900016784668,
2017-02-27,2369.75,5861.89990234375,1257.4000244140625,54.04999923706055,8896.7001953125
2017-02-28,2363.639892578125,5825.43994140625,1252.5999755859375,54.0099983215332,8879.599609375
2017-03-01,2395.9599609375,5904.02978515625,1248.9000244140625,53.83000183105469,8945.7998046875
2017-03-02,2381.919921875,5861.22021484375,1231.9000244140625,52.61000061035156,8899.75
2017-03-03,2383.1201171875,5870.75,1225.5,53.33000183105469,8897.5498046875
2017-03-06,2375.31005859375,5849.18017578125,1224.5,53.20000076293945,8963.4501953125
2017-03-07,2368.389892578125,5833.93017578125,1215.0999755859375,53.13999938964844,8946.900390625
2017-03-08,2362.97998046875,5837.5498046875,1208.5,50.279998779296875,8924.2998046875
2017-03-09,2364.8701171875,5838.81005859375,1202.4000244140625,49.279998779296875,8927.0
2017-03-10,2372.60009765625,5861.72998046875,1200.699951171875,48.4900016784668,8934.5498046875
2017-03-13,2373.469970703125,5875.77978515625,1202.4000244140625,48.400001525878906,
2017-03-14,2365.449951171875,5856.81982421875,1201.9000244140625,47.720001220703125,9087.0
2017-03-15,2385.260009765625,5900.0498046875,1200.0999755859375,48.86000061035156,9084.7998046875
2017-03-16,2381.3798828125,5900.759765625,1226.5,48.75,9153.7001953125
2017-03-17,2378.25,5901.0,1229.800048828125,48.779998779296875,9160.0498046875
2017-03-20,2373.469970703125,5901.52978515625,1233.5999755859375,48.220001220703125,9126.849609375
2017-03-21,2344.02001953125,5793.830078125,1246.0999755859375,47.34000015258789,9121.5
2017-03-22,2348.449951171875,5821.64013671875,1249.300048828125,48.040000915527344,9030.4501953125
2017-03-23,2345.9599609375,5817.68994140625,1246.9000244140625,47.70000076293945,9086.2998046875
2017-03-24,2343.97998046875,5828.740234375,1248.199951171875,47.970001220703125,9108.0
2017-03-27,2341.590087890625,5840.3701171875,1255.4000244140625,47.72999954223633,9045.2001953125
2017-03-28,2358.570068359375,5875.14013671875,1255.300048828125,48.369998931884766,9100.7998046875
2017-03-29,2361.1298828125,5897.5498046875,1253.4000244140625,49.5099983215332,9143.7998046875
2017-03-30,2368.06005859375,5914.33984375,1245.0,50.349998474121094,9173.75
2017-03-31,2362.719970703125,5911.740234375,1247.300048828125,50.599998474121094,9173.75
2017-04-03,2358.840087890625,5894.68017578125,1250.800048828125,50.2400016784668,9237.849609375
2017-04-04,2360.159912109375,5898.60986328125,1255.0,51.029998779296875,
2017-04-05,2352.949951171875,5864.47998046875,1245.4000244140625,51.150001525878906,9265.150390625
2017-04-06,2357.489990234375,5878.9501953125,1250.300048828125,51.70000076293945,9261.9501953125
2017-04-07,2355.5400390625,5877.81005859375,1254.300048828125,52.2400016784668,9198.2998046875
2017-04-10,2357.159912109375,5880.93017578125,1251.0999755859375,53.08000183105469,9181.4501953125
2017-04-11,2353.780029296875,5866.77001953125,1271.199951171875,53.400001525878906,9237.0
2017-04-12,2344.929931640625,5836.16015625,1275.300048828125,53.11000061035156,9203.4501953125
2017-04-13,2328.949951171875,5805.14990234375,1285.9000244140625,53.18000030517578,9150.7998046875
2017-04-17,2349.010009765625,5856.7900390625,1289.4000244140625,52.650001525878906,9139.2998046875
2017-04-18,2342.18994140625,5849.47021484375,1291.699951171875,52.40999984741211,9105.150390625
2017-04-19,2338.169921875,5863.02978515625,1281.4000244140625,50.439998626708984,9103.5
2017-04-20,2355.840087890625,5916.77978515625,1281.9000244140625,50.27000045776367,9136.400390625
2017-04-21,2348.68994140625,5910.52001953125,1287.4000244140625,49.619998931884766,9119.400390625
2017-04-24,2374.14990234375,5983.81982421875,1275.800048828125,49.22999954223633,9217.9501953125
2017-04-25,2388.610107421875,6025.490234375,1265.5999755859375,49.560001373291016,9306.599609375
2017-04-26,2387.449951171875,6025.22998046875,1262.0999755859375,49.619998931884766,9351.849609375
2017-04-27,2388.77001953125,6048.93994140625,1263.699951171875,48.970001220703125,9342.150390625
2017-04-28,2384.199951171875,6047.60986328125,1266.0999755859375,49.33000183105469,9304.0498046875
2017-05-01,2388.330078125,6091.60009765625,1253.300048828125,48.84000015258789,
2017-05-02,2391.169921875,6095.3701171875,1255.0999755859375,47.65999984741211,9313.7998046875
2017-05-03,2388.1298828125,6072.5498046875,1246.4000244140625,47.81999969482422,9311.9501953125
2017-05-04,2389.52001953125,6075.33984375,1226.5,45.52000045776367,9359.900390625
2017-05-05,2399.2900390625,6100.759765625,1224.800048828125,46.220001220703125,9285.2998046875
2017-05-08,2399.3798828125,6102.66015625,1225.300048828125,46.43000030517578,9314.0498046875
2017-05-09,2396.919921875,6120.58984375,1214.300048828125,45.880001068115234,9316.849609375
2017-05-10,2399.6298828125,6129.14013671875,1217.300048828125,47.33000183105469,9407.2998046875
2017-05-11,2394.43994140625,6115.9599609375,1222.699951171875,47.83000183105469,9422.400390625
2017-05-12,2390.89990234375,6121.22998046875,1226.199951171875,47.84000015258789,9400.900390625
2017-05-15,2402.320068359375,6149.669921875,1228.5999755859375,48.849998474121094,9445.400390625
2017-05-16,2400.669921875,6169.8701171875,1235.0,48.65999984741211,9512.25
2017-05-17,2357.030029296875,6011.240234375,1257.5,49.06999969482422,9525.75
2017-05-18,2365.719970703125,6055.1298828125,1251.699951171875,49.349998474121094,9429.4501953125
2017-05-19,2381.72998046875,6083.7001953125,1252.699951171875,50.33000183105469,9427.900390625
2017-05-22,2394.02001953125,6133.6201171875,1260.699951171875,50.72999954223633,9438.25
2017-05-23,2398.419921875,6138.7099609375,1254.800048828125,51.470001220703125,9386.150390625
2017-05-24,2404.389892578125,6163.02001953125,1252.4000244140625,51.36000061035156,9360.5498046875
2017-05-25,2415.070068359375,6205.259765625,1255.800048828125,48.900001525878906,9509.75
2017-05-26,2415.820068359375,6210.18994140625,1267.5999755859375,49.79999923706055,9595.099609375
2017-05-29,,,,,9604.900390625
2017-05-30,2412.909912109375,6203.18994140625,1262.0999755859375,49.65999984741211,9624.5498046875
2017-05-31,2411.800048828125,6198.52001953125,1272.0,48.31999969482422,9621.25
2017-06-01,2430.06005859375,6246.830078125,1267.0,48.36000061035156,9616.099609375
2017-06-02,2439.070068359375,6305.7998046875,1276.800048828125,47.65999984741211,9653.5
2017-06-05,2436.10009765625,6295.68017578125,1279.300048828125,47.400001525878906,9675.099609375
2017-06-06,2429.330078125,6275.06005859375,1294.4000244140625,48.189998626708984,9637.150390625
2017-06-07,2433.139892578125,6297.3798828125,1290.0999755859375,45.720001220703125,9663.900390625
2017-06-08,2433.7900390625,6321.759765625,1276.300048828125,45.63999938964844,9647.25
2017-06-09,2431.77001953125,6207.919921875,1268.5,45.83000183105469,9668.25
2017-06-12,2429.389892578125,6175.4599609375,1266.0999755859375,46.08000183105469,9616.400390625
2017-06-13,2440.35009765625,6220.3701171875,1265.800048828125,46.459999084472656,9606.900390625
2017-06-14,2437.919921875,6194.89013671875,1272.800048828125,44.72999954223633,9618.150390625
2017-06-15,2432.4599609375,6165.5,1252.199951171875,44.459999084472656,9578.0498046875
2017-06-16,2433.14990234375,6151.759765625,1254.0,44.7400016784668,9588.0498046875
2017-06-19,2453.4599609375,6239.009765625,1244.199951171875,44.20000076293945,9657.5498046875
2017-06-20,2437.030029296875,6188.02978515625,1241.0,43.22999954223633,9653.5
2017-06-21,2435.610107421875,6233.9501953125,1243.4000244140625,42.529998779296875,9633.599609375
2017-06-22,2434.5,6236.68994140625,1247.5999755859375,42.7400016784668,9630.0
2017-06-23,2438.300048828125,6265.25,1256.199951171875,43.0099983215332,9574.9501953125
2017-06-26,2439.070068359375,6247.14990234375,1246.300048828125,43.380001068115234,
2017-06-27,2419.3798828125,6146.6201171875,1246.4000244140625,44.2400016784668,9511.400390625
2017-06-28,2440.68994140625,6234.41015625,1248.0,44.7400016784668,9491.25
2017-06-29,2419.699951171875,6144.35009765625,1244.199951171875,44.93000030517578,9504.099609375
2017-06-30,2423.409912109375,6140.419921875,1240.699951171875,46.040000915527344,9520.900390625
2017-07-03,2429.010009765625,6110.06005859375,1217.9000244140625,47.06999969482422,9615.0
2017-07-04,,,,,9613.2998046875
2017-07-05,2432.5400390625,6150.85986328125,1220.4000244140625,45.130001068115234,9637.599609375
2017-07-06,2409.75,6089.4599609375,1222.199951171875,45.52000045776367,9674.5498046875
2017-07-07,2425.179931640625,6153.080078125,1208.5999755859375,44.22999954223633,9665.7998046875
2017-07-10,2427.429931640625,6176.39013671875,1212.0999755859375,44.400001525878906,9771.0498046875
2017-07-11,2425.530029296875,6193.2998046875,1213.5999755859375,45.040000915527344,9786.0498046875
2017-07-12,2443.25,6261.169921875,1218.0999755859375,45.4900016784668,9816.099609375
2017-07-13,2447.830078125,6274.43994140625,1216.300048828125,46.08000183105469,9891.7001953125
2017-07-14,2459.27001953125,6312.47021484375,1226.5999755859375,46.540000915527344,9886.349609375
2017-07-17,2459.139892578125,6314.43017578125,1232.800048828125,46.02000045776367,9915.9501953125
2017-07-18,2460.610107421875,6344.31005859375,1241.0999755859375,46.400001525878906,9827.150390625
2017-07-19,2473.830078125,6385.0400390625,1241.199951171875,47.119998931884766,9899.599609375
2017-07-20,2473.449951171875,6390.0,1244.800048828125,46.790000915527344,9873.2998046875
2017-07-21,2472.5400390625,6387.75,1254.300048828125,45.77000045776367,9915.25
2017-07-24,2469.909912109375,6410.81005859375,1253.9000244140625,46.34000015258789,9966.400390625
2017-07-25,2477.1298828125,6412.169921875,1251.699951171875,47.88999938964844,9964.5498046875
2017-07-26,2477.830078125,6422.75,1249.0,48.75,10020.650390625
2017-07-27,2475.419921875,6382.18994140625,1259.5999755859375,49.040000915527344,10020.5498046875
2017-07-28,2472.10009765625,6374.68017578125,1268.4000244140625,49.709999084472656,10014.5
2017-07-31,2470.300048828125,6348.1201171875,1266.5999755859375,50.16999816894531,10077.099609375
2017-08-01,2476.35009765625,6362.93994140625,1272.5999755859375,49.15999984741211,10114.650390625
2017-08-02,2477.570068359375,6362.64990234375,1271.800048828125,49.59000015258789,10081.5
2017-08-03,2472.159912109375,6340.33984375,1267.800048828125,49.029998779296875,10013.650390625
2017-08-04,2476.830078125,6351.56005859375,1258.300048828125,49.58000183105469,10066.400390625
2017-08-07,2480.909912109375,6383.77001953125,1258.199951171875,49.38999938964844,10057.400390625
2017-08-08,2474.919921875,6370.4599609375,1256.4000244140625,49.16999816894531,9978.5498046875
2017-08-09,2474.02001953125,6352.330078125,1273.0,49.560001373291016,9908.0498046875
2017-08-10,2438.2099609375,6216.8701171875,1283.699951171875,48.59000015258789,9820.25
2017-08-11,2441.320068359375,6256.56005859375,1287.699951171875,48.81999969482422,9710.7998046875
2017-08-14,2465.840087890625,6340.22998046875,1284.199951171875,47.59000015258789,9794.150390625
2017-08-15,2464.610107421875,6333.009765625,1273.699951171875,47.54999923706055,
2017-08-16,2468.110107421875,6345.10986328125,1276.9000244140625,46.779998779296875,9897.2998046875
2017-08-17,2430.010009765625,6221.91015625,1286.4000244140625,47.09000015258789,9904.150390625
2017-08-18,2425.550048828125,6216.52978515625,1285.699951171875,48.5099983215332,9837.400390625
2017-08-21,2428.3701171875,6213.1298828125,1290.800048828125,47.369998931884766,9754.349609375
2017-08-22,2452.510009765625,6297.47998046875,1285.0999755859375,47.63999938964844,9765.5498046875
2017-08-23,2444.0400390625,6278.41015625,1288.9000244140625,48.40999984741211,9852.5
2017-08-24,2438.969970703125,6271.330078125,1286.5,47.43000030517578,9857.0498046875
2017-08-25,2443.050048828125,6265.64013671875,1292.5,47.869998931884766,
2017-08-28,2444.239990234375,6283.02001953125,1309.699951171875,46.56999969482422,9912.7998046875
2017-08-29,2446.300048828125,6301.89013671875,1313.0999755859375,46.439998626708984,9796.0498046875
2017-08-30,2457.590087890625,6368.31005859375,1308.0999755859375,45.959999084472656,9884.400390625
2017-08-31,2471.64990234375,6428.66015625,1316.199951171875,47.22999954223633,9917.900390625
2017-09-01,2476.550048828125,6435.330078125,1324.5,47.290000915527344,9974.400390625
2017-09-04,,,,,9912.849609375
2017-09-05,2457.85009765625,6375.56982421875,1339.199951171875,48.65999984741211,9952.2001953125
2017-09-06,2465.5400390625,6393.31005859375,1333.9000244140625,49.15999984741211,9916.2001953125
2017-09-07,2465.10009765625,6397.8701171875,1345.0999755859375,49.09000015258789,9929.900390625
2017-09-08,2461.429931640625,6360.18994140625,1346.0,47.47999954223633,9934.7998046875
2017-09-11,2488.110107421875,6432.259765625,1331.0,48.06999969482422,10006.0498046875
2017-09-12,2496.47998046875,6454.27978515625,1328.0,48.22999954223633,10093.0498046875
2017-09-13,2498.3701171875,6460.18994140625,1323.4000244140625,49.29999923706055,10079.2998046875
2017-09-14,2495.6201171875,6429.080078125,1324.699951171875,49.88999938964844,10086.599609375
2017-09-15,2500.22998046875,6448.47021484375,1320.4000244140625,49.88999938964844,10085.400390625
2017-09-18,2503.8701171875,6454.64013671875,1306.300048828125,49.90999984741211,10153.099609375
2017-09-19,2506.64990234375,6461.31982421875,1306.199951171875,49.47999954223633,10147.5498046875
2017-09-20,2508.239990234375,6456.0400390625,1312.0,50.40999984741211,10141.150390625
2017-09-21,2500.60009765625,6422.68994140625,1290.5999755859375,50.54999923706055,10121.900390625
2017-09-22,2502.219970703125,6426.919921875,1293.300048828125,50.65999984741211,9964.400390625
2017-09-25,2496.659912109375,6370.58984375,1306.800048828125,52.220001220703125,9872.599609375
2017-09-26,2496.840087890625,6380.16015625,1297.0,51.880001068115234,9871.5
2017-09-27,2507.0400390625,6453.259765625,1283.4000244140625,52.13999938964844,9735.75
2017-09-28,2510.06005859375,6453.4501953125,1285.5,51.560001373291016,9768.9501953125
2017-09-29,2519.360107421875,6495.9599609375,1281.5,51.66999816894531,9788.599609375
2017-10-02,2529.1201171875,6516.72021484375,1272.699951171875,50.58000183105469,
2017-10-03,2534.580078125,6531.7099609375,1271.5,50.41999816894531,9859.5
2017-10-04,2537.739990234375,6534.6298828125,1273.699951171875,49.97999954223633,9914.900390625
2017-10-05,2552.070068359375,6585.35986328125,1269.9000244140625,50.790000915527344,9888.7001953125
2017-10-06,2549.330078125,6590.18017578125,1271.5999755859375,49.290000915527344,9979.7001953125
2017-10-09,2544.72998046875,6579.72998046875,1281.800048828125,49.58000183105469,9988.75
2017-10-10,2550.639892578125,6587.25,1290.5999755859375,50.91999816894531,10016.9501953125
2017-10-11,2555.239990234375,6603.5498046875,1285.800048828125,51.29999923706055,9984.7998046875
2017-10-12,2550.929931640625,6591.509765625,1293.300048828125,50.599998474121094,10096.400390625
2017-10-13,2553.169921875,6605.7998046875,1301.5,51.45000076293945,10167.4501953125
2017-10-16,2557.639892578125,6624.0,1299.9000244140625,51.869998931884766,10230.849609375
2017-10-17,2559.360107421875,6623.66015625,1283.0,51.880001068115234,10234.4501953125
2017-10-18,2561.260009765625,6624.22021484375,1279.9000244140625,52.040000915527344,10210.849609375
2017-10-19,2562.10009765625,6605.06982421875,1286.9000244140625,51.290000915527344,10146.5498046875
2017-10-20,2575.2099609375,6629.0498046875,1277.4000244140625,51.470001220703125,
2017-10-23,2564.97998046875,6586.830078125,1277.699951171875,51.900001525878906,10184.849609375
2017-10-24,2569.1298828125,6598.43017578125,1275.0,52.470001220703125,10207.7001953125
2017-10-25,2557.14990234375,6563.89013671875,1275.4000244140625,52.18000030517578,10295.349609375
2017-10-26,2560.39990234375,6556.77001953125,1266.300048828125,52.63999938964844,10343.7998046875
2017-10-27,2581.070068359375,6701.259765625,1268.5,53.900001525878906,10323.0498046875
2017-10-30,2572.830078125,6698.9599609375,1274.0999755859375,54.150001525878906,10363.650390625
2017-10-31,2575.260009765625,6727.669921875,1267.0,54.380001068115234,10335.2998046875
2017-11-01,2579.360107421875,6716.52978515625,1274.0999755859375,54.29999923706055,10440.5
2017-11-02,2579.85009765625,6714.93994140625,1274.9000244140625,54.540000915527344,10423.7998046875
2017-11-03,2587.840087890625,6764.43994140625,1266.5,55.63999938964844,10452.5
2017-11-06,2591.1298828125,6786.43994140625,1279.4000244140625,57.349998474121094,10451.7998046875
2017-11-07,2590.639892578125,6767.77978515625,1273.699951171875,57.20000076293945,10350.150390625
2017-11-08,2594.3798828125,6789.1201171875,1281.5999755859375,56.810001373291016,10303.150390625
2017-11-09,2584.6201171875,6750.0498046875,1285.5999755859375,57.16999816894531,10308.9501953125
2017-11-10,2582.300048828125,6750.93994140625,1272.4000244140625,56.7400016784668,10321.75
2017-11-13,2584.840087890625,6757.60009765625,1277.300048828125,56.7599983215332,10224.9501953125
2017-11-14,2578.8701171875,6737.8701171875,1281.5,55.70000076293945,10186.599609375
2017-11-15,2564.6201171875,6706.2099609375,1276.5,55.33000183105469,10118.0498046875
2017-11-16,2585.639892578125,6793.2900390625,1277.4000244140625,55.13999938964844,10214.75
2017-11-17,2578.85009765625,6782.7900390625,1295.800048828125,56.54999923706055,10283.599609375
2017-11-20,2582.139892578125,6790.7099609375,1274.5999755859375,56.09000015258789,10298.75
2017-11-21,2599.030029296875,6862.47998046875,1281.0999755859375,56.83000183105469,10326.900390625
2017-11-22,2597.080078125,6867.35986328125,1291.5999755859375,58.02000045776367,10342.2998046875
2017-11-23,,,,,10348.75
2017-11-24,2602.419921875,6889.16015625,1286.699951171875,58.95000076293945,10389.7001953125
2017-11-27,2601.419921875,6878.52001953125,1293.800048828125,58.11000061035156,10399.5498046875
2017-11-28,2627.0400390625,6912.35986328125,1294.699951171875,57.9900016784668,10370.25
2017-11-29,2626.070068359375,6824.39013671875,1282.0999755859375,57.29999923706055,10361.2998046875
2017-11-30,2647.580078125,6873.97021484375,1273.199951171875,57.400001525878906,10226.5498046875
2017-12-01,2642.219970703125,6847.58984375,1278.800048828125,58.36000061035156,10121.7998046875
2017-12-04,2639.43994140625,6775.3701171875,1274.300048828125,57.470001220703125,10127.75
2017-12-05,2629.570068359375,6762.2099609375,1261.5999755859375,57.619998931884766,10118.25
2017-12-06,2629.27001953125,6776.3798828125,1262.800048828125,55.959999084472656,10044.099609375
2017-12-07,2636.97998046875,6812.83984375,1249.800048828125,56.689998626708984,10166.7001953125
2017-12-08,2651.5,6840.080078125,1245.199951171875,57.36000061035156,10265.650390625
2017-12-11,2659.989990234375,6875.080078125,1243.699951171875,57.9900016784668,10322.25
2017-12-12,2664.110107421875,6862.31982421875,1238.5,57.13999938964844,10240.150390625
2017-12-13,2662.85009765625,6875.7998046875,1245.4000244140625,56.599998474121094,10192.9501953125
2017-12-14,2652.010009765625,6856.52978515625,1253.800048828125,57.040000915527344,10252.099609375
2017-12-15,2675.81005859375,6936.580078125,1254.300048828125,57.29999923706055,10333.25
2017-12-18,2690.159912109375,6994.759765625,1262.199951171875,57.15999984741211,10388.75
2017-12-19,2681.469970703125,6963.85009765625,1260.699951171875,57.459999084472656,10463.2001953125
2017-12-20,2679.25,6960.9599609375,1266.0999755859375,58.09000015258789,10444.2001953125
2017-12-21,2684.570068359375,6965.35986328125,1267.300048828125,58.36000061035156,10440.2998046875
2017-12-22,2683.340087890625,6959.9599609375,1275.4000244140625,58.470001220703125,10493.0
2017-12-26,2680.5,6936.25,1284.0999755859375,59.970001220703125,10531.5
2017-12-27,2682.6201171875,6939.33984375,1287.0,59.63999938964844,10490.75
2017-12-28,2687.5400390625,6950.16015625,1294.0999755859375,59.84000015258789,10477.900390625
2017-12-29,2673.610107421875,6903.39013671875,1306.300048828125,60.41999816894531,10530.7001953125
2018-01-02,2695.81005859375,7006.89990234375,1313.699951171875,60.369998931884766,10442.2001953125
2018-01-03,2713.06005859375,7065.52978515625,1316.199951171875,61.630001068115234,10443.2001953125
2018-01-04,2723.989990234375,7077.91015625,1319.4000244140625,62.0099983215332,10504.7998046875
2018-01-05,2743.14990234375,7136.56005859375,1320.300048828125,61.439998626708984,10558.849609375
2018-01-08,2747.7099609375,7157.39013671875,1318.5999755859375,61.72999954223633,10623.599609375
2018-01-09,2751.2900390625,7163.580078125,1311.699951171875,62.959999084472656,10637.0
2018-01-10,2748.22998046875,7153.56982421875,1317.4000244140625,63.56999969482422,10632.2001953125
2018-01-11,2767.56005859375,7211.77978515625,1320.5999755859375,63.79999923706055,10651.2001953125
2018-01-12,2786.239990234375,7261.06005859375,1333.4000244140625,64.30000305175781,10681.25
2018-01-15,,,,,10741.5498046875
2018-01-16,2776.419921875,7223.68994140625,1335.4000244140625,63.72999954223633,10700.4501953125
2018-01-17,2802.56005859375,7298.27978515625,1338.0,63.970001220703125,10788.5498046875
2018-01-18,2798.030029296875,7296.0498046875,1326.0,63.95000076293945,10817.0
2018-01-19,2810.300048828125,7336.3798828125,1331.9000244140625,63.369998931884766,10894.7001953125
2018-01-22,2832.969970703125,7408.02978515625,1330.9000244140625,63.4900016784668,10966.2001953125
2018-01-23,2839.1298828125,7460.2900390625,1335.699951171875,64.47000122070312,11083.7001953125
2018-01-24,2837.5400390625,7415.06005859375,1355.9000244140625,65.61000061035156,11086.0
2018-01-25,2839.25,7411.16015625,1362.4000244140625,65.51000213623047,11069.650390625
2018-01-26,2872.8701171875,7505.77001953125,1351.5999755859375,66.13999938964844,
2018-01-29,2853.530029296875,7466.509765625,,65.55999755859375,11130.400390625
2018-01-30,2822.429931640625,7402.47998046875,1335.4000244140625,64.5,11049.650390625
2018-01-31,2823.81005859375,7411.47998046875,1339.0,64.7300033569336,11027.7001953125
2018-02-01,2821.97998046875,7385.85986328125,1344.300048828125,65.80000305175781,11016.900390625
2018-02-02,2762.1298828125,7240.9501953125,1333.699951171875,65.44999694824219,10760.599609375
2018-02-05,2648.93994140625,6967.52978515625,1333.0,64.1500015258789,10666.5498046875
2018-02-06,2695.139892578125,7115.8798828125,1326.0999755859375,63.38999938964844,10498.25
2018-02-07,2681.659912109375,7051.97998046875,1311.5999755859375,61.790000915527344,10476.7001953125
2018-02-08,2581.0,6777.16015625,1316.9000244140625,61.150001525878906,10576.849609375
2018-02-09,2619.550048828125,6874.490234375,1313.0999755859375,59.20000076293945,10454.9501953125
2018-02-12,2656.0,6981.9599609375,1324.199951171875,59.290000915527344,10539.75
2018-02-13,2662.93994140625,7013.509765625,1328.0999755859375,59.189998626708984,
2018-02-14,2698.6298828125,7143.6201171875,1355.5,60.599998474121094,10500.900390625
2018-02-15,2731.199951171875,7256.43017578125,1352.0999755859375,61.34000015258789,10545.5
2018-02-16,2732.219970703125,7239.47021484375,1353.199951171875,61.68000030517578,10452.2998046875
2018-02-19,,,,,10378.400390625
2018-02-20,2716.260009765625,7234.31005859375,1328.800048828125,61.900001525878906,10360.400390625
2018-02-21,2701.330078125,7218.22998046875,1330.0,61.68000030517578,10397.4501953125
2018-02-22,2703.9599609375,7210.08984375,1330.5999755859375,62.77000045776367,10382.7001953125
2018-02-23,2747.300048828125,7337.39013671875,1328.199951171875,63.54999923706055,10491.0498046875
2018-02-26,2779.60009765625,7421.4599609375,1330.699951171875,63.90999984741211,10582.599609375
2018-02-27,2744.280029296875,7330.35009765625,1315.5,63.0099983215332,10554.2998046875
2018-02-28,2713.830078125,7273.009765625,1315.5,61.63999938964844,10492.849609375
2018-03-01,2677.669921875,7180.56005859375,1302.9000244140625,60.9900016784668,10458.349609375
2018-03-02,2691.25,7257.8701171875,1321.0999755859375,61.25,
2018-03-05,2720.93994140625,7330.7099609375,1318.0999755859375,62.56999969482422,10358.849609375
2018-03-06,2728.1201171875,7372.009765625,1333.5999755859375,62.599998474121094,10249.25
2018-03-07,2726.800048828125,7396.64990234375,1326.0,61.150001525878906,10154.2001953125
2018-03-08,2738.969970703125,7427.9501953125,1319.9000244140625,60.119998931884766,10242.650390625
2018-03-09,2786.570068359375,7560.81005859375,1322.4000244140625,62.040000915527344,10226.849609375
2018-03-12,2783.02001953125,7588.31982421875,1319.4000244140625,61.36000061035156,10421.400390625
2018-03-13,2765.31005859375,7511.009765625,1325.9000244140625,60.709999084472656,10426.849609375
2018-03-14,2749.47998046875,7496.81005859375,1324.4000244140625,60.959999084472656,10410.900390625
2018-03-15,2747.330078125,7481.740234375,1316.800048828125,61.189998626708984,10360.150390625
2018-03-16,2752.010009765625,7481.990234375,1311.300048828125,62.34000015258789,10195.150390625
2018-03-19,2712.919921875,7344.240234375,1316.800048828125,62.060001373291016,10094.25
2018-03-20,2716.93994140625,7364.2998046875,1311.0999755859375,63.400001525878906,10124.349609375
2018-03-21,2711.929931640625,7345.2900390625,1320.699951171875,65.16999816894531,10155.25
2018-03-22,2643.68994140625,7166.68017578125,1326.5999755859375,64.30000305175781,10114.75
2018-03-23,2588.260009765625,6992.669921875,1349.300048828125,65.87999725341797,9998.0498046875
2018-03-26,2658.550048828125,7220.5400390625,1354.4000244140625,65.55000305175781,10130.650390625
2018-03-27,2612.6201171875,7008.81005859375,1341.300048828125,65.25,10184.150390625
2018-03-28,2605.0,6949.22998046875,1324.199951171875,64.37999725341797,10113.7001953125
2018-03-29,2640.8701171875,7063.4501953125,1322.800048828125,64.94000244140625,
2018-04-02,2581.8798828125,6870.1201171875,1342.0999755859375,63.0099983215332,10211.7998046875
2018-04-03,2614.449951171875,6941.27978515625,1332.800048828125,63.5099983215332,10245.0
2018-04-04,2644.68994140625,7042.10986328125,1335.800048828125,63.369998931884766,10128.400390625
2018-04-05,2662.840087890625,7076.5498046875,1324.300048828125,63.540000915527344,10325.150390625
2018-04-06,2604.469970703125,6915.10986328125,1331.9000244140625,62.060001373291016,10331.599609375
2018-04-09,2613.159912109375,6950.33984375,1336.300048828125,63.41999816894531,10379.349609375
2018-04-10,2656.8701171875,7094.2998046875,1342.0,65.51000213623047,10402.25
2018-04-11,2642.18994140625,7069.02978515625,1356.5,66.81999969482422,10417.150390625
2018-04-12,2663.989990234375,7140.25,1338.4000244140625,67.06999969482422,10458.650390625
2018-04-13,2656.300048828125,7106.64990234375,1344.800048828125,67.38999938964844,10480.599609375
2018-04-16,2677.840087890625,7156.27978515625,1347.5,66.22000122070312,10528.349609375
2018-04-17,2706.389892578125,7281.10009765625,1347.199951171875,66.5199966430664,10548.7001953125
2018-04-18,2708.639892578125,7295.240234375,1351.199951171875,68.47000122070312,10526.2001953125
2018-04-19,2693.1298828125,7238.06005859375,1346.800048828125,68.29000091552734,10565.2998046875
2018-04-20,2670.139892578125,7146.1298828125,1336.699951171875,68.37999725341797,10564.0498046875
2018-04-23,2670.2900390625,7128.60009765625,1322.5,68.63999938964844,10584.7001953125
2018-04-24,2634.56005859375,7007.35009765625,1331.4000244140625,67.69999694824219,10614.349609375
2018-04-25,2639.39990234375,7003.740234375,1321.199951171875,68.05000305175781,10570.5498046875
2018-04-26,2666.93994140625,7118.68017578125,1316.300048828125,68.19000244140625,10617.7998046875
2018-04-27,2669.909912109375,7119.7998046875,1320.300048828125,68.0999984741211,10692.2998046875
2018-04-30,2648.050048828125,7066.27001953125,1316.199951171875,68.56999969482422,10739.349609375
2018-05-01,2654.800048828125,7130.7001953125,1303.800048828125,67.25,
2018-05-02,2635.669921875,7100.89990234375,1302.5999755859375,67.93000030517578,10718.0498046875
2018-05-03,2629.72998046875,7088.14990234375,1310.699951171875,68.43000030517578,10679.650390625
2018-05-04,2663.419921875,7209.6201171875,1312.699951171875,69.72000122070312,10618.25
2018-05-07,2672.6298828125,7265.2099609375,1312.199951171875,70.7300033569336,10715.5
2018-05-08,2671.919921875,7266.89990234375,1312.0,69.05999755859375,10717.7998046875
2018-05-09,2697.7900390625,7339.91015625,1311.300048828125,71.13999938964844,10741.7001953125
2018-05-10,2723.070068359375,7404.97021484375,1320.800048828125,71.36000061035156,10716.5498046875
2018-05-11,2727.719970703125,7402.8798828125,1319.0,70.69999694824219,10806.5
2018-05-14,2730.1298828125,7411.31982421875,1316.5,70.95999908447266,10806.599609375
2018-05-15,2711.449951171875,7351.6298828125,1288.9000244140625,71.30999755859375,10801.849609375
2018-05-16,2722.4599609375,7398.2998046875,1290.199951171875,71.48999786376953,10741.099609375
2018-05-17,2720.1298828125,7382.47021484375,1288.199951171875,71.48999786376953,10682.7001953125
2018-05-18,2712.969970703125,7354.33984375,1290.199951171875,71.27999877929688,10596.400390625
2018-05-21,2733.010009765625,7394.0400390625,1290.199951171875,72.23999786376953,10516.7001953125
2018-05-22,2724.43994140625,7378.4599609375,1291.699951171875,72.12999725341797,10536.7001953125
2018-05-23,2733.2900390625,7425.9599609375,1289.300048828125,71.83999633789062,10430.349609375
2018-05-24,2727.760009765625,7424.43017578125,1303.699951171875,70.70999908447266,10513.849609375
2018-05-25,2721.330078125,7433.85009765625,1303.300048828125,67.87999725341797,10605.150390625
2018-05-28,,,,,10688.650390625
2018-05-29,2689.860107421875,7396.58984375,1298.699951171875,66.7300033569336,10633.2998046875
2018-05-30,2724.010009765625,7462.4501953125,1301.5,68.20999908447266,10614.349609375
2018-05-31,2705.27001953125,7442.1201171875,1300.0999755859375,67.04000091552734,10736.150390625
2018-06-01,2734.6201171875,7554.330078125,1294.800048828125,65.80999755859375,10696.2001953125
2018-06-04,2746.8701171875,7606.4599609375,1293.0999755859375,64.75,10628.5
2018-06-05,2748.800048828125,7637.85986328125,1297.5,65.5199966430664,10593.150390625
2018-06-06,2772.35009765625,7689.240234375,1297.0999755859375,64.7300033569336,10684.650390625
2018-06-07,2770.3701171875,7635.06982421875,1298.699951171875,65.94999694824219,10768.349609375
2018-06-08,2779.030029296875,7645.509765625,1298.0999755859375,65.73999786376953,10767.650390625
2018-06-11,2782.0,7659.93017578125,1298.9000244140625,66.0999984741211,10786.9501953125
2018-06-12,2786.85009765625,7703.7900390625,1295.0999755859375,66.36000061035156,10842.849609375
2018-06-13,2775.6298828125,7695.7001953125,1296.9000244140625,66.63999938964844,10856.7001953125
2018-06-14,2782.489990234375,7761.0400390625,1304.0,66.88999938964844,10808.0498046875
2018-06-15,2779.659912109375,7746.3798828125,1274.5999755859375,65.05999755859375,10817.7001953125
2018-06-18,2773.75,7747.02978515625,1276.199951171875,65.8499984741211,10799.849609375
2018-06-19,2762.590087890625,7725.58984375,1275.5999755859375,65.06999969482422,10710.4501953125
2018-06-20,2767.320068359375,7781.509765625,1271.199951171875,66.22000122070312,10772.0498046875
2018-06-21,2749.760009765625,7712.9501953125,1267.199951171875,65.54000091552734,10741.099609375
2018-06-22,2754.8798828125,7692.81982421875,1267.4000244140625,68.58000183105469,10821.849609375
2018-06-25,2717.070068359375,7532.009765625,1265.5999755859375,68.08000183105469,10762.4501953125
2018-06-26,2723.06005859375,7561.6298828125,1256.5999755859375,70.52999877929688,10769.150390625
2018-06-27,2699.6298828125,7445.080078125,1252.800048828125,72.76000213623047,10671.400390625
2018-06-28,2716.31005859375,7503.68017578125,1247.800048828125,73.44999694824219,10589.099609375
2018-06-29,2718.3701171875,7510.2998046875,1251.300048828125,74.1500015258789,10714.2998046875
2018-07-02,2726.7099609375,7567.68994140625,1239.800048828125,73.94000244140625,10657.2998046875
2018-07-03,2713.219970703125,7502.669921875,1251.5999755859375,74.13999938964844,10699.900390625
2018-07-04,,,,,10769.900390625
2018-07-05,2736.610107421875,7586.43017578125,1257.300048828125,72.94000244140625,10749.75
2018-07-06,2759.820068359375,7688.39013671875,1254.300048828125,73.80000305175781,10772.650390625
2018-07-09,2784.169921875,7756.2001953125,1258.0999755859375,73.8499984741211,10852.900390625
2018-07-10,2793.840087890625,7759.2001953125,1253.800048828125,74.11000061035156,10947.25
2018-07-11,2774.02001953125,7716.60986328125,1242.800048828125,70.37999725341797,10948.2998046875
2018-07-12,2798.2900390625,7823.919921875,1245.0,70.33000183105469,11023.2001953125
2018-07-13,2801.31005859375,7825.97998046875,1239.5999755859375,71.01000213623047,11018.900390625
2018-07-16,2798.429931640625,7805.72021484375,1238.0999755859375,68.05999755859375,10936.849609375
2018-07-17,2809.550048828125,7855.1201171875,1225.699951171875,68.08000183105469,11008.0498046875
2018-07-18,2815.6201171875,7854.43994140625,1226.300048828125,68.76000213623047,10980.4501953125
2018-07-19,2804.489990234375,7825.2998046875,1222.4000244140625,69.45999908447266,10957.099609375
2018-07-20,2801.830078125,7820.2001953125,1229.5,70.45999908447266,11010.2001953125
2018-07-23,2806.97998046875,7841.8701171875,1224.0,67.88999938964844,11084.75
2018-07-24,2820.39990234375,7840.77001953125,1223.9000244140625,68.5199966430664,11134.2998046875
2018-07-25,2846.070068359375,7932.240234375,1231.4000244140625,69.30000305175781,11132.0
2018-07-26,2837.43994140625,7852.18017578125,1225.300048828125,69.61000061035156,11167.2998046875
2018-07-27,2818.820068359375,7737.419921875,1222.5999755859375,68.69000244140625,11278.349609375
2018-07-30,2802.60009765625,7630.0,1221.300048828125,70.12999725341797,11319.5498046875
2018-07-31,2816.2900390625,7671.7900390625,1223.699951171875,68.76000213623047,11356.5
2018-08-01,2813.360107421875,7707.2900390625,1217.9000244140625,67.66000366210938,11346.2001953125
2018-08-02,2827.219970703125,7802.68994140625,1210.5999755859375,68.95999908447266,11244.7001953125
2018-08-03,2840.35009765625,7812.009765625,1214.199951171875,68.48999786376953,11360.7998046875
2018-08-06,2850.39990234375,7859.68017578125,1208.5999755859375,69.01000213623047,11387.099609375
2018-08-07,2858.449951171875,7883.66015625,1209.5999755859375,69.16999816894531,11389.4501953125
2018-08-08,2857.699951171875,7888.330078125,1212.5999755859375,66.94000244140625,11450.0
2018-08-09,2853.580078125,7891.77978515625,1211.9000244140625,66.80999755859375,11470.7001953125
2018-08-10,2833.280029296875,7839.10986328125,1211.0999755859375,67.62999725341797,11429.5
2018-08-13,2821.929931640625,7819.7099609375,1191.300048828125,67.19999694824219,11355.75
2018-08-14,2839.9599609375,7870.89013671875,1193.0,67.04000091552734,11435.099609375
2018-08-15,2818.3701171875,7774.1201171875,1177.5,65.01000213623047,
2018-08-16,2840.68994140625,7806.52001953125,1176.199951171875,65.45999908447266,11385.0498046875
2018-08-17,2850.1298828125,7816.330078125,1176.5,65.91000366210938,11470.75
2018-08-20,2857.050048828125,7821.009765625,1186.800048828125,66.43000030517578,11551.75
2018-08-21,2862.9599609375,7859.169921875,1192.5999755859375,67.3499984741211,11570.900390625
2018-08-22,2861.820068359375,7889.10009765625,1196.300048828125,67.86000061035156,
2018-08-23,2856.97998046875,7878.4599609375,1187.0,67.83000183105469,11582.75
2018-08-24,2874.68994140625,7945.97998046875,1206.300048828125,68.72000122070312,11557.099609375
2018-08-27,2896.739990234375,8017.89990234375,1209.0,68.87000274658203,11691.9501953125
2018-08-28,2897.52001953125,8030.0400390625,1207.4000244140625,68.52999877929688,11738.5
2018-08-29,2914.0400390625,8109.68994140625,1204.5,69.51000213623047,11691.900390625
2018-08-30,2901.1298828125,8088.35986328125,1197.699951171875,70.25,11676.7998046875
2018-08-31,2901.52001953125,8109.5400390625,1200.300048828125,69.80000305175781,11680.5
2018-09-03,,,,,11582.349609375
2018-09-04,2896.719970703125,8091.25,1192.699951171875,69.87000274658203,11520.2998046875
2018-09-05,2888.60009765625,7995.169921875,1194.9000244140625,68.72000122070312,11476.9501953125
2018-09-06,2878.050048828125,7922.72998046875,1197.9000244140625,67.7699966430664,11536.900390625
2018-09-07,2871.679931640625,7902.5400390625,1193.5999755859375,67.75,11589.099609375
2018-09-10,2877.1298828125,7924.16015625,1193.0,67.54000091552734,11438.099609375
2018-09-11,2887.889892578125,7972.47021484375,1195.4000244140625,69.25,11287.5
2018-09-12,2888.919921875,7954.22998046875,1204.699951171875,70.37000274658203,11369.900390625
2018-09-13,2904.179931640625,8013.7099609375,1202.0,68.58999633789062,
2018-09-14,2904.97998046875,8010.0400390625,1195.0,68.98999786376953,11515.2001953125
2018-09-17,2888.800048828125,7895.7900390625,1199.699951171875,68.91000366210938,11377.75
2018-09-18,2904.31005859375,7956.10986328125,1196.800048828125,69.8499984741211,11278.900390625
2018-09-19,2907.949951171875,7950.0400390625,1202.199951171875,71.12000274658203,11234.349609375
2018-09-20,2930.75,8028.22998046875,1206.199951171875,70.80000305175781,
2018-09-21,2929.669921875,7986.9599609375,1196.199951171875,70.77999877929688,11143.099609375
2018-09-24,2919.3701171875,7993.25,1199.300048828125,72.08000183105469,10967.400390625
2018-09-25,2915.56005859375,8007.47021484375,1200.0,72.27999877929688,11067.4501953125
2018-09-26,2905.969970703125,7990.3701171875,1194.0,71.56999969482422,11053.7998046875
2018-09-27,2914.0,8041.97021484375,1182.300048828125,72.12000274658203,10977.5498046875
2018-09-28,2913.97998046875,8046.35009765625,1191.5,73.25,10930.4501953125
2018-10-01,2924.590087890625,8037.2998046875,1187.0999755859375,75.30000305175781,11008.2998046875
2018-10-02,2923.429931640625,7999.5498046875,1202.4000244140625,75.2300033569336,
2018-10-03,2925.510009765625,8025.08984375,1198.300048828125,76.41000366210938,10858.25
2018-10-04,2901.610107421875,7879.509765625,1197.199951171875,74.33000183105469,10599.25
2018-10-05,2885.570068359375,7788.4501953125,1201.199951171875,74.33999633789062,10316.4501953125
2018-10-08,2884.429931640625,7735.9501953125,1184.4000244140625,74.29000091552734,10348.0498046875
2018-10-09,2880.340087890625,7738.02001953125,1187.199951171875,74.95999908447266,10301.0498046875
2018-10-10,2785.679931640625,7422.0498046875,1189.300048828125,73.16999816894531,10460.099609375
2018-10-11,2728.3701171875,7329.06005859375,1223.5,70.97000122070312,10234.650390625
2018-10-12,2767.1298828125,7496.89013671875,1218.0999755859375,71.33999633789062,10472.5
2018-10-15,2750.7900390625,7430.740234375,1226.4000244140625,71.77999877929688,10512.5
2018-10-16,2809.919921875,7645.490234375,1227.300048828125,71.91999816894531,10584.75
2018-10-17,2809.2099609375,7642.7001953125,1223.699951171875,69.75,10453.0498046875
2018-10-18,2768.780029296875,7485.14013671875,1226.5,68.6500015258789,
2018-10-19,2767.780029296875,7449.02978515625,1225.300048828125,69.12000274658203,10303.5498046875
2018-10-22,2755.8798828125,7468.6298828125,1221.199951171875,69.16999816894531,10245.25
2018-10-23,2740.68994140625,7437.5400390625,1233.4000244140625,66.43000030517578,10146.7998046875
2018-10-24,2656.10009765625,7108.39990234375,1227.800048828125,66.81999969482422,10224.75
2018-10-25,2705.570068359375,7318.33984375,1229.0999755859375,67.33000183105469,10124.900390625
2018-10-26,2658.68994140625,7167.2099609375,1232.5,67.58999633789062,10030.0
2018-10-29,2641.25,7050.2900390625,1224.5,67.04000091552734,10250.849609375
2018-10-30,2682.6298828125,7161.64990234375,1222.5999755859375,66.18000030517578,10198.400390625
2018-10-31,2711.739990234375,7305.89990234375,1212.300048828125,65.30999755859375,10386.599609375
2018-11-01,2740.3701171875,7434.06005859375,1236.0,63.689998626708984,10380.4501953125
2018-11-02,2723.06005859375,7356.990234375,1230.9000244140625,63.13999938964844,10553.0
2018-11-05,2738.31005859375,7328.85009765625,1229.800048828125,63.099998474121094,10524.0
2018-11-06,2755.449951171875,7375.9599609375,1223.800048828125,62.209999084472656,10530.0
2018-11-07,2813.889892578125,7570.75,1226.199951171875,61.66999816894531,10598.400390625
2018-11-08,2806.830078125,7530.8798828125,1222.9000244140625,60.66999816894531,
2018-11-09,2781.010009765625,7406.89990234375,1206.4000244140625,60.189998626708984,10585.2001953125
2018-11-12,2726.219970703125,7200.8701171875,1201.300048828125,59.93000030517578,10482.2001953125
2018-11-13,2722.179931640625,7200.8701171875,1199.199951171875,55.689998626708984,10582.5
2018-11-14,2701.580078125,7136.39013671875,1207.9000244140625,56.25,10576.2998046875
2018-11-15,2730.199951171875,7259.02978515625,1212.800048828125,56.459999084472656,10616.7001953125
2018-11-16,2736.27001953125,7247.8701171875,1220.800048828125,56.459999084472656,10682.2001953125
2018-11-19,2690.72998046875,7028.47998046875,1223.0999755859375,56.7599983215332,10763.400390625
2018-11-20,2641.889892578125,6908.81982421875,1219.0,53.43000030517578,10656.2001953125
2018-11-21,2649.929931640625,6972.25,1225.800048828125,54.630001068115234,10600.0498046875
2018-11-22,,,,,10526.75
2018-11-23,2632.56005859375,6938.97998046875,1221.0,50.41999816894531,
2018-11-26,2673.449951171875,7081.85009765625,1220.199951171875,51.630001068115234,10628.599609375
2018-11-27,2682.169921875,7082.7001953125,1211.199951171875,51.560001373291016,10685.599609375
2018-11-28,2743.7900390625,7291.58984375,1221.4000244140625,50.290000915527344,10728.849609375
2018-11-29,2737.800048828125,7273.080078125,1224.0999755859375,51.45000076293945,10858.7001953125
2018-11-30,2760.169921875,7330.5400390625,1220.199951171875,50.93000030517578,10876.75
2018-12-03,2790.3701171875,7441.509765625,1233.9000244140625,52.95000076293945,10883.75
2018-12-04,2700.06005859375,7158.43017578125,1241.0999755859375,53.25,10869.5
2018-12-05,,,,,10782.900390625
2018-12-06,2695.949951171875,7188.259765625,1238.0999755859375,51.4900016784668,10601.150390625
2018-12-07,2633.080078125,6969.25,1246.800048828125,52.61000061035156,10693.7001953125
2018-12-10,2637.719970703125,7020.52001953125,1243.699951171875,51.0,10488.4501953125
2018-12-11,2636.780029296875,7031.830078125,1241.9000244140625,51.650001525878906,10549.150390625
2018-12-12,2651.070068359375,7098.31005859375,1244.4000244140625,51.150001525878906,10737.599609375
2018-12-13,2650.5400390625,7070.330078125,1242.699951171875,52.58000183105469,10791.5498046875
2018-12-14,2599.949951171875,6910.66015625,1237.0,51.20000076293945,10805.4501953125
2018-12-17,2545.93994140625,6753.72998046875,1247.4000244140625,49.880001068115234,10888.349609375
2018-12-18,2546.159912109375,6783.91015625,1249.199951171875,46.2400016784668,10908.7001953125
2018-12-19,2506.9599609375,6636.830078125,1252.0999755859375,47.20000076293945,10967.2998046875
2018-12-20,2467.419921875,6528.41015625,1263.5999755859375,45.880001068115234,10951.7001953125
2018-12-21,2416.6201171875,6332.990234375,1253.800048828125,45.59000015258789,10754.0
2018-12-24,2351.10009765625,6192.919921875,1267.5,42.529998779296875,10663.5
2018-12-26,2467.699951171875,6554.35986328125,1269.199951171875,46.220001220703125,10729.849609375
2018-12-27,2488.830078125,6579.490234375,1277.300048828125,44.61000061035156,10779.7998046875
2018-12-28,2485.739990234375,6584.52001953125,1279.9000244140625,45.33000183105469,10859.900390625
2018-12-31,2506.85009765625,6635.27978515625,1278.300048828125,45.40999984741211,10862.5498046875
2019-01-02,2510.030029296875,6665.93994140625,1281.0,46.540000915527344,10792.5
2019-01-03,2447.889892578125,6463.5,1291.800048828125,47.09000015258789,10672.25
2019-01-04,2531.93994140625,6738.85986328125,1282.699951171875,47.959999084472656,10727.349609375
2019-01-07,2549.68994140625,6823.47021484375,1286.800048828125,48.52000045776367,10771.7998046875
2019-01-08,2574.409912109375,6897.0,1283.199951171875,49.779998779296875,10802.150390625
2019-01-09,2584.9599609375,6957.080078125,1289.300048828125,52.36000061035156,10855.150390625
2019-01-10,2596.639892578125,6986.06982421875,1284.699951171875,52.59000015258789,10821.599609375
2019-01-11,2596.260009765625,6971.47998046875,1287.0999755859375,51.59000015258789,10794.9501953125
2019-01-14,2582.610107421875,6905.919921875,1289.0999755859375,50.5099983215332,10737.599609375
2019-01-15,2610.300048828125,7023.830078125,1286.199951171875,52.11000061035156,10886.7998046875
2019-01-16,2616.10009765625,7034.68994140625,1291.5999755859375,52.310001373291016,10890.2998046875
2019-01-17,2635.9599609375,7084.4599609375,1291.0,52.06999969482422,10905.2001953125
2019-01-18,2670.7099609375,7157.22998046875,1281.300048828125,53.79999923706055,10906.9501953125
2019-01-21,,,,,10961.849609375
2019-01-22,2632.89990234375,7020.35986328125,1282.5,52.56999969482422,10922.75
2019-01-23,2638.699951171875,7025.77001953125,1283.0999755859375,52.619998931884766,10831.5
2019-01-24,2642.330078125,7073.4599609375,1279.0999755859375,53.130001068115234,10849.7998046875
2019-01-25,2664.760009765625,7164.85986328125,1297.4000244140625,53.689998626708984,10780.5498046875
2019-01-28,2643.85009765625,7085.68017578125,1302.4000244140625,51.9900016784668,10661.5498046875
2019-01-29,2640.0,7028.2900390625,1308.199951171875,53.310001373291016,10652.2001953125
2019-01-30,2681.050048828125,7183.080078125,1309.9000244140625,54.22999954223633,10651.7998046875
2019-01-31,2704.10009765625,7281.740234375,1319.699951171875,53.790000915527344,10830.9501953125
2019-02-01,2706.530029296875,7263.8701171875,1316.9000244140625,55.2599983215332,10893.650390625
2019-02-04,2724.8701171875,7347.5400390625,1314.300048828125,54.560001373291016,10912.25
2019-02-05,2737.699951171875,7402.080078125,1314.199951171875,53.65999984741211,10934.349609375
2019-02-06,2731.610107421875,7375.27978515625,1309.5,54.0099983215332,11062.4501953125
2019-02-07,2706.050048828125,7288.35009765625,1309.4000244140625,52.63999938964844,11069.400390625
2019-02-08,2707.8798828125,7298.2001953125,1313.699951171875,52.720001220703125,10943.599609375
2019-02-11,2709.800048828125,7307.89990234375,1307.0,52.40999984741211,10888.7998046875
2019-02-12,2744.72998046875,7414.6201171875,1309.199951171875,53.099998474121094,10831.400390625
2019-02-13,2753.030029296875,7420.3798828125,1310.800048828125,53.900001525878906,
2019-02-14,2745.72998046875,7426.9501953125,1309.800048828125,54.40999984741211,10746.0498046875
2019-02-15,2775.60009765625,7472.41015625,1318.0999755859375,55.59000015258789,10724.400390625
2019-02-18,,,,,10640.9501953125
2019-02-19,2779.760009765625,7486.77001953125,1340.0999755859375,56.09000015258789,10604.349609375
2019-02-20,2784.699951171875,7489.06982421875,1343.300048828125,56.91999816894531,10735.4501953125
2019-02-21,2774.8798828125,7459.7099609375,1323.5,56.959999084472656,10789.849609375
2019-02-22,2792.669921875,7527.5400390625,1329.199951171875,57.2599983215332,10791.650390625
2019-02-25,2796.110107421875,7554.4599609375,1325.9000244140625,55.47999954223633,10880.099609375
2019-02-26,2793.89990234375,7549.2998046875,1325.0999755859375,55.5,10835.2998046875
2019-02-27,2792.3798828125,7554.509765625,1317.699951171875,56.939998626708984,10806.650390625
2019-02-28,2784.489990234375,7532.52978515625,1312.800048828125,57.220001220703125,10792.5
2019-03-01,2803.68994140625,7595.35009765625,1296.4000244140625,55.79999923706055,10863.5
2019-03-04,2792.81005859375,7577.56982421875,1284.800048828125,56.59000015258789,
2019-03-05,2789.64990234375,7576.35986328125,1282.0,56.560001373291016,10987.4501953125
2019-03-06,2771.449951171875,7505.919921875,1284.9000244140625,56.220001220703125,11053.0
2019-03-07,2748.929931640625,7421.4599609375,1283.800048828125,56.65999984741211,11058.2001953125
2019-03-08,2743.070068359375,7408.14013671875,1297.0,56.06999969482422,11035.400390625
2019-03-11,2783.300048828125,7558.06005859375,1288.800048828125,56.790000915527344,11168.0498046875
2019-03-12,2791.52001953125,7591.02978515625,1296.300048828125,56.869998931884766,11301.2001953125
2019-03-13,2810.919921875,7643.41015625,1307.5,58.2599983215332,11341.7001953125
2019-03-14,2808.47998046875,7630.91015625,1293.4000244140625,58.61000061035156,11343.25
2019-03-15,2822.47998046875,7688.52978515625,1301.800048828125,58.52000045776367,11426.849609375
2019-03-18,2832.93994140625,7714.47998046875,1300.300048828125,59.09000015258789,11462.2001953125
2019-03-19,2832.570068359375,7723.9501953125,1305.0,59.029998779296875,11532.400390625
2019-03-20,2824.22998046875,7728.97021484375,1300.5,59.83000183105469,11521.0498046875
2019-03-21,2854.8798828125,7838.9599609375,1306.0999755859375,59.97999954223633,
2019-03-22,2800.7099609375,7642.669921875,1311.5999755859375,59.040000915527344,11456.900390625
2019-03-25,2798.360107421875,7637.5400390625,1321.9000244140625,58.81999969482422,11354.25
2019-03-26,2818.4599609375,7691.52001953125,1314.300048828125,59.939998626708984,11483.25
2019-03-27,2805.3701171875,7643.3798828125,1309.9000244140625,59.40999984741211,11445.0498046875
2019-03-28,2815.43994140625,7669.169921875,1289.800048828125,59.29999923706055,11570.0
2019-03-29,2834.39990234375,7729.31982421875,1293.0,60.13999938964844,
2019-04-01,2867.18994140625,7828.91015625,1288.4000244140625,61.59000015258789,11669.150390625
2019-04-02,2867.239990234375,7848.68994140625,1290.0,62.58000183105469,11713.2001953125
2019-04-03,2873.39990234375,7895.5498046875,1289.9000244140625,62.459999084472656,11643.9501953125
2019-04-04,2879.389892578125,7891.77978515625,1289.0,62.099998474121094,11598.0
2019-04-05,2892.739990234375,7938.68994140625,1290.4000244140625,63.08000183105469,11665.9501953125
2019-04-08,2895.77001953125,7953.8798828125,1297.0999755859375,64.4000015258789,11604.5
2019-04-09,2878.199951171875,7909.27978515625,1303.5,63.97999954223633,11671.9501953125
2019-04-10,2888.2099609375,7964.240234375,1309.0999755859375,64.61000061035156,11584.2998046875
2019-04-11,2888.320068359375,7947.35986328125,1288.5999755859375,63.58000183105469,11596.7001953125
2019-04-12,2907.409912109375,7984.16015625,1290.5999755859375,63.88999938964844,11643.4501953125
2019-04-15,2905.580078125,7976.009765625,1286.800048828125,63.400001525878906,11690.349609375
2019-04-16,2907.06005859375,8000.22998046875,1272.5999755859375,64.05000305175781,11787.150390625
2019-04-17,2900.449951171875,7996.080078125,1272.199951171875,63.7599983215332,
2019-04-18,2905.030029296875,7998.06005859375,1271.9000244140625,64.0,11752.7998046875
2019-04-22,2907.969970703125,8015.27001953125,1273.5,65.69999694824219,11594.4501953125
2019-04-23,2933.679931640625,8120.81982421875,1269.300048828125,66.30000305175781,11575.9501953125
2019-04-24,2927.25,8102.009765625,1275.5,65.88999938964844,11726.150390625
2019-04-25,2926.169921875,8118.68017578125,1275.800048828125,65.20999908447266,11641.7998046875
2019-04-26,2939.8798828125,8146.39990234375,1284.9000244140625,63.29999923706055,11754.650390625
2019-04-29,2943.030029296875,8161.85009765625,1278.5999755859375,63.5,
2019-04-30,2945.830078125,8095.39013671875,1282.800048828125,63.90999984741211,11748.150390625
2019-05-01,2923.72998046875,8049.64013671875,1281.4000244140625,63.599998474121094,
2019-05-02,2917.52001953125,8036.77001953125,1269.699951171875,61.810001373291016,11724.75
2019-05-03,2945.639892578125,8164.0,1279.199951171875,61.939998626708984,11712.25
2019-05-06,2932.469970703125,8123.2900390625,1281.699951171875,62.25,11598.25
2019-05-07,2884.050048828125,7963.759765625,1283.5,61.400001525878906,11497.900390625
2019-05-08,2879.419921875,7943.31982421875,1279.4000244140625,62.119998931884766,11359.4501953125
2019-05-09,2870.719970703125,7910.58984375,1283.5,61.70000076293945,11301.7998046875
2019-05-10,2881.39990234375,7916.93994140625,1285.699951171875,61.65999984741211,11278.900390625
2019-05-13,2811.8701171875,7647.02001953125,1300.0999755859375,61.040000915527344,11148.2001953125
2019-05-14,2834.409912109375,7734.490234375,1294.699951171875,61.779998779296875,11222.0498046875
2019-05-15,2850.9599609375,7822.14990234375,1296.300048828125,62.02000045776367,11157.0
2019-05-16,2876.320068359375,7898.0498046875,1285.0,62.869998931884766,11257.099609375
2019-05-17,2859.530029296875,7816.27978515625,1274.5,62.7599983215332,11407.150390625
2019-05-20,2840.22998046875,7702.3798828125,1276.0999755859375,63.099998474121094,11828.25
2019-05-21,2864.360107421875,7785.72021484375,1272.0,62.9900016784668,11709.099609375
2019-05-22,2856.27001953125,7750.83984375,1273.5999755859375,61.41999816894531,11737.900390625
2019-05-23,2822.239990234375,7628.27978515625,1284.800048828125,57.90999984741211,11657.0498046875
2019-05-24,2826.06005859375,7637.009765625,1283.0,58.630001068115234,11844.099609375
2019-05-27,,,,,11924.75
2019-05-28,2802.389892578125,7607.35009765625,1276.5,59.13999938964844,11928.75
2019-05-29,2783.02001953125,7547.31005859375,1280.5999755859375,58.810001373291016,11861.099609375
2019-05-30,2788.860107421875,7567.72021484375,1287.0999755859375,56.59000015258789,11945.900390625
2019-05-31,2752.06005859375,7453.14990234375,1305.800048828125,53.5,11922.7998046875
2019-06-03,2744.449951171875,7333.02001953125,1322.699951171875,53.25,12088.5498046875
2019-06-04,2803.27001953125,7527.1201171875,1323.4000244140625,53.47999954223633,12021.650390625
2019-06-05,2826.14990234375,7575.47998046875,1328.300048828125,51.68000030517578,
2019-06-06,2843.489990234375,7615.5498046875,1337.5999755859375,52.59000015258789,11843.75
2019-06-07,2873.340087890625,7742.10009765625,1341.199951171875,53.9900016784668,11870.650390625
2019-06-10,2886.72998046875,7823.169921875,1324.699951171875,53.2599983215332,11922.7001953125
2019-06-11,2885.719970703125,7822.56982421875,1326.4000244140625,53.27000045776367,11965.599609375
2019-06-12,2879.840087890625,7792.72021484375,1331.9000244140625,51.13999938964844,11906.2001953125
2019-06-13,2891.639892578125,7837.1298828125,1339.199951171875,52.279998779296875,11914.0498046875
2019-06-14,2886.97998046875,7796.66015625,1340.0999755859375,52.5099983215332,11823.2998046875
2019-06-17,2889.669921875,7845.02001953125,1338.699951171875,51.93000030517578,11672.150390625
2019-06-18,2917.75,7953.8798828125,1346.5999755859375,53.900001525878906,11691.5
2019-06-19,2926.4599609375,7987.31982421875,1344.5999755859375,53.7599983215332,11691.4501953125
2019-06-20,2954.179931640625,8051.33984375,1392.9000244140625,56.650001525878906,11831.75
2019-06-21,2950.4599609375,8031.7099609375,1396.199951171875,57.43000030517578,11724.099609375
2019-06-24,2945.35009765625,8005.7001953125,1414.300048828125,57.900001525878906,11699.650390625
2019-06-25,2917.3798828125,7884.72021484375,1414.9000244140625,57.83000183105469,11796.4501953125
2019-06-26,2913.780029296875,7909.97021484375,1411.5999755859375,59.380001068115234,11847.5498046875
2019-06-27,2924.919921875,7967.759765625,1408.4000244140625,59.43000030517578,11841.5498046875
2019-06-28,2941.760009765625,8006.240234375,1409.699951171875,58.470001220703125,11788.849609375
2019-07-01,2964.330078125,8091.16015625,1385.5999755859375,59.09000015258789,11865.599609375
2019-07-02,2973.010009765625,8109.08984375,1404.5999755859375,56.25,11910.2998046875
2019-07-03,2995.820068359375,8170.22998046875,1417.699951171875,57.34000015258789,11916.75
2019-07-04,,,,,11946.75
2019-07-05,2990.409912109375,8161.7900390625,1396.699951171875,57.5099983215332,11811.150390625
2019-07-08,2975.949951171875,8098.3798828125,1397.0,57.65999984741211,11558.599609375
2019-07-09,2979.6298828125,8141.72998046875,1397.5,57.83000183105469,11555.900390625
2019-07-10,2993.070068359375,8202.5302734375,1410.0999755859375,60.43000030517578,11498.900390625
2019-07-11,2999.909912109375,8196.0400390625,1404.300048828125,60.20000076293945,11582.900390625
2019-07-12,3013.77001953125,8244.1396484375,1409.9000244140625,60.209999084472656,11552.5
2019-07-15,3014.300048828125,8258.1904296875,1411.4000244140625,59.58000183105469,11588.349609375
2019-07-16,3004.0400390625,8222.7998046875,1409.199951171875,57.619998931884766,11662.599609375
2019-07-17,2984.419921875,8185.2099609375,1421.300048828125,56.779998779296875,11687.5
2019-07-18,2995.110107421875,8207.240234375,1426.0999755859375,55.29999923706055,11596.900390625
2019-07-19,2976.610107421875,8146.490234375,1425.0999755859375,55.630001068115234,11419.25
2019-07-22,2985.030029296875,8204.1396484375,1425.300048828125,56.220001220703125,11346.2001953125
2019-07-23,3005.469970703125,8251.400390625,1420.0999755859375,56.77000045776367,11331.0498046875
2019-07-24,3019.56005859375,8321.5,1422.800048828125,55.880001068115234,11271.2998046875
2019-07-25,3003.669921875,8238.5400390625,1413.9000244140625,56.02000045776367,11252.150390625
2019-07-26,3025.860107421875,8330.2099609375,1418.5,56.20000076293945,11284.2998046875
2019-07-29,3020.969970703125,8293.330078125,1419.5999755859375,56.869998931884766,11189.2001953125
2019-07-30,3013.179931640625,8273.6103515625,1429.699951171875,58.04999923706055,11085.400390625
2019-07-31,2980.3798828125,8175.419921875,1426.0999755859375,58.58000183105469,11118.0
2019-08-01,2953.56005859375,8111.1201171875,1420.9000244140625,53.95000076293945,10980.0
2019-08-02,2932.050048828125,8004.06982421875,1445.5999755859375,55.65999984741211,10997.349609375
2019-08-05,2844.739990234375,7726.0400390625,1464.5999755859375,54.689998626708984,10862.599609375
2019-08-06,2881.77001953125,7833.27001953125,1472.4000244140625,53.630001068115234,10948.25
2019-08-07,2883.97998046875,7862.830078125,1507.300048828125,51.09000015258789,10855.5
2019-08-08,2938.090087890625,8039.16015625,1497.699951171875,52.540000915527344,11032.4501953125
2019-08-09,2918.64990234375,7959.14013671875,1496.5999755859375,54.5,11109.650390625
2019-08-12,2882.699951171875,7863.41015625,1505.300048828125,54.93000030517578,
2019-08-13,2926.320068359375,8016.35986328125,1502.199951171875,57.099998474121094,10925.849609375
2019-08-14,2840.60009765625,7773.93994140625,1515.9000244140625,55.22999954223633,11029.400390625
2019-08-15,2847.60009765625,7766.6201171875,1519.5999755859375,54.470001220703125,
2019-08-16,2888.679931640625,7895.990234375,1512.5,54.869998931884766,11047.7998046875
2019-08-19,2923.64990234375,8002.81005859375,1500.4000244140625,56.209999084472656,11053.900390625
2019-08-20,2900.510009765625,7948.56005859375,1504.5999755859375,56.34000015258789,11017.0
2019-08-21,2924.429931640625,8020.2099609375,1504.5999755859375,55.68000030517578,10918.7001953125
2019-08-22,2922.949951171875,7991.39013671875,1497.300048828125,55.349998474121094,10741.349609375
2019-08-23,2847.110107421875,7751.77001953125,1526.5999755859375,54.16999816894531,10829.349609375
2019-08-26,2878.3798828125,7853.740234375,1526.300048828125,53.63999938964844,11057.849609375
2019-08-27,2869.159912109375,7826.9501953125,1541.0,54.93000030517578,11105.349609375
2019-08-28,2887.93994140625,7856.8798828125,1537.800048828125,55.779998779296875,11046.099609375
2019-08-29,2924.580078125,7973.39013671875,1526.5,56.709999084472656,10948.2998046875
2019-08-30,2926.4599609375,7962.8798828125,1519.0999755859375,55.099998474121094,11023.25
2019-09-03,2906.27001953125,7874.16015625,1545.9000244140625,53.939998626708984,10797.900390625
2019-09-04,2937.780029296875,7976.8798828125,1550.300048828125,56.2599983215332,10844.650390625
2019-09-05,2976.0,8116.830078125,1515.4000244140625,56.29999923706055,10847.900390625
2019-09-06,2978.7099609375,8103.06982421875,1506.199951171875,56.52000045776367,10946.2001953125
2019-09-09,2978.429931640625,8087.43994140625,1502.199951171875,57.849998474121094,11003.0498046875
2019-09-10,2979.389892578125,8084.16015625,1490.300048828125,57.400001525878906,
2019-09-11,3000.929931640625,8169.68017578125,1494.4000244140625,55.75,11035.7001953125
2019-09-12,3009.570068359375,8194.4697265625,1498.699951171875,55.09000015258789,10982.7998046875
2019-09-13,3007.389892578125,8176.7099609375,1490.9000244140625,54.849998474121094,11075.900390625
2019-09-16,2997.9599609375,8153.5400390625,1503.0999755859375,62.900001525878906,11003.5
2019-09-17,3005.699951171875,8186.02001953125,1505.0999755859375,59.34000015258789,10817.599609375
2019-09-18,3006.72998046875,8177.39013671875,1507.5,58.11000061035156,10840.650390625
2019-09-19,3006.7900390625,8182.8798828125,1498.4000244140625,58.130001068115234,10704.7998046875
2019-09-20,2992.070068359375,8117.669921875,1507.300048828125,58.09000015258789,11274.2001953125
2019-09-23,2991.780029296875,8112.4599609375,1523.699951171875,58.63999938964844,11600.2001953125
2019-09-24,2966.60009765625,7993.6298828125,1532.0999755859375,57.290000915527344,11588.2001953125
2019-09-25,2984.8701171875,8077.3798828125,1504.5999755859375,56.4900016784668,11440.2001953125
2019-09-26,2977.6201171875,8030.66015625,1507.5,56.40999984741211,11571.2001953125
2019-09-27,2961.7900390625,7939.6298828125,1499.0999755859375,55.90999984741211,11512.400390625
2019-09-30,2976.739990234375,7999.33984375,1465.699951171875,54.06999969482422,11474.4501953125
2019-10-01,2940.25,7908.68017578125,1482.0,53.619998931884766,11359.900390625
2019-10-02,2887.610107421875,7785.25,1501.0,52.63999938964844,
2019-10-03,2910.6298828125,7872.259765625,1507.0999755859375,52.45000076293945,11314.0
2019-10-04,2952.010009765625,7982.47021484375,1506.199951171875,52.810001373291016,11174.75
2019-10-07,2938.7900390625,7956.2900390625,1497.699951171875,52.75,11126.400390625
2019-10-08,2893.06005859375,7823.77978515625,1497.199951171875,52.630001068115234,
2019-10-09,2919.39990234375,7903.740234375,1506.0999755859375,52.59000015258789,11313.2998046875
2019-10-10,2938.1298828125,7950.77978515625,1494.800048828125,53.54999923706055,11234.5498046875
2019-10-11,2970.27001953125,8057.0400390625,1482.699951171875,54.70000076293945,11305.0498046875
2019-10-14,2966.14990234375,8048.64990234375,1491.699951171875,53.59000015258789,11341.150390625
2019-10-15,2995.679931640625,8148.7099609375,1477.5999755859375,52.810001373291016,11428.2998046875
2019-10-16,2989.68994140625,8124.18017578125,1488.0,53.36000061035156,11464.0
2019-10-17,2997.949951171875,8156.85009765625,1492.300048828125,53.93000030517578,11586.349609375
2019-10-18,2986.199951171875,8089.5400390625,1488.199951171875,53.779998779296875,11661.849609375
2019-10-21,3006.719970703125,8162.990234375,1482.4000244140625,53.310001373291016,
2019-10-22,2995.989990234375,8104.2998046875,1481.699951171875,54.15999984741211,11588.349609375
2019-10-23,3004.52001953125,8119.7900390625,1489.9000244140625,55.970001220703125,11604.099609375
2019-10-24,3010.2900390625,8185.7998046875,1498.9000244140625,56.22999954223633,11582.599609375
2019-10-25,3022.550048828125,8243.1201171875,1499.5,56.65999984741211,11583.900390625
2019-10-28,3039.419921875,8325.990234375,1490.0,55.810001373291016,
2019-10-29,3036.889892578125,8276.849609375,1487.0,55.540000915527344,11786.849609375
2019-10-30,3046.77001953125,8303.98046875,1493.199951171875,55.060001373291016,11844.099609375
2019-10-31,3037.56005859375,8292.3603515625,1511.4000244140625,54.18000030517578,11877.4501953125
2019-11-01,3066.909912109375,8386.400390625,1508.0,56.20000076293945,11890.599609375
2019-11-04,3078.27001953125,8433.2001953125,1508.0,56.540000915527344,11941.2998046875
2019-11-05,3074.6201171875,8434.6796875,1480.800048828125,57.22999954223633,11917.2001953125
2019-11-06,3076.780029296875,8410.6298828125,1490.199951171875,56.349998474121094,11966.0498046875
2019-11-07,3085.179931640625,8434.51953125,1464.199951171875,57.150001525878906,12012.0498046875
2019-11-08,3093.080078125,8475.3095703125,1461.300048828125,57.2400016784668,11908.150390625
2019-11-11,3087.010009765625,8464.2802734375,1455.5,56.86000061035156,11913.4501953125
2019-11-12,3091.840087890625,8486.08984375,1452.0999755859375,56.79999923706055,
2019-11-13,3094.0400390625,8482.099609375,1461.699951171875,57.119998931884766,11840.4501953125
2019-11-14,3096.6298828125,8479.01953125,1471.800048828125,56.77000045776367,11872.099609375
2019-11-15,3120.4599609375,8540.830078125,1467.300048828125,57.720001220703125,11895.4501953125
2019-11-18,3122.030029296875,8549.9404296875,1470.9000244140625,57.04999923706055,11884.5
2019-11-19,3120.179931640625,8570.66015625,1473.300048828125,55.209999084472656,11940.099609375
2019-11-20,3108.4599609375,8526.73046875,1473.300048828125,57.11000061035156,11999.099609375
2019-11-21,3103.5400390625,8506.2099609375,1463.0999755859375,58.58000183105469,11968.400390625
2019-11-22,3110.2900390625,8519.8798828125,1463.0999755859375,57.77000045776367,11914.400390625
2019-11-25,3133.639892578125,8632.490234375,1456.5999755859375,58.0099983215332,12073.75
2019-11-26,3140.52001953125,8647.9296875,1459.800048828125,58.40999984741211,12037.7001953125
2019-11-27,3153.6298828125,8705.1796875,1453.4000244140625,58.11000061035156,12100.7001953125
2019-11-28,,,,,12151.150390625
2019-11-29,3140.97998046875,8665.4697265625,1465.5999755859375,55.16999816894531,12056.0498046875
2019-12-02,3113.8701171875,8567.990234375,1462.300048828125,55.959999084472656,12048.2001953125
2019-12-03,3093.199951171875,8520.6396484375,1478.199951171875,56.099998474121094,11994.2001953125
2019-12-04,3112.760009765625,8566.669921875,1474.0,58.43000030517578,12043.2001953125
2019-12-05,3117.429931640625,8570.7001953125,1476.9000244140625,58.43000030517578,12018.400390625
2019-12-06,3145.909912109375,8656.5302734375,1459.0999755859375,59.20000076293945,11921.5
2019-12-09,3135.9599609375,8621.830078125,1459.300048828125,59.02000045776367,11937.5
2019-12-10,3132.52001953125,8616.1796875,1462.5999755859375,59.2400016784668,11856.7998046875
2019-12-11,3141.6298828125,8654.0498046875,1469.4000244140625,58.7599983215332,11910.150390625
2019-12-12,3168.570068359375,8717.3203125,1466.699951171875,59.18000030517578,11971.7998046875
2019-12-13,3168.800048828125,8734.8798828125,1475.5999755859375,60.06999969482422,12086.7001953125
2019-12-16,3191.449951171875,8814.23046875,1475.0,60.209999084472656,12053.9501953125
2019-12-17,3192.52001953125,8823.3603515625,1474.5999755859375,60.939998626708984,12165.0
2019-12-18,3191.139892578125,8827.740234375,1472.5999755859375,60.93000030517578,12221.650390625
2019-12-19,3205.3701171875,8887.2197265625,1478.199951171875,61.220001220703125,12259.7001953125
2019-12-20,3221.219970703125,8924.9599609375,1474.699951171875,60.439998626708984,12271.7998046875
2019-12-23,3224.010009765625,8945.650390625,1482.5,60.52000045776367,12262.75
2019-12-24,3223.3798828125,8952.8798828125,1499.0999755859375,61.11000061035156,12214.5498046875
2019-12-26,3239.909912109375,9022.3896484375,1509.300048828125,61.68000030517578,12126.5498046875
2019-12-27,3240.02001953125,9006.6201171875,1513.800048828125,61.720001220703125,12245.7998046875
2019-12-30,3221.2900390625,8945.990234375,1514.5,61.68000030517578,12255.849609375
2019-12-31,3230.780029296875,8972.599609375,1519.5,61.060001373291016,12168.4501953125
2020-01-01,,,,,12182.5
2020-01-02,3257.85009765625,9092.1904296875,1524.5,61.18000030517578,12282.2001953125
2020-01-03,3234.85009765625,9020.76953125,1549.199951171875,63.04999923706055,12226.650390625
2020-01-06,3246.280029296875,9071.4697265625,1566.199951171875,63.27000045776367,11993.0498046875
2020-01-07,3237.179931640625,9068.580078125,1571.800048828125,62.70000076293945,12052.9501953125
2020-01-08,3253.050048828125,9129.240234375,1557.4000244140625,59.61000061035156,12025.349609375
2020-01-09,3274.699951171875,9203.4296875,1551.699951171875,59.560001373291016,12215.900390625
2020-01-10,3265.35009765625,9178.8603515625,1557.5,59.040000915527344,12256.7998046875
2020-01-13,3288.1298828125,9273.9296875,1548.4000244140625,58.08000183105469,12329.5498046875
2020-01-14,3283.14990234375,9251.330078125,1542.4000244140625,58.22999954223633,12362.2998046875
2020-01-15,3289.2900390625,9258.7001953125,1552.0999755859375,57.810001373291016,12343.2998046875
2020-01-16,3316.81005859375,9357.1298828125,1549.0,58.52000045776367,12355.5
2020-01-17,3329.6201171875,9388.9404296875,1558.800048828125,58.540000915527344,12352.349609375
2020-01-20,,,,,12224.5498046875
2020-01-21,3320.7900390625,9370.8095703125,1556.4000244140625,58.34000015258789,12169.849609375
2020-01-22,3321.75,9383.76953125,1555.300048828125,56.7400016784668,12106.900390625
2020-01-23,3325.5400390625,9402.48046875,1564.5999755859375,55.59000015258789,12180.349609375
2020-01-24,3295.469970703125,9314.91015625,1571.0999755859375,54.189998626708984,12248.25
2020-01-27,3243.6298828125,9139.3095703125,1576.800048828125,53.13999938964844,12119.0
2020-01-28,3276.239990234375,9269.6796875,1569.199951171875,53.47999954223633,12055.7998046875
2020-01-29,3273.39990234375,9275.16015625,1569.800048828125,53.33000183105469,12129.5
2020-01-30,3283.659912109375,9298.9296875,1583.5,52.13999938964844,12035.7998046875
2020-01-31,3225.52001953125,9150.9404296875,1582.9000244140625,51.560001373291016,11962.099609375
2020-02-03,3248.919921875,9273.400390625,1577.199951171875,50.11000061035156,11707.900390625
2020-02-04,3297.590087890625,9467.9697265625,1550.4000244140625,49.61000061035156,11979.650390625
2020-02-05,3334.68994140625,9508.6796875,1557.800048828125,50.75,12089.150390625
2020-02-06,3345.780029296875,9572.150390625,1565.0999755859375,50.95000076293945,12137.9501953125
2020-02-07,3327.7099609375,9520.509765625,1568.5999755859375,50.31999969482422,12098.349609375
2020-02-10,3352.090087890625,9628.3896484375,1574.699951171875,49.56999969482422,12031.5
2020-02-11,3357.75,9638.9404296875,1565.5999755859375,49.939998626708984,12107.900390625
2020-02-12,3379.449951171875,9725.9599609375,1567.4000244140625,51.16999816894531,12201.2001953125
2020-02-13,3373.93994140625,9711.9697265625,1575.0999755859375,51.41999816894531,12174.650390625
2020-02-14,3380.159912109375,9731.1796875,1582.699951171875,52.04999923706055,12113.4501953125
2020-02-17,,,,,12045.7998046875
2020-02-18,3370.2900390625,9732.740234375,1600.0,52.04999923706055,11992.5
2020-02-19,3386.14990234375,9817.1796875,1607.5,53.290000915527344,12125.900390625
2020-02-20,3373.22998046875,9750.9697265625,1616.5999755859375,53.779998779296875,12080.849609375
2020-02-21,3337.75,9576.58984375,1644.5999755859375,53.380001068115234,
2020-02-24,3225.889892578125,9221.2802734375,1672.4000244140625,51.43000030517578,11829.400390625
2020-02-25,3128.2099609375,8965.6103515625,1646.9000244140625,49.900001525878906,11797.900390625
2020-02-26,3116.389892578125,8980.7802734375,1640.0,48.72999954223633,11678.5
2020-02-27,2978.760009765625,8566.48046875,1640.0,47.09000015258789,11633.2998046875
2020-02-28,2954.219970703125,8567.3701171875,1564.0999755859375,44.7599983215332,11201.75
2020-03-02,3090.22998046875,8952.169921875,1592.300048828125,46.75,11132.75
2020-03-03,3003.3701171875,8684.08984375,1642.0999755859375,47.18000030517578,11303.2998046875
2020-03-04,3130.1201171875,9018.08984375,1641.0999755859375,46.779998779296875,11251.0
2020-03-05,3023.93994140625,8738.58984375,1666.4000244140625,45.900001525878906,11269.0
2020-03-06,2972.3701171875,8575.6201171875,1670.800048828125,41.279998779296875,10989.4501953125
2020-03-09,2746.56005859375,7950.68017578125,1674.5,31.1299991607666,10451.4501953125
2020-03-10,2882.22998046875,8344.25,1659.0999755859375,34.36000061035156,
2020-03-11,2741.3798828125,7952.0498046875,1641.4000244140625,32.97999954223633,10458.400390625
2020-03-12,2480.639892578125,7201.7998046875,1589.300048828125,31.5,9590.150390625
2020-03-13,2711.02001953125,7874.8798828125,1515.699951171875,31.729999542236328,9955.2001953125
2020-03-16,2386.1298828125,6904.58984375,1485.9000244140625,28.700000762939453,9197.400390625
2020-03-17,2529.18994140625,7334.77978515625,1524.9000244140625,26.950000762939453,8967.0498046875
2020-03-18,2398.10009765625,6989.83984375,1477.300048828125,20.3700008392334,8468.7998046875
2020-03-19,2409.389892578125,7150.580078125,1478.5999755859375,25.219999313354492,8263.4501953125
2020-03-20,2304.919921875,6879.52001953125,1484.0,22.43000030517578,8745.4501953125
2020-03-23,2237.39990234375,6860.669921875,1567.0,23.360000610351562,7610.25
2020-03-24,2447.330078125,7417.85986328125,1660.199951171875,24.010000228881836,7801.0498046875
2020-03-25,2475.56005859375,7384.2998046875,1632.300048828125,24.489999771118164,8317.849609375
2020-03-26,2630.070068359375,7797.5400390625,1650.0999755859375,22.600000381469727,8641.4501953125
2020-03-27,2541.469970703125,7502.3798828125,1623.9000244140625,21.510000228881836,8660.25
2020-03-30,2626.64990234375,7774.14990234375,1622.0,20.09000015258789,8281.099609375
2020-03-31,2584.590087890625,7700.10009765625,1583.4000244140625,20.479999542236328,8597.75
2020-04-01,2470.5,7360.580078125,1578.199951171875,20.309999465942383,8253.7998046875
2020-04-02,2526.89990234375,7487.31005859375,1625.699951171875,25.31999969482422,
2020-04-03,2488.64990234375,7373.080078125,1633.699951171875,28.34000015258789,8083.7998046875
2020-04-06,2663.679931640625,7913.240234375,1677.0,26.079999923706055,
2020-04-07,2659.409912109375,7887.259765625,1664.800048828125,23.6299991607666,8792.2001953125
2020-04-08,2749.97998046875,8090.89990234375,1665.4000244140625,25.09000015258789,8748.75
2020-04-09,2789.820068359375,8153.580078125,1736.199951171875,22.760000228881836,9111.900390625
2020-04-13,2761.6298828125,8192.419921875,1744.800048828125,22.40999984741211,8993.849609375
2020-04-14,2846.06005859375,8515.740234375,1756.699951171875,20.110000610351562,
2020-04-15,2783.360107421875,8393.1796875,1727.199951171875,19.8700008392334,8925.2998046875
2020-04-16,2799.550048828125,8532.3603515625,1720.4000244140625,19.8700008392334,8992.7998046875
2020-04-17,2874.56005859375,8650.1396484375,1689.199951171875,18.270000457763672,9266.75
2020-04-20,2823.159912109375,8560.73046875,1701.5999755859375,-37.630001068115234,9261.849609375
2020-04-21,2736.56005859375,8263.23046875,1678.199951171875,10.010000228881836,8981.4501953125
2020-04-22,2799.31005859375,8495.3798828125,1728.699951171875,13.779999732971191,9187.2998046875
2020-04-23,2797.800048828125,8494.75,1733.300048828125,16.5,9313.900390625
2020-04-24,2836.739990234375,8634.51953125,1723.5,16.940000534057617,9154.400390625
2020-04-27,2878.47998046875,8730.16015625,1711.9000244140625,12.779999732971191,9282.2998046875
2020-04-28,2863.389892578125,8607.73046875,1710.5,12.34000015258789,9380.900390625
2020-04-29,2939.510009765625,8914.7099609375,1703.4000244140625,15.0600004196167,9553.349609375
2020-04-30,2912.429931640625,8889.5498046875,1684.199951171875,18.84000015258789,9859.900390625
2020-05-01,2830.7099609375,8604.9501953125,1694.5,19.780000686645508,
2020-05-04,2842.739990234375,8710.7099609375,1706.9000244140625,20.389999389648438,9293.5
2020-05-05,2868.43994140625,8809.1201171875,1704.4000244140625,24.559999465942383,9205.599609375
2020-05-06,2848.419921875,8854.3896484375,1684.199951171875,23.989999771118164,9270.900390625
2020-05-07,2881.18994140625,8979.66015625,1721.800048828125,23.549999237060547,9199.0498046875
2020-05-08,2929.800048828125,9121.3203125,1709.9000244140625,24.739999771118164,9251.5
2020-05-11,2930.18994140625,9192.33984375,1695.300048828125,24.139999389648438,9239.2001953125
2020-05-12,2870.1201171875,9002.5498046875,1704.4000244140625,25.780000686645508,9196.5498046875
2020-05-13,2820.0,8863.169921875,1713.9000244140625,25.290000915527344,9383.5498046875
2020-05-14,2852.5,8943.7197265625,1738.0999755859375,27.559999465942383,9142.75
2020-05-15,2863.699951171875,9014.5595703125,1753.4000244140625,29.43000030517578,9136.849609375
2020-05-18,2953.909912109375,9234.830078125,1731.800048828125,31.81999969482422,8823.25
2020-05-19,2922.93994140625,9185.099609375,1744.199951171875,32.5,8879.099609375
2020-05-20,2971.610107421875,9375.7802734375,1750.5999755859375,33.4900016784668,9066.5498046875
2020-05-21,2948.510009765625,9284.8798828125,1720.5,33.91999816894531,9106.25
2020-05-22,2955.449951171875,9324.58984375,1734.5999755859375,33.25,9039.25
2020-05-26,2991.77001953125,9340.2197265625,1704.800048828125,34.349998474121094,9029.0498046875
2020-05-27,3036.1298828125,9412.3603515625,1710.300048828125,32.810001373291016,9314.9501953125
2020-05-28,3029.72998046875,9368.990234375,1713.300048828125,33.709999084472656,9490.099609375
2020-05-29,3044.31005859375,9489.8701171875,1751.699951171875,35.4900016784668,9580.2998046875
2020-06-01,3055.72998046875,9552.0498046875,1750.300048828125,35.439998626708984,9826.150390625
2020-06-02,3080.820068359375,9608.3798828125,1734.0,36.810001373291016,9979.099609375
2020-06-03,3122.8701171875,9682.91015625,1704.800048828125,37.290000915527344,10061.5498046875
2020-06-04,3112.35009765625,9615.8095703125,1727.4000244140625,37.40999984741211,10029.099609375
2020-06-05,3193.929931640625,9814.080078125,1683.0,39.54999923706055,10142.150390625
2020-06-08,3232.389892578125,9924.75,1705.0999755859375,38.189998626708984,10167.4501953125
2020-06-09,3207.179931640625,9953.75,1721.9000244140625,38.939998626708984,10046.650390625
2020-06-10,3190.139892578125,10020.349609375,1720.699951171875,39.599998474121094,10116.150390625
2020-06-11,3002.10009765625,9492.73046875,1739.800048828125,36.34000015258789,9902.0
2020-06-12,3041.31005859375,9588.8095703125,1737.300048828125,36.2599983215332,9972.900390625
2020-06-15,3066.590087890625,9726.01953125,1727.199951171875,37.119998931884766,9813.7001953125
2020-06-16,3124.739990234375,9895.8701171875,1736.5,38.380001068115234,9914.0
2020-06-17,3113.489990234375,9910.5302734375,1735.5999755859375,37.959999084472656,9881.150390625
2020-06-18,3115.340087890625,9943.0498046875,1731.0999755859375,38.84000015258789,10091.650390625
2020-06-19,3097.739990234375,9946.1201171875,1753.0,39.75,10244.400390625
2020-06-22,3117.860107421875,10056.48046875,1766.4000244140625,40.459999084472656,10311.2001953125
2020-06-23,3131.2900390625,10131.3701171875,1782.0,40.369998931884766,10471.0
2020-06-24,3050.330078125,9909.169921875,1775.0999755859375,38.0099983215332,10305.2998046875
2020-06-25,3083.760009765625,10017.0,1770.5999755859375,38.720001220703125,10288.900390625
2020-06-26,3009.050048828125,9757.2197265625,1780.300048828125,38.4900016784668,10383.0
2020-06-29,3053.239990234375,9874.150390625,1781.199951171875,39.70000076293945,10312.400390625
2020-06-30,3100.2900390625,10058.76953125,1800.5,39.27000045776367,10302.099609375
2020-07-01,3115.860107421875,10154.6298828125,1779.9000244140625,39.81999969482422,10430.0498046875
2020-07-02,3130.010009765625,10207.6298828125,1790.0,40.650001525878906,10551.7001953125
2020-07-03,,,,,10607.349609375
2020-07-06,3179.719970703125,10433.650390625,1793.5,40.630001068115234,10763.650390625
2020-07-07,3145.320068359375,10343.8896484375,1809.9000244140625,40.619998931884766,10799.650390625
2020-07-08,3169.93994140625,10492.5,1820.5999755859375,40.900001525878906,10705.75
2020-07-09,3152.050048828125,10547.75,1803.800048828125,39.619998931884766,10813.4501953125
2020-07-10,3185.0400390625,10617.4404296875,1801.9000244140625,40.54999923706055,10768.0498046875
2020-07-13,3155.219970703125,10390.83984375,1814.0999755859375,40.099998474121094,10802.7001953125
2020-07-14,3197.52001953125,10488.580078125,1813.4000244140625,40.290000915527344,10607.349609375
2020-07-15,3226.56005859375,10550.490234375,1813.800048828125,41.20000076293945,10618.2001953125
2020-07-16,3215.570068359375,10473.830078125,1800.300048828125,40.75,10739.9501953125
2020-07-17,3224.72998046875,10503.1904296875,1810.0,40.59000015258789,10901.7001953125
2020-07-20,3251.840087890625,10767.08984375,1817.4000244140625,40.810001373291016,11022.2001953125
2020-07-21,3257.300048828125,10680.3603515625,1843.9000244140625,41.959999084472656,11162.25
2020-07-22,3276.02001953125,10706.1298828125,1865.0999755859375,41.900001525878906,11132.599609375
2020-07-23,3235.659912109375,10461.419921875,1890.0,41.06999969482422,11215.4501953125
2020-07-24,3215.6298828125,10363.1796875,1897.5,41.290000915527344,11194.150390625
2020-07-27,3239.409912109375,10536.26953125,1931.0,41.599998474121094,11131.7998046875
2020-07-28,3218.43994140625,10402.08984375,1944.5999755859375,41.040000915527344,11300.5498046875
2020-07-29,3258.43994140625,10542.9404296875,1953.4000244140625,41.27000045776367,11202.849609375
2020-07-30,3246.219970703125,10587.8095703125,1942.300048828125,39.91999816894531,11102.150390625
2020-07-31,3271.1201171875,10745.26953125,1962.800048828125,40.27000045776367,11073.4501953125
2020-08-03,3294.610107421875,10902.7998046875,1966.0,41.0099983215332,10891.599609375
2020-08-04,3306.510009765625,10941.169921875,2021.0,41.70000076293945,11095.25
2020-08-05,3327.77001953125,10998.400390625,2049.300048828125,42.189998626708984,11101.650390625
2020-08-06,3349.159912109375,11108.0703125,2069.39990234375,41.95000076293945,11200.150390625
2020-08-07,3351.280029296875,11010.98046875,2028.0,41.220001220703125,11214.0498046875
2020-08-10,3360.469970703125,10968.3603515625,2039.699951171875,41.939998626708984,11270.150390625
2020-08-11,3333.68994140625,10782.8203125,1946.300048828125,41.61000061035156,11322.5
2020-08-12,3380.35009765625,11012.240234375,1949.0,42.66999816894531,11308.400390625
2020-08-13,3373.429931640625,11042.5,1970.4000244140625,42.2400016784668,11300.4501953125
2020-08-14,3372.85009765625,11019.2998046875,1949.800048828125,42.0099983215332,11178.400390625
2020-08-17,3381.989990234375,11129.73046875,1998.699951171875,42.88999938964844,11247.099609375
2020-08-18,3389.780029296875,11210.83984375,2013.0999755859375,42.88999938964844,11385.349609375
2020-08-19,3374.85009765625,11146.4599609375,1970.300048828125,42.93000030517578,11408.400390625
2020-08-20,3385.510009765625,11264.9501953125,1946.5,42.58000183105469,11312.2001953125
2020-08-21,3397.159912109375,11311.7998046875,1947.0,42.34000015258789,11371.599609375
2020-08-24,3431.280029296875,11379.7197265625,1939.199951171875,42.619998931884766,11466.4501953125
2020-08-25,3443.6201171875,11466.4697265625,1923.0999755859375,43.349998474121094,11472.25
2020-08-26,3478.72998046875,11665.0595703125,1952.5,43.38999938964844,11549.599609375
2020-08-27,3484.550048828125,11625.33984375,1932.5999755859375,43.040000915527344,11559.25
2020-08-28,3508.010009765625,11695.6298828125,1974.9000244140625,42.970001220703125,11647.599609375
2020-08-31,3500.31005859375,11775.4599609375,1978.5999755859375,42.61000061035156,11387.5
2020-09-01,3526.64990234375,11939.669921875,1978.9000244140625,42.7599983215332,11470.25
2020-09-02,3580.840087890625,12056.4404296875,1944.699951171875,41.5099983215332,11535.0
2020-09-03,3455.06005859375,11458.099609375,1937.800048828125,41.369998931884766,11527.4501953125
2020-09-04,3426.9599609375,11313.1298828125,1934.300048828125,39.77000045776367,11333.849609375
2020-09-07,,,,,11355.0498046875
2020-09-08,3331.840087890625,10847.6904296875,1943.199951171875,36.7599983215332,11317.349609375
2020-09-09,3398.9599609375,11141.5595703125,1954.9000244140625,38.04999923706055,11278.0
2020-09-10,3339.18994140625,10919.58984375,1964.300048828125,37.29999923706055,11449.25
2020-09-11,3340.969970703125,10853.5498046875,1947.9000244140625,37.33000183105469,11464.4501953125
2020-09-14,3383.5400390625,11056.650390625,1963.699951171875,37.2599983215332,11440.0498046875
2020-09-15,3401.199951171875,11190.3203125,1966.199951171875,38.279998779296875,11521.7998046875
2020-09-16,3385.489990234375,11050.4697265625,1970.5,40.15999984741211,11604.5498046875
2020-09-17,3357.010009765625,10910.2802734375,1949.9000244140625,40.970001220703125,11516.099609375
2020-09-18,3319.469970703125,10793.2802734375,1962.0999755859375,41.11000061035156,11504.9501953125
2020-09-21,3281.06005859375,10778.7998046875,1910.5999755859375,39.310001373291016,11250.5498046875
2020-09-22,3315.570068359375,10963.6396484375,1907.5999755859375,39.599998474121094,11153.650390625
2020-09-23,3236.919921875,10632.990234375,1868.4000244140625,39.93000030517578,11131.849609375
2020-09-24,3246.590087890625,10672.26953125,1876.9000244140625,40.310001373291016,10805.5498046875
2020-09-25,3298.4599609375,10913.5595703125,1866.300048828125,40.25,11050.25
2020-09-28,3351.60009765625,11117.5302734375,1882.300048828125,40.599998474121094,11227.5498046875
2020-09-29,3335.469970703125,11085.25,1903.199951171875,39.290000915527344,11222.400390625
2020-09-30,3363.0,11167.509765625,1895.5,40.220001220703125,11247.5498046875
2020-10-01,3380.800048828125,11326.509765625,1916.300048828125,38.720001220703125,11416.9501953125
2020-10-02,3348.419921875,11075.01953125,1907.5999755859375,37.04999923706055,
2020-10-05,3408.60009765625,11332.490234375,1920.0999755859375,39.220001220703125,11503.349609375
2020-10-06,3360.969970703125,11154.599609375,1908.800048828125,40.66999816894531,11662.400390625
2020-10-07,3419.43994140625,11364.599609375,1890.800048828125,39.95000076293945,11738.849609375
2020-10-08,3446.830078125,11420.98046875,1895.0999755859375,41.189998626708984,11834.599609375
2020-10-09,3477.139892578125,11579.9404296875,1926.199951171875,40.599998474121094,11914.2001953125
2020-10-12,3534.219970703125,11876.259765625,1928.9000244140625,39.43000030517578,11930.9501953125
2020-10-13,3511.929931640625,11863.900390625,1894.5999755859375,40.20000076293945,11934.5
2020-10-14,3488.669921875,11768.73046875,1907.300048828125,41.040000915527344,11971.0498046875
2020-10-15,3483.340087890625,11713.8701171875,1908.9000244140625,40.959999084472656,11680.349609375
2020-10-16,3483.81005859375,11671.5595703125,1906.4000244140625,40.880001068115234,11762.4501953125
2020-10-19,3426.919921875,11478.8798828125,1911.699951171875,40.83000183105469,11873.0498046875
2020-10-20,3443.1201171875,11516.490234375,1915.4000244140625,41.459999084472656,11896.7998046875
2020-10-21,3435.56005859375,11484.6904296875,1929.5,40.029998779296875,11937.650390625
2020-10-22,3453.489990234375,11506.009765625,1904.5999755859375,40.63999938964844,11896.4501953125
2020-10-23,3465.389892578125,11548.2802734375,1905.199951171875,39.849998474121094,11930.349609375
2020-10-26,3400.969970703125,11358.9404296875,1905.699951171875,38.560001373291016,11767.75
2020-10-27,3390.679931640625,11431.349609375,1911.9000244140625,39.56999969482422,11889.400390625
2020-10-28,3271.030029296875,11004.8701171875,1879.199951171875,37.38999938964844,11729.599609375
2020-10-29,3310.110107421875,11185.58984375,1868.0,36.16999816894531,11670.7998046875
2020-10-30,3269.9599609375,10911.58984375,1879.9000244140625,35.790000915527344,11642.400390625
2020-11-02,3310.239990234375,10957.6103515625,1892.5,36.810001373291016,11669.150390625
2020-11-03,3369.159912109375,11160.5703125,1910.4000244140625,37.65999984741211,11813.5
2020-11-04,3443.43994140625,11590.7802734375,1896.199951171875,39.150001525878906,11908.5
2020-11-05,3510.449951171875,11890.9296875,1946.800048828125,38.790000915527344,12120.2998046875
2020-11-06,3509.43994140625,11895.23046875,1951.699951171875,37.13999938964844,12263.5498046875
2020-11-09,3550.5,11713.7802734375,1854.4000244140625,40.290000915527344,12461.0498046875
2020-11-10,3545.530029296875,11553.8603515625,1876.4000244140625,41.36000061035156,12631.099609375
2020-11-11,3572.659912109375,11786.4296875,1861.5999755859375,41.45000076293945,12749.150390625
2020-11-12,3537.010009765625,11709.58984375,1873.300048828125,41.119998931884766,12690.7998046875
2020-11-13,3585.14990234375,11829.2900390625,1886.199951171875,40.130001068115234,12719.9501953125
2020-11-16,3626.909912109375,11924.1298828125,1887.800048828125,41.34000015258789,
2020-11-17,3609.530029296875,11899.33984375,1885.0999755859375,41.43000030517578,12874.2001953125
2020-11-18,3567.7900390625,11801.599609375,1873.9000244140625,41.81999969482422,12938.25
2020-11-19,3581.8701171875,11904.7099609375,1861.5,41.7400016784668,12771.7001953125
2020-11-20,3557.5400390625,11854.9697265625,1872.4000244140625,42.150001525878906,12859.0498046875
2020-11-23,3577.590087890625,11880.6298828125,1837.800048828125,43.060001373291016,12926.4501953125
2020-11-24,3635.409912109375,12036.7900390625,1804.5999755859375,44.90999984741211,13055.150390625
2020-11-25,3629.64990234375,12094.400390625,1805.5,45.709999084472656,12858.400390625
2020-11-26,,,,,12987.0
2020-11-27,3638.35009765625,12205.849609375,1781.9000244140625,45.529998779296875,12968.9501953125
2020-11-30,3621.6298828125,12198.740234375,1775.699951171875,45.34000015258789,
2020-12-01,3662.449951171875,12355.1103515625,1814.0999755859375,44.54999923706055,13109.0498046875
2020-12-02,3669.010009765625,12349.3701171875,1830.199951171875,45.279998779296875,13113.75
2020-12-03,3666.719970703125,12377.1796875,1841.0999755859375,45.63999938964844,13133.900390625
2020-12-04,3699.1201171875,12464.23046875,1840.0,46.2599983215332,13258.5498046875
2020-12-07,3691.9599609375,12519.9501953125,1866.0,45.7599983215332,13355.75
2020-12-08,3702.25,12582.76953125,1874.9000244140625,45.599998474121094,13392.9501953125
2020-12-09,3672.820068359375,12338.9501953125,1838.5,45.52000045776367,13529.099609375
2020-12-10,3668.10009765625,12405.8095703125,1837.4000244140625,46.779998779296875,13478.2998046875
2020-12-11,3663.4599609375,12377.8701171875,1843.5999755859375,46.56999969482422,13513.849609375
2020-12-14,3647.489990234375,12440.0400390625,1832.0999755859375,46.9900016784668,13558.150390625
2020-12-15,3694.6201171875,12595.0595703125,1855.300048828125,47.619998931884766,13567.849609375
2020-12-16,3701.169921875,12658.1904296875,1859.0999755859375,47.81999969482422,13682.7001953125
2020-12-17,3722.47998046875,12764.75,1890.4000244140625,48.36000061035156,13740.7001953125
2020-12-18,3709.409912109375,12755.6396484375,1888.9000244140625,49.099998474121094,13760.5498046875
2020-12-21,3694.919921875,12742.51953125,1882.800048828125,47.7400016784668,13328.400390625
2020-12-22,3687.260009765625,12807.919921875,1870.300048828125,47.02000045776367,13466.2998046875
2020-12-23,3690.010009765625,12771.1103515625,1878.0999755859375,48.119998931884766,13601.099609375
2020-12-24,3703.06005859375,12804.73046875,1883.199951171875,48.22999954223633,13749.25
2020-12-28,3735.360107421875,12899.419921875,1880.4000244140625,47.619998931884766,13873.2001953125
2020-12-29,3727.0400390625,12850.2197265625,1882.9000244140625,48.0,13932.599609375
2020-12-30,3732.0400390625,12870.0,1893.4000244140625,48.400001525878906,13981.9501953125
2020-12-31,3756.070068359375,12888.2802734375,1895.0999755859375,48.52000045776367,13981.75
2021-01-01,,,,,14018.5
2021-01-04,3700.64990234375,12698.4501953125,1946.5999755859375,47.619998931884766,14132.900390625
2021-01-05,3726.860107421875,12818.9599609375,1954.4000244140625,49.93000030517578,14199.5
2021-01-06,3748.139892578125,12740.7900390625,1908.5999755859375,50.630001068115234,14146.25
2021-01-07,3803.7900390625,13067.48046875,1913.5999755859375,50.83000183105469,14137.349609375
2021-01-08,3824.679931640625,13201.98046875,1835.4000244140625,52.2400016784668,14347.25
2021-01-11,3799.610107421875,13036.4296875,1850.800048828125,52.25,14484.75
2021-01-12,3801.18994140625,13072.4296875,1844.199951171875,53.209999084472656,14563.4501953125
2021-01-13,3809.840087890625,13128.9501953125,1854.9000244140625,52.90999984741211,14564.849609375
2021-01-14,3795.5400390625,13112.6396484375,1851.4000244140625,53.56999969482422,14595.599609375
2021-01-15,3768.25,12998.5,1829.9000244140625,52.36000061035156,14433.7001953125
2021-01-18,,,,,14281.2998046875
2021-01-19,3798.909912109375,13197.1796875,1840.199951171875,52.97999954223633,14521.150390625
2021-01-20,3851.85009765625,13457.25,1866.5,53.2400016784668,14644.7001953125
2021-01-21,3853.070068359375,13530.91015625,1865.9000244140625,53.130001068115234,14590.349609375
2021-01-22,3841.469970703125,13543.0595703125,1856.199951171875,52.27000045776367,14371.900390625
2021-01-25,3855.360107421875,13635.990234375,1855.199951171875,52.77000045776367,14238.900390625
2021-01-26,3849.6201171875,13626.0595703125,1850.9000244140625,52.61000061035156,
2021-01-27,3750.77001953125,13270.599609375,1844.9000244140625,52.849998474121094,13967.5
2021-01-28,3787.3798828125,13337.16015625,1837.9000244140625,52.34000015258789,13817.5498046875
2021-01-29,3714.239990234375,13070.6904296875,1847.300048828125,52.20000076293945,13634.599609375
2021-02-01,3773.860107421875,13403.3896484375,1863.9000244140625,53.54999923706055,14281.2001953125
2021-02-02,3826.31005859375,13612.7802734375,1833.4000244140625,54.7599983215332,14647.849609375
2021-02-03,3830.169921875,13610.5400390625,1835.0999755859375,55.689998626708984,14789.9501953125
2021-02-04,3871.739990234375,13777.740234375,1791.199951171875,56.22999954223633,14895.650390625
2021-02-05,3886.830078125,13856.2998046875,1813.0,56.849998474121094,14924.25
2021-02-08,3915.590087890625,13987.6396484375,1834.199951171875,57.970001220703125,15115.7998046875
2021-02-09,3911.22998046875,14007.7001953125,1837.5,58.36000061035156,15109.2998046875
2021-02-10,3909.8798828125,13972.5302734375,1842.699951171875,58.68000030517578,15106.5
2021-02-11,3916.3798828125,14025.76953125,1826.800048828125,58.2400016784668,15173.2998046875
2021-02-12,3934.830078125,14095.4697265625,1823.199951171875,59.470001220703125,15163.2998046875
2021-02-15,,,,,15314.7001953125
2021-02-16,3932.590087890625,14047.5,1799.0,60.04999923706055,15313.4501953125
2021-02-17,3931.330078125,13965.490234375,1772.800048828125,61.13999938964844,15208.900390625
2021-02-18,3913.969970703125,13865.3603515625,1775.0,60.52000045776367,15118.9501953125
2021-02-19,3906.7099609375,13874.4599609375,1777.4000244140625,59.2400016784668,14981.75
2021-02-22,3876.5,13533.0498046875,1808.4000244140625,61.4900016784668,14675.7001953125
2021-02-23,3881.3701171875,13465.2001953125,1805.9000244140625,61.66999816894531,14707.7998046875
2021-02-24,3925.429931640625,13597.9697265625,1797.9000244140625,63.220001220703125,14982.0
2021-02-25,3829.340087890625,13119.4296875,1775.4000244140625,63.529998779296875,15097.349609375
2021-02-26,3811.14990234375,13192.349609375,1728.800048828125,61.5,14529.150390625
2021-03-01,3901.820068359375,13588.830078125,1723.0,60.63999938964844,14761.5498046875
2021-03-02,3870.2900390625,13358.7900390625,1733.5999755859375,59.75,14919.099609375
2021-03-03,3819.719970703125,12997.75,1715.800048828125,61.279998779296875,15245.599609375
2021-03-04,3768.469970703125,12723.4697265625,1700.699951171875,63.83000183105469,15080.75
2021-03-05,3841.93994140625,12920.150390625,1698.5,66.08999633789062,14938.099609375
2021-03-08,3821.35009765625,12609.16015625,1678.0,65.05000305175781,14956.2001953125
2021-03-09,3875.43994140625,13073.8203125,1716.9000244140625,64.01000213623047,15098.400390625
2021-03-10,3898.81005859375,13068.830078125,1721.800048828125,64.44000244140625,15174.7998046875
2021-03-11,3939.340087890625,13398.669921875,1722.5999755859375,66.0199966430664,
2021-03-12,3943.340087890625,13319.8603515625,1719.800048828125,65.61000061035156,15030.9501953125
2021-03-15,3968.93994140625,13459.7099609375,1729.199951171875,65.38999938964844,14929.5
2021-03-16,3962.7099609375,13471.5703125,1730.9000244140625,64.80000305175781,14910.4501953125
2021-03-17,3974.1201171875,13525.2001953125,1727.0999755859375,64.5999984741211,14721.2998046875
2021-03-18,3915.4599609375,13116.169921875,1732.5,60.0,14557.849609375
2021-03-19,3913.10009765625,13215.240234375,1741.699951171875,61.41999816894531,14744.0
2021-03-22,3940.590087890625,13377.5400390625,1738.0999755859375,61.54999923706055,14736.400390625
2021-03-23,3910.52001953125,13227.7001953125,1725.0999755859375,57.7599983215332,14814.75
2021-03-24,3889.139892578125,12961.8896484375,1733.199951171875,61.18000030517578,14549.400390625
2021-03-25,3909.52001953125,12977.6796875,1725.0999755859375,58.560001373291016,14324.900390625
2021-03-26,3974.5400390625,13138.73046875,1732.300048828125,60.970001220703125,14507.2998046875
2021-03-29,3971.090087890625,13059.650390625,1712.199951171875,61.560001373291016,
2021-03-30,3958.550048828125,13045.3896484375,1683.9000244140625,60.54999923706055,14845.099609375
2021-03-31,3972.889892578125,13246.8701171875,1713.800048828125,59.15999984741211,14690.7001953125
2021-04-01,4019.8701171875,13480.1103515625,1728.4000244140625,61.45000076293945,14867.349609375
2021-04-05,4077.909912109375,13705.58984375,1728.800048828125,58.650001525878906,14637.7998046875
2021-04-06,4073.93994140625,13698.3798828125,1743.0,59.33000183105469,14683.5
2021-04-07,4079.949951171875,13688.83984375,1741.5999755859375,59.77000045776367,14819.0498046875
2021-04-08,4097.169921875,13829.3095703125,1758.199951171875,59.599998474121094,14873.7998046875
2021-04-09,4128.7998046875,13900.1904296875,1744.800048828125,59.31999969482422,14834.849609375
2021-04-12,4127.990234375,13850.0,1732.699951171875,59.70000076293945,14310.7998046875
2021-04-13,4141.58984375,13996.099609375,1747.5999755859375,60.18000030517578,14504.7998046875
2021-04-14,4124.66015625,13857.83984375,1736.300048828125,63.150001525878906,
2021-04-15,4170.419921875,14038.759765625,1766.800048828125,63.459999084472656,14581.4501953125
2021-04-16,4185.47021484375,14052.33984375,1780.199951171875,63.130001068115234,14617.849609375
2021-04-19,4163.259765625,13914.76953125,1770.5999755859375,63.380001068115234,14359.4501953125
2021-04-20,4134.93994140625,13786.26953125,1778.4000244140625,62.439998626708984,14296.400390625
2021-04-21,4173.419921875,13950.2197265625,1793.0999755859375,61.349998474121094,
2021-04-22,4134.97998046875,13818.41015625,1782.0,61.43000030517578,14406.150390625
2021-04-23,4180.169921875,14016.8095703125,1777.800048828125,62.13999938964844,14341.349609375
2021-04-26,4187.6201171875,14138.7802734375,1780.0999755859375,61.90999984741211,14485.0
2021-04-27,4186.72021484375,14090.2197265625,1778.800048828125,62.939998626708984,14653.0498046875
2021-04-28,4183.18017578125,14051.0302734375,1773.9000244140625,63.86000061035156,14864.5498046875
2021-04-29,4211.47021484375,14082.5498046875,1768.300048828125,65.01000213623047,14894.900390625
2021-04-30,4181.169921875,13962.6796875,1767.699951171875,63.58000183105469,14631.099609375
2021-05-03,4192.66015625,13895.1201171875,1791.800048828125,64.48999786376953,14634.150390625
2021-05-04,4164.66015625,13633.5,1776.0,65.69000244140625,14496.5
2021-05-05,4167.58984375,13582.419921875,1784.300048828125,65.62999725341797,14617.849609375
2021-05-06,4201.6201171875,13632.83984375,1815.699951171875,64.70999908447266,14724.7998046875
2021-05-07,4232.60009765625,13752.240234375,1831.300048828125,64.9000015258789,14823.150390625
2021-05-10,4188.43017578125,13401.8603515625,1837.5999755859375,64.91999816894531,14942.349609375
2021-05-11,4152.10009765625,13389.4296875,1836.0999755859375,65.27999877929688,14850.75
2021-05-12,4063.0400390625,13031.6796875,1822.800048828125,66.08000183105469,14696.5
2021-05-13,4112.5,13124.990234375,1824.0,63.81999969482422,
2021-05-14,4173.85009765625,13429.98046875,1838.0999755859375,65.37000274658203,14677.7998046875
2021-05-17,4163.2900390625,13379.0498046875,1867.5999755859375,66.2699966430664,14923.150390625
2021-05-18,4127.830078125,13303.6396484375,1868.0,65.48999786376953,15108.099609375
2021-05-19,4115.68017578125,13299.740234375,1881.5,63.36000061035156,15030.150390625
2021-05-20,4159.1201171875,13535.740234375,1881.9000244140625,62.04999923706055,14906.0498046875
2021-05-21,4155.85986328125,13470.990234375,1876.699951171875,63.58000183105469,15175.2998046875
2021-05-24,4197.0498046875,13661.169921875,1884.5,66.05000305175781,15197.7001953125
2021-05-25,4188.1298828125,13657.169921875,1898.0,66.06999969482422,15208.4501953125
2021-05-26,4195.990234375,13738.0,1901.199951171875,66.20999908447266,15301.4501953125
2021-05-27,4200.8798828125,13736.2802734375,1895.699951171875,66.8499984741211,15337.849609375
2021-05-28,4204.10986328125,13748.740234375,1902.5,66.31999969482422,15435.650390625
2021-05-31,,,,,15582.7998046875
2021-06-01,4202.0400390625,13736.48046875,1905.0,67.72000122070312,15574.849609375
2021-06-02,4208.1201171875,13756.330078125,1909.9000244140625,68.83000183105469,15576.2001953125
2021-06-03,4192.85009765625,13614.509765625,1873.300048828125,68.80999755859375,15690.349609375
2021-06-04,4229.89013671875,13814.490234375,1892.0,69.62000274658203,15670.25
2021-06-07,4226.52001953125,13881.7197265625,1898.800048828125,69.2300033569336,15751.650390625
2021-06-08,4227.259765625,13924.91015625,1894.4000244140625,70.05000305175781,15740.099609375
2021-06-09,4219.5498046875,13911.75,1895.5,69.95999908447266,15635.349609375
2021-06-10,4239.18017578125,14020.330078125,1896.4000244140625,70.29000091552734,15737.75
2021-06-11,4247.43994140625,14069.419921875,1879.5999755859375,70.91000366210938,15799.349609375
2021-06-14,4255.14990234375,14174.1396484375,1865.9000244140625,70.87999725341797,15811.849609375
2021-06-15,4246.58984375,14072.8603515625,1856.4000244140625,72.12000274658203,15869.25
2021-06-16,4223.7001953125,14039.6796875,1861.4000244140625,72.1500015258789,15767.5498046875
2021-06-17,4221.85986328125,14161.349609375,1774.800048828125,71.04000091552734,15691.400390625
2021-06-18,4166.4501953125,14030.3798828125,1769.0,71.63999938964844,15683.349609375
2021-06-21,4224.7900390625,14141.48046875,1782.9000244140625,73.66000366210938,15746.5
2021-06-22,4246.43994140625,14253.26953125,1777.4000244140625,73.05999755859375,15772.75
2021-06-23,4241.83984375,14271.73046875,1783.4000244140625,73.08000183105469,15686.9501953125
2021-06-24,4266.490234375,14369.7099609375,1776.699951171875,73.30000305175781,15790.4501953125
2021-06-25,4280.7001953125,14360.3896484375,1777.800048828125,74.05000305175781,15860.349609375
2021-06-28,4290.60986328125,14500.509765625,1780.699951171875,72.91000366210938,15814.7001953125
2021-06-29,4291.7998046875,14528.330078125,1763.5999755859375,72.9800033569336,15748.4501953125
2021-06-30,4297.5,14503.9501953125,1771.5999755859375,73.47000122070312,15721.5
2021-07-01,4319.93994140625,14522.3798828125,1776.800048828125,75.2300033569336,15680.0
2021-07-02,4352.33984375,14639.330078125,1783.300048828125,75.16000366210938,15722.2001953125
2021-07-05,,,,,15834.349609375
2021-07-06,4343.5400390625,14663.6396484375,1794.199951171875,73.37000274658203,15818.25
2021-07-07,4358.1298828125,14665.0595703125,1802.0999755859375,72.19999694824219,15879.650390625
2021-07-08,4320.81982421875,14559.7802734375,1800.199951171875,72.94000244140625,15727.900390625
2021-07-09,4369.5498046875,14701.919921875,1810.5999755859375,74.55999755859375,15689.7998046875
2021-07-12,4384.6298828125,14733.240234375,1805.9000244140625,74.0999984741211,15692.599609375
2021-07-13,4369.2099609375,14677.650390625,1809.9000244140625,75.25,15812.349609375
2021-07-14,4374.2998046875,14644.9501953125,1825.0,73.12999725341797,15853.9501953125
2021-07-15,4360.02978515625,14543.1298828125,1829.0,71.6500015258789,15924.2001953125
2021-07-16,4327.16015625,14427.240234375,1815.0,71.80999755859375,15923.400390625
2021-07-19,4258.490234375,14274.98046875,1809.199951171875,66.41999816894531,15752.400390625
2021-07-20,4323.06005859375,14498.8798828125,1811.4000244140625,67.41999816894531,15632.099609375
2021-07-21,4358.68994140625,14631.9501953125,1803.4000244140625,70.30000305175781,
2021-07-22,4367.47998046875,14684.599609375,1805.4000244140625,71.91000366210938,15824.0498046875
2021-07-23,4411.7900390625,14836.990234375,1801.800048828125,72.06999969482422,15856.0498046875
2021-07-26,4422.2998046875,14840.7099609375,1799.199951171875,71.91000366210938,15824.4501953125
2021-07-27,4401.4599609375,14660.580078125,1799.800048828125,71.6500015258789,15746.4501953125
2021-07-28,4400.64013671875,14762.580078125,1799.699951171875,72.38999938964844,15709.400390625
2021-07-29,4419.14990234375,14778.259765625,1831.199951171875,73.62000274658203,15778.4501953125
2021-07-30,4395.259765625,14672.6796875,1812.5999755859375,73.94999694824219,15763.0498046875
2021-08-02,4387.16015625,14681.0703125,1822.199951171875,71.26000213623047,15885.150390625
2021-08-03,4423.14990234375,14761.2900390625,1814.0999755859375,70.55999755859375,16130.75
2021-08-04,4402.66015625,14780.5302734375,1814.5,68.1500015258789,16258.7998046875
2021-08-05,4429.10009765625,14895.1201171875,1808.9000244140625,69.08999633789062,16294.599609375
2021-08-06,4436.52001953125,14835.759765625,1763.0999755859375,68.27999877929688,16238.2001953125
2021-08-09,4432.35009765625,14860.1796875,1726.5,66.4800033569336,16258.25
2021-08-10,4436.75,14788.08984375,1731.699951171875,68.29000091552734,16280.099609375
2021-08-11,4442.41015625,14765.1396484375,1753.300048828125,69.25,16282.25
2021-08-12,4460.830078125,14816.259765625,1751.800048828125,69.08999633789062,16364.400390625
2021-08-13,4468.0,14822.900390625,1778.199951171875,68.44000244140625,16529.099609375
2021-08-16,4479.7099609375,14793.759765625,1789.800048828125,67.29000091552734,16563.05078125
2021-08-17,4448.080078125,14656.1796875,1787.800048828125,66.58999633789062,16614.599609375
2021-08-18,4400.27001953125,14525.91015625,1784.4000244140625,65.45999908447266,16568.849609375
2021-08-19,4405.7998046875,14541.7900390625,1783.0999755859375,63.689998626708984,
2021-08-20,4441.669921875,14714.66015625,1784.0,62.31999969482422,16450.5
2021-08-23,4479.52978515625,14942.650390625,1806.300048828125,65.63999938964844,16496.44921875
2021-08-24,4486.22998046875,15019.7998046875,1808.5,67.54000091552734,16624.599609375
2021-08-25,4496.18994140625,15041.8603515625,1791.0,68.36000061035156,16634.650390625
2021-08-26,4470.0,14945.8095703125,1795.199951171875,67.41999816894531,16636.900390625
2021-08-27,4509.3701171875,15129.5,1819.5,68.73999786376953,16705.19921875
2021-08-30,4528.7900390625,15265.8896484375,1812.199951171875,69.20999908447266,16931.05078125
2021-08-31,4522.68017578125,15259.240234375,1818.0999755859375,68.5,17132.19921875
2021-09-01,4524.08984375,15309.3798828125,1816.0,68.58999633789062,17076.25
2021-09-02,4536.9501953125,15331.1796875,1811.5,69.98999786376953,17234.150390625
2021-09-03,4535.43017578125,15363.51953125,1833.699951171875,69.29000091552734,17323.599609375
2021-09-06,,,,,17377.80078125
2021-09-07,4520.02978515625,15374.330078125,1798.5,68.3499984741211,17362.099609375
2021-09-08,4514.06982421875,15286.6396484375,1793.5,69.30000305175781,17353.5
2021-09-09,4493.27978515625,15248.25,1800.0,68.13999938964844,17369.25
2021-09-10,4458.580078125,15115.490234375,1792.0999755859375,69.72000122070312,
2021-09-13,4468.72998046875,15105.580078125,1794.4000244140625,70.44999694824219,17355.30078125
2021-09-14,4443.0498046875,15037.759765625,1807.0999755859375,70.45999908447266,17380.0
2021-09-15,4480.7001953125,15161.5302734375,1794.800048828125,72.61000061035156,17519.44921875
2021-09-16,4473.75,15181.919921875,1756.699951171875,72.61000061035156,17629.5
2021-09-17,4432.990234375,15043.9697265625,1751.4000244140625,71.97000122070312,17585.150390625
2021-09-20,4357.72998046875,14713.900390625,1763.800048828125,70.29000091552734,17396.900390625
2021-09-21,4354.18994140625,14746.400390625,1778.199951171875,70.55999755859375,17562.0
2021-09-22,4395.64013671875,14896.849609375,1778.800048828125,72.2300033569336,17546.650390625
2021-09-23,4448.97998046875,15052.240234375,1749.800048828125,73.30000305175781,17822.94921875
2021-09-24,4455.47998046875,15047.7001953125,1751.699951171875,73.9800033569336,17853.19921875
2021-09-27,4443.10986328125,14969.9697265625,1752.0,75.44999694824219,17855.099609375
2021-09-28,4352.6298828125,14546.6796875,1737.5,75.29000091552734,17748.599609375
2021-09-29,4359.4599609375,14512.4404296875,1722.9000244140625,74.83000183105469,17711.30078125
2021-09-30,4307.5400390625,14448.580078125,1757.0,75.02999877929688,17618.150390625
2021-10-01,4357.0400390625,14566.7001953125,1758.4000244140625,75.87999725341797,17532.05078125
2021-10-04,4300.4599609375,14255.48046875,1767.5999755859375,77.62000274658203,17691.25
2021-10-05,4345.72021484375,14433.830078125,1760.9000244140625,78.93000030517578,17822.30078125
2021-10-06,4363.5498046875,14501.91015625,1761.800048828125,77.43000030517578,17646.0
2021-10-07,4399.759765625,14654.01953125,1759.199951171875,78.30000305175781,17790.349609375
2021-10-08,4391.33984375,14579.5400390625,1757.4000244140625,79.3499984741211,17895.19921875
2021-10-11,4361.18994140625,14486.2001953125,1755.699951171875,80.5199966430664,17945.94921875
2021-10-12,4350.64990234375,14465.919921875,1759.300048828125,80.63999938964844,17991.94921875
2021-10-13,4363.7998046875,14571.6396484375,1794.699951171875,80.44000244140625,18161.75
2021-10-14,4438.259765625,14823.4296875,1797.9000244140625,81.30999755859375,18338.55078125
2021-10-15,4471.3701171875,14897.33984375,1768.300048828125,82.27999877929688,
2021-10-18,4486.4599609375,15021.8095703125,1765.699951171875,82.44000244140625,18477.05078125
2021-10-19,4519.6298828125,15129.08984375,1770.5,82.95999908447266,18418.75
2021-10-20,4536.18994140625,15121.6796875,1784.9000244140625,83.87000274658203,18266.599609375
2021-10-21,4549.77978515625,15215.7001953125,1781.9000244140625,82.5,18178.099609375
2021-10-22,4544.89990234375,15090.2001953125,1796.300048828125,83.76000213623047,18114.900390625
2021-10-25,4566.47998046875,15226.7099609375,1806.800048828125,83.76000213623047,18125.400390625
2021-10-26,4574.7900390625,15235.7099609375,1793.4000244140625,84.6500015258789,18268.400390625
2021-10-27,4551.68017578125,15235.83984375,1798.800048828125,82.66000366210938,18210.94921875
2021-10-28,4596.419921875,15448.1201171875,1802.5999755859375,82.80999755859375,17857.25
2021-10-29,4605.3798828125,15498.3896484375,1783.9000244140625,83.56999969482422,17671.650390625
2021-11-01,4613.669921875,15595.919921875,1795.800048828125,84.05000305175781,17929.650390625
2021-11-02,4630.64990234375,15649.599609375,1789.4000244140625,83.91000366210938,17888.94921875
2021-11-03,4660.56982421875,15811.580078125,1763.9000244140625,80.86000061035156,17829.19921875
2021-11-04,4680.06005859375,15940.3095703125,1793.5,78.80999755859375,17916.80078125
2021-11-05,4697.52978515625,15971.58984375,1816.800048828125,81.2699966430664,
2021-11-08,4701.7001953125,15982.3603515625,1828.0,81.93000030517578,18068.55078125
2021-11-09,4685.25,15886.5400390625,1830.800048828125,84.1500015258789,18044.25
2021-11-10,4646.7099609375,15622.7099609375,1848.300048828125,81.33999633789062,18017.19921875
2021-11-11,4649.27001953125,15704.2802734375,1863.9000244140625,81.58999633789062,17873.599609375
2021-11-12,4682.85009765625,15860.9599609375,1868.5,80.79000091552734,18102.75
2021-11-15,4682.7998046875,15853.849609375,1866.5999755859375,80.87999725341797,18109.44921875
2021-11-16,4700.89990234375,15973.8603515625,1854.0999755859375,80.76000213623047,17999.19921875
2021-11-17,4688.669921875,15921.5703125,1870.199951171875,78.36000061035156,17898.650390625
2021-11-18,4704.5400390625,15993.7099609375,1861.4000244140625,79.01000213623047,17764.80078125
2021-11-19,4697.9599609375,16057.4404296875,1851.5999755859375,76.0999984741211,
2021-11-22,4682.93994140625,15854.759765625,1806.300048828125,76.75,17416.55078125
2021-11-23,4690.7001953125,15775.1396484375,1783.800048828125,78.5,17503.349609375
2021-11-24,4701.4599609375,15845.23046875,1784.300048828125,78.38999938964844,17415.05078125
2021-11-25,,,,,17536.25
2021-11-26,4594.6201171875,15491.66015625,1785.5,68.1500015258789,17026.44921875
2021-11-29,4655.27001953125,15782.830078125,1782.300048828125,69.94999694824219,17053.94921875
2021-11-30,4567.0,15537.6904296875,1773.5999755859375,66.18000030517578,16983.19921875
2021-12-01,4513.0400390625,15254.0498046875,1784.300048828125,65.56999969482422,17166.900390625
2021-12-02,4577.10009765625,15381.3203125,1762.699951171875,66.5,17401.650390625
2021-12-03,4538.43017578125,15085.4697265625,1783.9000244140625,66.26000213623047,17196.69921875
2021-12-06,4591.669921875,15225.150390625,1779.5,69.48999786376953,16912.25
2021-12-07,4686.75,15686.919921875,1784.699951171875,72.05000305175781,17176.69921875
2021-12-08,4701.2099609375,15786.990234375,1785.5,72.36000061035156,17469.75
2021-12-09,4667.4501953125,15517.3701171875,1776.699951171875,70.94000244140625,17516.849609375
2021-12-10,4712.02001953125,15630.599609375,1784.800048828125,71.66999816894531,17511.30078125
2021-12-13,4668.97021484375,15413.2802734375,1788.300048828125,71.29000091552734,17368.25
2021-12-14,4634.08984375,15237.6396484375,1772.300048828125,70.7300033569336,17324.900390625
2021-12-15,4709.85009765625,15565.580078125,1764.5,70.87000274658203,17221.400390625
2021-12-16,4668.669921875,15180.4296875,1798.199951171875,72.37999725341797,17248.400390625
2021-12-17,4620.64013671875,15169.6796875,1804.9000244140625,70.86000061035156,16985.19921875
2021-12-20,4568.02001953125,14980.9404296875,1794.5999755859375,68.2300033569336,16614.19921875
2021-12-21,4649.22998046875,15341.08984375,1788.699951171875,71.12000274658203,16770.849609375
2021-12-22,4696.56005859375,15521.8896484375,1802.199951171875,72.76000213623047,16955.44921875
2021-12-23,4725.7900390625,15653.3701171875,1811.699951171875,73.79000091552734,17072.599609375
2021-12-24,,,,,17003.75
2021-12-27,4791.18994140625,15871.259765625,1808.800048828125,75.56999969482422,17086.25
2021-12-28,4786.35009765625,15781.7197265625,1810.9000244140625,75.9800033569336,17233.25
2021-12-29,4793.06005859375,15766.2197265625,1805.800048828125,76.55999755859375,17213.599609375
2021-12-30,4778.72998046875,15741.5595703125,1814.0999755859375,76.98999786376953,17203.94921875
2021-12-31,4766.18017578125,15644.9697265625,1828.5999755859375,75.20999908447266,17354.05078125
2022-01-03,4796.56005859375,15832.7998046875,1800.0999755859375,76.08000183105469,17625.69921875
2022-01-04,4793.5400390625,15622.7197265625,1814.5999755859375,76.98999786376953,17805.25
2022-01-05,4700.580078125,15100.169921875,1825.0999755859375,77.8499984741211,17925.25
2022-01-06,4696.0498046875,15080.8603515625,1789.199951171875,79.45999908447266,17745.900390625
2022-01-07,4677.02978515625,14935.900390625,1797.4000244140625,78.9000015258789,17812.69921875
2022-01-10,4670.2900390625,14942.830078125,1798.800048828125,78.2300033569336,18003.30078125
2022-01-11,4713.06982421875,15153.4501953125,1818.5,81.22000122070312,18055.75
2022-01-12,4726.35009765625,15188.3896484375,1827.300048828125,82.63999938964844,18212.349609375
2022-01-13,4659.02978515625,14806.8095703125,1821.4000244140625,82.12000274658203,18257.80078125
2022-01-14,4662.85009765625,14893.75,1816.5,83.81999969482422,18255.75
2022-01-17,,,,,18308.099609375
2022-01-18,4577.10986328125,14506.900390625,1812.4000244140625,85.43000030517578,18113.05078125
2022-01-19,4532.759765625,14340.259765625,1843.199951171875,86.95999908447266,17938.400390625
2022-01-20,4482.72998046875,14154.01953125,1842.5999755859375,86.9000015258789,17757.0
2022-01-21,4397.93994140625,13768.919921875,1831.800048828125,85.13999938964844,17617.150390625
2022-01-24,4410.1298828125,13855.1298828125,1841.699951171875,83.30999755859375,17149.099609375
2022-01-25,4356.4501953125,13539.2900390625,1852.5,85.5999984741211,17277.94921875
2022-01-26,4349.93017578125,13542.1201171875,1829.699951171875,87.3499984741211,
2022-01-27,4326.509765625,13352.7802734375,1793.0999755859375,86.61000061035156,17110.150390625
2022-01-28,4431.85009765625,13770.5703125,1784.9000244140625,86.81999969482422,17101.94921875
2022-01-31,4515.5498046875,14239.8798828125,1795.0,88.1500015258789,17339.849609375
2022-02-01,4546.5400390625,14346.0,1801.5,88.19999694824219,17576.849609375
2022-02-02,4589.3798828125,14417.5498046875,1810.300048828125,88.26000213623047,17780.0
2022-02-03,4477.43994140625,13878.8203125,1804.0999755859375,90.2699966430664,17560.19921875
2022-02-04,4500.52978515625,14098.009765625,1807.800048828125,92.30999755859375,17516.30078125
2022-02-07,4483.8701171875,14015.669921875,1821.800048828125,91.31999969482422,17213.599609375
2022-02-08,4521.5400390625,14194.4501953125,1827.9000244140625,89.36000061035156,17266.75
2022-02-09,4587.18017578125,14490.3701171875,1836.5999755859375,89.66000366210938,17463.80078125
2022-02-10,4504.080078125,14185.6396484375,1837.4000244140625,89.87999725341797,17605.849609375
2022-02-11,4418.64013671875,13791.150390625,1842.0999755859375,93.0999984741211,17374.75
2022-02-14,4401.669921875,13790.919921875,1869.4000244140625,95.45999908447266,16842.80078125
2022-02-15,4471.06982421875,14139.759765625,1856.199951171875,92.06999969482422,17352.44921875
2022-02-16,4475.009765625,14124.08984375,1871.5,93.66000366210938,17322.19921875
2022-02-17,4380.259765625,13716.7197265625,1902.0,91.76000213623047,17304.599609375
2022-02-18,4348.8701171875,13548.0703125,1899.800048828125,91.06999969482422,17276.30078125
2022-02-21,,,,,17206.650390625
2022-02-22,4304.759765625,13381.51953125,1907.4000244140625,92.3499984741211,17092.19921875
2022-02-23,4225.5,13037.490234375,1910.4000244140625,92.0999984741211,17063.25
2022-02-24,4288.7001953125,13473.58984375,1926.300048828125,92.80999755859375,16247.9501953125
2022-02-25,4384.64990234375,13694.6201171875,1887.5999755859375,91.58999633789062,16658.400390625
2022-02-28,4373.93994140625,13751.400390625,1900.699951171875,95.72000122070312,16793.900390625
2022-03-01,4306.259765625,13532.4599609375,1943.800048828125,103.41000366210938,
2022-03-02,4386.5400390625,13752.01953125,1922.300048828125,110.5999984741211,16605.94921875
2022-03-03,4363.490234375,13537.9404296875,1935.9000244140625,107.66999816894531,16498.05078125
2022-03-04,4328.8701171875,13313.4404296875,1966.5999755859375,115.68000030517578,16245.349609375
2022-03-07,4201.08984375,12830.9599609375,1995.9000244140625,119.4000015258789,15863.150390625
2022-03-08,4170.7001953125,12795.5498046875,2043.300048828125,123.69999694824219,16013.4501953125
2022-03-09,4277.8798828125,13255.5498046875,1988.199951171875,108.69999694824219,16345.349609375
2022-03-10,4259.52001953125,13129.9599609375,2000.4000244140625,106.0199966430664,16594.900390625
2022-03-11,4204.31005859375,12843.8095703125,1985.0,109.33000183105469,16630.44921875
2022-03-14,4173.10986328125,12581.2197265625,1960.800048828125,103.01000213623047,16871.30078125
2022-03-15,4262.4501953125,12948.6201171875,1929.699951171875,96.44000244140625,16663.0
2022-03-16,4357.85986328125,13436.5498046875,1909.199951171875,95.04000091552734,16975.349609375
2022-03-17,4411.669921875,13614.7802734375,1943.199951171875,102.9800033569336,17287.05078125
2022-03-18,4463.1201171875,13893.83984375,1929.300048828125,104.69999694824219,
2022-03-21,4461.18017578125,13838.4599609375,1929.5,112.12000274658203,17117.599609375
2022-03-22,4511.60986328125,14108.8203125,1921.5,111.76000213623047,17315.5
2022-03-23,4456.240234375,13922.599609375,1937.300048828125,114.93000030517578,17245.650390625
2022-03-24,4520.16015625,14191.83984375,1962.199951171875,112.33999633789062,17222.75
2022-03-25,4543.06005859375,14169.2998046875,1954.199951171875,113.9000015258789,17153.0
2022-03-28,4575.52001953125,14354.900390625,1939.800048828125,105.95999908447266,17222.0
2022-03-29,4631.60009765625,14619.6396484375,1912.199951171875,104.23999786376953,17325.30078125
2022-03-30,4602.4501953125,14442.26953125,1933.5,107.81999969482422,17498.25
2022-03-31,4530.41015625,14220.51953125,1949.199951171875,100.27999877929688,17464.75
2022-04-01,4545.85986328125,14261.5,1923.699951171875,99.2699966430664,17670.44921875
2022-04-04,4582.64013671875,14532.5498046875,1934.0,103.27999877929688,18053.400390625
2022-04-05,4525.1201171875,14204.169921875,1927.5,101.95999908447266,17957.400390625
2022-04-06,4481.14990234375,13888.8203125,1923.0999755859375,96.2300033569336,17807.650390625
2022-04-07,4500.2099609375,13897.2998046875,1937.800048828125,96.02999877929688,17639.55078125
2022-04-08,4488.27978515625,13711.0,1945.5999755859375,98.26000213623047,17784.349609375
2022-04-11,4412.52978515625,13411.9599609375,1948.199951171875,94.29000091552734,17674.94921875
2022-04-12,4397.4501953125,13371.5703125,1976.0999755859375,100.5999984741211,17530.30078125
2022-04-13,4446.58984375,13643.58984375,1984.699951171875,104.25,17475.650390625
2022-04-14,4392.58984375,13351.080078125,1974.9000244140625,106.94999694824219,
2022-04-18,4391.68994140625,13332.3603515625,1986.4000244140625,108.20999908447266,17173.650390625
2022-04-19,4462.2099609375,13619.66015625,1959.0,102.55999755859375,16958.650390625
2022-04-20,4459.4501953125,13453.0703125,1955.5999755859375,102.75,17136.55078125
2022-04-21,4393.66015625,13174.650390625,1948.199951171875,103.79000091552734,17392.599609375
2022-04-22,4271.77978515625,12839.2900390625,1934.300048828125,102.06999969482422,17171.94921875
2022-04-25,4296.1201171875,13004.849609375,1896.0,98.54000091552734,16953.94921875
2022-04-26,4175.2001953125,12490.740234375,1904.0999755859375,101.69999694824219,17200.80078125
2022-04-27,4183.9599609375,12488.9296875,1888.699951171875,102.0199966430664,17038.400390625
2022-04-28,4287.5,12871.5302734375,1891.300048828125,105.36000061035156,17245.05078125
2022-04-29,4131.93017578125,12334.6396484375,1911.699951171875,104.69000244140625,17102.55078125
2022-05-02,4155.3798828125,12536.01953125,1863.5999755859375,105.16999816894531,17069.099609375
2022-05-03,4175.47998046875,12563.759765625,1870.5999755859375,102.41000366210938,
2022-05-04,4300.169921875,12964.8603515625,1868.800048828125,107.80999755859375,16677.599609375
2022-05-05,4146.8701171875,12317.6904296875,1875.699951171875,108.26000213623047,16682.650390625
2022-05-06,4123.33984375,12144.66015625,1882.800048828125,109.7699966430664,16411.25
2022-05-09,3991.239990234375,11623.25,1858.5999755859375,103.08999633789062,16301.849609375
2022-05-10,4001.050048828125,11737.669921875,1841.0,99.76000213623047,16240.0498046875
2022-05-11,3935.179931640625,11364.240234375,1853.699951171875,105.70999908447266,16167.099609375
2022-05-12,3930.080078125,11370.9599609375,1824.5999755859375,106.12999725341797,15808.0
2022-05-13,4023.889892578125,11805.0,1808.199951171875,110.48999786376953,15782.150390625
2022-05-16,4008.010009765625,11662.7900390625,1814.0,114.19999694824219,15842.2998046875
2022-05-17,4088.85009765625,11984.51953125,1818.9000244140625,112.4000015258789,16259.2998046875
2022-05-18,3923.679931640625,11418.150390625,1815.9000244140625,109.58999633789062,16240.2998046875
2022-05-19,3900.7900390625,11388.5,1841.199951171875,112.20999908447266,15809.400390625
2022-05-20,3901.360107421875,11354.6201171875,1842.0999755859375,113.2300033569336,16266.150390625
2022-05-23,3973.75,11535.26953125,1847.800048828125,110.29000091552734,16214.7001953125
2022-05-24,3941.47998046875,11264.4501953125,1865.4000244140625,109.7699966430664,16125.150390625
2022-05-25,3978.72998046875,11434.740234375,1846.300048828125,110.33000183105469,16025.7998046875
2022-05-26,4057.840087890625,11740.650390625,1847.5999755859375,114.08999633789062,16170.150390625
2022-05-27,4158.240234375,12131.1298828125,1851.300048828125,115.06999969482422,16352.4501953125
2022-05-30,,,,,16661.400390625
2022-05-31,4132.14990234375,12081.3896484375,1842.699951171875,114.66999816894531,16584.55078125
2022-06-01,4101.22998046875,11994.4599609375,1848.699951171875,115.26000213623047,16522.75
2022-06-02,4176.81982421875,12316.900390625,1871.4000244140625,116.87000274658203,16628.0
2022-06-03,4108.5400390625,12012.73046875,1850.199951171875,118.87000274658203,16584.30078125
2022-06-06,4121.43017578125,12061.3701171875,1843.699951171875,118.5,16569.55078125
2022-06-07,4160.68017578125,12175.23046875,1852.0999755859375,119.41000366210938,16416.349609375
2022-06-08,4115.77001953125,12086.26953125,1856.5,122.11000061035156,16356.25
2022-06-09,4017.820068359375,11754.23046875,1852.800048828125,121.51000213623047,16478.099609375
2022-06-10,3900.860107421875,11340.01953125,1875.5,120.66999816894531,16201.7998046875
2022-06-13,3749.6298828125,10809.23046875,1831.800048828125,120.93000030517578,15774.400390625
2022-06-14,3735.47998046875,10828.349609375,1813.5,118.93000030517578,15732.099609375
2022-06-15,3789.989990234375,11099.150390625,1819.5999755859375,115.30999755859375,15692.150390625
2022-06-16,3666.77001953125,10646.099609375,1849.9000244140625,117.58999633789062,15360.599609375
2022-06-17,3674.840087890625,10798.349609375,1840.5999755859375,109.55999755859375,15293.5
2022-06-20,,,,,15350.150390625
2022-06-21,3764.7900390625,11069.2998046875,1838.800048828125,110.6500015258789,15638.7998046875
2022-06-22,3759.889892578125,11053.080078125,1838.4000244140625,106.19000244140625,15413.2998046875
2022-06-23,3795.72998046875,11232.1904296875,1829.800048828125,104.2699966430664,15556.650390625
2022-06-24,3911.739990234375,11607.6201171875,1830.300048828125,107.62000274658203,15699.25
2022-06-27,3900.110107421875,11524.5498046875,1824.800048828125,109.56999969482422,15832.0498046875
2022-06-28,3821.550048828125,11181.5400390625,1821.199951171875,111.76000213623047,15850.2001953125
2022-06-29,3818.830078125,11177.8896484375,1817.5,109.77999877929688,15799.099609375
2022-06-30,3785.3798828125,11028.740234375,1807.300048828125,105.76000213623047,15780.25
2022-07-01,3825.330078125,11127.849609375,1801.5,108.43000030517578,15752.0498046875
2022-07-04,,,,,15835.349609375
2022-07-05,3831.389892578125,11322.240234375,1763.9000244140625,99.5,15810.849609375
2022-07-06,3845.080078125,11361.849609375,1736.5,98.52999877929688,15989.7998046875
2022-07-07,3902.6201171875,11621.349609375,1739.699951171875,102.7300033569336,16132.900390625
2022-07-08,3899.3798828125,11635.3095703125,1742.300048828125,104.79000091552734,16220.599609375
2022-07-11,3854.429931640625,11372.599609375,1731.699951171875,104.08999633789062,16216.0
2022-07-12,3818.800048828125,11264.73046875,1724.800048828125,95.83999633789062,16058.2998046875
2022-07-13,3801.780029296875,11247.580078125,1735.5,96.30000305175781,15966.650390625
2022-07-14,3790.3798828125,11251.1904296875,1705.800048828125,95.77999877929688,15938.650390625
2022-07-15,3863.159912109375,11452.419921875,1703.5999755859375,97.58999633789062,16049.2001953125
2022-07-18,3830.85009765625,11360.0498046875,1710.199951171875,102.5999984741211,16278.5
2022-07-19,3936.68994140625,11713.150390625,1710.699951171875,104.22000122070312,16340.5498046875
2022-07-20,3959.89990234375,11897.650390625,1700.199951171875,102.26000213623047,16520.849609375
2022-07-21,3998.949951171875,12059.6103515625,1713.4000244140625,96.3499984741211,16605.25
2022-07-22,3961.6298828125,11834.1103515625,1727.4000244140625,94.69999694824219,16719.44921875
2022-07-25,3966.840087890625,11782.669921875,1719.0999755859375,96.69999694824219,16631.0
2022-07-26,3921.050048828125,11562.5703125,1717.699951171875,94.9800033569336,16483.849609375
2022-07-27,4023.610107421875,12032.419921875,1719.0999755859375,97.26000213623047,16641.80078125
2022-07-28,4072.429931640625,12162.58984375,1750.300048828125,96.41999816894531,16929.599609375
2022-07-29,4130.2900390625,12390.6904296875,1762.9000244140625,98.62000274658203,17158.25
2022-08-01,4118.6298828125,12368.98046875,1787.699951171875,93.88999938964844,17340.05078125
2022-08-02,4091.18994140625,12348.759765625,1789.699951171875,94.41999816894531,17345.44921875
2022-08-03,4155.169921875,12668.16015625,1776.4000244140625,90.66000366210938,17388.150390625
2022-08-04,4151.93994140625,12720.580078125,1806.9000244140625,88.54000091552734,17382.0
2022-08-05,4145.18994140625,12657.5498046875,1791.199951171875,89.01000213623047,17397.5
2022-08-08,4140.06005859375,12644.4599609375,1805.199951171875,90.76000213623047,17525.099609375
2022-08-09,4122.47021484375,12493.9296875,1812.300048828125,90.5,
2022-08-10,4210.240234375,12854.7998046875,1813.699951171875,91.93000030517578,17534.75
2022-08-11,4207.27001953125,12779.91015625,1807.199951171875,94.33999633789062,17659.0
2022-08-12,4280.14990234375,13047.1904296875,1815.5,92.08999633789062,17698.150390625
2022-08-15,4297.14013671875,13128.0498046875,1798.0999755859375,89.41000366210938,
2022-08-16,4305.2001953125,13102.5498046875,1789.699951171875,86.52999877929688,17825.25
2022-08-17,4274.0400390625,12938.1201171875,1776.699951171875,88.11000061035156,17944.25
2022-08-18,4283.740234375,12965.33984375,1771.199951171875,90.5,17956.5
2022-08-19,4228.47998046875,12705.2197265625,1762.9000244140625,90.7699966430664,17758.44921875
2022-08-22,4137.990234375,12381.5703125,1748.4000244140625,90.2300033569336,17490.69921875
2022-08-23,4128.72998046875,12381.2998046875,1761.199951171875,93.73999786376953,17577.5
2022-08-24,4140.77001953125,12431.5302734375,1761.5,94.88999938964844,17604.94921875
2022-08-25,4199.1201171875,12639.26953125,1771.4000244140625,92.5199966430664,17522.44921875
2022-08-26,4057.659912109375,12141.7099609375,1749.800048828125,93.05999755859375,17558.900390625
2022-08-29,4030.610107421875,12017.669921875,1749.699951171875,97.01000213623047,17312.900390625
2022-08-30,3986.159912109375,11883.1396484375,1736.300048828125,91.63999938964844,17759.30078125
2022-08-31,3955.0,11816.2001953125,1726.199951171875,89.55000305175781,
2022-09-01,3966.85009765625,11785.1298828125,1709.300048828125,86.61000061035156,17542.80078125
2022-09-02,3924.260009765625,11630.8603515625,1722.5999755859375,86.87000274658203,17539.44921875
2022-09-05,,,,,17665.80078125
2022-09-06,3908.18994140625,11544.91015625,1712.9000244140625,86.87999725341797,17655.599609375
2022-09-07,3979.8701171875,11791.900390625,1727.800048828125,81.94000244140625,17624.400390625
2022-09-08,4006.179931640625,11862.1298828125,1720.199951171875,83.54000091552734,17798.75
2022-09-09,4067.360107421875,12112.3095703125,1728.5999755859375,86.79000091552734,17833.349609375
2022-09-12,4110.41015625,12266.41015625,1740.5999755859375,87.77999877929688,17936.349609375
2022-09-13,3932.68994140625,11633.5703125,1717.4000244140625,87.30999755859375,18070.05078125
2022-09-14,3946.010009765625,11719.6796875,1709.0999755859375,88.4800033569336,18003.75
2022-09-15,3901.35009765625,11552.3603515625,1677.300048828125,85.0999984741211,17877.400390625
2022-09-16,3873.330078125,11448.400390625,1683.5,85.11000061035156,17530.849609375
2022-09-19,3899.889892578125,11535.01953125,1678.199951171875,85.7300033569336,17622.25
2022-09-20,3855.929931640625,11425.0498046875,1671.0999755859375,84.44999694824219,17816.25
2022-09-21,3789.929931640625,11220.1904296875,1675.699951171875,82.94000244140625,17718.349609375
2022-09-22,3757.989990234375,11066.8095703125,1681.0999755859375,83.48999786376953,17629.80078125
2022-09-23,3693.22998046875,10867.9296875,1655.5999755859375,78.73999786376953,17327.349609375
2022-09-26,3655.0400390625,10802.919921875,1633.4000244140625,76.70999908447266,17016.30078125
2022-09-27,3647.2900390625,10829.5,1636.199951171875,78.5,17007.400390625
2022-09-28,3719.0400390625,11051.6396484375,1670.0,82.1500015258789,16858.599609375
2022-09-29,3640.469970703125,10737.509765625,1668.5999755859375,81.2300033569336,16818.099609375
2022-09-30,3585.6201171875,10575.6201171875,1672.0,79.48999786376953,17094.349609375
2022-10-03,3678.429931640625,10815.4296875,1702.0,83.62999725341797,16887.349609375
2022-10-04,3790.929931640625,11176.41015625,1730.5,86.5199966430664,17274.30078125
2022-10-05,3783.280029296875,11148.6396484375,1720.800048828125,87.76000213623047,
2022-10-06,3744.52001953125,11073.3095703125,1720.800048828125,88.44999694824219,17331.80078125
2022-10-07,3639.659912109375,10652.400390625,1709.300048828125,92.63999938964844,17314.650390625
2022-10-10,3612.389892578125,10542.099609375,1675.199951171875,91.12999725341797,17241.0
2022-10-11,3588.840087890625,10426.1904296875,1686.0,89.3499984741211,16983.55078125
2022-10-12,3577.030029296875,10417.099609375,1677.5,87.2699966430664,17123.599609375
2022-10-13,3669.909912109375,10649.150390625,1677.0,89.11000061035156,17014.349609375
2022-10-14,3583.070068359375,10321.3896484375,1648.9000244140625,85.61000061035156,17185.69921875
2022-10-17,3677.949951171875,10675.7998046875,1664.0,85.45999908447266,17311.80078125
2022-10-18,3719.97998046875,10772.400390625,1655.800048828125,82.81999969482422,17486.94921875
2022-10-19,3695.159912109375,10680.509765625,1634.199951171875,85.55000305175781,17512.25
2022-10-20,3665.780029296875,10614.83984375,1636.800048828125,85.9800033569336,17563.94921875
2022-10-21,3752.75,10859.7197265625,1656.300048828125,85.05000305175781,17576.30078125
2022-10-24,3797.340087890625,10952.6103515625,1654.0999755859375,84.58000183105469,17730.75
2022-10-25,3859.110107421875,11199.1201171875,1658.0,85.31999969482422,17656.349609375
2022-10-26,3830.60009765625,10970.990234375,1669.199951171875,87.91000366210938,
2022-10-27,3807.300048828125,10792.669921875,1665.5999755859375,89.08000183105469,17736.94921875
2022-10-28,3901.06005859375,11102.4501953125,1644.800048828125,87.9000015258789,17786.80078125
2022-10-31,3871.97998046875,10988.150390625,1640.699951171875,86.52999877929688,18012.19921875
2022-11-01,3856.10009765625,10890.849609375,1649.699951171875,88.37000274658203,18145.400390625
2022-11-02,3759.68994140625,10524.7998046875,1650.0,90.0,18082.849609375
2022-11-03,3719.889892578125,10342.9404296875,1630.9000244140625,88.16999816894531,18052.69921875
2022-11-04,3770.550048828125,10475.25,1676.5999755859375,92.61000061035156,18117.150390625
2022-11-07,3806.800048828125,10564.51953125,1680.5,91.79000091552734,18202.80078125
2022-11-08,3828.110107421875,10616.2001953125,1716.0,88.91000366210938,
2022-11-09,3748.570068359375,10353.169921875,1713.699951171875,85.83000183105469,18157.0
2022-11-10,3956.3701171875,11114.150390625,1753.699951171875,86.47000122070312,18028.19921875
2022-11-11,3992.929931640625,11323.330078125,1769.4000244140625,88.95999908447266,18349.69921875
2022-11-14,3957.25,11196.2197265625,1776.9000244140625,85.87000274658203,18329.150390625
2022-11-15,3991.72998046875,11358.41015625,1776.800048828125,86.91999816894531,18403.400390625
2022-11-16,3958.7900390625,11183.66015625,1775.800048828125,85.58999633789062,18409.650390625
2022-11-17,3946.56005859375,11144.9599609375,1763.0,81.63999938964844,18343.900390625
2022-11-18,3965.340087890625,11146.0595703125,1754.4000244140625,80.08000183105469,18307.650390625
2022-11-21,3949.93994140625,11024.509765625,1739.5999755859375,79.7300033569336,18159.94921875
2022-11-22,4003.580078125,11174.41015625,1739.9000244140625,80.94999694824219,18244.19921875
2022-11-23,4027.260009765625,11285.3203125,1745.5999755859375,77.94000244140625,18267.25
2022-11-24,,,,,18484.099609375
2022-11-25,4026.1201171875,11226.3603515625,1754.0,76.27999877929688,18512.75
2022-11-28,3963.93994140625,11049.5,1740.300048828125,77.23999786376953,18562.75
2022-11-29,3957.6298828125,10983.7802734375,1748.4000244140625,78.19999694824219,18618.05078125
2022-11-30,4080.110107421875,11468.0,1746.0,80.55000305175781,18758.349609375
2022-12-01,4076.570068359375,11482.4501953125,1815.199951171875,81.22000122070312,18812.5
2022-12-02,4071.699951171875,11461.5,1809.5999755859375,79.9800033569336,18696.099609375
2022-12-05,3998.840087890625,11239.9404296875,1781.300048828125,76.93000030517578,18701.05078125
2022-12-06,3941.260009765625,11014.8896484375,1782.4000244140625,74.25,18642.75
2022-12-07,3933.919921875,10958.5498046875,1798.0,72.01000213623047,18560.5
2022-12-08,3963.510009765625,11082.0,1801.5,71.45999908447266,18609.349609375
2022-12-09,3934.3798828125,11004.6201171875,1810.699951171875,71.0199966430664,18496.599609375
2022-12-12,3990.56005859375,11143.740234375,1792.300048828125,73.16999816894531,18497.150390625
2022-12-13,4019.64990234375,11256.8095703125,1825.5,75.38999938964844,18608.0
2022-12-14,3995.320068359375,11170.8896484375,1818.699951171875,77.27999877929688,18660.30078125
2022-12-15,3895.75,10810.5302734375,1787.800048828125,76.11000061035156,18414.900390625
2022-12-16,3852.360107421875,10705.41015625,1800.199951171875,74.29000091552734,18269.0
2022-12-19,3817.659912109375,10546.0302734375,1797.699951171875,75.19000244140625,18420.44921875
2022-12-20,3821.6201171875,10547.1103515625,1825.4000244140625,76.08999633789062,18385.30078125
2022-12-21,3878.43994140625,10709.3701171875,1825.4000244140625,78.29000091552734,18199.099609375
2022-12-22,3822.389892578125,10476.1201171875,1795.300048828125,77.48999786376953,18127.349609375
2022-12-23,3844.820068359375,10497.8603515625,1804.199951171875,79.55999755859375,17806.80078125
2022-12-26,,,,,18014.599609375
2022-12-27,3829.25,10353.23046875,1823.0999755859375,79.52999877929688,18132.30078125
2022-12-28,3783.219970703125,10213.2900390625,1815.800048828125,78.95999908447266,18122.5
2022-12-29,3849.280029296875,10478.08984375,1826.0,78.4000015258789,18191.0
2022-12-30,3839.5,10466.48046875,1826.199951171875,80.26000213623047,18105.30078125
2023-01-02,,,,,18197.44921875
2023-01-03,3824.139892578125,10386.98046875,1846.0999755859375,76.93000030517578,18232.55078125
2023-01-04,3852.969970703125,10458.759765625,1859.0,72.83999633789062,18042.94921875
2023-01-05,3808.10009765625,10305.240234375,1840.5999755859375,73.66999816894531,17992.150390625
2023-01-06,3895.080078125,10569.2900390625,1869.699951171875,73.7699966430664,17859.44921875
2023-01-09,3892.090087890625,10635.650390625,1877.800048828125,74.62999725341797,18101.19921875
2023-01-10,3919.25,10742.6298828125,1876.5,75.12000274658203,17914.150390625
2023-01-11,3969.610107421875,10931.669921875,1878.9000244140625,77.41000366210938,17895.69921875
2023-01-12,3983.169921875,11001.099609375,1898.800048828125,78.38999938964844,17858.19921875
2023-01-13,3999.090087890625,11079.16015625,1921.699951171875,79.86000061035156,17956.599609375
2023-01-16,,,,,17894.849609375
2023-01-17,3990.969970703125,11095.1103515625,1909.9000244140625,80.18000030517578,18053.30078125
2023-01-18,3928.860107421875,10957.009765625,1907.0,79.4800033569336,18165.349609375
2023-01-19,3898.85009765625,10852.26953125,1923.9000244140625,80.33000183105469,18107.849609375
2023-01-20,3972.610107421875,11140.4296875,1928.199951171875,81.30999755859375,18027.650390625
2023-01-23,4019.81005859375,11364.41015625,1928.5999755859375,81.62000274658203,18118.55078125
2023-01-24,4016.949951171875,11334.26953125,1935.4000244140625,80.12999725341797,18118.30078125
2023-01-25,4016.219970703125,11313.3603515625,1942.5999755859375,80.1500015258789,17891.94921875
2023-01-26,4060.429931640625,11512.41015625,1930.0,81.01000213623047,
2023-01-27,4070.56005859375,11621.7099609375,1929.4000244140625,79.68000030517578,17604.349609375
2023-01-30,4017.77001953125,11393.8095703125,1922.9000244140625,77.9000015258789,17648.94921875
2023-01-31,4076.60009765625,11584.5498046875,1929.5,78.87000274658203,17662.150390625
2023-02-01,4119.2099609375,11816.3203125,1942.800048828125,76.41000366210938,17616.30078125
2023-02-02,4179.759765625,12200.8203125,1930.800048828125,75.87999725341797,17610.400390625
2023-02-03,4136.47998046875,12006.9501953125,1876.5999755859375,73.38999938964844,17854.05078125
2023-02-06,4111.080078125,11887.4501953125,1879.5,74.11000061035156,17764.599609375
2023-02-07,4164.0,12113.7900390625,1884.800048828125,77.13999938964844,17721.5
2023-02-08,4117.85986328125,11910.51953125,1890.699951171875,78.47000122070312,17871.69921875
2023-02-09,4081.5,11789.580078125,1878.5,78.05999755859375,17893.44921875
2023-02-10,4090.4599609375,11718.1201171875,1874.5,79.72000122070312,17856.5
2023-02-13,4137.2900390625,11891.7900390625,1863.5,80.13999938964844,17770.900390625
2023-02-14,4136.1298828125,11960.150390625,1865.4000244140625,79.05999755859375,17929.849609375
2023-02-15,4147.60009765625,12070.58984375,1845.300048828125,78.58999633789062,18015.849609375
2023-02-16,4090.409912109375,11855.830078125,1851.800048828125,78.48999786376953,18035.849609375
2023-02-17,4079.090087890625,11787.26953125,1850.199951171875,76.33999633789062,17944.19921875
2023-02-20,,,,,17844.599609375
2023-02-21,3997.340087890625,11492.2998046875,1842.5,76.16000366210938,17826.69921875
2023-02-22,3991.050048828125,11507.0703125,1841.5,73.94999694824219,17554.30078125
2023-02-23,4012.320068359375,11590.400390625,1826.800048828125,75.38999938964844,17511.25
2023-02-24,3970.0400390625,11394.9404296875,1817.0999755859375,76.31999969482422,17465.80078125
2023-02-27,3982.239990234375,11466.98046875,1824.9000244140625,75.68000030517578,17392.69921875
2023-02-28,3970.14990234375,11455.5400390625,1836.699951171875,77.05000305175781,17303.94921875
2023-03-01,3951.389892578125,11379.48046875,1845.4000244140625,77.69000244140625,17450.900390625
2023-03-02,3981.35009765625,11462.98046875,1840.5,78.16000366210938,17321.900390625
2023-03-03,4045.639892578125,11689.009765625,1854.5999755859375,79.68000030517578,17594.349609375
2023-03-06,4048.419921875,11675.740234375,1854.5999755859375,80.45999908447266,17711.44921875
2023-03-07,3986.3701171875,11530.330078125,1820.0,77.58000183105469,
2023-03-08,3992.010009765625,11576.0,1818.5999755859375,76.66000366210938,17754.400390625
2023-03-09,3918.320068359375,11338.349609375,1834.5999755859375,75.72000122070312,17589.599609375
2023-03-10,3861.590087890625,11138.8896484375,1867.199951171875,76.68000030517578,17412.900390625
2023-03-13,3855.760009765625,11188.83984375,1916.5,74.80000305175781,17154.30078125
2023-03-14,3919.2900390625,11428.150390625,1910.9000244140625,71.33000183105469,17043.30078125
2023-03-15,3891.929931640625,11434.0498046875,1931.300048828125,67.61000061035156,16972.150390625
2023-03-16,3960.280029296875,11717.2802734375,1923.0,68.3499984741211,16985.599609375
2023-03-17,3916.639892578125,11630.509765625,1973.5,66.73999786376953,17100.05078125
2023-03-20,3951.570068359375,11675.5400390625,1982.800048828125,67.63999938964844,16988.400390625
2023-03-21,4002.8701171875,11860.1103515625,1941.0999755859375,69.33000183105469,17107.5
2023-03-22,3936.969970703125,11669.9599609375,1949.5999755859375,70.9000015258789,17151.900390625
2023-03-23,3948.719970703125,11787.400390625,1995.9000244140625,69.95999908447266,17076.900390625
2023-03-24,3970.989990234375,11823.9599609375,1983.800048828125,69.26000213623047,16945.05078125
2023-03-27,3977.530029296875,11768.83984375,1953.800048828125,72.80999755859375,16985.69921875
2023-03-28,3971.27001953125,11716.080078125,1973.5,73.19999694824219,16951.69921875
2023-03-29,4027.81005859375,11926.240234375,1966.9000244140625,72.97000122070312,17080.69921875
2023-03-30,4050.830078125,12013.4697265625,1980.300048828125,74.37000274658203,
2023-03-31,4109.31005859375,12221.91015625,1969.0,75.66999816894531,17359.75
2023-04-03,4124.509765625,12189.4501953125,2000.4000244140625,80.41999816894531,17398.05078125
2023-04-04,4100.60009765625,12126.330078125,2038.199951171875,80.70999908447266,
2023-04-05,4090.3798828125,11996.8603515625,2035.5999755859375,80.61000061035156,17557.05078125
2023-04-06,4105.02001953125,12087.9599609375,2026.4000244140625,80.69999694824219,17599.150390625
2023-04-10,4109.10986328125,12084.3603515625,2003.800048828125,79.73999786376953,17624.05078125
2023-04-11,4108.93994140625,12031.8798828125,2019.0,81.52999877929688,17722.30078125
2023-04-12,4091.949951171875,11929.33984375,2024.9000244140625,83.26000213623047,17812.400390625
2023-04-13,4146.22021484375,12166.26953125,2055.300048828125,82.16000366210938,17828.0
2023-04-14,4137.64013671875,12123.4697265625,2015.800048828125,82.5199966430664,
2023-04-17,4151.31982421875,12157.7197265625,2007.0,80.83000183105469,17706.849609375
2023-04-18,4154.8701171875,12153.41015625,2019.699951171875,80.86000061035156,17660.150390625
2023-04-19,4154.52001953125,12157.23046875,2007.300048828125,79.16000366210938,17618.75
2023-04-20,4129.7900390625,12059.5595703125,2019.0999755859375,77.29000091552734,17624.44921875
2023-04-21,4133.52001953125,12072.4599609375,1990.5,77.87000274658203,17624.05078125
2023-04-24,4137.0400390625,12037.2001953125,1999.800048828125,78.76000213623047,17743.400390625
2023-04-25,4071.6298828125,11799.16015625,2004.5,77.06999969482422,17769.25
2023-04-26,4055.989990234375,11854.349609375,1996.0,74.30000305175781,17813.599609375
2023-04-27,4135.35009765625,12142.240234375,1999.0,74.76000213623047,17915.05078125
2023-04-28,4169.47998046875,12226.580078125,1999.0999755859375,76.77999877929688,18065.0
2023-05-01,4167.8701171875,12212.599609375,1992.199951171875,75.66000366210938,
2023-05-02,4119.580078125,12080.509765625,2023.300048828125,71.66000366210938,18147.650390625
2023-05-03,4090.75,12025.330078125,2037.0,68.5999984741211,18089.849609375
2023-05-04,4061.219970703125,11966.400390625,2055.699951171875,68.55999755859375,18255.80078125
2023-05-05,4136.25,12235.41015625,2024.800048828125,71.33999633789062,18069.0
2023-05-08,4138.1201171875,12256.919921875,2033.199951171875,73.16000366210938,18264.400390625
2023-05-09,4119.169921875,12179.5498046875,2042.9000244140625,73.70999908447266,18265.94921875
2023-05-10,4137.64013671875,12306.4404296875,2037.0999755859375,72.55999755859375,18315.099609375
2023-05-11,4130.6201171875,12328.509765625,2020.5,70.87000274658203,18297.0
2023-05-12,4124.080078125,12284.740234375,2019.800048828125,70.04000091552734,18314.80078125
2023-05-15,4136.27978515625,12365.2099609375,2022.699951171875,71.11000061035156,18398.849609375
2023-05-16,4109.89990234375,12343.0498046875,1993.0,70.86000061035156,18286.5
2023-05-17,4158.77001953125,12500.5703125,1984.9000244140625,72.83000183105469,18181.75
2023-05-18,4198.0498046875,12688.83984375,1959.800048828125,71.86000061035156,18129.94921875
2023-05-19,4191.97998046875,12657.900390625,1981.5999755859375,71.55000305175781,18203.400390625
2023-05-22,4192.6298828125,12720.7802734375,1977.199951171875,71.98999786376953,18314.400390625
2023-05-23,4145.580078125,12560.25,1974.5,72.91000366210938,18348.0
2023-05-24,4115.240234375,12484.16015625,1964.5999755859375,74.33999633789062,18285.400390625
2023-05-25,4151.27978515625,12698.08984375,1943.699951171875,71.83000183105469,18321.150390625
2023-05-26,4205.4501953125,12975.6904296875,1944.300048828125,72.66999816894531,18499.349609375
2023-05-29,,,,,18598.650390625
2023-05-30,4205.52001953125,13017.4296875,1958.0,69.45999908447266,18633.849609375
2023-05-31,4179.830078125,12935.2900390625,1963.9000244140625,68.08999633789062,18534.400390625
2023-06-01,4221.02001953125,13100.98046875,1995.5,70.0999984741211,18487.75
2023-06-02,4282.3701171875,13240.76953125,1969.5999755859375,71.73999786376953,18534.099609375
2023-06-05,4273.7900390625,13229.4296875,1974.300048828125,72.1500015258789,18593.849609375
2023-06-06,4283.85009765625,13276.419921875,1981.5,71.73999786376953,18599.0
2023-06-07,4267.52001953125,13104.900390625,1958.4000244140625,72.52999877929688,18726.400390625
2023-06-08,4293.93017578125,13238.51953125,1978.5999755859375,71.29000091552734,18634.55078125
2023-06-09,4298.85986328125,13259.1396484375,1977.199951171875,70.16999816894531,18563.400390625
2023-06-12,4338.93017578125,13461.919921875,1969.699951171875,67.12000274658203,18601.5
2023-06-13,4369.009765625,13573.3203125,1958.5999755859375,69.41999816894531,18716.150390625
2023-06-14,4372.58984375,13626.48046875,1968.9000244140625,68.2699966430664,18755.900390625
2023-06-15,4425.83984375,13782.8203125,1970.699951171875,70.62000274658203,18688.099609375
2023-06-16,4409.58984375,13689.5703125,1971.199951171875,71.77999877929688,18826.0
2023-06-19,,,,,18755.44921875
2023-06-20,4388.7099609375,13667.2900390625,1947.699951171875,70.5,18816.69921875
2023-06-21,4365.68994140625,13502.2001953125,1944.9000244140625,72.52999877929688,18856.849609375
2023-06-22,4381.89013671875,13630.6103515625,1923.699951171875,69.51000213623047,18771.25
2023-06-23,4348.330078125,13492.51953125,1929.5999755859375,69.16000366210938,18665.5
2023-06-26,4328.81982421875,13335.7802734375,1933.800048828125,69.37000274658203,18691.19921875
2023-06-27,4378.41015625,13555.669921875,1923.800048828125,67.69999694824219,18817.400390625
2023-06-28,4376.85986328125,13591.75,1922.199951171875,69.55999755859375,18972.099609375
2023-06-29,4396.43994140625,13591.330078125,1917.9000244140625,69.86000061035156,
2023-06-30,4450.3798828125,13787.919921875,1929.4000244140625,70.63999938964844,19189.05078125
2023-07-03,4455.58984375,13816.76953125,1929.5,69.79000091552734,19322.55078125
2023-07-04,,,,,19389.0
2023-07-05,4446.81982421875,13791.650390625,1927.0999755859375,71.79000091552734,19398.5
2023-07-06,4411.58984375,13679.0400390625,1915.4000244140625,71.80000305175781,19497.30078125
2023-07-07,4398.9501953125,13660.7197265625,1932.5,73.86000061035156,19331.80078125
2023-07-10,4409.52978515625,13685.48046875,1931.0,72.98999786376953,19355.900390625
2023-07-11,4439.259765625,13760.7001953125,1937.0999755859375,74.83000183105469,19439.400390625
2023-07-12,4472.16015625,13918.9599609375,1961.699951171875,75.75,19384.30078125
2023-07-13,4510.0400390625,14138.5703125,1963.800048828125,76.88999938964844,19413.75
2023-07-14,4505.419921875,14113.7001953125,1964.4000244140625,75.41999816894531,19564.5
2023-07-17,4522.7900390625,14244.9501953125,1956.4000244140625,74.1500015258789,19711.44921875
2023-07-18,4554.97998046875,14353.6396484375,1980.800048828125,75.75,19749.25
2023-07-19,4565.72021484375,14358.01953125,1980.800048828125,75.3499984741211,19833.150390625
2023-07-20,4534.8701171875,14063.3095703125,1970.9000244140625,75.62999725341797,19979.150390625
2023-07-21,4536.33984375,14032.8095703125,1966.5999755859375,77.06999969482422,19745.0
2023-07-24,4554.64013671875,14058.8701171875,1962.199951171875,78.73999786376953,19672.349609375
2023-07-25,4567.4599609375,14144.5595703125,1963.699951171875,79.62999725341797,19680.599609375
2023-07-26,4566.75,14127.2802734375,1970.0999755859375,78.77999877929688,19778.30078125
2023-07-27,4537.41015625,14050.1103515625,1945.699951171875,80.08999633789062,19659.900390625
2023-07-28,4582.22998046875,14316.66015625,1960.4000244140625,80.58000183105469,19646.05078125
2023-07-31,4588.9599609375,14346.01953125,1970.5,81.80000305175781,19753.80078125
2023-08-01,4576.72998046875,14283.91015625,1978.800048828125,81.37000274658203,19733.55078125
2023-08-02,4513.39013671875,13973.4501953125,1975.0,79.48999786376953,19526.55078125
2023-08-03,4501.89013671875,13959.7197265625,1968.800048828125,81.55000305175781,19381.650390625
2023-08-04,4478.02978515625,13909.240234375,1976.0999755859375,82.81999969482422,19517.0
2023-08-07,4518.43994140625,13994.400390625,1970.0,81.94000244140625,19597.30078125
2023-08-08,4499.3798828125,13884.3203125,1959.9000244140625,82.91999816894531,19570.849609375
2023-08-09,4467.7099609375,13722.01953125,1950.5999755859375,84.4000015258789,19632.55078125
2023-08-10,4468.830078125,13737.990234375,1948.9000244140625,82.81999969482422,19543.099609375
2023-08-11,4464.0498046875,13644.849609375,1946.5999755859375,83.19000244140625,19428.30078125
2023-08-14,4489.72021484375,13788.330078125,1944.0,82.51000213623047,19434.55078125
2023-08-15,4437.85986328125,13631.0498046875,1935.199951171875,80.98999786376953,
2023-08-16,4404.330078125,13474.6298828125,1928.300048828125,79.37999725341797,19465.0
2023-08-17,4370.35986328125,13316.9296875,1915.199951171875,80.38999938964844,19365.25
2023-08-18,4369.7099609375,13290.7802734375,1916.5,81.25,19310.150390625
2023-08-21,4399.77001953125,13497.58984375,1923.0,80.72000122070312,19393.599609375
2023-08-22,4387.5498046875,13505.8701171875,1926.0,80.3499984741211,19396.44921875
2023-08-23,4436.009765625,13721.0302734375,1948.0999755859375,78.88999938964844,19444.0
2023-08-24,4376.31005859375,13463.9697265625,1947.0999755859375,79.05000305175781,19386.69921875
2023-08-25,4405.7099609375,13590.650390625,1939.9000244140625,79.83000183105469,19265.80078125
2023-08-28,4433.31005859375,13705.1298828125,1946.800048828125,80.0999984741211,19306.05078125
2023-08-29,4497.6298828125,13943.759765625,1965.0999755859375,81.16000366210938,19342.650390625
2023-08-30,4514.8701171875,14019.3095703125,1973.0,81.62999725341797,19347.44921875
2023-08-31,4507.66015625,14034.9697265625,1965.9000244140625,83.62999725341797,19253.80078125
2023-09-01,4515.77001953125,14031.8095703125,1967.0999755859375,85.55000305175781,19435.30078125
2023-09-04,,,,,19528.80078125
2023-09-05,4496.830078125,14020.9501953125,1952.5999755859375,86.69000244140625,19574.900390625
2023-09-06,4465.47998046875,13872.4697265625,1944.199951171875,87.54000091552734,19611.05078125
2023-09-07,4451.14013671875,13748.830078125,1942.5,86.87000274658203,19727.05078125
2023-09-08,4457.490234375,13761.5302734375,1942.699951171875,87.51000213623047,19819.94921875
2023-09-11,4487.4599609375,13917.8896484375,1947.199951171875,87.29000091552734,19996.349609375
2023-09-12,4461.89990234375,13773.6103515625,1935.0999755859375,88.83999633789062,19993.19921875
2023-09-13,4467.43994140625,13813.58984375,1932.5,88.5199966430664,20070.0
2023-09-14,4505.10009765625,13926.0498046875,1932.800048828125,90.16000366210938,20103.099609375
2023-09-15,4450.31982421875,13708.330078125,1946.199951171875,90.7699966430664,20192.349609375
2023-09-18,4453.52978515625,13710.240234375,1953.4000244140625,91.4800033569336,20133.30078125
2023-09-19,4443.9501953125,13678.1904296875,1953.699951171875,91.19999694824219,
2023-09-20,4402.2001953125,13469.1298828125,1967.0999755859375,90.27999877929688,19901.400390625
2023-09-21,4330.0,13223.98046875,1939.5999755859375,89.62999725341797,19742.349609375
2023-09-22,4320.06005859375,13211.8095703125,1945.5999755859375,90.02999877929688,19674.25
2023-09-25,4337.43994140625,13271.3203125,1936.5999755859375,89.68000030517578,19674.55078125
2023-09-26,4273.52978515625,13063.6103515625,1919.800048828125,90.38999938964844,19664.69921875
2023-09-27,4274.509765625,13092.849609375,1890.9000244140625,93.68000030517578,19716.44921875
2023-09-28,4299.7001953125,13201.2802734375,1878.5999755859375,91.70999908447266,19523.55078125
2023-09-29,4288.0498046875,13219.3203125,1866.0999755859375,90.79000091552734,19638.30078125
2023-10-02,4288.39013671875,13307.76953125,1847.199951171875,88.81999969482422,
2023-10-03,4229.4501953125,13059.4697265625,1841.5,89.2300033569336,19528.75
2023-10-04,4263.75,13236.009765625,1834.800048828125,84.22000122070312,19436.099609375
2023-10-05,4258.18994140625,13219.830078125,1831.800048828125,82.30999755859375,19545.75
2023-10-06,4308.5,13431.33984375,1845.199951171875,82.79000091552734,19653.5
2023-10-09,4335.66015625,13484.240234375,1864.300048828125,86.37999725341797,19512.349609375
2023-10-10,4358.240234375,13562.83984375,1875.300048828125,85.97000122070312,19689.849609375
2023-10-11,4376.9501953125,13659.6796875,1887.300048828125,83.48999786376953,19811.349609375
2023-10-12,4349.60986328125,13574.2197265625,1883.0,82.91000366210938,19794.0
2023-10-13,4327.77978515625,13407.23046875,1941.5,87.69000244140625,19751.05078125
2023-10-16,4373.6298828125,13567.98046875,1934.300048828125,86.66000366210938,19731.75
2023-10-17,4373.2001953125,13533.75,1935.699951171875,86.66000366210938,19811.5
2023-10-18,4314.60009765625,13314.2998046875,1968.300048828125,88.31999969482422,19671.099609375
2023-10-19,4278.0,13186.1796875,1980.5,89.37000274658203,19624.69921875
2023-10-20,4224.16015625,12983.8095703125,1994.4000244140625,88.75,19542.650390625
2023-10-23,4217.0400390625,13018.330078125,1987.800048828125,85.48999786376953,19281.75
2023-10-24,4247.68017578125,13139.8701171875,1986.0999755859375,83.73999786376953,
2023-10-25,4186.77001953125,12821.2197265625,1994.9000244140625,85.38999938964844,19122.150390625
2023-10-26,4137.22998046875,12595.6103515625,1997.4000244140625,83.20999908447266,18857.25
2023-10-27,4117.3701171875,12643.009765625,1998.5,85.54000091552734,19047.25
2023-10-30,4166.81982421875,12789.48046875,2005.5999755859375,82.30999755859375,19140.900390625
2023-10-31,4193.7998046875,12851.240234375,1994.300048828125,81.0199966430664,19079.599609375
2023-11-01,4237.85986328125,13061.4697265625,1987.5,80.44000244140625,18989.150390625
2023-11-02,4317.77978515625,13294.1904296875,1993.5,82.45999908447266,19133.25
2023-11-03,4358.33984375,13478.2802734375,1999.199951171875,80.51000213623047,19230.599609375
2023-11-06,4365.97998046875,13518.7802734375,1988.5999755859375,80.81999969482422,19411.75
2023-11-07,4378.3798828125,13639.8603515625,1973.5,77.37000274658203,19406.69921875
2023-11-08,4382.77978515625,13650.41015625,1957.800048828125,75.33000183105469,19443.5
2023-11-09,4347.35009765625,13521.4501953125,1969.800048828125,75.73999786376953,19395.30078125
2023-11-10,4415.240234375,13798.1103515625,1937.699951171875,77.16999816894531,19425.349609375
2023-11-13,4411.5498046875,13767.740234375,1950.199951171875,78.26000213623047,19443.55078125
2023-11-14,4495.7001953125,14094.3798828125,1966.5,78.26000213623047,
2023-11-15,4502.8798828125,14103.83984375,1964.300048828125,76.66000366210938,19675.44921875
2023-11-16,4508.240234375,14113.669921875,1987.300048828125,72.9000015258789,19765.19921875
2023-11-17,4514.02001953125,14125.48046875,1984.699951171875,75.88999938964844,19731.80078125
2023-11-20,4547.3798828125,14284.5302734375,1980.300048828125,77.5999984741211,19694.0
2023-11-21,4538.18994140625,14199.98046875,2001.5999755859375,77.7699966430664,19783.400390625
2023-11-22,4556.6201171875,14265.8603515625,1992.800048828125,77.0999984741211,19811.849609375
2023-11-23,,,1993.300048828125,,19802.0
2023-11-24,4559.33984375,14250.849609375,2003.0,75.54000091552734,19794.69921875
2023-11-27,4550.43017578125,14241.01953125,2012.4000244140625,74.86000061035156,
2023-11-28,4554.89013671875,14281.759765625,2040.0,76.41000366210938,19889.69921875
2023-11-29,4550.580078125,14258.490234375,2047.0999755859375,77.86000061035156,20096.599609375
2023-11-30,4567.7998046875,14226.2197265625,2038.0999755859375,75.95999908447266,20133.150390625
2023-12-01,4594.6298828125,14305.0302734375,2089.699951171875,74.06999969482422,20267.900390625
2023-12-04,4569.77978515625,14185.490234375,2042.199951171875,73.04000091552734,20686.80078125
2023-12-05,4567.18017578125,14229.91015625,2036.300048828125,72.31999969482422,20855.099609375
2023-12-06,4549.33984375,14146.7099609375,2047.9000244140625,69.37999725341797,20937.69921875
2023-12-07,4585.58984375,14339.990234375,2046.4000244140625,69.33999633789062,20901.150390625
2023-12-08,4604.3701171875,14403.9697265625,2014.5,71.2300033569336,20969.400390625
2023-12-11,4622.43994140625,14432.490234375,1993.699951171875,71.31999969482422,20997.099609375
2023-12-12,4643.7001953125,14533.400390625,1993.199951171875,68.61000061035156,20906.400390625
2023-12-13,4707.08984375,14733.9599609375,1997.300048828125,69.47000122070312,20926.349609375
2023-12-14,4719.5498046875,14761.5595703125,2044.9000244140625,71.58000183105469,21182.69921875
2023-12-15,4719.18994140625,14813.919921875,2035.699951171875,71.43000030517578,21456.650390625
2023-12-18,4740.56005859375,14904.8095703125,2040.5,72.47000122070312,21418.650390625
2023-12-19,4768.3701171875,15003.2197265625,2052.10009765625,73.44000244140625,21453.099609375
2023-12-20,4698.35009765625,14777.9404296875,2047.699951171875,74.22000122070312,21150.150390625
2023-12-21,4746.75,14963.8701171875,2051.300048828125,73.88999938964844,21255.05078125
2023-12-22,4754.6298828125,14992.9697265625,2069.10009765625,73.55999755859375,21349.400390625
2023-12-26,4774.75,15074.5703125,2069.800048828125,75.56999969482422,21441.349609375
2023-12-27,4781.580078125,15099.1796875,2093.10009765625,74.11000061035156,21654.75
2023-12-28,4783.35009765625,15095.1396484375,2083.5,71.7699966430664,21778.69921875
2023-12-29,4769.830078125,15011.349609375,2071.800048828125,71.6500015258789,21731.400390625
2024-01-01,,,,,21741.900390625
2024-01-02,4742.830078125,14765.9404296875,2073.39990234375,70.37999725341797,21665.80078125
2024-01-03,4704.81005859375,14592.2099609375,2042.800048828125,72.69999694824219,21517.349609375
2024-01-04,4688.68017578125,14510.2998046875,2050.0,72.19000244140625,21658.599609375
2024-01-05,4697.240234375,14524.0703125,2049.800048828125,73.80999755859375,21710.80078125
2024-01-08,4763.5400390625,14843.76953125,2033.5,70.7699966430664,21513.0
2024-01-09,4756.5,14857.7099609375,2033.0,72.23999786376953,21544.849609375
2024-01-10,4783.4501953125,14969.650390625,2027.800048828125,71.37000274658203,21618.69921875
2024-01-11,4780.240234375,14970.1904296875,2019.199951171875,72.0199966430664,21647.19921875
2024-01-12,4783.830078125,14972.759765625,2051.60009765625,72.68000030517578,21894.55078125
2024-01-15,,,,,22097.44921875
2024-01-16,4765.97998046875,14944.349609375,2030.199951171875,72.4000015258789,22032.30078125
2024-01-17,4739.2099609375,14855.6201171875,2006.5,72.55999755859375,21571.94921875
2024-01-18,4780.93994140625,15055.650390625,2021.5999755859375,74.08000183105469,21462.25
2024-01-19,4839.81005859375,15310.9697265625,2029.300048828125,73.41000366210938,21622.400390625
2024-01-22,4850.43017578125,15360.2900390625,2022.199951171875,75.19000244140625,
2024-01-23,4864.60009765625,15425.9404296875,2025.800048828125,74.37000274658203,21238.80078125
2024-01-24,4868.5498046875,15481.919921875,2016.0,75.08999633789062,21453.94921875
2024-01-25,4894.16015625,15510.5,2017.800048828125,77.36000061035156,21352.599609375
2024-01-26,4890.97021484375,15455.3603515625,2017.300048828125,78.01000213623047,
2024-01-29,4927.93017578125,15628.0400390625,2025.4000244140625,76.77999877929688,21737.599609375
2024-01-30,4924.97021484375,15509.900390625,2031.5,77.81999969482422,21522.099609375
2024-01-31,4845.64990234375,15164.009765625,2048.39990234375,75.8499984741211,21725.69921875
2024-02-01,4906.18994140625,15361.6396484375,2071.10009765625,73.81999969482422,21697.44921875
2024-02-02,4958.60986328125,15628.9501953125,2053.699951171875,72.27999877929688,21853.80078125
2024-02-05,4942.81005859375,15597.6796875,2042.9000244140625,72.77999877929688,21771.69921875
2024-02-06,4954.22998046875,15609.0,2051.39990234375,73.30999755859375,21929.400390625
2024-02-07,4995.06005859375,15756.6396484375,2051.699951171875,73.86000061035156,21930.5
2024-02-08,4997.91015625,15793.7099609375,2047.9000244140625,76.22000122070312,21717.94921875
2024-02-09,5026.60986328125,15990.66015625,2038.699951171875,76.83999633789062,21782.5
2024-02-12,5021.83984375,15942.5498046875,2033.0,76.91999816894531,21616.05078125
2024-02-13,4953.169921875,15655.599609375,2007.199951171875,77.87000274658203,21743.25
2024-02-14,5000.6201171875,15859.150390625,2004.300048828125,76.63999938964844,21840.05078125
2024-02-15,5029.72998046875,15906.169921875,2014.9000244140625,78.02999877929688,21910.75
2024-02-16,5005.56982421875,15775.650390625,2024.0999755859375,79.19000244140625,22040.69921875
2024-02-19,,,,,22122.25
2024-02-20,4975.509765625,15630.7802734375,2039.800048828125,78.18000030517578,22196.94921875
2024-02-21,4981.7998046875,15580.8701171875,2034.300048828125,77.91000366210938,22055.05078125
2024-02-22,5087.02978515625,16041.6201171875,2030.699951171875,78.61000061035156,22217.44921875
2024-02-23,5088.7998046875,15996.8203125,2049.39990234375,76.48999786376953,22212.69921875
2024-02-26,5069.52978515625,15976.25,2038.9000244140625,77.58000183105469,22122.05078125
2024-02-27,5078.18017578125,16035.2998046875,2044.0999755859375,78.87000274658203,22198.349609375
2024-02-28,5069.759765625,15947.740234375,2042.699951171875,78.54000091552734,21951.150390625
2024-02-29,5096.27001953125,16091.919921875,2054.699951171875,78.26000213623047,21982.80078125
2024-03-01,5137.080078125,16274.9404296875,2095.699951171875,79.97000122070312,22338.75
2024-03-04,5130.9501953125,16207.509765625,2126.300048828125,78.73999786376953,22405.599609375
2024-03-05,5078.64990234375,15939.58984375,2141.89990234375,78.1500015258789,22356.30078125
2024-03-06,5104.759765625,16031.5400390625,2158.199951171875,79.12999725341797,22474.05078125
2024-03-07,5157.35986328125,16273.3798828125,2165.199951171875,78.93000030517578,22493.55078125
2024-03-08,5123.68994140625,16085.1103515625,2185.5,78.01000213623047,
2024-03-11,5117.93994140625,16019.26953125,2188.60009765625,77.93000030517578,22332.650390625
2024-03-12,5175.27001953125,16265.6396484375,2166.10009765625,77.55999755859375,22335.69921875
2024-03-13,5165.31005859375,16177.76953125,2180.800048828125,79.72000122070312,21997.69921875
2024-03-14,5150.47998046875,16128.5302734375,2167.5,81.26000213623047,22146.650390625
2024-03-15,5117.08984375,15973.169921875,2161.5,81.04000091552734,22023.349609375
2024-03-18,5149.419921875,16103.4501953125,2164.300048828125,82.72000122070312,22055.69921875
2024-03-19,5178.509765625,16166.7900390625,2159.699951171875,83.47000122070312,21817.44921875
2024-03-20,5224.6201171875,16369.41015625,2161.0,81.68000030517578,21839.099609375
2024-03-21,5241.52978515625,16401.83984375,2184.699951171875,81.06999969482422,22011.94921875
2024-03-22,5234.18017578125,16428.8203125,2160.0,80.62999725341797,22096.75
2024-03-25,5218.18994140625,16384.470703125,2176.39990234375,81.94999694824219,
2024-03-26,5203.580078125,16315.7001953125,2177.199951171875,81.62000274658203,22004.69921875
2024-03-27,5248.490234375,16399.51953125,2190.60009765625,81.3499984741211,22123.650390625
2024-03-28,5254.35009765625,16379.4599609375,2217.39990234375,83.16999816894531,22326.900390625
2024-04-01,5243.77001953125,16396.830078125,2257.10009765625,83.70999908447266,22462.0
2024-04-02,5205.81005859375,16240.4501953125,2281.800048828125,85.1500015258789,22453.30078125
2024-04-03,5211.490234375,16277.4599609375,2315.0,85.43000030517578,22434.650390625
2024-04-04,5147.2099609375,16049.080078125,2308.5,86.58999633789062,22514.650390625
2024-04-05,5204.33984375,16248.51953125,2345.39990234375,86.91000366210938,22513.69921875
2024-04-08,5202.39013671875,16253.9599609375,2351.0,86.43000030517578,22666.30078125
2024-04-09,5209.91015625,16306.6396484375,2362.39990234375,85.2300033569336,22642.75
2024-04-10,5160.64013671875,16170.3603515625,2348.39990234375,86.20999908447266,22753.80078125
2024-04-11,5199.06005859375,16442.19921875,2372.699951171875,85.0199966430664,
2024-04-12,5123.41015625,16175.08984375,2374.10009765625,85.66000366210938,22519.400390625
2024-04-15,5061.81982421875,15885.01953125,2383.0,85.41000366210938,22272.5
2024-04-16,5051.41015625,15865.25,2407.800048828125,85.36000061035156,22147.900390625
2024-04-17,5022.2099609375,15683.3701171875,2388.39990234375,82.69000244140625,
2024-04-18,5011.1201171875,15601.5,2398.0,82.7300033569336,21995.849609375
2024-04-19,4967.22998046875,15282.009765625,2413.800048828125,83.13999938964844,22147.0
2024-04-22,5010.60009765625,15451.3095703125,2346.39990234375,82.8499984741211,22336.400390625
2024-04-23,5070.5498046875,15696.6396484375,2342.10009765625,83.36000061035156,22368.0
2024-04-24,5071.6298828125,15712.75,2338.39990234375,82.80999755859375,22402.400390625
2024-04-25,5048.419921875,15611.759765625,2342.5,83.56999969482422,22570.349609375
2024-04-26,5099.9599609375,15927.900390625,2347.199951171875,83.8499984741211,22419.94921875
2024-04-29,5116.169921875,15983.080078125,2357.699951171875,82.62999725341797,22643.400390625
2024-04-30,5035.68994140625,15657.8203125,2302.89990234375,81.93000030517578,22604.849609375
2024-05-01,5018.39013671875,15605.48046875,2311.0,79.0,
2024-05-02,5064.2001953125,15840.9599609375,2309.60009765625,78.94999694824219,22648.19921875
2024-05-03,5127.7900390625,16156.330078125,2308.60009765625,78.11000061035156,22475.849609375
2024-05-06,5180.740234375,16349.25,2331.199951171875,78.4800033569336,22442.69921875
2024-05-07,5187.7001953125,16332.5595703125,2324.199951171875,78.37999725341797,22302.5
2024-05-08,5187.669921875,16302.759765625,2322.300048828125,78.98999786376953,22302.5
2024-05-09,5214.080078125,16346.259765625,2340.300048828125,79.26000213623047,21957.5
2024-05-10,5222.68017578125,16340.8701171875,2375.0,78.26000213623047,22055.19921875
2024-05-13,5221.419921875,16388.240234375,2343.0,79.12000274658203,22104.05078125
2024-05-14,5246.68017578125,16511.1796875,2359.89990234375,78.0199966430664,22217.849609375
2024-05-15,5308.14990234375,16742.390625,2394.89990234375,78.62999725341797,22200.55078125
2024-05-16,5297.10009765625,16698.3203125,2385.5,79.2300033569336,22403.849609375
2024-05-17,5303.27001953125,16685.970703125,2417.39990234375,80.05999755859375,22466.099609375
2024-05-20,5308.1298828125,16794.869140625,2438.5,79.80000305175781,
2024-05-21,5321.41015625,16832.619140625,2425.89990234375,79.26000213623047,22529.05078125
2024-05-22,5307.009765625,16801.5390625,2392.89990234375,77.56999969482422,22597.80078125
2024-05-23,5267.83984375,16736.029296875,2337.199951171875,76.87000274658203,22967.650390625
2024-05-24,5304.72021484375,16920.7890625,2334.5,77.72000122070312,22957.099609375
2024-05-27,,,,,22932.44921875
2024-05-28,5306.0400390625,17019.880859375,2356.5,79.83000183105469,22888.150390625
2024-05-29,5266.9501953125,16920.580078125,2341.199951171875,79.2300033569336,22704.69921875
2024-05-30,5235.47998046875,16737.080078125,2342.89990234375,77.91000366210938,22488.650390625
2024-05-31,5277.509765625,16735.01953125,2322.89990234375,76.98999786376953,22530.69921875
2024-06-03,5283.39990234375,16828.669921875,2369.300048828125,74.22000122070312,23263.900390625
2024-06-04,5291.33984375,16857.05078125,2347.39990234375,73.25,21884.5
2024-06-05,5354.02978515625,17187.900390625,2375.5,74.06999969482422,22620.349609375
2024-06-06,5352.9599609375,17173.119140625,2390.89990234375,75.55000305175781,22821.400390625
2024-06-07,5346.990234375,17133.130859375,2325.0,75.52999877929688,23290.150390625
2024-06-10,5360.7900390625,17192.529296875,2327.0,77.73999786376953,23259.19921875
2024-06-11,5375.31982421875,17343.55078125,2326.60009765625,77.9000015258789,23264.849609375
2024-06-12,5421.02978515625,17608.439453125,2354.800048828125,78.5,23322.94921875
2024-06-13,5433.740234375,17667.560546875,2318.0,78.62000274658203,23398.900390625
2024-06-14,5431.60009765625,17688.880859375,2349.10009765625,78.44999694824219,23465.599609375
2024-06-17,5473.22998046875,17857.01953125,2329.0,80.33000183105469,
2024-06-18,5487.02978515625,17862.23046875,2346.89990234375,81.56999969482422,23557.900390625
2024-06-19,,,,,23516.0
2024-06-20,5473.169921875,17721.58984375,2369.0,82.16999816894531,23567.0
2024-06-21,5464.6201171875,17689.359375,2331.199951171875,80.7300033569336,23501.099609375
2024-06-24,5447.8701171875,17496.8203125,2344.39990234375,81.62999725341797,23537.849609375
2024-06-25,5469.2998046875,17717.650390625,2330.800048828125,80.83000183105469,23721.30078125
2024-06-26,5477.89990234375,17805.16015625,2313.199951171875,80.9000015258789,23868.80078125
2024-06-27,5482.8701171875,17858.6796875,2336.60009765625,81.73999786376953,24044.5
2024-06-28,5460.47998046875,17732.599609375,2339.60009765625,81.54000091552734,24010.599609375
2024-07-01,5475.08984375,17879.30078125,2338.89990234375,83.37999725341797,24141.94921875
2024-07-02,5509.009765625,18028.759765625,2333.39990234375,82.80999755859375,24123.849609375
2024-07-03,5537.02001953125,18188.30078125,2369.39990234375,83.87999725341797,24286.5
2024-07-04,,,,,24302.150390625
2024-07-05,5567.18994140625,18352.759765625,2397.699951171875,83.16000366210938,24323.849609375
2024-07-08,5572.85009765625,18403.740234375,2363.5,82.33000183105469,24320.55078125
2024-07-09,5576.97998046875,18429.2890625,2367.89990234375,81.41000366210938,24433.19921875
2024-07-10,5633.91015625,18647.44921875,2379.699951171875,82.0999984741211,24324.44921875
2024-07-11,5584.5400390625,18283.41015625,2421.89990234375,82.62000274658203,24315.94921875
2024-07-12,5615.35009765625,18398.44921875,2420.699951171875,82.20999908447266,24502.150390625
2024-07-15,5631.22021484375,18472.5703125,2428.89990234375,81.91000366210938,24586.69921875
2024-07-16,5667.2001953125,18509.33984375,2467.800048828125,80.76000213623047,24613.0
2024-07-17,5588.27001953125,17996.919921875,2459.89990234375,82.8499984741211,
2024-07-18,5544.58984375,17871.220703125,2456.39990234375,82.81999969482422,24800.849609375
2024-07-19,5505.0,17726.939453125,2399.10009765625,80.12999725341797,24530.900390625
2024-07-22,5564.41015625,18007.5703125,2394.699951171875,79.77999877929688,24509.25
2024-07-23,5555.740234375,17997.349609375,2407.300048828125,76.95999908447266,24479.05078125
2024-07-24,5427.1298828125,17342.41015625,2415.699951171875,77.58999633789062,24413.5
2024-07-25,5399.22021484375,17181.720703125,2353.5,78.27999877929688,24406.099609375
2024-07-26,5459.10009765625,17357.880859375,2381.0,77.16000366210938,24834.849609375
2024-07-29,5463.5400390625,17370.19921875,2377.800048828125,75.80999755859375,24836.099609375
2024-07-30,5436.43994140625,17147.419921875,2405.0,74.7300033569336,24857.30078125
2024-07-31,5522.2998046875,17599.400390625,2426.5,77.91000366210938,24951.150390625
2024-08-01,5446.68017578125,17194.150390625,2480.800048828125,76.30999755859375,25010.900390625
2024-08-02,5346.56005859375,16776.16015625,2469.800048828125,73.5199966430664,24717.69921875
2024-08-05,5186.330078125,16200.080078125,2444.39990234375,72.94000244140625,24055.599609375
2024-08-06,5240.02978515625,16366.849609375,2431.60009765625,73.19999694824219,23992.55078125
2024-08-07,5199.5,16195.8095703125,2432.39990234375,75.2300033569336,24297.5
2024-08-08,5319.31005859375,16660.01953125,2463.300048828125,76.19000244140625,24117.0
2024-08-09,5344.16015625,16745.30078125,2473.39990234375,76.83999633789062,24367.5
2024-08-12,5344.39013671875,16780.609375,2504.0,80.05999755859375,24347.0
2024-08-13,5434.43017578125,17187.609375,2507.800048828125,78.3499984741211,24139.0
2024-08-14,5455.2099609375,17192.599609375,2479.699951171875,76.9800033569336,24143.75
2024-08-15,5543.22021484375,17594.5,2492.39990234375,78.16000366210938,
2024-08-16,5554.25,17631.720703125,2537.800048828125,76.6500015258789,24541.150390625
2024-08-19,5608.25,17876.76953125,2541.300048828125,74.37000274658203,24572.650390625
2024-08-20,5597.1201171875,17816.939453125,2550.60009765625,74.04000091552734,24698.849609375
2024-08-21,5620.85009765625,17918.990234375,2547.5,71.93000030517578,24770.19921875
2024-08-22,5570.64013671875,17619.349609375,2516.699951171875,73.01000213623047,24811.5
2024-08-23,5634.60986328125,17877.7890625,2546.300048828125,74.83000183105469,24823.150390625
2024-08-26,5616.83984375,17725.76953125,2555.199951171875,77.41999816894531,25010.599609375
2024-08-27,5625.7998046875,17754.8203125,2552.89990234375,75.52999877929688,25017.75
2024-08-28,5592.18017578125,17556.029296875,2537.800048828125,74.5199966430664,25052.349609375
2024-08-29,5591.9599609375,17516.4296875,2560.300048828125,75.91000366210938,25151.94921875
2024-08-30,5648.39990234375,17713.619140625,2527.60009765625,73.55000305175781,25235.900390625
2024-09-02,,,,,25278.69921875
2024-09-03,5528.93017578125,17136.30078125,2523.0,70.33999633789062,25279.849609375
2024-09-04,5520.06982421875,17084.30078125,2526.0,69.19999694824219,25198.69921875
2024-09-05,5503.41015625,17127.66015625,2543.10009765625,69.1500015258789,25145.099609375
2024-09-06,5408.419921875,16690.830078125,2524.60009765625,67.66999816894531,24852.150390625
2024-09-09,5471.0498046875,16884.599609375,2532.699951171875,68.70999908447266,24936.400390625
2024-09-10,5495.52001953125,17025.880859375,2543.10009765625,65.75,25041.099609375
2024-09-11,5554.1298828125,17395.529296875,2542.39990234375,67.30999755859375,24918.44921875
2024-09-12,5595.759765625,17569.6796875,2580.60009765625,68.97000122070312,25388.900390625
2024-09-13,5626.02001953125,17683.98046875,2610.699951171875,68.6500015258789,25356.5
2024-09-16,5633.08984375,17592.130859375,2608.89990234375,70.08999633789062,25383.75
2024-09-17,5634.580078125,17628.060546875,2592.39990234375,71.19000244140625,25418.55078125
2024-09-18,5618.259765625,17573.30078125,2598.60009765625,70.91000366210938,25377.55078125
2024-09-19,5713.64013671875,18013.98046875,2614.60009765625,71.94999694824219,25415.80078125
2024-09-20,5702.5498046875,17948.3203125,2646.199951171875,71.91999816894531,25790.94921875
2024-09-23,5718.56982421875,17974.26953125,2652.5,70.37000274658203,25939.05078125
2024-09-24,5732.93017578125,18074.51953125,2677.0,71.55999755859375,25940.400390625
2024-09-25,5722.259765625,18082.2109375,2684.699951171875,69.69000244140625,26004.150390625
2024-09-26,5745.3701171875,18190.2890625,2694.89990234375,67.66999816894531,26216.05078125
2024-09-27,5738.169921875,18119.58984375,2668.10009765625,68.18000030517578,26178.94921875
2024-09-30,5762.47998046875,18189.169921875,2659.39990234375,68.16999816894531,25810.849609375
2024-10-01,5708.75,17910.359375,2690.300048828125,69.83000183105469,25796.900390625
2024-10-02,5709.5400390625,17925.119140625,2669.699951171875,70.0999984741211,
2024-10-03,5699.93994140625,17918.48046875,2679.199951171875,73.70999908447266,25250.099609375
2024-10-04,5751.06982421875,18137.849609375,2667.800048828125,74.37999725341797,25014.599609375
2024-10-07,5695.93994140625,17923.900390625,2666.0,77.13999938964844,24795.75
2024-10-08,5751.1298828125,18182.919921875,2635.39990234375,73.56999969482422,25013.150390625
2024-10-09,5792.0400390625,18291.619140625,2626.0,73.23999786376953,24981.94921875
2024-10-10,5780.0498046875,18282.05078125,2639.300048828125,75.8499984741211,24998.44921875
2024-10-11,5815.02978515625,18342.939453125,2676.300048828125,75.55999755859375,24964.25
2024-10-14,5859.85009765625,18502.689453125,2665.60009765625,73.83000183105469,25127.94921875
2024-10-15,5815.259765625,18315.58984375,2678.89990234375,70.58000183105469,25057.349609375
2024-10-16,5842.47021484375,18367.080078125,2691.300048828125,70.38999938964844,24971.30078125
2024-10-17,5841.47021484375,18373.609375,2707.5,70.66999816894531,24749.849609375
2024-10-18,5864.669921875,18489.55078125,2730.0,69.22000122070312,24854.05078125
2024-10-21,5853.97998046875,18540.009765625,2738.89990234375,70.55999755859375,24781.099609375
2024-10-22,5851.2001953125,18579.76953125,2759.800048828125,72.08999633789062,24472.099609375
2024-10-23,5797.419921875,18276.650390625,2729.39990234375,70.7699966430664,24435.5
2024-10-24,5809.85986328125,18415.490234375,2748.89990234375,70.19000244140625,24399.400390625
2024-10-25,5808.1201171875,18518.609375,2754.60009765625,71.77999877929688,24180.80078125
2024-10-28,5823.52001953125,18567.189453125,2755.89990234375,67.37999725341797,24339.150390625
2024-10-29,5832.919921875,18712.75,2781.10009765625,67.20999908447266,24466.849609375
2024-10-30,5813.669921875,18607.9296875,2800.800048828125,68.61000061035156,24340.849609375
2024-10-31,5705.4501953125,18095.150390625,2749.300048828125,69.26000213623047,24205.349609375
2024-11-01,5728.7998046875,18239.919921875,2749.199951171875,69.48999786376953,24304.349609375
2024-11-04,5712.68994140625,18179.98046875,2746.199951171875,71.47000122070312,23995.349609375
2024-11-05,5782.759765625,18439.169921875,2749.699951171875,71.98999786376953,24213.30078125
2024-11-06,5929.0400390625,18983.470703125,2676.300048828125,71.69000244140625,24484.05078125
2024-11-07,5973.10009765625,19269.4609375,2705.800048828125,72.36000061035156,24199.349609375
2024-11-08,5995.5400390625,19286.779296875,2694.800048828125,70.37999725341797,24148.19921875
2024-11-11,6001.35009765625,19298.759765625,2617.699951171875,68.04000091552734,24141.30078125
2024-11-12,5983.990234375,19281.400390625,2606.300048828125,68.12000274658203,23883.44921875
2024-11-13,5985.3798828125,19230.720703125,2586.5,68.43000030517578,23559.05078125
2024-11-14,5949.169921875,19107.650390625,2572.89990234375,68.69999694824219,23532.69921875
2024-11-15,5870.6201171875,18680.119140625,2570.10009765625,67.0199966430664,
2024-11-18,5893.6201171875,18791.810546875,2614.60009765625,69.16000366210938,23453.80078125
2024-11-19,5916.97998046875,18987.470703125,2631.0,69.38999938964844,23518.5
2024-11-20,5917.10986328125,18966.140625,2651.699951171875,68.87000274658203,
2024-11-21,5948.7099609375,18972.419921875,2674.89990234375,70.0999984741211,23349.900390625
2024-11-22,5969.33984375,19003.650390625,2712.199951171875,71.23999786376953,23907.25
2024-11-25,5987.3701171875,19054.83984375,2618.5,68.94000244140625,24221.900390625
2024-11-26,6021.6298828125,19174.30078125,2621.300048828125,68.7699966430664,24194.5
2024-11-27,5998.740234375,19060.48046875,2639.89990234375,68.72000122070312,24274.900390625
2024-11-28,,,,,23914.150390625
2024-11-29,6032.3798828125,19218.169921875,2657.0,68.0,24131.099609375
2024-12-02,6047.14990234375,19403.94921875,2658.5,68.0999984741211,24276.05078125
2024-12-03,6049.8798828125,19480.91015625,2667.89990234375,69.94000244140625,24457.150390625
2024-12-04,6086.490234375,19735.119140625,2676.199951171875,68.54000091552734,24467.44921875
2024-12-05,6075.10986328125,19700.259765625,2648.39990234375,68.30000305175781,24708.400390625
2024-12-06,6090.27001953125,19859.76953125,2659.60009765625,67.19999694824219,24677.80078125
2024-12-09,6052.85009765625,19736.689453125,2685.800048828125,68.37000274658203,24619.0
2024-12-10,6034.91015625,19687.240234375,2718.39990234375,68.58999633789062,24610.05078125
2024-12-11,6084.18994140625,20034.890625,2756.699951171875,70.29000091552734,24641.80078125
2024-12-12,6051.25,19902.83984375,2709.39990234375,70.0199966430664,24548.69921875
2024-12-13,6051.08984375,19926.720703125,2675.800048828125,71.29000091552734,24768.30078125
2024-12-16,6074.080078125,20173.890625,2670.0,70.70999908447266,24668.25
2024-12-17,6050.60986328125,20109.060546875,2662.0,70.08000183105469,24336.0
2024-12-18,5872.16015625,19392.689453125,2653.300048828125,70.58000183105469,24198.849609375
2024-12-19,5867.080078125,19372.76953125,2608.10009765625,69.91000366210938,23951.69921875
2024-12-20,5930.85009765625,19572.599609375,2645.10009765625,69.45999908447266,23587.5
2024-12-23,5974.06982421875,19764.880859375,2628.199951171875,69.23999786376953,23753.44921875
2024-12-24,6040.0400390625,20031.130859375,2635.5,70.0999984741211,23727.650390625
2024-12-26,6037.58984375,20020.359375,2653.89990234375,69.62000274658203,23750.19921875
2024-12-27,5970.83984375,19722.029296875,2631.89990234375,70.5999984741211,23813.400390625
2024-12-30,5906.93994140625,19486.7890625,2618.10009765625,70.98999786376953,23644.900390625
2024-12-31,5881.6298828125,19310.7890625,2641.0,71.72000122070312,23644.80078125
2025-01-01,,,,,23742.900390625
2025-01-02,5868.5498046875,19280.7890625,2669.0,73.12999725341797,24188.650390625
2025-01-03,5942.47021484375,19621.6796875,2654.699951171875,73.95999908447266,24004.75
2025-01-06,5975.3798828125,19864.98046875,2647.39990234375,73.55999755859375,23616.05078125
2025-01-07,5909.02978515625,19489.6796875,2665.39990234375,74.25,23707.900390625
2025-01-08,5918.25,19478.880859375,2672.39990234375,73.31999969482422,23688.94921875
2025-01-09,,,2690.800048828125,73.91999816894531,23526.5
2025-01-10,5827.0400390625,19161.630859375,2715.0,76.56999969482422,23431.5
2025-01-13,5836.22021484375,19088.099609375,2678.60009765625,78.81999969482422,23085.94921875
2025-01-14,5842.91015625,19044.390625,2682.300048828125,77.5,23176.05078125
2025-01-15,5949.91015625,19511.23046875,2717.800048828125,80.04000091552734,23213.19921875
2025-01-16,5937.33984375,19338.2890625,2750.89990234375,78.68000030517578,23311.80078125
2025-01-17,5996.66015625,19630.19921875,2748.699951171875,77.87999725341797,23203.19921875
2025-01-20,,,,,23344.75
2025-01-21,6049.240234375,19756.779296875,2759.199951171875,75.88999938964844,23024.650390625
2025-01-22,6086.3701171875,20009.33984375,2770.89990234375,75.44000244140625,23155.349609375
2025-01-23,6118.7099609375,20053.6796875,2765.0,74.62000274658203,23205.349609375
2025-01-24,6101.240234375,19954.30078125,2778.89990234375,74.66000366210938,23092.19921875
2025-01-27,6012.27978515625,19341.830078125,2738.39990234375,73.16999816894531,22829.150390625
2025-01-28,6067.7001953125,19733.58984375,2767.5,73.7699966430664,22957.25
2025-01-29,6039.31005859375,19632.3203125,2769.800048828125,72.62000274658203,23163.099609375
2025-01-30,6071.169921875,19681.75,2823.0,72.7300033569336,23249.5
2025-01-31,6040.52978515625,19627.439453125,2812.5,72.52999877929688,23508.400390625
2025-02-01,,,,,23482.150390625
2025-02-03,5994.56982421875,19391.9609375,2857.10009765625,73.16000366210938,23361.05078125
2025-02-04,6037.8798828125,19654.01953125,2875.800048828125,72.69999694824219,23739.25
2025-02-05,6061.47998046875,19692.330078125,2893.0,71.02999877929688,23696.30078125
2025-02-06,6083.56982421875,19791.990234375,2876.699951171875,70.61000061035156,23603.349609375
2025-02-07,6025.990234375,19523.400390625,2887.60009765625,71.0,23559.94921875
2025-02-10,6066.43994140625,19714.26953125,2934.39990234375,72.31999969482422,23381.599609375
2025-02-11,6068.5,19643.859375,2932.60009765625,73.31999969482422,23071.80078125
2025-02-12,6051.97021484375,19649.94921875,2928.699951171875,71.37000274658203,23045.25
2025-02-13,6115.06982421875,19945.640625,2945.39990234375,71.29000091552734,23031.400390625
2025-02-14,6114.6298828125,20026.76953125,2900.699951171875,70.73999786376953,22929.25
2025-02-17,,,,,22959.5
2025-02-18,6129.580078125,20041.259765625,2949.0,71.8499984741211,22945.30078125
2025-02-19,6144.14990234375,20056.25,2936.10009765625,72.25,22932.900390625
2025-02-20,6117.52001953125,19962.359375,2956.10009765625,72.56999969482422,22913.150390625
2025-02-21,6013.1298828125,19524.009765625,2953.199951171875,70.4000015258789,22795.900390625
2025-02-24,5983.25,19286.9296875,2963.199951171875,70.69999694824219,22553.349609375
2025-02-25,5955.25,19026.390625,2918.800048828125,68.93000030517578,22547.55078125
2025-02-26,5956.06005859375,19075.259765625,2930.60009765625,68.62000274658203,
2025-02-27,5861.56982421875,18544.419921875,2895.89990234375,70.3499984741211,22545.05078125
2025-02-28,5954.5,18847.279296875,2848.5,69.76000213623047,22124.69921875
2025-03-03,5849.72021484375,18350.189453125,2901.10009765625,68.37000274658203,22119.30078125
2025-03-04,5778.14990234375,18285.16015625,2920.60009765625,68.26000213623047,22082.650390625
2025-03-05,5842.6298828125,18552.73046875,2926.0,66.30999755859375,22337.30078125
2025-03-06,5738.52001953125,18069.259765625,2926.60009765625,66.36000061035156,22544.69921875
2025-03-07,5770.2001953125,18196.220703125,2914.10009765625,67.04000091552734,22552.5
2025-03-10,5614.56005859375,17468.3203125,2899.39990234375,66.02999877929688,22460.30078125
2025-03-11,5572.06982421875,17436.099609375,2920.89990234375,66.25,22497.900390625
2025-03-12,5599.2998046875,17648.44921875,2946.800048828125,67.68000030517578,22470.5
2025-03-13,5521.52001953125,17303.009765625,2991.300048828125,66.55000305175781,22397.19921875
2025-03-14,5638.93994140625,17754.08984375,3001.10009765625,67.18000030517578,
2025-03-17,5675.1201171875,17808.66015625,3006.10009765625,67.58000183105469,22508.75
2025-03-18,5614.66015625,17504.119140625,3040.800048828125,66.9000015258789,22834.30078125
2025-03-19,5675.2900390625,17750.7890625,3041.199951171875,67.16000366210938,22907.599609375
2025-03-20,5662.89013671875,17691.630859375,3043.800048828125,68.26000213623047,23190.650390625
2025-03-21,5667.56005859375,17784.05078125,3021.39990234375,68.27999877929688,23350.400390625
2025-03-24,5767.56982421875,18188.58984375,3015.60009765625,69.11000061035156,23658.349609375
2025-03-25,5776.64990234375,18271.859375,3025.89990234375,69.0,23668.650390625
2025-03-26,5712.2001953125,17899.01953125,3022.5,69.6500015258789,23486.849609375
2025-03-27,5693.31005859375,17804.029296875,3061.0,69.91999816894531,23591.94921875
2025-03-28,5580.93994140625,17322.990234375,3086.5,69.36000061035156,23519.349609375
2025-03-31,5611.85009765625,17299.2890625,3122.800048828125,71.4800033569336,
2025-04-01,5633.06982421875,17449.890625,3146.0,71.19999694824219,23165.69921875
2025-04-02,5670.97021484375,17601.05078125,3166.199951171875,71.70999908447266,23332.349609375
2025-04-03,5396.52001953125,16550.609375,3121.699951171875,66.94999694824219,23250.099609375
2025-04-04,5074.080078125,15587.7900390625,3035.39990234375,61.9900016784668,22904.44921875
2025-04-07,5062.25,15603.259765625,2973.60009765625,60.70000076293945,22161.599609375
2025-04-08,4982.77001953125,15267.91015625,2990.199951171875,59.58000183105469,22535.849609375
2025-04-09,5456.89990234375,17124.970703125,3079.39990234375,62.349998474121094,22399.150390625
2025-04-10,5268.0498046875,16387.310546875,3177.5,60.06999969482422,
2025-04-11,5363.35986328125,16724.4609375,3244.60009765625,61.5,22828.55078125
2025-04-14,5405.97021484375,16831.48046875,3226.300048828125,61.529998779296875,
2025-04-15,5396.6298828125,16823.169921875,3240.39990234375,61.33000183105469,23328.55078125
2025-04-16,5275.7001953125,16307.16015625,3346.39990234375,62.470001220703125,23437.19921875
2025-04-17,5282.7001953125,16286.4501953125,3328.39990234375,64.68000030517578,23851.650390625
2025-04-21,5158.2001953125,15870.900390625,3425.300048828125,63.08000183105469,24125.55078125
2025-04-22,5287.759765625,16300.419921875,3419.39990234375,64.30999755859375,24167.25
2025-04-23,5375.85986328125,16708.05078125,3294.10009765625,62.27000045776367,24328.94921875
2025-04-24,5484.77001953125,17166.0390625,3348.60009765625,62.790000915527344,24246.69921875
2025-04-25,5525.2099609375,17382.939453125,3298.39990234375,63.02000045776367,24039.349609375
2025-04-28,5528.75,17366.130859375,3347.699951171875,62.04999923706055,24328.5
2025-04-29,5560.830078125,17461.3203125,3333.60009765625,60.41999816894531,24335.94921875
2025-04-30,5569.06005859375,17446.33984375,3319.10009765625,58.209999084472656,24334.19921875
2025-05-01,5604.14013671875,17710.740234375,3222.199951171875,59.2400016784668,
2025-05-02,5686.669921875,17977.73046875,3243.300048828125,58.290000915527344,24346.69921875
2025-05-05,5650.3798828125,17844.240234375,3322.300048828125,57.130001068115234,24461.150390625
2025-05-06,5606.91015625,17689.66015625,3422.800048828125,59.09000015258789,24379.599609375
2025-05-07,5631.27978515625,17738.16015625,3391.89990234375,58.06999969482422,24414.400390625
2025-05-08,5663.93994140625,17928.140625,3306.0,59.90999984741211,24273.80078125
2025-05-09,5659.91015625,17928.919921875,3344.0,61.02000045776367,24008.0
2025-05-12,5844.18994140625,18708.33984375,3228.0,61.95000076293945,24924.69921875
2025-05-13,5886.5498046875,19010.08984375,3247.800048828125,63.66999816894531,24578.349609375
2025-05-14,5892.580078125,19146.810546875,3188.300048828125,63.150001525878906,24666.900390625
2025-05-15,5916.93017578125,19112.3203125,3226.60009765625,61.619998931884766,25062.099609375
2025-05-16,5958.3798828125,19211.099609375,3187.199951171875,62.4900016784668,25019.80078125
2025-05-19,5963.60009765625,19215.4609375,3233.5,62.689998626708984,24945.44921875
2025-05-20,5940.4599609375,19142.7109375,3284.60009765625,62.560001373291016,24683.900390625
2025-05-21,5844.60986328125,18872.640625,3313.5,61.56999969482422,24813.44921875
2025-05-22,5842.009765625,18925.740234375,3295.0,61.20000076293945,24609.69921875
2025-05-23,5802.81982421875,18737.2109375,3365.800048828125,61.529998779296875,24853.150390625
2025-05-26,,,,,25001.150390625
2025-05-27,5921.5400390625,19199.16015625,3300.39990234375,60.88999938964844,24826.19921875
2025-05-28,5888.5498046875,19100.939453125,3294.89990234375,61.84000015258789,24752.44921875
2025-05-29,5912.169921875,19175.869140625,3317.10009765625,60.939998626708984,24833.599609375
2025-05-30,5911.68994140625,19113.76953125,3288.89990234375,60.790000915527344,24750.69921875
2025-06-02,5935.93994140625,19242.609375,3397.199951171875,62.52000045776367,24716.599609375
2025-06-03,5970.3701171875,19398.9609375,3377.10009765625,63.40999984741211,24542.5
2025-06-04,5970.81005859375,19460.490234375,3399.199951171875,62.849998474121094,24620.19921875
2025-06-05,5939.2998046875,19298.44921875,3375.10009765625,63.369998931884766,24750.900390625
2025-06-06,6000.35986328125,19529.94921875,3346.60009765625,64.58000183105469,25003.05078125
2025-06-09,6005.8798828125,19591.240234375,3354.89990234375,65.29000091552734,25103.19921875
2025-06-10,6038.81005859375,19714.990234375,3343.39990234375,64.9800033569336,25104.25
2025-06-11,6022.240234375,19615.880859375,3343.699951171875,68.1500015258789,25141.400390625
2025-06-12,6045.259765625,19662.490234375,3402.39990234375,68.04000091552734,24888.19921875
2025-06-13,5976.97021484375,19406.830078125,3452.800048828125,72.9800033569336,24718.599609375
2025-06-16,6033.10986328125,19701.2109375,3417.300048828125,71.7699966430664,24946.5
2025-06-17,5982.72021484375,19521.08984375,3406.89990234375,74.83999633789062,24853.400390625
2025-06-18,5980.8701171875,19546.26953125,3408.10009765625,75.13999938964844,24812.05078125
2025-06-19,,,,,24793.25
2025-06-20,5967.83984375,19447.41015625,3385.699951171875,74.93000030517578,25112.400390625
2025-06-23,6025.169921875,19630.970703125,3395.0,68.51000213623047,24971.900390625
2025-06-24,6092.18017578125,19912.529296875,3333.89990234375,64.37000274658203,25044.349609375
2025-06-25,6092.16015625,19973.55078125,3343.10009765625,64.91999816894531,25244.75
2025-06-26,6141.02001953125,20167.91015625,3348.0,65.23999786376953,25549.0
2025-06-27,6173.06982421875,20273.4609375,3287.60009765625,65.5199966430664,25637.80078125
2025-06-30,6204.9501953125,20369.73046875,3307.699951171875,65.11000061035156,25517.05078125
2025-07-01,6198.009765625,20202.890625,3349.800048828125,65.44999694824219,25541.80078125
2025-07-02,6227.419921875,20393.130859375,3359.699951171875,67.44999694824219,25453.400390625
2025-07-03,6279.35009765625,20601.099609375,3342.89990234375,67.0,25405.30078125
2025-07-04,,,3346.5,66.5,25461.0
2025-07-07,6229.97998046875,20412.51953125,3342.800048828125,67.93000030517578,25461.30078125
2025-07-08,6225.52001953125,20418.4609375,3316.89990234375,68.33000183105469,25522.5
2025-07-09,6263.259765625,20611.33984375,3321.0,68.37999725341797,25476.099609375
2025-07-10,6280.4599609375,20630.66015625,3325.699951171875,66.56999969482422,25355.25
2025-07-11,6259.75,20585.529296875,3364.0,68.44999694824219,25149.849609375
2025-07-14,6268.56005859375,20640.330078125,3359.10009765625,66.9800033569336,25082.30078125
2025-07-15,6243.759765625,20677.80078125,3336.699951171875,66.5199966430664,25195.80078125
2025-07-16,6263.7001953125,20730.490234375,3359.10009765625,66.37999725341797,25212.05078125
2025-07-17,6297.35986328125,20885.650390625,3345.300048828125,67.54000091552734,25111.44921875
2025-07-18,6296.7900390625,20895.650390625,3358.300048828125,67.33999633789062,24968.400390625
2025-07-21,6305.60009765625,20974.1796875,3406.39990234375,67.19999694824219,25090.69921875
2025-07-22,6309.6201171875,20892.689453125,3443.699951171875,66.20999908447266,25060.900390625
2025-07-23,6358.91015625,21020.01953125,3397.60009765625,65.25,25219.900390625
2025-07-24,6363.35009765625,21057.9609375,3373.5,66.02999877929688,25062.099609375
2025-07-25,6388.64013671875,21108.3203125,3335.60009765625,65.16000366210938,24837.0
2025-07-28,6389.77001953125,21178.580078125,3310.0,66.70999908447266,24680.900390625
2025-07-29,6370.85986328125,21098.2890625,3324.0,69.20999908447266,24821.099609375
2025-07-30,6362.89990234375,21129.669921875,3295.800048828125,70.0,24855.05078125
2025-07-31,6339.39013671875,21122.44921875,3293.199951171875,69.26000213623047,24768.349609375
2025-08-01,6238.009765625,20650.130859375,3399.800048828125,67.33000183105469,24565.349609375
2025-08-04,6329.93994140625,21053.580078125,3426.39990234375,66.29000091552734,24722.75
2025-08-05,6299.18994140625,20916.55078125,3434.699951171875,65.16000366210938,24649.55078125
2025-08-06,6345.06005859375,21169.419921875,3433.39990234375,64.3499984741211,24574.19921875
2025-08-07,6340.0,21242.69921875,3453.699951171875,63.880001068115234,24596.150390625
2025-08-08,6389.4501953125,21450.01953125,3491.300048828125,63.880001068115234,24363.30078125
2025-08-11,6373.4501953125,21385.400390625,3404.699951171875,63.959999084472656,24585.05078125
2025-08-12,6445.759765625,21681.900390625,3399.0,63.16999816894531,24487.400390625
2025-08-13,6466.580078125,21713.140625,3408.300048828125,62.650001525878906,24619.349609375
2025-08-14,6468.5400390625,21710.669921875,3383.199951171875,63.959999084472656,24631.30078125
2025-08-15,6449.7998046875,21622.98046875,3382.60009765625,62.79999923706055,
2025-08-18,6449.14990234375,21629.76953125,3378.0,63.41999816894531,24876.94921875
2025-08-19,6411.3701171875,21314.94921875,3358.699951171875,62.349998474121094,24980.650390625
2025-08-20,6395.77978515625,21172.859375,3388.5,63.209999084472656,25050.55078125
2025-08-21,6370.169921875,21100.310546875,3381.60009765625,63.52000045776367,25083.75
2025-08-22,6466.91015625,21496.5390625,3418.5,63.65999984741211,24870.099609375
2025-08-25,6439.31982421875,21449.2890625,3417.5,64.80000305175781,24967.75
2025-08-26,6465.93994140625,21544.26953125,3433.0,63.25,24712.05078125
2025-08-27,6481.39990234375,21590.140625,3448.60009765625,64.1500015258789,
2025-08-28,6501.85986328125,21705.16015625,3474.300048828125,64.5999984741211,24500.900390625
2025-08-29,6460.259765625,21455.55078125,3516.10009765625,64.01000213623047,24426.849609375
2025-09-01,,,,,24625.05078125
2025-09-02,6415.5400390625,21279.630859375,3592.199951171875,65.58999633789062,24579.599609375
2025-09-03,6448.259765625,21497.73046875,3635.5,63.970001220703125,24715.05078125
2025-09-04,6502.080078125,21707.689453125,3606.699951171875,63.47999954223633,24734.30078125
2025-09-05,6481.5,21700.390625,3653.300048828125,61.869998931884766,24741.0
2025-09-08,6495.14990234375,21798.69921875,3677.39990234375,62.2599983215332,24773.150390625
2025-09-09,6512.60986328125,21879.490234375,3682.199951171875,62.630001068115234,24868.599609375
2025-09-10,6532.0400390625,21886.060546875,3682.0,63.66999816894531,24973.099609375
2025-09-11,6587.47021484375,22043.0703125,3673.60009765625,62.369998931884766,25005.5
2025-09-12,6584.2900390625,22141.099609375,3686.39990234375,62.689998626708984,25114.0
2025-09-15,6615.27978515625,22348.75,3719.0,63.29999923706055,25069.19921875
2025-09-16,6606.759765625,22333.9609375,3725.10009765625,64.5199966430664,25239.099609375
2025-09-17,6600.35009765625,22261.330078125,3717.800048828125,64.05000305175781,25330.25
2025-09-18,6631.9599609375,22470.720703125,3678.300048828125,63.56999969482422,25423.599609375
2025-09-19,6664.35986328125,22631.48046875,3705.800048828125,62.68000030517578,25327.05078125
2025-09-22,6693.75,22788.98046875,3775.10009765625,62.63999938964844,25202.349609375
2025-09-23,6656.919921875,22573.470703125,3815.699951171875,63.40999984741211,25169.5
2025-09-24,6637.97021484375,22497.859375,3768.10009765625,64.98999786376953,25056.900390625
2025-09-25,6604.72021484375,22384.69921875,3771.10009765625,64.9800033569336,24890.849609375
2025-09-26,6643.7001953125,22484.0703125,3809.0,65.72000122070312,24654.69921875
2025-09-29,6661.2099609375,22591.150390625,3855.199951171875,63.45000076293945,24634.900390625
2025-09-30,6688.4599609375,22660.009765625,3873.199951171875,62.369998931884766,24611.099609375
2025-10-01,6711.2001953125,22755.16015625,3897.5,61.779998779296875,24836.30078125
2025-10-02,6715.35009765625,22844.05078125,3868.10009765625,60.47999954223633,
2025-10-03,6715.7900390625,22780.509765625,3908.89990234375,60.880001068115234,24894.25
2025-10-06,6740.27978515625,22941.669921875,3976.300048828125,61.689998626708984,25077.650390625
2025-10-07,6714.58984375,22788.359375,4004.39990234375,61.72999954223633,25108.30078125
2025-10-08,6753.72021484375,23043.380859375,4070.5,62.54999923706055,25046.150390625
2025-10-09,6735.10986328125,23024.630859375,3972.60009765625,61.5099983215332,25181.80078125
2025-10-10,6552.509765625,22204.4296875,4000.39990234375,58.900001525878906,25285.349609375
2025-10-13,6654.72021484375,22694.609375,4133.0,59.4900016784668,25227.349609375
2025-10-14,6644.31005859375,22521.69921875,4163.39990234375,58.70000076293945,25145.5
2025-10-15,6671.06005859375,22670.080078125,4201.60009765625,58.27000045776367,25323.55078125
2025-10-16,6629.06982421875,22562.5390625,4304.60009765625,57.459999084472656,25585.30078125
2025-10-17,6664.009765625,22679.970703125,4213.2998046875,57.540000915527344,25709.849609375
2025-10-20,6735.1298828125,22990.5390625,4359.39990234375,57.52000045776367,25843.150390625
2025-10-21,6735.35009765625,22953.669921875,4109.10009765625,57.81999969482422,25868.599609375
2025-10-22,6699.39990234375,22740.400390625,4065.39990234375,58.5,
2025-10-23,6738.43994140625,22941.80078125,4145.60009765625,61.790000915527344,25891.400390625
2025-10-24,6791.68994140625,23204.869140625,4137.7998046875,61.5,25795.150390625
2025-10-27,6875.16015625,23637.4609375,4019.699951171875,61.310001373291016,25966.05078125
2025-10-28,6890.89013671875,23827.490234375,3983.10009765625,60.150001525878906,25936.19921875
2025-10-29,6890.58984375,23958.470703125,4000.699951171875,60.47999954223633,26053.900390625
2025-10-30,6822.33984375,23581.140625,4015.89990234375,60.56999969482422,25877.849609375
2025-10-31,6840.2001953125,23724.9609375,3996.5,60.97999954223633,25722.099609375
2025-11-03,6851.97021484375,23834.720703125,4014.0,61.04999923706055,25763.349609375
2025-11-04,6771.5498046875,23348.640625,3960.5,60.560001373291016,25597.650390625
2025-11-05,6796.2900390625,23499.80078125,3992.89990234375,59.599998474121094,
2025-11-06,6720.31982421875,23053.990234375,3991.0,59.43000030517578,25509.69921875
2025-11-07,6728.7998046875,23004.5390625,4009.800048828125,59.75,25492.30078125
2025-11-10,6832.43017578125,23527.169921875,4122.0,60.130001068115234,25574.349609375
2025-11-11,6846.60986328125,23468.30078125,4116.2998046875,61.040000915527344,25694.94921875
2025-11-12,6850.919921875,23406.4609375,4213.60009765625,58.4900016784668,25875.80078125
2025-11-13,6737.490234375,22870.359375,4194.5,58.689998626708984,25879.150390625
2025-11-14,6734.10986328125,22900.58984375,4094.199951171875,60.09000015258789,25910.05078125
2025-11-17,6672.41015625,22708.0703125,4074.5,59.90999984741211,26013.44921875
2025-11-18,6617.31982421875,22432.849609375,4066.5,60.7400016784668,25910.05078125
2025-11-19,6642.16015625,22564.23046875,4082.800048828125,59.439998626708984,26052.650390625
2025-11-20,6538.759765625,22078.05078125,4060.0,59.13999938964844,26192.150390625
2025-11-21,6602.990234375,22273.080078125,4079.5,58.060001373291016,26068.150390625
2025-11-24,6705.1201171875,22872.009765625,4094.199951171875,58.84000015258789,25959.5
2025-11-25,6765.8798828125,23025.58984375,4140.0,57.95000076293945,25884.80078125
2025-11-26,6812.60986328125,23214.689453125,4165.2001953125,58.650001525878906,26205.30078125
2025-11-27,,,,,26215.55078125
2025-11-28,6849.08984375,23365.689453125,4254.89990234375,58.54999923706055,26202.94921875
2025-12-01,6812.6298828125,23275.919921875,4274.7998046875,59.31999969482422,26175.75
2025-12-02,6829.3701171875,23413.669921875,4220.7998046875,58.63999938964844,26032.19921875
2025-12-03,6849.72021484375,23454.08984375,4232.5,58.95000076293945,25986.0
2025-12-04,6857.1201171875,23505.140625,4243.0,59.66999816894531,26033.75
2025-12-05,6870.39990234375,23578.130859375,4243.0,60.08000183105469,26186.44921875
2025-12-08,6846.509765625,23545.900390625,4217.7001953125,58.880001068115234,25960.55078125
2025-12-09,6840.509765625,23576.490234375,4236.2001953125,58.25,25839.650390625
2025-12-10,6886.68017578125,23654.150390625,4224.7001953125,58.459999084472656,25758.0
2025-12-11,6901.0,23593.859375,4313.0,57.599998474121094,25898.55078125
2025-12-12,6827.41015625,23195.169921875,4328.2998046875,57.439998626708984,26046.94921875
2025-12-15,6816.509765625,23057.41015625,4335.2001953125,56.81999969482422,26027.30078125
2025-12-16,6800.259765625,23111.4609375,4332.2998046875,55.27000045776367,25860.099609375
2025-12-17,6721.43017578125,22693.3203125,4373.89990234375,55.939998626708984,25818.55078125
2025-12-18,6774.759765625,23006.359375,4364.5,56.150001525878906,25815.55078125
2025-12-19,6834.5,23307.619140625,4387.2998046875,56.65999984741211,25966.400390625
2025-12-22,6878.490234375,23428.830078125,4469.39990234375,58.0099983215332,26172.400390625
2025-12-23,6909.7900390625,23561.83984375,4505.7001953125,58.380001068115234,26177.150390625
2025-12-24,6932.0498046875,23613.310546875,4502.7998046875,58.349998474121094,26142.099609375
2025-12-26,6929.93994140625,23593.099609375,4552.7001953125,56.7400016784668,26042.30078125
2025-12-29,6905.740234375,23474.349609375,4343.60009765625,58.08000183105469,25942.099609375
2025-12-30,6896.240234375,23419.080078125,4386.2998046875,57.95000076293945,25938.849609375
2025-12-31,6845.5,23241.990234375,4341.10009765625,57.41999816894531,26129.599609375
